<?xml version="1.0" encoding="UTF-8"?>
<kml xmlns="http://www.opengis.net/kml/2.2">
<Document>
<Style id="style_blue">
  <LineStyle><color>ffff0000</color><width>1</width></LineStyle>
  <PolyStyle><color>ffff0000</color><fill>1</fill><outline>1</outline></PolyStyle>
</Style>
<Style id="style_green">
  <LineStyle><color>ff00ff00</color><width>1</width></LineStyle>
  <PolyStyle><color>ff00ff00</color><fill>1</fill><outline>1</outline></PolyStyle>
</Style>
<Style id="style_yellow">
  <LineStyle><color>ff00ffff</color><width>1</width></LineStyle>
  <PolyStyle><color>ff00ffff</color><fill>1</fill><outline>1</outline></PolyStyle>
</Style>
<Style id="style_orange">
  <LineStyle><color>ff0080ff</color><width>1</width></LineStyle>
  <PolyStyle><color>ff0080ff</color><fill>1</fill><outline>1</outline></PolyStyle>
</Style>
<Style id="style_red">
  <LineStyle><color>ff0000ff</color><width>1</width></LineStyle>
  <PolyStyle><color>ff0000ff</color><fill>1</fill><outline>1</outline></PolyStyle>
</Style>
<Style id="style_black">
  <LineStyle><color>ff000000</color><width>1</width></LineStyle>
  <PolyStyle><color>ff000000</color><fill>1</fill><outline>1</outline></PolyStyle>
</Style>

<Placemark>
  <name>1.7-1.8</name>
  <ExtendedData>
    <Data name='count'>
      <value>7</value>
    </Data>
    <Data name='depth_class'>
      <value>2</value>
    </Data>
    <Data name='system:index'>
      <value>+7920+5047</value>
    </Data>
  </ExtendedData>
  <styleUrl>#style_yellow</styleUrl>
  <Polygon>
    <outerBoundaryIs>
      <LinearRing>
        <coordinates>73.85518745526622,18.533000437733417 73.85518805698474,18.53291007450117 73.85528278870625,18.53291064844379 73.85528339036189,18.532820285211546 73.85556758540065,18.532822006733973 73.85556698388874,18.5329123699752 73.85547225215824,18.532911796176315 73.85547104902662,18.53309252264979 73.85537631719731,18.533091948805982 73.85537691881702,18.53300158557374 73.85518745526622,18.533000437733417 </coordinates>
      </LinearRing>
    </outerBoundaryIs>
  </Polygon>
</Placemark><Placemark>
  <name>1.8-1.9</name>
  <ExtendedData>
    <Data name='count'>
      <value>6</value>
    </Data>
    <Data name='depth_class'>
      <value>3</value>
    </Data>
    <Data name='system:index'>
      <value>+7923+5047</value>
    </Data>
  </ExtendedData>
  <styleUrl>#style_orange</styleUrl>
  <Polygon>
    <outerBoundaryIs>
      <LinearRing>
        <coordinates>73.85547104902662,18.53309252264979 73.85547225215824,18.532911796176315 73.85556698388874,18.5329123699752 73.85556758540065,18.532822006733973 73.85585178046635,18.532823727825207 73.85585117910715,18.53291409107542 73.8556617156282,18.532912943720188 73.85566111416121,18.5330033069704 73.85556638237682,18.533002733216428 73.8555657808649,18.53309309645766 73.85547104902662,18.53309252264979 </coordinates>
      </LinearRing>
    </outerBoundaryIs>
  </Polygon>
</Placemark><Placemark>
  <name>1.9-2.0</name>
  <ExtendedData>
    <Data name='count'>
      <value>11</value>
    </Data>
    <Data name='depth_class'>
      <value>4</value>
    </Data>
    <Data name='system:index'>
      <value>+7924+5046</value>
    </Data>
  </ExtendedData>
  <styleUrl>#style_red</styleUrl>
  <Polygon>
    <outerBoundaryIs>
      <LinearRing>
        <coordinates>73.855565179344,18.533183459698886 73.85556638237682,18.533002733216428 73.85566111416121,18.5330033069704 73.8556617156282,18.532912943720188 73.8559459108556,18.532914664685663 73.85594470821805,18.533095391186084 73.85584997637976,18.533094817575844 73.8558487736344,18.533275544076268 73.85575404168833,18.533274970412126 73.8557546431194,18.533184607161914 73.855565179344,18.533183459698886 </coordinates>
      </LinearRing>
    </outerBoundaryIs>
  </Polygon>
</Placemark><Placemark>
  <name>1.6-1.7</name>
  <ExtendedData>
    <Data name='count'>
      <value>37</value>
    </Data>
    <Data name='depth_class'>
      <value>1</value>
    </Data>
    <Data name='system:index'>
      <value>+7930+5057</value>
    </Data>
  </ExtendedData>
  <styleUrl>#style_green</styleUrl>
  <Polygon>
    <outerBoundaryIs>
      <LinearRing>
        <coordinates>73.85594951866047,18.532372485139476 73.85595132251349,18.53210139536189 73.85604605382177,18.532101968891283 73.85604665504621,18.53201160563209 73.8561413863006,18.532012179107582 73.85614198748014,18.531921815839404 73.8562367186896,18.531922389269983 73.85623611756397,18.532012752547143 73.8564255800907,18.53201389926457 73.85642618111751,18.53192353598741 73.85652091233597,18.531924109283242 73.85652031135406,18.5320144725604 73.85661504262642,18.532015045802336 73.8566144416984,18.53210540908848 73.85670917302464,18.532105982285493 73.85670797125846,18.532286708857782 73.85661323982441,18.532286135651784 73.85661203794145,18.532466862215088 73.85604364887006,18.53246342194603 73.85604425011248,18.532373058686833 73.85594951866047,18.532372485139476 </coordinates>
      </LinearRing>
    </outerBoundaryIs>
  </Polygon>
</Placemark><Placemark>
  <name>1.9-2.0</name>
  <ExtendedData>
    <Data name='count'>
      <value>1</value>
    </Data>
    <Data name='depth_class'>
      <value>4</value>
    </Data>
    <Data name='system:index'>
      <value>+7940+5056</value>
    </Data>
  </ExtendedData>
  <styleUrl>#style_red</styleUrl>
  <Polygon>
    <outerBoundaryIs>
      <LinearRing>
        <coordinates>73.85737229240719,18.53210999335307 73.85737289293095,18.53201963004896 73.85746762423923,18.5320202028597 73.85746702376039,18.532110566172793 73.85737229240719,18.53210999335307 </coordinates>
      </LinearRing>
    </outerBoundaryIs>
  </Polygon>
</Placemark><Placemark>
  <name>1.9-2.0</name>
  <ExtendedData>
    <Data name='count'>
      <value>1</value>
    </Data>
    <Data name='depth_class'>
      <value>4</value>
    </Data>
    <Data name='system:index'>
      <value>+7945+5058</value>
    </Data>
  </ExtendedData>
  <styleUrl>#style_red</styleUrl>
  <Polygon>
    <outerBoundaryIs>
      <LinearRing>
        <coordinates>73.85784714977154,18.53193213033143 73.85784775004379,18.531841767009354 73.85794248126224,18.531842339577548 73.8579418810439,18.53193270290861 73.85784714977154,18.53193213033143 </coordinates>
      </LinearRing>
    </outerBoundaryIs>
  </Polygon>
</Placemark><Placemark>
  <name>1.9-2.0</name>
  <ExtendedData>
    <Data name='count'>
      <value>1</value>
    </Data>
    <Data name='depth_class'>
      <value>4</value>
    </Data>
    <Data name='system:index'>
      <value>+7947+5059</value>
    </Data>
  </ExtendedData>
  <styleUrl>#style_red</styleUrl>
  <Polygon>
    <outerBoundaryIs>
      <LinearRing>
        <coordinates>73.85803721248968,18.531842912109813 73.8580378126631,18.53175254877875 73.85813254384561,18.531753121248133 73.8581319437171,18.531843484588176 73.85803721248968,18.531842912109813 </coordinates>
      </LinearRing>
    </outerBoundaryIs>
  </Polygon>
</Placemark><Placemark>
  <name>1.6-1.7</name>
  <ExtendedData>
    <Data name='count'>
      <value>44</value>
    </Data>
    <Data name='depth_class'>
      <value>1</value>
    </Data>
    <Data name='system:index'>
      <value>+7955+5068</value>
    </Data>
  </ExtendedData>
  <styleUrl>#style_green</styleUrl>
  <MultiGeometry>
    <Polygon>
      <outerBoundaryIs>
        <LinearRing>
          <coordinates>73.85946297660222,18.53112858727385 73.85955770747931,18.5311291590156 73.85955710813234,18.531219522400555 73.85946237719236,18.531218950649826 73.85946297660222,18.53112858727385 </coordinates>
        </LinearRing>
      </outerBoundaryIs>
    </Polygon>
    <Polygon>
      <outerBoundaryIs>
        <LinearRing>
          <coordinates>73.85946297660222,18.53112858727385 73.85936824572512,18.531128015478206 73.85936764627036,18.531218378863166 73.85927291533937,18.531217807022607 73.8592705172957,18.531579260517525 73.85879686173347,18.53157640054217 73.85879746149367,18.531486037184163 73.85841853730258,18.53148374835767 73.85841913726041,18.531393385017626 73.85851386825428,18.531393957289378 73.8585144681672,18.53130359394035 73.85860919910716,18.531304166158204 73.85861039881621,18.531123439451168 73.85870512966635,18.531124011624104 73.85870572946249,18.531033648266096 73.8588004602677,18.53103422038513 73.85880106000994,18.53094385701814 73.85889579077025,18.530944429092262 73.85889519108191,18.53103479245027 73.85898992188714,18.53103536447948 73.85898932224372,18.531125727846472 73.85927351484804,18.53112744364663 73.85927411434773,18.531037080270654 73.8594635760031,18.531038223888892 73.85946297660222,18.53112858727385 </coordinates>
        </LinearRing>
      </outerBoundaryIs>
    </Polygon>
  </MultiGeometry>
</Placemark><Placemark>
  <name>1.9-2.0</name>
  <ExtendedData>
    <Data name='count'>
      <value>2</value>
    </Data>
    <Data name='depth_class'>
      <value>4</value>
    </Data>
    <Data name='system:index'>
      <value>+7958+5059</value>
    </Data>
  </ExtendedData>
  <styleUrl>#style_red</styleUrl>
  <Polygon>
    <outerBoundaryIs>
      <LinearRing>
        <coordinates>73.85898452493467,18.531848634755463 73.85898512460504,18.531758271397454 73.85917458703295,18.53175941534807 73.8591739874614,18.531849778715063 73.85898452493467,18.531848634755463 </coordinates>
      </LinearRing>
    </outerBoundaryIs>
  </Polygon>
</Placemark><Placemark>
  <name>1.9-2.0</name>
  <ExtendedData>
    <Data name='count'>
      <value>19</value>
    </Data>
    <Data name='depth_class'>
      <value>4</value>
    </Data>
    <Data name='system:index'>
      <value>+7965+5061</value>
    </Data>
  </ExtendedData>
  <styleUrl>#style_red</styleUrl>
  <Polygon>
    <outerBoundaryIs>
      <LinearRing>
        <coordinates>73.85945758185063,18.5319418576756 73.85945878070628,18.53176113092365 73.85955351193371,18.531761702692343 73.85955411130763,18.531671339307387 73.85974357368164,18.531672482683078 73.85974417295675,18.531582119298122 73.85983890409436,18.531582690914103 73.85983830487315,18.531673054308044 73.85993303606465,18.531673625879108 73.85993063935048,18.532035079436913 73.85955171379396,18.53203279282027 73.85955231317688,18.531942429444296 73.85945758185063,18.5319418576756 </coordinates>
      </LinearRing>
    </outerBoundaryIs>
  </Polygon>
</Placemark><Placemark>
  <name>1.7-1.8</name>
  <ExtendedData>
    <Data name='count'>
      <value>5</value>
    </Data>
    <Data name='depth_class'>
      <value>2</value>
    </Data>
    <Data name='system:index'>
      <value>+7969+5062</value>
    </Data>
  </ExtendedData>
  <styleUrl>#style_yellow</styleUrl>
  <Polygon>
    <outerBoundaryIs>
      <LinearRing>
        <coordinates>73.86002776726512,18.531674197396278 73.86002896550993,18.531493470608392 73.86021842771326,18.531494613498996 73.86021663064251,18.531765703698788 73.86012189938813,18.531765132271453 73.86012249846561,18.53167476887751 73.86002776726512,18.531674197396278 </coordinates>
      </LinearRing>
    </outerBoundaryIs>
  </Polygon>
</Placemark><Placemark>
  <name>1.6-1.7</name>
  <ExtendedData>
    <Data name='count'>
      <value>5</value>
    </Data>
    <Data name='depth_class'>
      <value>1</value>
    </Data>
    <Data name='system:index'>
      <value>+7969+5067</value>
    </Data>
  </ExtendedData>
  <styleUrl>#style_green</styleUrl>
  <Polygon>
    <outerBoundaryIs>
      <LinearRing>
        <coordinates>73.85993663104156,18.531131445506475 73.85993723019091,18.53104108211253 73.86022142275031,18.531042796475386 73.86022022474806,18.53122352329022 73.86003076284118,18.53122238041758 73.8600313619456,18.531132017014656 73.85993663104156,18.531131445506475 </coordinates>
      </LinearRing>
    </outerBoundaryIs>
  </Polygon>
</Placemark><Placemark>
  <name>1.9-2.0</name>
  <ExtendedData>
    <Data name='count'>
      <value>1</value>
    </Data>
    <Data name='depth_class'>
      <value>4</value>
    </Data>
    <Data name='system:index'>
      <value>+7970+5070</value>
    </Data>
  </ExtendedData>
  <styleUrl>#style_red</styleUrl>
  <Polygon>
    <outerBoundaryIs>
      <LinearRing>
        <coordinates>73.86022262074357,18.53086206966055 73.8602232197402,18.530771706248643 73.86031795044661,18.530772277604115 73.86031735150388,18.53086264101602 73.86022262074357,18.53086206966055 </coordinates>
      </LinearRing>
    </outerBoundaryIs>
  </Polygon>
</Placemark><Placemark>
  <name>1.8-1.9</name>
  <ExtendedData>
    <Data name='count'>
      <value>4</value>
    </Data>
    <Data name='depth_class'>
      <value>3</value>
    </Data>
    <Data name='system:index'>
      <value>+7970+5071</value>
    </Data>
  </ExtendedData>
  <styleUrl>#style_orange</styleUrl>
  <MultiGeometry>
    <Polygon>
      <outerBoundaryIs>
        <LinearRing>
          <coordinates>73.86031795044661,18.530772277604115 73.860412681162,18.530772848905684 73.86041148337536,18.5309535757295 73.86022202175593,18.530952433063476 73.86022262074357,18.53086206966055 73.86031735150388,18.53086264101602 73.86031795044661,18.530772277604115 </coordinates>
        </LinearRing>
      </outerBoundaryIs>
    </Polygon>
    <Polygon>
      <outerBoundaryIs>
        <LinearRing>
          <coordinates>73.86031795044661,18.530772277604115 73.8602232197402,18.530771706248643 73.86022381872786,18.530681342836736 73.86031854938935,18.530681914192204 73.86031795044661,18.530772277604115 </coordinates>
        </LinearRing>
      </outerBoundaryIs>
    </Polygon>
  </MultiGeometry>
</Placemark><Placemark>
  <name>1.7-1.8</name>
  <ExtendedData>
    <Data name='count'>
      <value>255</value>
    </Data>
    <Data name='depth_class'>
      <value>2</value>
    </Data>
    <Data name='system:index'>
      <value>+7971+5072</value>
    </Data>
  </ExtendedData>
  <styleUrl>#style_yellow</styleUrl>
  <MultiGeometry>
    <Polygon>
      <outerBoundaryIs>
        <LinearRing>
          <coordinates>73.85604665504621,18.53201160563209 73.85604605382177,18.532101968891283 73.85595132251349,18.53210139536189 73.85595192379184,18.532011032102695 73.85604665504621,18.53201160563209 </coordinates>
        </LinearRing>
      </outerBoundaryIs>
    </Polygon>
    <Polygon>
      <outerBoundaryIs>
        <LinearRing>
          <coordinates>73.860412681162,18.530772848905684 73.86031795044661,18.530772277604115 73.8603191483231,18.530591550771312 73.86041387893968,18.530592122072886 73.860412681162,18.530772848905684 </coordinates>
        </LinearRing>
      </outerBoundaryIs>
    </Polygon>
    <Polygon>
      <outerBoundaryIs>
        <LinearRing>
          <coordinates>73.86088334153447,18.531227521853246 73.86088394018975,18.53113715842337 73.86097867112973,18.53113772945545 73.86097807251937,18.53122809288532 73.86088334153447,18.531227521853246 </coordinates>
        </LinearRing>
      </outerBoundaryIs>
    </Polygon>
    <Polygon>
      <outerBoundaryIs>
        <LinearRing>
          <coordinates>73.85614198748014,18.531921815839404 73.8561413863006,18.532012179107582 73.85604665504621,18.53201160563209 73.85604725627067,18.53192124236391 73.85614198748014,18.531921815839404 </coordinates>
        </LinearRing>
      </outerBoundaryIs>
    </Polygon>
    <Polygon>
      <outerBoundaryIs>
        <LinearRing>
          <coordinates>73.85946297660222,18.53112858727385 73.8594635760031,18.531038223888892 73.8597477685086,18.531039938961417 73.85974716926043,18.531130302355358 73.8600313619456,18.531132017014656 73.86003076284118,18.53122238041758 73.86022022474806,18.53122352329022 73.86022202175593,18.530952433063476 73.86041148337536,18.5309535757295 73.860412681162,18.530772848905684 73.8605074118774,18.53077342016234 73.86050561534564,18.53104451041603 73.86041088447755,18.531043939150393 73.86040968667292,18.53122466597421 73.86088334153447,18.531227521853246 73.86088274287921,18.531317885274138 73.8610722049478,18.53131902730236 73.86107280350426,18.531228663872483 73.86116753449812,18.531229234805746 73.86116693598659,18.531319598244604 73.86126166703436,18.53132016914193 73.86126106856773,18.531410532571808 73.86135579966042,18.531411103424222 73.86135520124769,18.53150146686308 73.86144993239427,18.531502037670577 73.86144933402646,18.531592401109435 73.86154406522694,18.531592971872016 73.86154346690405,18.531683335310873 73.86144873564966,18.531682764548293 73.86144813727287,18.53177312798715 73.86125867467427,18.531771986309273 73.86125927314988,18.531681622879397 73.86106981066807,18.53168048102186 73.86107100781692,18.53149975416211 73.86088154554172,18.531498612124903 73.86088214421495,18.53140824870401 73.86069268205654,18.531407106478163 73.8606932808196,18.53131674305727 73.86059854979878,18.531316171881464 73.86059795098181,18.531406535302356 73.86050321991608,18.53140596407265 73.86050381877796,18.53131560065176 73.8603143567453,18.531314458057597 73.86031375778461,18.531404821469508 73.85993483357556,18.531402535697282 73.85993543273389,18.53131217230334 73.85965123976126,18.531310457482345 73.85965064045023,18.531400820867304 73.85955590941144,18.531400249161493 73.85955471068155,18.53158097593141 73.85936524842433,18.53157983236707 73.85936464895158,18.531670195743047 73.85841733736896,18.53166447504674 73.85841793733577,18.531574111706693 73.85832320625207,18.531573539381043 73.8583238062638,18.53148317603202 73.85813434419521,18.531482031245968 73.85813374408467,18.53157239458601 73.85803901300096,18.531571822116632 73.85803841283652,18.53166218544769 73.85794368170791,18.53166161292441 73.85794308148957,18.53175197625547 73.85765888798693,18.53175025839817 73.85765828761588,18.531840621720246 73.85737409398747,18.531838903431755 73.85737349346371,18.531929266735865 73.85718403096392,18.531928120970655 73.85718343034135,18.532018484274765 73.85708869904205,18.53201791131131 73.85708809836557,18.532108274606436 73.85699336702136,18.532107701598065 73.85699276629097,18.532198064893194 73.8568033035217,18.53219691872374 73.85680210184535,18.53237764530501 73.85670737036638,18.532377072143927 73.85670676946532,18.53246743542109 73.85661203794145,18.532466862215088 73.85661323982441,18.532286135651784 73.85670797125846,18.532286708857782 73.85670917302464,18.532105982285493 73.8566144416984,18.53210540908848 73.85661504262642,18.532015045802336 73.85652031135406,18.5320144725604 73.85652091233597,18.531924109283242 73.85642618111751,18.53192353598741 73.8564255800907,18.53201389926457 73.85623611756397,18.532012752547143 73.8562367186896,18.531922389269983 73.85614198748014,18.531921815839404 73.8561425886507,18.531831452571225 73.85623731980625,18.531832026001805 73.8562379209319,18.531741662724645 73.85633265204255,18.531742236101323 73.8563332531053,18.531651872824163 73.85642798417105,18.531652446146943 73.85642858518888,18.53156208286978 73.85661804723053,18.531563229371613 73.85661864814057,18.53147286608547 73.85690284108624,18.531474585478886 73.85690344183459,18.53138422218376 73.85699817277457,18.531384795210098 73.856998773478,18.53129443191497 73.85766188979728,18.531298441796768 73.85766249015037,18.53120807846571 73.85785195188659,18.531209223718882 73.85785255213187,18.53111886038782 73.85794728295507,18.53111943293805 73.85794788315543,18.531029069598006 73.85832680627752,18.531031359313836 73.85832740627129,18.53094099596481 73.85880106000994,18.53094385701814 73.8588004602677,18.53103422038513 73.85870572946249,18.531033648266096 73.85870512966635,18.531124011624104 73.85861039881621,18.531123439451168 73.85860919910716,18.531304166158204 73.8585144681672,18.53130359394035 73.85851386825428,18.531393957289378 73.85841913726041,18.531393385017626 73.85841853730258,18.53148374835767 73.85879746149367,18.531486037184163 73.85879686173347,18.53157640054217 73.8592705172957,18.531579260517525 73.85927291533937,18.531217807022607 73.85936764627036,18.531218378863166 73.85936824572512,18.531128015478206 73.85946297660222,18.53112858727385 </coordinates>
        </LinearRing>
      </outerBoundaryIs>
      <innerBoundaryIs>
        <LinearRing>
          <coordinates>73.85946297660222,18.53112858727385 73.85955770747931,18.5311291590156 73.85955710813234,18.531219522400555 73.85946237719236,18.531218950649826 73.85946297660222,18.53112858727385 </coordinates>
        </LinearRing>
      </innerBoundaryIs>
    </Polygon>
  </MultiGeometry>
</Placemark><Placemark>
  <name>1.6-1.7</name>
  <ExtendedData>
    <Data name='count'>
      <value>17</value>
    </Data>
    <Data name='depth_class'>
      <value>1</value>
    </Data>
    <Data name='system:index'>
      <value>+7972+5072</value>
    </Data>
  </ExtendedData>
  <styleUrl>#style_green</styleUrl>
  <MultiGeometry>
    <Polygon>
      <outerBoundaryIs>
        <LinearRing>
          <coordinates>73.86088334153447,18.531227521853246 73.86097807251937,18.53122809288532 73.86097867112973,18.53113772945545 73.86107340206071,18.53113830044261 73.8610722049478,18.53131902730236 73.86088274287921,18.531317885274138 73.86088334153447,18.531227521853246 </coordinates>
        </LinearRing>
      </outerBoundaryIs>
    </Polygon>
    <Polygon>
      <outerBoundaryIs>
        <LinearRing>
          <coordinates>73.86088334153447,18.531227521853246 73.86040968667292,18.53122466597421 73.86041088447755,18.531043939150393 73.86050561534564,18.53104451041603 73.8605074118774,18.53077342016234 73.860412681162,18.530772848905684 73.86041387893968,18.530592122072886 73.86050860955625,18.530592693320557 73.86050801072132,18.53068305674145 73.8606027413918,18.530683627944207 73.86060034621376,18.53104508162777 73.86069507709084,18.531045652803577 73.86069447833675,18.53113601622447 73.86088394018975,18.53113715842337 73.86088334153447,18.531227521853246 </coordinates>
        </LinearRing>
      </outerBoundaryIs>
    </Polygon>
  </MultiGeometry>
</Placemark><Placemark>
  <name>1.5-1.6</name>
  <ExtendedData>
    <Data name='count'>
      <value>11</value>
    </Data>
    <Data name='depth_class'>
      <value>0</value>
    </Data>
    <Data name='system:index'>
      <value>+7973+5075</value>
    </Data>
  </ExtendedData>
  <styleUrl>#style_blue</styleUrl>
  <Polygon>
    <outerBoundaryIs>
      <LinearRing>
        <coordinates>73.86041387893968,18.530592122072886 73.8604150766904,18.530411395231102 73.86050980721714,18.530411966478773 73.86051040603411,18.53032160305788 73.86060513650696,18.530322174251655 73.8606045377349,18.530412537672547 73.86069926826165,18.530413108821403 73.86069627458104,18.530864925952812 73.86060154381175,18.530864354785987 73.8606027413918,18.530683627944207 73.86050801072132,18.53068305674145 73.86050860955625,18.530592693320557 73.86041387893968,18.530592122072886 </coordinates>
      </LinearRing>
    </outerBoundaryIs>
  </Polygon>
</Placemark><Placemark>
  <name>1.9-2.0</name>
  <ExtendedData>
    <Data name='count'>
      <value>22</value>
    </Data>
    <Data name='depth_class'>
      <value>4</value>
    </Data>
    <Data name='system:index'>
      <value>+7974+5058</value>
    </Data>
  </ExtendedData>
  <styleUrl>#style_red</styleUrl>
  <MultiGeometry>
    <Polygon>
      <outerBoundaryIs>
        <LinearRing>
          <coordinates>73.86078322204129,18.53204022154631 73.8609726849004,18.53204136370928 73.86097208626309,18.53213172713017 73.86106681775104,18.532132298144283 73.86106562055728,18.532313024995048 73.86078142581496,18.53231131178204 73.86078322204129,18.53204022154631 </coordinates>
        </LinearRing>
      </outerBoundaryIs>
    </Polygon>
    <Polygon>
      <outerBoundaryIs>
        <LinearRing>
          <coordinates>73.86078322204129,18.53204022154631 73.86059375920016,18.532039079185715 73.86059316035623,18.532129442597622 73.86030896596426,18.53212772869291 73.86030956495192,18.532037365289984 73.86021483354482,18.53203679389858 73.86021603161893,18.531856067101714 73.86068968818729,18.531858923564656 73.86068908940625,18.531949286976563 73.86078382077741,18.531949858125422 73.86078322204129,18.53204022154631 </coordinates>
        </LinearRing>
      </outerBoundaryIs>
    </Polygon>
  </MultiGeometry>
</Placemark><Placemark>
  <name>1.8-1.9</name>
  <ExtendedData>
    <Data name='count'>
      <value>343</value>
    </Data>
    <Data name='depth_class'>
      <value>3</value>
    </Data>
    <Data name='system:index'>
      <value>+7974+5064</value>
    </Data>
  </ExtendedData>
  <styleUrl>#style_orange</styleUrl>
  <MultiGeometry>
    <Polygon>
      <outerBoundaryIs>
        <LinearRing>
          <coordinates>73.85680210184535,18.53237764530501 73.85680150099819,18.532468008591156 73.85670676946532,18.53246743542109 73.85670737036638,18.532377072143927 73.85680210184535,18.53237764530501 </coordinates>
        </LinearRing>
      </outerBoundaryIs>
    </Polygon>
    <Polygon>
      <outerBoundaryIs>
        <LinearRing>
          <coordinates>73.86078322204129,18.53204022154631 73.86078142581496,18.53231131178204 73.86068669423719,18.532310740624197 73.8606872930362,18.532220377212287 73.86059256151232,18.532219806000548 73.86059375920016,18.532039079185715 73.86078322204129,18.53204022154631 </coordinates>
        </LinearRing>
      </outerBoundaryIs>
    </Polygon>
    <Polygon>
      <outerBoundaryIs>
        <LinearRing>
          <coordinates>73.86247164730861,18.53458067100386 73.86237691442828,18.53458010061857 73.86237751241879,18.53448973717971 73.86247224524523,18.534490307556016 73.86247164730861,18.53458067100386 </coordinates>
        </LinearRing>
      </outerBoundaryIs>
    </Polygon>
    <Polygon>
      <outerBoundaryIs>
        <LinearRing>
          <coordinates>73.86201293658655,18.532318732602903 73.86191820496387,18.532318162055915 73.86191700865045,18.5324988889516 73.86210647209347,18.53250003000964 73.86210707015584,18.532409666552816 73.86220180182346,18.53241023700997 73.86220120381498,18.532500600466793 73.86229593554546,18.532501170879033 73.8622953375819,18.532591534335857 73.86239006936628,18.53259210470318 73.86238947144763,18.532682468160004 73.86220000778901,18.53268132737146 73.86219940977155,18.532771690828284 73.86210467789734,18.532771120362145 73.86210407982597,18.532861483809988 73.86219881175408,18.532862054276126 73.86219641963031,18.53322350807647 73.8627648124387,18.533226929974987 73.86276541017769,18.533136566509178 73.86295487437529,18.533137706749752 73.86295427673511,18.533228070224542 73.8630490088968,18.533228640277454 73.86304841130153,18.533319003752247 73.86323787572371,18.533320143732308 73.86323727822726,18.533410507207098 73.86333201048775,18.533411077125265 73.8633308155847,18.53359180409281 73.86342554795299,18.533592373966062 73.86342495054637,18.533682737449833 73.86333021813317,18.5336821675676 73.86332962067266,18.533772531051376 73.86323488820555,18.533771961115242 73.86323548571995,18.533681597640452 73.86314075330675,18.53368102766839 73.8631395581881,18.53386175461797 73.86295009318202,18.533860614512143 73.86295069084017,18.533770251046334 73.86266649350172,18.533768540537253 73.86266709131257,18.53367817708043 73.86209869703094,18.533674754813607 73.8621022855939,18.53313257415351 73.86200755352205,18.53313200362449 73.86200874978157,18.53295127673779 73.86191401781751,18.532950706172837 73.8619146159877,18.532860342724998 73.86181988407755,18.532859772115128 73.86182048230162,18.53276940867627 73.86172575043639,18.532768838012505 73.86172634870539,18.532678474573647 73.86182108051672,18.53267904522843 73.86182167873181,18.532588681789573 73.86163221520796,18.53258754044407 73.8616334118268,18.532406813566354 73.86153868017716,18.53240624282174 73.861539278527,18.532315879391863 73.86144454692227,18.532315308602332 73.86144514532602,18.53222494517246 73.86106621914966,18.532222661574156 73.86106681775104,18.532132298144283 73.86097208626309,18.53213172713017 73.8609726849004,18.53204136370928 73.86078322204129,18.53204022154631 73.86078382077741,18.531949858125422 73.86068908940625,18.531949286976563 73.86068968818729,18.531858923564656 73.86021603161893,18.531856067101714 73.86021483354482,18.53203679389858 73.85993063935048,18.532035079436913 73.85993303606465,18.531673625879108 73.85983830487315,18.531673054308044 73.85983890409436,18.531582690914103 73.85974417295675,18.531582119298122 73.85974357368164,18.531672482683078 73.85955411130763,18.531671339307387 73.85955351193371,18.531761702692343 73.85945878070628,18.53176113092365 73.85945758185063,18.5319418576756 73.85926811919813,18.53194071399448 73.85926871873376,18.531850350627487 73.8591739874614,18.531849778715063 73.85917458703295,18.53175941534807 73.85898512460504,18.531758271397454 73.85898452493467,18.531848634755463 73.85888979367131,18.531848062708292 73.85889039339558,18.53175769935028 73.85832200621064,18.53175426606113 73.85832140618993,18.531844629401174 73.8581319437171,18.531843484588176 73.85813254384561,18.531753121248133 73.8580378126631,18.53175254877875 73.85803721248968,18.531842912109813 73.85784775004379,18.531841767009354 73.85784714977154,18.53193213033143 73.85765768723584,18.53193098503334 73.8576570868558,18.532021348355418 73.85737289293095,18.53201963004896 73.85737229240719,18.53210999335307 73.85727756105399,18.532109420488432 73.85727696046735,18.532199783792542 73.85718222906924,18.532199210874 73.85718162842869,18.53228957416913 73.85699216555162,18.532288428188323 73.85699156481225,18.53237879148345 73.85680210184535,18.53237764530501 73.8568033035217,18.53219691872374 73.85699276629097,18.532198064893194 73.85699336702136,18.532107701598065 73.85708809836557,18.532108274606436 73.85708869904205,18.53201791131131 73.85718343034135,18.532018484274765 73.85718403096392,18.531928120970655 73.85737349346371,18.531929266735865 73.85737409398747,18.531838903431755 73.85765828761588,18.531840621720246 73.85765888798693,18.53175025839817 73.85794308148957,18.53175197625547 73.85794368170791,18.53166161292441 73.85803841283652,18.53166218544769 73.85803901300096,18.531571822116632 73.85813374408467,18.53157239458601 73.85813434419521,18.531482031245968 73.8583238062638,18.53148317603202 73.85832320625207,18.531573539381043 73.85841793733577,18.531574111706693 73.85841733736896,18.53166447504674 73.85936464895158,18.531670195743047 73.85936524842433,18.53157983236707 73.85955471068155,18.53158097593141 73.85955590941144,18.531400249161493 73.85965064045023,18.531400820867304 73.85965123976126,18.531310457482345 73.85993543273389,18.53131217230334 73.85993483357556,18.531402535697282 73.86031375778461,18.531404821469508 73.8603143567453,18.531314458057597 73.86050381877796,18.53131560065176 73.86050321991608,18.53140596407265 73.86059795098181,18.531406535302356 73.86059854979878,18.531316171881464 73.8606932808196,18.53131674305727 73.86069268205654,18.531407106478163 73.86088214421495,18.53140824870401 73.86088154554172,18.531498612124903 73.86107100781692,18.53149975416211 73.86106981066807,18.53168048102186 73.86125927314988,18.531681622879397 73.86125867467427,18.531771986309273 73.86144813727287,18.53177312798715 73.86144873564966,18.531682764548293 73.86163819815843,18.53168390602854 73.86163759988045,18.531774269476383 73.86182706249701,18.531775410767985 73.86182646431784,18.531865774215827 73.86192119568003,18.531866344798743 73.86192059754578,18.53195670825557 73.86201532897084,18.53195727878459 73.86201413278319,18.532138005698236 73.86210886430706,18.532138576191326 73.86210826625367,18.53222893964815 73.86201353468488,18.53222836914608 73.86201293658655,18.532318732602903 </coordinates>
        </LinearRing>
      </outerBoundaryIs>
      <innerBoundaryIs>
        <LinearRing>
          <coordinates>73.86002776726512,18.531674197396278 73.86002896550993,18.531493470608392 73.86021842771326,18.531494613498996 73.86021663064251,18.531765703698788 73.86012189938813,18.531765132271453 73.86012249846561,18.53167476887751 73.86002776726512,18.531674197396278 </coordinates>
        </LinearRing>
      </innerBoundaryIs>
      <innerBoundaryIs>
        <LinearRing>
          <coordinates>73.86050142330348,18.53167705429939 73.86050262104521,18.531496327484557 73.8607868144131,18.53149804103893 73.86078621569494,18.53158840445982 73.86069148452141,18.53158783331096 73.86069088574936,18.531678196731853 73.86050142330348,18.53167705429939 </coordinates>
        </LinearRing>
      </innerBoundaryIs>
    </Polygon>
    <Polygon>
      <outerBoundaryIs>
        <LinearRing>
          <coordinates>73.86201293658655,18.532318732602903 73.86210766820925,18.532319303095992 73.86210707015584,18.532409666552816 73.86201233847926,18.532409096050745 73.86201293658655,18.532318732602903 </coordinates>
        </LinearRing>
      </outerBoundaryIs>
    </Polygon>
    <Polygon>
      <outerBoundaryIs>
        <LinearRing>
          <coordinates>73.86247164730861,18.53458067100386 73.86256638019792,18.53458124133525 73.86256578230622,18.53467160478309 73.8629447140701,18.53467388566848 73.86294531176416,18.534583522211655 73.86304004466247,18.534584092309483 73.86304064230265,18.534493728843675 73.86313537515603,18.534494298896586 73.86313657032858,18.534313571964972 73.86323130308315,18.534314141955004 73.86323309566231,18.534043051539616 73.86332782827316,18.53404362148473 73.86332842574265,18.533953258000956 73.86342315830858,18.533953827892173 73.86342495054637,18.533682737449833 73.86351968296857,18.53368330727817 73.86351848824518,18.533864034254698 73.86361322076618,18.53386460403812 73.86361202613261,18.53404533101465 73.8635172935128,18.534044761213263 73.86351609876245,18.534225488180812 73.86342136604381,18.534224918334512 73.86342076861025,18.534315281809302 73.8633260358467,18.5343147119091 73.86332543835924,18.534405075383894 73.86323070555078,18.534404505429794 73.86322951047703,18.534585232370393 73.86313477756975,18.534584662362395 73.8631341799745,18.534675025828204 73.86303944702229,18.53467445577529 73.86303884937314,18.534764819232112 73.86284938337892,18.534763678973576 73.86284878563093,18.5348540424304 73.86275405258891,18.53485347222477 73.86275465038179,18.534763108776932 73.86247045142639,18.534761397890556 73.86247164730861,18.53458067100386 </coordinates>
        </LinearRing>
      </outerBoundaryIs>
    </Polygon>
  </MultiGeometry>
</Placemark><Placemark>
  <name>1.9-2.0</name>
  <ExtendedData>
    <Data name='count'>
      <value>5</value>
    </Data>
    <Data name='depth_class'>
      <value>4</value>
    </Data>
    <Data name='system:index'>
      <value>+7975+5062</value>
    </Data>
  </ExtendedData>
  <styleUrl>#style_red</styleUrl>
  <Polygon>
    <outerBoundaryIs>
      <LinearRing>
        <coordinates>73.86050142330348,18.53167705429939 73.86050262104521,18.531496327484557 73.8607868144131,18.53149804103893 73.86078621569494,18.53158840445982 73.86069148452141,18.53158783331096 73.86069088574936,18.531678196731853 73.86050142330348,18.53167705429939 </coordinates>
      </LinearRing>
    </outerBoundaryIs>
  </Polygon>
</Placemark><Placemark>
  <name>1.8-1.9</name>
  <ExtendedData>
    <Data name='count'>
      <value>9</value>
    </Data>
    <Data name='depth_class'>
      <value>3</value>
    </Data>
    <Data name='system:index'>
      <value>+7984+5047</value>
    </Data>
  </ExtendedData>
  <styleUrl>#style_orange</styleUrl>
  <Polygon>
    <outerBoundaryIs>
      <LinearRing>
        <coordinates>73.86153449160248,18.533038786848827 73.86153568835607,18.532858059989078 73.86163042025724,18.532858630742677 73.86162982193434,18.532948994181535 73.86172455388942,18.53294956489022 73.86172395561144,18.533039928329078 73.8618186876204,18.533040498992843 73.86181808939632,18.5331308624317 73.86191282145919,18.533131433050553 73.86191222327103,18.53322179648941 73.86181749115427,18.533221225870562 73.86181689292121,18.533311589300435 73.86172216075953,18.533311018627685 73.86172275904649,18.53322065519781 73.8616280269387,18.533220084480146 73.86162922361144,18.53303935761141 73.86153449160248,18.533038786848827 </coordinates>
      </LinearRing>
    </outerBoundaryIs>
  </Polygon>
</Placemark><Placemark>
  <name>1.7-1.8</name>
  <ExtendedData>
    <Data name='count'>
      <value>22</value>
    </Data>
    <Data name='depth_class'>
      <value>2</value>
    </Data>
    <Data name='system:index'>
      <value>+7986+5050</value>
    </Data>
  </ExtendedData>
  <styleUrl>#style_yellow</styleUrl>
  <MultiGeometry>
    <Polygon>
      <outerBoundaryIs>
        <LinearRing>
          <coordinates>73.86172634870539,18.532678474573647 73.86172694696539,18.53258811113479 73.86182167873181,18.532588681789573 73.86182108051672,18.53267904522843 73.86172634870539,18.532678474573647 </coordinates>
        </LinearRing>
      </outerBoundaryIs>
    </Polygon>
    <Polygon>
      <outerBoundaryIs>
        <LinearRing>
          <coordinates>73.86172634870539,18.532678474573647 73.86172575043639,18.532768838012505 73.86182048230162,18.53276940867627 73.86181988407755,18.532859772115128 73.8619146159877,18.532860342724998 73.86191401781751,18.532950706172837 73.86200874978157,18.53295127673779 73.86200755352205,18.53313200362449 73.8621022855939,18.53313257415351 73.86209929512927,18.53358439137475 73.86200456281487,18.533583820827765 73.86200575911032,18.533403093950046 73.86181629467916,18.533401952739293 73.86181749115427,18.533221225870562 73.86191222327103,18.53322179648941 73.86191282145919,18.533131433050553 73.86181808939632,18.5331308624317 73.8618186876204,18.533040498992843 73.86172395561144,18.533039928329078 73.86172455388942,18.53294956489022 73.86162982193434,18.532948994181535 73.86163161689404,18.532677903873946 73.86172634870539,18.532678474573647 </coordinates>
        </LinearRing>
      </outerBoundaryIs>
    </Polygon>
  </MultiGeometry>
</Placemark><Placemark>
  <name>1.7-1.8</name>
  <ExtendedData>
    <Data name='count'>
      <value>7</value>
    </Data>
    <Data name='depth_class'>
      <value>2</value>
    </Data>
    <Data name='system:index'>
      <value>+7990+5054</value>
    </Data>
  </ExtendedData>
  <styleUrl>#style_yellow</styleUrl>
  <MultiGeometry>
    <Polygon>
      <outerBoundaryIs>
        <LinearRing>
          <coordinates>73.86220180182346,18.53241023700997 73.86229653350902,18.532410807413225 73.86229593554546,18.532501170879033 73.86220120381498,18.532500600466793 73.86220180182346,18.53241023700997 </coordinates>
        </LinearRing>
      </outerBoundaryIs>
    </Polygon>
    <Polygon>
      <outerBoundaryIs>
        <LinearRing>
          <coordinates>73.86201293658655,18.532318732602903 73.86201233847926,18.532409096050745 73.86210707015584,18.532409666552816 73.86210647209347,18.53250003000964 73.86191700865045,18.5324988889516 73.86191820496387,18.532318162055915 73.86201293658655,18.532318732602903 </coordinates>
        </LinearRing>
      </outerBoundaryIs>
    </Polygon>
    <Polygon>
      <outerBoundaryIs>
        <LinearRing>
          <coordinates>73.86220180182346,18.53241023700997 73.86210707015584,18.532409666552816 73.86210766820925,18.532319303095992 73.86201293658655,18.532318732602903 73.86201353468488,18.53222836914608 73.86220299783145,18.53222951009632 73.86220180182346,18.53241023700997 </coordinates>
        </LinearRing>
      </outerBoundaryIs>
    </Polygon>
  </MultiGeometry>
</Placemark><Placemark>
  <name>1.9-2.0</name>
  <ExtendedData>
    <Data name='count'>
      <value>25</value>
    </Data>
    <Data name='depth_class'>
      <value>4</value>
    </Data>
    <Data name='system:index'>
      <value>+7992+5049</value>
    </Data>
  </ExtendedData>
  <styleUrl>#style_red</styleUrl>
  <Polygon>
    <outerBoundaryIs>
      <LinearRing>
        <coordinates>73.86210407982597,18.532861483809988 73.86210467789734,18.532771120362145 73.86219940977155,18.532771690828284 73.86220000778901,18.53268132737146 73.86238947144763,18.532682468160004 73.86238887352897,18.53277283161683 73.86248360542116,18.532773401939238 73.86248300754743,18.532863765405043 73.86257773948452,18.532864335682536 73.8625771416557,18.532954699148345 73.8626718736467,18.53295526938092 73.86267008029499,18.533226359778343 73.86219641963031,18.53322350807647 73.86219881175408,18.532862054276126 73.86210407982597,18.532861483809988 </coordinates>
      </LinearRing>
    </outerBoundaryIs>
  </Polygon>
</Placemark><Placemark>
  <name>1.6-1.7</name>
  <ExtendedData>
    <Data name='count'>
      <value>20</value>
    </Data>
    <Data name='depth_class'>
      <value>1</value>
    </Data>
    <Data name='system:index'>
      <value>+7997+5035</value>
    </Data>
  </ExtendedData>
  <styleUrl>#style_green</styleUrl>
  <Polygon>
    <outerBoundaryIs>
      <LinearRing>
        <coordinates>73.8625687717288,18.534219787543883 73.86256936960254,18.534129424096044 73.86266410224033,18.53412999436455 73.86266529788001,18.533949267459885 73.86285476296693,18.533950407853172 73.8628541652459,18.534040771309996 73.86294889784777,18.534041341443757 73.86294830017167,18.534131704900584 73.86304303282742,18.534132274989428 73.86304064230265,18.534493728843675 73.86285117660486,18.5344925886031 73.86285177434385,18.534402225146277 73.86266230875387,18.534401084726042 73.86266350441151,18.534220357821376 73.8625687717288,18.534219787543883 </coordinates>
      </LinearRing>
    </outerBoundaryIs>
  </Polygon>
</Placemark><Placemark>
  <name>1.7-1.8</name>
  <ExtendedData>
    <Data name='count'>
      <value>1</value>
    </Data>
    <Data name='depth_class'>
      <value>2</value>
    </Data>
    <Data name='system:index'>
      <value>+7998+5045</value>
    </Data>
  </ExtendedData>
  <styleUrl>#style_yellow</styleUrl>
  <Polygon>
    <outerBoundaryIs>
      <LinearRing>
        <coordinates>73.86286014227649,18.533137136651924 73.86286073996158,18.533046773186115 73.86295547200648,18.533047343283943 73.86295487437529,18.533137706749752 73.86286014227649,18.533137136651924 </coordinates>
      </LinearRing>
    </outerBoundaryIs>
  </Polygon>
</Placemark><Placemark>
  <name>1.7-1.8</name>
  <ExtendedData>
    <Data name='count'>
      <value>575</value>
    </Data>
    <Data name='depth_class'>
      <value>2</value>
    </Data>
    <Data name='system:index'>
      <value>+7999+5021</value>
    </Data>
  </ExtendedData>
  <styleUrl>#style_yellow</styleUrl>
  <MultiGeometry>
    <Polygon>
      <outerBoundaryIs>
        <LinearRing>
          <coordinates>73.86453965548364,18.53703302188199 73.86454084934465,18.536852294905458 73.86473031775535,18.536853433591947 73.86472852725129,18.537124524070215 73.86463379288872,18.53712395474494 73.8646343897833,18.537033591252182 73.86453965548364,18.53703302188199 </coordinates>
        </LinearRing>
      </outerBoundaryIs>
    </Polygon>
    <Polygon>
      <outerBoundaryIs>
        <LinearRing>
          <coordinates>73.86557636535517,18.53785255399941 73.86557696177364,18.537762190488685 73.86567169651349,18.53776275935582 73.86567229287805,18.5376723958451 73.86576702757299,18.537672964667323 73.86576762388364,18.537582601147616 73.8659570931747,18.537583738648326 73.86595649696284,18.537674102168033 73.86605123166675,18.537674670855505 73.86605063549982,18.537765034384197 73.86624010501544,18.537766171606428 73.8662389128702,18.537946898663808 73.86585997345269,18.537944624003746 73.86586056972742,18.53785426048404 73.86557636535517,18.53785255399941 </coordinates>
        </LinearRing>
      </outerBoundaryIs>
    </Polygon>
    <Polygon>
      <outerBoundaryIs>
        <LinearRing>
          <coordinates>73.86737156301172,18.538586263041896 73.86737096750953,18.538676626606517 73.86727623221273,18.53867605855685 73.86727682776882,18.53858569500121 73.86737156301172,18.538586263041896 </coordinates>
        </LinearRing>
      </outerBoundaryIs>
    </Polygon>
    <Polygon>
      <outerBoundaryIs>
        <LinearRing>
          <coordinates>73.87228356975109,18.540784464868516 73.87228416274698,18.540694101169144 73.87247363590077,18.540695232318768 73.87247304300371,18.540785596018136 73.87228356975109,18.540784464868516 </coordinates>
        </LinearRing>
      </outerBoundaryIs>
    </Polygon>
    <Polygon>
      <outerBoundaryIs>
        <LinearRing>
          <coordinates>73.87445955368952,18.541249280433437 73.87474376455658,18.541250973856563 73.87474613140176,18.540889518798572 73.87484086816282,18.54089008316515 73.87484027650542,18.540980446936384 73.87512448696825,18.540982139757638 73.87512389545458,18.54107250353786 73.87521863233242,18.54107306772477 73.87521804087265,18.541163431504987 73.87540751472714,18.541164559735087 73.87540633199625,18.541345287304505 73.8755010690268,18.541345851356674 73.87550047770178,18.541436215145872 73.87578468898208,18.541437907014913 73.87578528015437,18.54134754322571 73.87606949131789,18.54134923466356 73.87606890028933,18.541439598461746 73.87597416318691,18.54143903469704 73.87597357210443,18.54152939849522 73.87578409780079,18.541528270813096 73.8757835066195,18.541618634611282 73.87549929504276,18.541616942715294 73.87549988637676,18.541526578926092 73.87531041210906,18.541525450767857 73.87531100353289,18.54143508698764 73.87521626645741,18.54143452284564 73.87521685792618,18.541344159065424 73.8751221209046,18.541343594869527 73.87512271242726,18.541253231098292 73.8750279754506,18.541252666857478 73.87502856701816,18.541162303086246 73.87483909318165,18.54116117446987 73.87483790984889,18.541341902003357 73.87445896181653,18.541339644195688 73.87445955368952,18.541249280433437 </coordinates>
        </LinearRing>
      </outerBoundaryIs>
    </Polygon>
    <Polygon>
      <outerBoundaryIs>
        <LinearRing>
          <coordinates>73.86322413246106,18.535398503544695 73.86312939910462,18.535397933509746 73.8631288014824,18.53548829696657 73.8629393346797,18.535487156752946 73.86294112784277,18.53521606640044 73.8630358610914,18.53521663652522 73.86303526342428,18.535306999982044 73.86322473002937,18.535308140078886 73.86322413246106,18.535398503544695 </coordinates>
        </LinearRing>
      </outerBoundaryIs>
    </Polygon>
    <Polygon>
      <outerBoundaryIs>
        <LinearRing>
          <coordinates>73.8631288014824,18.53548829696657 73.86322353488376,18.53548886700152 73.86322413246106,18.535398503544695 73.86331886581749,18.535399073525742 73.86331826829411,18.535489436991547 73.86360246854308,18.535491146665198 73.86360187116343,18.535581510131006 73.86369660463664,18.53558207993239 73.8636960073019,18.53567244340718 73.86398020789224,18.535674152532856 73.86398080507426,18.53558378904908 73.86407553855648,18.535584358661822 73.86407434429121,18.535765085629368 73.86416907788121,18.535765655197192 73.86416848078902,18.535856018680967 73.86426321443292,18.53585658820387 73.86426142329105,18.536127678664176 73.86435615707869,18.53612824815115 73.86435556007632,18.536218611634926 73.86426082623478,18.53621804214795 73.86425903504801,18.53648913259927 73.86416430106274,18.5364885630584 73.86416370394359,18.53657892653319 73.86406896990444,18.536578356938417 73.86406837273138,18.536668720413207 73.86416310682444,18.536669290016963 73.86416191256816,18.536850016966543 73.86425664676004,18.536850586525382 73.86425604967683,18.536940950000172 73.86444551816837,18.536942088974122 73.86444492118396,18.537032452457897 73.86453965548364,18.53703302188199 73.86453905854414,18.537123385365764 73.86444432419057,18.53712281594167 73.8644431302038,18.537303542900233 73.8641589268736,18.537301834331515 73.8641595240197,18.53721147085672 73.86397005525866,18.53721033158633 73.86397124973053,18.53702960464573 73.8638765154578,18.537029034943163 73.86387711273865,18.536938671477355 73.86378237851085,18.53693810172987 73.8637829758456,18.53684773826406 73.86368824167168,18.53684716847166 73.86368883905135,18.53675680500585 73.86359410493135,18.536756235168536 73.86359470235593,18.536665871711712 73.86368943642204,18.536666441549027 73.8636906311634,18.536485714617413 73.86359589718711,18.53648514478908 73.86359709200933,18.536304417866447 73.86369182587781,18.53630498769478 73.8636924232395,18.53621462421999 73.86378715706307,18.536215193994426 73.86378655975527,18.536305557469216 73.86388129363273,18.536306127198735 73.86388069636985,18.536396490664544 73.86397543030121,18.53639706034915 73.86397602751019,18.536306696874355 73.86416549528309,18.536307836099834 73.86416788369681,18.535946382164738 73.864073150008,18.535945812587933 73.86407374714511,18.535855449113143 73.86388427988426,18.535854309824785 73.8638848771202,18.53576394634999 73.86379014353918,18.53576337663844 73.86378954625833,18.53585374011323 73.8636948126324,18.535853170347778 73.86369421528866,18.535943533822568 73.86359948161781,18.53594296400322 73.86359888422018,18.53603332747801 73.86340941678866,18.53603218770456 73.8634100142851,18.53594182423875 73.86331528062323,18.535941254284655 73.8633158781646,18.535850890827827 73.86322114455662,18.535850320828814 73.86322293730647,18.535579230458342 73.86312820385122,18.535578660423397 73.8631288014824,18.53548829696657 </coordinates>
        </LinearRing>
      </outerBoundaryIs>
      <innerBoundaryIs>
        <LinearRing>
          <coordinates>73.86341061177257,18.535851460781927 73.86341120926002,18.53576109731612 73.86350594283206,18.53576166721632 73.86350534538951,18.535852030682126 73.86341061177257,18.535851460781927 </coordinates>
        </LinearRing>
      </innerBoundaryIs>
      <innerBoundaryIs>
        <LinearRing>
          <coordinates>73.86387950184408,18.536577217605142 73.86397423587425,18.53657778729873 73.86397363864731,18.53666815077352 73.86387890457222,18.536667581079932 73.86387950184408,18.536577217605142 </coordinates>
        </LinearRing>
      </innerBoundaryIs>
      <innerBoundaryIs>
        <LinearRing>
          <coordinates>73.86387950184408,18.536577217605142 73.86378476781391,18.53657664786664 73.8637853651307,18.53648628440083 73.86388009910696,18.536486854139334 73.86387950184408,18.536577217605142 </coordinates>
        </LinearRing>
      </innerBoundaryIs>
    </Polygon>
    <Polygon>
      <outerBoundaryIs>
        <LinearRing>
          <coordinates>73.8644431302038,18.537303542900233 73.8645378646472,18.53730411233331 73.86453726769872,18.537394475817084 73.86444253320143,18.537393906384008 73.8644431302038,18.537303542900233 </coordinates>
        </LinearRing>
      </outerBoundaryIs>
    </Polygon>
    <Polygon>
      <outerBoundaryIs>
        <LinearRing>
          <coordinates>73.86453726769872,18.537394475817084 73.86463200220501,18.53739504519626 73.86463140530145,18.53748540868902 73.86491560897302,18.537487116566034 73.86491501222217,18.537577480058793 73.86482027760809,18.53757691080538 73.86481968079437,18.537667274298137 73.86500915012134,18.537668412751064 73.86500855340643,18.53775877624382 73.86510328812831,18.5377593454074 73.86510269145832,18.537849708900158 73.86529216100988,18.53785084708359 73.86529275757206,18.53776048358185 73.86538749230293,18.537761052592717 73.86538689578565,18.53785141610344 73.86557636535517,18.53785255399941 73.86557517250027,18.538033281011874 73.86585937717794,18.538034987523453 73.86585878089423,18.538125351034175 73.86595351584967,18.53812591978453 73.86595411207949,18.538035556264823 73.86604884698103,18.5380361249523 73.86604825079613,18.538126488480987 73.86633245567144,18.538128194282898 73.86632947546556,18.538580011926346 73.86642421068152,18.538580580452123 73.86642301867103,18.5387613075095 73.8661388127447,18.53875960178844 73.86613940889367,18.53866923825975 73.86604467364178,18.538668669599225 73.86604526984465,18.53857830607952 73.86585579944868,18.53857716861474 73.86585639574139,18.538486805095033 73.8657616605973,18.53848623629976 73.86576285328152,18.538305509269332 73.86566811824522,18.538304940429146 73.86566871462776,18.53821457691842 73.86557397964538,18.538214008033318 73.86557457607282,18.538123644522596 73.86547984113535,18.538123075592576 73.8654804376167,18.538032712081854 73.86529096785853,18.538031574078087 73.86529037127836,18.538121937579824 73.86519563635886,18.538121368506076 73.86519623298393,18.53803100501332 73.86510149810934,18.53803043588567 73.86510209478833,18.537940072392914 73.86491262515592,18.537938934020836 73.86491322192472,18.53784857052808 73.86481848716691,18.537848001274668 73.86481908398063,18.53775763778191 73.86462961457282,18.537756499131355 73.86463021148535,18.53766613564758 73.86453547683534,18.53766556625942 73.86453726769872,18.537394475817084 </coordinates>
        </LinearRing>
      </outerBoundaryIs>
    </Polygon>
    <Polygon>
      <outerBoundaryIs>
        <LinearRing>
          <coordinates>73.86718328371893,18.538404399795347 73.86699381343973,18.53840326348041 73.86699440913057,18.538312899924772 73.86680493895918,18.538311763430173 73.86680553474882,18.538221399883515 73.86642659465757,18.538219126319397 73.86642719063586,18.53812876279071 73.86633245567144,18.538128194282898 73.86633364773581,18.537947467216537 73.86652311746704,18.537948604169273 73.86652252154263,18.538038967706946 73.86671199139064,18.53804010447104 73.86671139555608,18.538130468017695 73.86690086552086,18.538131604602125 73.8669002697851,18.538221968148783 73.86708973985769,18.53822310455355 73.86708914422076,18.538313468109187 73.86718387931094,18.538314036239708 73.86718328371893,18.538404399795347 </coordinates>
        </LinearRing>
      </outerBoundaryIs>
    </Polygon>
    <Polygon>
      <outerBoundaryIs>
        <LinearRing>
          <coordinates>73.86642301867103,18.5387613075095 73.8669914306315,18.538764717667032 73.8669908349227,18.53885508121369 73.86718030569597,18.538856217564557 73.86717971008598,18.53894658111121 73.86736918097603,18.538947717273434 73.86736798993573,18.539128444384712 73.86755746104137,18.539129580367273 73.86755686562003,18.539219943931894 73.86765160122226,18.5392205118558 73.8676527919751,18.539039784726555 73.86784226299989,18.53904092042165 73.86784047716708,18.539312011133486 73.86793521284116,18.539312578913663 73.86793461760847,18.539402942487268 73.86802935332749,18.539403510222527 73.86802875813972,18.539493873796133 73.86774455083895,18.539492170428655 73.86774514617046,18.539401806864035 73.86746093904937,18.53940010307435 73.86746153453359,18.53930973951871 73.8672720632393,18.539308603428353 73.86727265881335,18.539218239872717 73.86698845204259,18.53921653539133 73.86698964348714,18.539035808307002 73.8666107015723,18.539033535012376 73.86661129748771,18.538943171483687 73.86651656207412,18.53894260304774 73.86651715803445,18.538852239519052 73.86642242266579,18.53885167103819 73.86642301867103,18.5387613075095 </coordinates>
        </LinearRing>
      </outerBoundaryIs>
    </Polygon>
    <Polygon>
      <outerBoundaryIs>
        <LinearRing>
          <coordinates>73.86718328371893,18.538404399795347 73.86737275401609,18.538405535921633 73.8673721585139,18.538495899486257 73.86718268811794,18.538494763350986 73.86718328371893,18.538404399795347 </coordinates>
        </LinearRing>
      </outerBoundaryIs>
    </Polygon>
    <Polygon>
      <outerBoundaryIs>
        <LinearRing>
          <coordinates>73.8673721585139,18.538495899486257 73.86746689372087,18.538496467482027 73.86746629826361,18.53858683104665 73.86737156301172,18.538586263041896 73.8673721585139,18.538495899486257 </coordinates>
        </LinearRing>
      </outerBoundaryIs>
    </Polygon>
    <Polygon>
      <outerBoundaryIs>
        <LinearRing>
          <coordinates>73.86802875813972,18.539493873796133 73.86840770125829,18.539496144296994 73.86840829624843,18.539405780714407 73.86831356051147,18.539405213158812 73.8683147505726,18.539224485993632 73.86869369313422,18.539226755883643 73.86869309830577,18.5393171194842 73.86992466264391,18.539324491418746 73.8699234742716,18.539505218682738 73.87039715351344,18.539508051942192 73.87039655957432,18.539598415587665 73.87049129548197,18.53959898209223 73.87049070157879,18.539689345746684 73.87058543754034,18.539689912206338 73.87058484369106,18.53978027586079 73.8706795797065,18.53978084228451 73.87067779827544,18.540051933229904 73.8707725344436,18.54005249961769 73.87077194067517,18.540142863272145 73.87105614935035,18.540144562148043 73.87105852380425,18.539783107494298 73.87115325983767,18.539783673684454 73.87115385339051,18.539693310012034 73.87134332536752,18.539694442239636 73.87134391881257,18.53960407855823 73.87181759856644,18.53960690826934 73.87181700536394,18.539697271959728 73.87200647738587,18.539698403513594 73.87200707048954,18.539608039823207 73.87229127840115,18.539609736785696 73.87229068545018,18.53970010049405 73.87238542147462,18.539700666055385 73.87238482856857,18.539791029763737 73.8713427319135,18.539784805912056 73.87134213845049,18.539875169584473 73.87124740236317,18.539874603484147 73.87124562182143,18.540145694492427 73.87115088559038,18.5401451283382 73.87114910486,18.540416219328513 73.87124384125273,18.540416785482737 73.87124324771786,18.540507149146173 73.8717169299421,18.54050997924356 73.87171633665875,18.54060034291598 73.87200054617834,18.540602040408473 73.87199995303874,18.54069240409886 73.87209468960216,18.54069296983986 73.87209409650745,18.54078333352126 73.87228356975109,18.540784464868516 73.8722829767552,18.540874828558902 73.87247245010663,18.540875959717507 73.87247185720058,18.540966323407893 73.87275606741187,18.540968019804442 73.87275547464955,18.54105838350381 73.87285021144655,18.5410589488765 73.87284961873812,18.541149312584853 73.8731338292818,18.541151008424446 73.8731332367171,18.541241372141783 73.87322797362188,18.541241937325825 73.87322856613268,18.54115157360849 73.87341803985241,18.54115270383285 73.8734186322644,18.54106234010653 73.8736081058943,18.54106347014224 73.87360869820748,18.54097310640694 73.87408238210257,18.54097593063833 73.87408297415523,18.54088556688506 73.87417771088933,18.540886131593 73.87417711889057,18.540976495337283 73.87427185567859,18.54097705999132 73.87427126372474,18.54106742374459 73.87436600056665,18.541067988362695 73.87436540865772,18.54115835211596 73.87446014555353,18.541158916680168 73.87445955368952,18.541249280433437 73.87427007979011,18.541248151251125 73.87427067176192,18.541157787497855 73.87417593486612,18.541157222834837 73.87417652688283,18.54106685909055 73.87398705320801,18.54106572962976 73.87398409261237,18.54151754833322 73.8738893555369,18.541516983517486 73.87388876335848,18.541607347252786 73.87369928909976,18.541606217468605 73.873699881377,18.541515853742286 73.87351040724403,18.541514723778437 73.87351099962008,18.54142436005212 73.8733215255949,18.54142322990861 73.87332211806078,18.54133286618229 73.87294317025301,18.541330605329332 73.8729437629165,18.54124024162098 73.87265955224707,18.541238545493925 73.87266014505431,18.541148181785573 73.87247067138847,18.541147050806632 73.87247126430351,18.54105668710726 73.87218705397542,18.541054990279523 73.8721876470342,18.540964626598118 73.87199817360192,18.540963495143068 73.87199935989912,18.54078276778026 73.8719046232818,18.540782201994347 73.87190521647531,18.540691838312945 73.87124206064811,18.540687876473047 73.87124265418299,18.540597512809608 73.87114791770041,18.540596946646403 73.8711485112802,18.540506582982964 73.87095903842284,18.540505450521803 73.87095963210145,18.54041508686735 73.87086489572667,18.540414520569392 73.87086548945918,18.540324156914938 73.87067601681741,18.5403230241753 73.87067661063975,18.540232660529828 73.87058187437277,18.540232094097124 73.87058068662928,18.540412821379086 73.87048595026349,18.540412254892484 73.87048654419362,18.54032189124701 73.87039180788172,18.540321324715496 73.8703935897889,18.54005023379705 73.86963570065018,18.54004569988303 73.8696362950115,18.53995533626451 73.86954155893318,18.539954769310782 73.86954215333941,18.539864405701245 73.86887900124023,18.539860435731594 73.86887959599682,18.539770072140023 73.86850065221347,18.539767802555442 73.8685012471587,18.539677438972852 73.86821703950761,18.53967573629708 73.86821763460554,18.53958537271449 73.86802816295193,18.539584237369738 73.86802875813972,18.539493873796133 </coordinates>
        </LinearRing>
      </outerBoundaryIs>
      <innerBoundaryIs>
        <LinearRing>
          <coordinates>73.8703935897889,18.54005023379705 73.87039418375497,18.539959870160562 73.86973103108984,18.539955903164334 73.86973162539726,18.539865539545815 73.86963688936385,18.539864972645987 73.86963748372517,18.539774609027468 73.86954274774565,18.539774042082726 73.8695433421429,18.539683678464204 73.87039596561723,18.539688779233135 73.87039537166913,18.539779142869623 73.87049010767561,18.539779709392157 73.87048951377243,18.539870073037626 73.87058424983279,18.539870639506262 73.870582468249,18.540141730451655 73.87048773203593,18.540141163965053 73.87048832594809,18.54005080032857 73.8703935897889,18.54005023379705 </coordinates>
        </LinearRing>
      </innerBoundaryIs>
      <innerBoundaryIs>
        <LinearRing>
          <coordinates>73.86897552134576,18.539589912216034 73.86897611603048,18.539499548615478 73.86907085183933,18.5395001158387 73.86907025719952,18.53959047943925 73.86897552134576,18.539589912216034 </coordinates>
        </LinearRing>
      </innerBoundaryIs>
    </Polygon>
  </MultiGeometry>
</Placemark><Placemark>
  <name>1.8-1.9</name>
  <ExtendedData>
    <Data name='count'>
      <value>101</value>
    </Data>
    <Data name='depth_class'>
      <value>3</value>
    </Data>
    <Data name='system:index'>
      <value>+7999+5024</value>
    </Data>
  </ExtendedData>
  <styleUrl>#style_orange</styleUrl>
  <MultiGeometry>
    <Polygon>
      <outerBoundaryIs>
        <LinearRing>
          <coordinates>73.86388129363273,18.536306127198735 73.86397602751019,18.536306696874355 73.86397543030121,18.53639706034915 73.86388069636985,18.536396490664544 73.86388129363273,18.536306127198735 </coordinates>
        </LinearRing>
      </outerBoundaryIs>
    </Polygon>
    <Polygon>
      <outerBoundaryIs>
        <LinearRing>
          <coordinates>73.86322413246106,18.535398503544695 73.86322473002937,18.535308140078886 73.86303526342428,18.535306999982044 73.8630358610914,18.53521663652522 73.86294112784277,18.53521606640044 73.8629393346797,18.535487156752946 73.8631288014824,18.53548829696657 73.86312820385122,18.535578660423397 73.86322293730647,18.535579230458342 73.86322114455662,18.535850320828814 73.8633158781646,18.535850890827827 73.86331528062323,18.535941254284655 73.8634100142851,18.53594182423875 73.86340941678866,18.53603218770456 73.86359888422018,18.53603332747801 73.86359948161781,18.53594296400322 73.86369421528866,18.535943533822568 73.8636948126324,18.535853170347778 73.86378954625833,18.53585374011323 73.86379014353918,18.53576337663844 73.8638848771202,18.53576394634999 73.86388427988426,18.535854309824785 73.86407374714511,18.535855449113143 73.864073150008,18.535945812587933 73.86416788369681,18.535946382164738 73.86416549528309,18.536307836099834 73.86407076139665,18.536307266514044 73.8640725528619,18.536036176071708 73.86397781912817,18.536035606449985 73.86397841631918,18.53594524296621 73.86388368263935,18.535944673299575 73.86388248814053,18.536125400249155 73.86378775436188,18.536124830528617 73.86378715706307,18.536215193994426 73.8636924232395,18.53621462421999 73.86369182587781,18.53630498769478 73.86359709200933,18.536304417866447 73.86359589718711,18.53648514478908 73.8636906311634,18.536485714617413 73.86368943642204,18.536666441549027 73.86349996828982,18.536665301829476 73.86350176068932,18.536394211459005 73.86340702677592,18.536393641531856 73.86340762428135,18.53630327807503 73.86331289042185,18.53630270811195 73.86331408553153,18.536121981198303 73.86321935177085,18.536121411190305 73.8632199493661,18.536031047742462 73.8631252156683,18.53603047768955 73.86312581330849,18.535940114232726 73.86303107966458,18.53593954414388 73.86303167734967,18.535849180687055 73.86293694375068,18.535848610553295 73.86293813922866,18.535667883657613 73.8628434057285,18.53566731346995 73.86284460128732,18.535486586583254 73.86274986789495,18.53548601635966 73.86275345478704,18.534943835672614 73.86303765407482,18.534945546154745 73.86303705641667,18.53503590961157 73.86322652272531,18.53503704969943 73.86322592516599,18.535127413156253 73.86341539158242,18.53512855306445 73.86341479412191,18.53521891653026 73.86350952738852,18.53521948641249 73.86350892997292,18.5353098498783 73.86360366329343,18.535310419715618 73.86360306591376,18.535400783190408 73.86369779928818,18.53540135298281 73.86369720196241,18.5354917164576 73.86417086913087,18.535494564727905 73.86417027204766,18.53558492822066 73.86398080507426,18.53558378904908 73.86398020789224,18.535674152532856 73.8636960073019,18.53567244340718 73.86369660463664,18.53558207993239 73.86360187116343,18.535581510131006 73.86360246854308,18.535491146665198 73.86331826829411,18.535489436991547 73.86331886581749,18.535399073525742 73.86322413246106,18.535398503544695 </coordinates>
        </LinearRing>
      </outerBoundaryIs>
    </Polygon>
    <Polygon>
      <outerBoundaryIs>
        <LinearRing>
          <coordinates>73.86322413246106,18.535398503544695 73.86322353488376,18.53548886700152 73.8631288014824,18.53548829696657 73.86312939910462,18.535397933509746 73.86322413246106,18.535398503544695 </coordinates>
        </LinearRing>
      </outerBoundaryIs>
    </Polygon>
    <Polygon>
      <outerBoundaryIs>
        <LinearRing>
          <coordinates>73.86378715706307,18.536215193994426 73.86388189088663,18.536215763723945 73.86388129363273,18.536306127198735 73.86378655975527,18.536305557469216 73.86378715706307,18.536215193994426 </coordinates>
        </LinearRing>
      </outerBoundaryIs>
    </Polygon>
  </MultiGeometry>
</Placemark><Placemark>
  <name>1.9-2.0</name>
  <ExtendedData>
    <Data name='count'>
      <value>1</value>
    </Data>
    <Data name='depth_class'>
      <value>4</value>
    </Data>
    <Data name='system:index'>
      <value>+8000+5013</value>
    </Data>
  </ExtendedData>
  <styleUrl>#style_red</styleUrl>
  <Polygon>
    <outerBoundaryIs>
      <LinearRing>
        <coordinates>73.86303048196152,18.536029907591722 73.86303107966458,18.53593954414388 73.86312581330849,18.535940114232726 73.8631252156683,18.53603047768955 73.86303048196152,18.536029907591722 </coordinates>
      </LinearRing>
    </outerBoundaryIs>
  </Polygon>
</Placemark><Placemark>
  <name>1.9-2.0</name>
  <ExtendedData>
    <Data name='count'>
      <value>3</value>
    </Data>
    <Data name='depth_class'>
      <value>4</value>
    </Data>
    <Data name='system:index'>
      <value>+8003+5009</value>
    </Data>
  </ExtendedData>
  <styleUrl>#style_red</styleUrl>
  <MultiGeometry>
    <Polygon>
      <outerBoundaryIs>
        <LinearRing>
          <coordinates>73.86340702677592,18.536393641531856 73.86350176068932,18.536394211459005 73.86350056575931,18.536574938372652 73.8634058317471,18.536574368445503 73.86340702677592,18.536393641531856 </coordinates>
        </LinearRing>
      </outerBoundaryIs>
    </Polygon>
    <Polygon>
      <outerBoundaryIs>
        <LinearRing>
          <coordinates>73.86340702677592,18.536393641531856 73.86331229286253,18.536393071568774 73.86331289042185,18.53630270811195 73.86340762428135,18.53630327807503 73.86340702677592,18.536393641531856 </coordinates>
        </LinearRing>
      </outerBoundaryIs>
    </Polygon>
  </MultiGeometry>
</Placemark><Placemark>
  <name>1.7-1.8</name>
  <ExtendedData>
    <Data name='count'>
      <value>74</value>
    </Data>
    <Data name='depth_class'>
      <value>2</value>
    </Data>
    <Data name='system:index'>
      <value>+8003+5038</value>
    </Data>
  </ExtendedData>
  <styleUrl>#style_yellow</styleUrl>
  <Polygon>
    <outerBoundaryIs>
      <LinearRing>
        <coordinates>73.86304064230265,18.534493728843675 73.86304004466247,18.534584092309483 73.86294531176416,18.534583522211655 73.8629447140701,18.53467388566848 73.86256578230622,18.53467160478309 73.86256638019792,18.53458124133525 73.86247164730861,18.53458067100386 73.86247224524523,18.534490307556016 73.86237751241879,18.53448973717971 73.86238050230851,18.53403791995847 73.86228576972462,18.534037349537247 73.86228696575955,18.53385662265055 73.86219223328347,18.533856052193393 73.86219342939924,18.533675325306696 73.86266709131257,18.53367817708043 73.86266649350172,18.533768540537253 73.86295069084017,18.533770251046334 73.86295009318202,18.533860614512143 73.8631395581881,18.53386175461797 73.86314075330675,18.53368102766839 73.86323548571995,18.533681597640452 73.86323488820555,18.533771961115242 73.86332962067266,18.533772531051376 73.86333021813317,18.5336821675676 73.86342495054637,18.533682737449833 73.86342315830858,18.533953827892173 73.86332842574265,18.533953258000956 73.86332782827316,18.53404362148473 73.86323309566231,18.534043051539616 73.86323130308315,18.534314141955004 73.86313657032858,18.534313571964972 73.86313537515603,18.534494298896586 73.86304064230265,18.534493728843675 </coordinates>
      </LinearRing>
    </outerBoundaryIs>
    <innerBoundaryIs>
      <LinearRing>
        <coordinates>73.86304064230265,18.534493728843675 73.86285117660486,18.5344925886031 73.86285177434385,18.534402225146277 73.86266230875387,18.534401084726042 73.86266350441151,18.534220357821376 73.8625687717288,18.534219787543883 73.86256936960254,18.534129424096044 73.86266410224033,18.53412999436455 73.86266529788001,18.533949267459885 73.86285476296693,18.533950407853172 73.8628541652459,18.534040771309996 73.86294889784777,18.534041341443757 73.86294830017167,18.534131704900584 73.86304303282742,18.534132274989428 73.86304064230265,18.534493728843675 </coordinates>
      </LinearRing>
    </innerBoundaryIs>
  </Polygon>
</Placemark><Placemark>
  <name>1.6-1.7</name>
  <ExtendedData>
    <Data name='count'>
      <value>1</value>
    </Data>
    <Data name='depth_class'>
      <value>1</value>
    </Data>
    <Data name='system:index'>
      <value>+8004+5015</value>
    </Data>
  </ExtendedData>
  <styleUrl>#style_green</styleUrl>
  <Polygon>
    <outerBoundaryIs>
      <LinearRing>
        <coordinates>73.86341061177257,18.535851460781927 73.86341120926002,18.53576109731612 73.86350594283206,18.53576166721632 73.86350534538951,18.535852030682126 73.86341061177257,18.535851460781927 </coordinates>
      </LinearRing>
    </outerBoundaryIs>
  </Polygon>
</Placemark><Placemark>
  <name>1.9-2.0</name>
  <ExtendedData>
    <Data name='count'>
      <value>148</value>
    </Data>
    <Data name='depth_class'>
      <value>4</value>
    </Data>
    <Data name='system:index'>
      <value>+8006+5035</value>
    </Data>
  </ExtendedData>
  <styleUrl>#style_red</styleUrl>
  <Polygon>
    <outerBoundaryIs>
      <LinearRing>
        <coordinates>73.8624692555262,18.53494212476827 73.86247045142639,18.534761397890556 73.86275465038179,18.534763108776932 73.86275405258891,18.53485347222477 73.86284878563093,18.5348540424304 73.86284938337892,18.534763678973576 73.86303884937314,18.534764819232112 73.86303944702229,18.53467445577529 73.8631341799745,18.534675025828204 73.86313477756975,18.534584662362395 73.86322951047703,18.534585232370393 73.86323070555078,18.534404505429794 73.86332543835924,18.534405075383894 73.8633260358467,18.5343147119091 73.86342076861025,18.534315281809302 73.86342136604381,18.534224918334512 73.86351609876245,18.534225488180812 73.8635172935128,18.534044761213263 73.86361202613261,18.53404533101465 73.8636126234494,18.533954967530875 73.8637073560243,18.53395553727836 73.86370675876142,18.534045900762134 73.86380149139022,18.534046470464705 73.86380089416328,18.53413683395746 73.86389562684597,18.534137403615116 73.86389502967293,18.534227767107872 73.86408449514613,18.534228906279452 73.86408389806292,18.53431926978119 73.86436809645238,18.534320978197197 73.8643674995129,18.534411341707923 73.86455696521966,18.53441248042136 73.86455636838797,18.53450284393208 73.86484056711879,18.534504551656386 73.86483937373389,18.5346852786958 73.86446044169153,18.534683001610283 73.86445984478797,18.534773365112024 73.86436511173697,18.534772795723864 73.86436570868544,18.534682432222123 73.86408150970308,18.534680723761202 73.86408091260189,18.534771087253958 73.86379671350275,18.534769378361844 73.86379611624886,18.53485974184562 73.86370138317089,18.53485917212508 73.8637001885553,18.535039899083646 73.86379492173208,18.535040468813165 73.86379372720631,18.53522119577173 73.86388846049088,18.535221765465316 73.86388726604596,18.535402492432866 73.86417146620512,18.53540420124413 73.86417086913087,18.535494564727905 73.86369720196241,18.5354917164576 73.86369779928818,18.53540135298281 73.86360306591376,18.535400783190408 73.86360366329343,18.535310419715618 73.86350892997292,18.5353098498783 73.86350952738852,18.53521948641249 73.86341479412191,18.53521891653026 73.86341539158242,18.53512855306445 73.86322592516599,18.535127413156253 73.86322652272531,18.53503704969943 73.86303705641667,18.53503590961157 73.86303765407482,18.534945546154745 73.86275345478704,18.534943835672614 73.86275106353463,18.535305289463977 73.86265633025006,18.53530471920445 73.86265752597956,18.53512399230877 73.86256279279381,18.53512342200433 73.86256398860417,18.53494269511763 73.8624692555262,18.53494212476827 </coordinates>
      </LinearRing>
    </outerBoundaryIs>
  </Polygon>
</Placemark><Placemark>
  <name>1.6-1.7</name>
  <ExtendedData>
    <Data name='count'>
      <value>2</value>
    </Data>
    <Data name='depth_class'>
      <value>1</value>
    </Data>
    <Data name='system:index'>
      <value>+8008+5007</value>
    </Data>
  </ExtendedData>
  <styleUrl>#style_green</styleUrl>
  <MultiGeometry>
    <Polygon>
      <outerBoundaryIs>
        <LinearRing>
          <coordinates>73.86387950184408,18.536577217605142 73.86397423587425,18.53657778729873 73.86397363864731,18.53666815077352 73.86387890457222,18.536667581079932 73.86387950184408,18.536577217605142 </coordinates>
        </LinearRing>
      </outerBoundaryIs>
    </Polygon>
    <Polygon>
      <outerBoundaryIs>
        <LinearRing>
          <coordinates>73.86387950184408,18.536577217605142 73.86378476781391,18.53657664786664 73.8637853651307,18.53648628440083 73.86388009910696,18.536486854139334 73.86387950184408,18.536577217605142 </coordinates>
        </LinearRing>
      </outerBoundaryIs>
    </Polygon>
  </MultiGeometry>
</Placemark><Placemark>
  <name>1.8-1.9</name>
  <ExtendedData>
    <Data name='count'>
      <value>1</value>
    </Data>
    <Data name='depth_class'>
      <value>3</value>
    </Data>
    <Data name='system:index'>
      <value>+8009+5001</value>
    </Data>
  </ExtendedData>
  <styleUrl>#style_orange</styleUrl>
  <Polygon>
    <outerBoundaryIs>
      <LinearRing>
        <coordinates>73.86387591816798,18.53711939840897 73.8638765154578,18.537029034943163 73.86397124973053,18.53702960464573 73.86397065249459,18.53711996811154 73.86387591816798,18.53711939840897 </coordinates>
      </LinearRing>
    </outerBoundaryIs>
  </Polygon>
</Placemark><Placemark>
  <name>1.9-2.0</name>
  <ExtendedData>
    <Data name='count'>
      <value>8</value>
    </Data>
    <Data name='depth_class'>
      <value>4</value>
    </Data>
    <Data name='system:index'>
      <value>+8009+5013</value>
    </Data>
  </ExtendedData>
  <styleUrl>#style_red</styleUrl>
  <Polygon>
    <outerBoundaryIs>
      <LinearRing>
        <coordinates>73.86378715706307,18.536215193994426 73.86378775436188,18.536124830528617 73.86388248814053,18.536125400249155 73.86388368263935,18.535944673299575 73.86397841631918,18.53594524296621 73.86397781912817,18.536035606449985 73.8640725528619,18.536036176071708 73.86407076139665,18.536307266514044 73.86388129363273,18.536306127198735 73.86388189088663,18.536215763723945 73.86378715706307,18.536215193994426 </coordinates>
      </LinearRing>
    </outerBoundaryIs>
  </Polygon>
</Placemark><Placemark>
  <name>1.7-1.8</name>
  <ExtendedData>
    <Data name='count'>
      <value>1</value>
    </Data>
    <Data name='depth_class'>
      <value>2</value>
    </Data>
    <Data name='system:index'>
      <value>+8009+5024</value>
    </Data>
  </ExtendedData>
  <styleUrl>#style_yellow</styleUrl>
  <Polygon>
    <outerBoundaryIs>
      <LinearRing>
        <coordinates>73.86388965491784,18.53504103849777 73.86389025212682,18.534950675013995 73.86398498525868,18.534951244653683 73.86398438809461,18.53504160813746 73.86388965491784,18.53504103849777 </coordinates>
      </LinearRing>
    </outerBoundaryIs>
  </Polygon>
</Placemark><Placemark>
  <name>1.8-1.9</name>
  <ExtendedData>
    <Data name='count'>
      <value>17</value>
    </Data>
    <Data name='depth_class'>
      <value>3</value>
    </Data>
    <Data name='system:index'>
      <value>+8009+5026</value>
    </Data>
  </ExtendedData>
  <styleUrl>#style_orange</styleUrl>
  <Polygon>
    <outerBoundaryIs>
      <LinearRing>
        <coordinates>73.8637001885553,18.535039899083646 73.86370138317089,18.53485917212508 73.86379611624886,18.53485974184562 73.86379671350275,18.534769378361844 73.86398617956885,18.534770517677153 73.86398498525868,18.534951244653683 73.86389025212682,18.534950675013995 73.86388965491784,18.53504103849777 73.86398438809461,18.53504160813746 73.86398379093953,18.535131971630214 73.8640785241702,18.535132541224986 73.86407732994088,18.535313268201516 73.86417206327936,18.535313837751374 73.86417146620512,18.53540420124413 73.86388726604596,18.535402492432866 73.86388846049088,18.535221765465316 73.86379372720631,18.53522119577173 73.86379492173208,18.535040468813165 73.8637001885553,18.535039899083646 </coordinates>
      </LinearRing>
    </outerBoundaryIs>
  </Polygon>
</Placemark><Placemark>
  <name>1.8-1.9</name>
  <ExtendedData>
    <Data name='count'>
      <value>5</value>
    </Data>
    <Data name='depth_class'>
      <value>3</value>
    </Data>
    <Data name='system:index'>
      <value>+8014+4998</value>
    </Data>
  </ExtendedData>
  <styleUrl>#style_orange</styleUrl>
  <Polygon>
    <outerBoundaryIs>
      <LinearRing>
        <coordinates>73.8642530642158,18.537392767374126 73.864253661317,18.53730240390832 73.8644431302038,18.537303542900233 73.86444253320143,18.537393906384008 73.86453726769872,18.537394475817084 73.86453607379279,18.53757520277565 73.86444133919669,18.537574633342572 73.86444193619906,18.537484269858798 73.86434720165684,18.537483700380808 73.86434779870413,18.537393336906018 73.8642530642158,18.537392767374126 </coordinates>
      </LinearRing>
    </outerBoundaryIs>
  </Polygon>
</Placemark><Placemark>
  <name>1.6-1.7</name>
  <ExtendedData>
    <Data name='count'>
      <value>288</value>
    </Data>
    <Data name='depth_class'>
      <value>1</value>
    </Data>
    <Data name='system:index'>
      <value>+8014+5014</value>
    </Data>
  </ExtendedData>
  <styleUrl>#style_green</styleUrl>
  <MultiGeometry>
    <Polygon>
      <outerBoundaryIs>
        <LinearRing>
          <coordinates>73.86642242266579,18.53885167103819 73.86651715803445,18.538852239519052 73.86651656207412,18.53894260304774 73.86642182665156,18.5389420345579 73.86642242266579,18.53885167103819 </coordinates>
        </LinearRing>
      </outerBoundaryIs>
    </Polygon>
    <Polygon>
      <outerBoundaryIs>
        <LinearRing>
          <coordinates>73.86557636535517,18.53785255399941 73.86538689578565,18.53785141610344 73.86538749230293,18.537761052592717 73.86529275757206,18.53776048358185 73.86529216100988,18.53785084708359 73.86510269145832,18.537849708900158 73.86510328812831,18.5377593454074 73.86500855340643,18.53775877624382 73.86500915012134,18.537668412751064 73.86481968079437,18.537667274298137 73.86482027760809,18.53757691080538 73.86491501222217,18.537577480058793 73.86491560897302,18.537487116566034 73.86463140530145,18.53748540868902 73.86463200220501,18.53739504519626 73.86453726769872,18.537394475817084 73.8645378646472,18.53730411233331 73.8644431302038,18.537303542900233 73.86444432419057,18.53712281594167 73.86453905854414,18.537123385365764 73.86453965548364,18.53703302188199 73.86444492118396,18.537032452457897 73.86444551816837,18.536942088974122 73.86425604967683,18.536940950000172 73.86425664676004,18.536850586525382 73.86416191256816,18.536850016966543 73.86416310682444,18.536669290016963 73.86406837273138,18.536668720413207 73.86406896990444,18.536578356938417 73.86416370394359,18.53657892653319 73.86416430106274,18.5364885630584 73.86425903504801,18.53648913259927 73.86426082623478,18.53621804214795 73.86435556007632,18.536218611634926 73.86435615707869,18.53612824815115 73.86426142329105,18.536127678664176 73.86426321443292,18.53585658820387 73.86445268172072,18.535857727105956 73.86445208478123,18.535948090598712 73.86454681847903,18.53594865998687 73.86454622158446,18.536039023479628 73.86464095533616,18.536039592822874 73.8646403584865,18.536129956324615 73.86473509230107,18.53613052561396 73.8647338986826,18.536311252617438 73.864828632596,18.53631182187085 73.86482803583618,18.53640218537259 73.86473330186888,18.536401616110194 73.86473270505516,18.536491979611935 73.86463797104295,18.536491410304624 73.86463618043109,18.536762500782896 73.86482564875196,18.53676363937057 73.86482624552076,18.53667327586883 73.86492097964077,18.53667384508631 73.86492157636467,18.536583481584568 73.86501631043078,18.53658405075713 73.8650151170818,18.536764777760613 73.8649203829079,18.536764208588046 73.86491859270926,18.537035299084284 73.86539226433338,18.537038144524896 73.86539107134374,18.537218871546344 73.86548580577815,18.53721944049433 73.86548520933273,18.537309804014033 73.86557994381207,18.537310372917105 73.86557934741157,18.537400736436812 73.86567408195378,18.537401305294964 73.86567348559821,18.53749166881467 73.86576822019431,18.53749223762791 73.86576702757299,18.537672964667323 73.86567229287805,18.5376723958451 73.86567169651349,18.53776275935582 73.86557696177364,18.537762190488685 73.86557636535517,18.53785255399941 </coordinates>
        </LinearRing>
      </outerBoundaryIs>
      <innerBoundaryIs>
        <LinearRing>
          <coordinates>73.86453965548364,18.53703302188199 73.86454084934465,18.536852294905458 73.86473031775535,18.536853433591947 73.86472852725129,18.537124524070215 73.86463379288872,18.53712395474494 73.8646343897833,18.537033591252182 73.86453965548364,18.53703302188199 </coordinates>
        </LinearRing>
      </innerBoundaryIs>
    </Polygon>
    <Polygon>
      <outerBoundaryIs>
        <LinearRing>
          <coordinates>73.86557636535517,18.53785255399941 73.86586056972742,18.53785426048404 73.86585997345269,18.537944624003746 73.8662389128702,18.537946898663808 73.86623950894732,18.53785653513512 73.86633424375903,18.537857103678864 73.86633245567144,18.538128194282898 73.86604825079613,18.538126488480987 73.86604884698103,18.5380361249523 73.86595411207949,18.538035556264823 73.86595351584967,18.53812591978453 73.86585878089423,18.538125351034175 73.86585937717794,18.538034987523453 73.86557517250027,18.538033281011874 73.86557636535517,18.53785255399941 </coordinates>
        </LinearRing>
      </outerBoundaryIs>
    </Polygon>
    <Polygon>
      <outerBoundaryIs>
        <LinearRing>
          <coordinates>73.86642301867103,18.5387613075095 73.86642242266579,18.53885167103819 73.86632768730611,18.53885110250343 73.86632828335627,18.538760738983726 73.86642301867103,18.5387613075095 </coordinates>
        </LinearRing>
      </outerBoundaryIs>
    </Polygon>
    <Polygon>
      <outerBoundaryIs>
        <LinearRing>
          <coordinates>73.86633245567144,18.538128194282898 73.86642719063586,18.53812876279071 73.86642659465757,18.538219126319397 73.86680553474882,18.538221399883515 73.86680493895918,18.538311763430173 73.86699440913057,18.538312899924772 73.86699381343973,18.53840326348041 73.86718328371893,18.538404399795347 73.86718268811794,18.538494763350986 73.8673721585139,18.538495899486257 73.86737156301172,18.538586263041896 73.86765576878534,18.53858796689446 73.86765457806843,18.53876869403269 73.86746510735804,18.53876755816691 73.8674645118918,18.53885792172255 73.86765398270998,18.53885905759731 73.86765338734254,18.538949421161934 73.86774812280103,18.53894998903194 73.86774871811457,18.538859625467317 73.86784345353713,18.538860193283426 73.86784404879678,18.53876982970982 73.86803351953411,18.538770965198307 73.86803292437328,18.53886132877191 73.86812765979585,18.53886189644429 73.86812706467994,18.53895226002688 73.86850600662173,18.53895453026723 73.86850541169446,18.5390448938588 73.86869488278214,18.539046028691516 73.86869428796267,18.53913639229207 73.86916796599178,18.539139228569866 73.86916737141486,18.539229592188388 73.86926210707996,18.53923015930381 73.86926151254796,18.539320522913346 73.86869309830577,18.5393171194842 73.86869369313422,18.539226755883643 73.8683147505726,18.539224485993632 73.86831356051147,18.539405213158812 73.86840829624843,18.539405780714407 73.86840770125829,18.539496144296994 73.86802875813972,18.539493873796133 73.86802935332749,18.539403510222527 73.86793461760847,18.539402942487268 73.86793521284116,18.539312578913663 73.86784047716708,18.539312011133486 73.86784226299989,18.53904092042165 73.8676527919751,18.539039784726555 73.86765160122226,18.5392205118558 73.86755686562003,18.539219943931894 73.86755746104137,18.539129580367273 73.86736798993573,18.539128444384712 73.86736918097603,18.538947717273434 73.86717971008598,18.53894658111121 73.86718030569597,18.538856217564557 73.8669908349227,18.53885508121369 73.8669914306315,18.538764717667032 73.86642301867103,18.5387613075095 73.86642421068152,18.538580580452123 73.86632947546556,18.538580011926346 73.86633245567144,18.538128194282898 </coordinates>
        </LinearRing>
      </outerBoundaryIs>
      <innerBoundaryIs>
        <LinearRing>
          <coordinates>73.86737156301172,18.538586263041896 73.86737096750953,18.538676626606517 73.86727623221273,18.53867605855685 73.86727682776882,18.53858569500121 73.86737156301172,18.538586263041896 </coordinates>
        </LinearRing>
      </innerBoundaryIs>
      <innerBoundaryIs>
        <LinearRing>
          <coordinates>73.86652013779117,18.538400421857638 73.86652073373352,18.538310058319965 73.86671020388695,18.538311195102025 73.86670901219088,18.538491922186353 73.86661427701985,18.53849135381329 73.8666148729173,18.538400990275615 73.86652013779117,18.538400421857638 </coordinates>
        </LinearRing>
      </innerBoundaryIs>
      <innerBoundaryIs>
        <LinearRing>
          <coordinates>73.86661308521597,18.538672080879653 73.8666136811224,18.53858171735096 73.86670841634734,18.538582285724026 73.86670782049481,18.5386726492617 73.86661308521597,18.538672080879653 </coordinates>
        </LinearRing>
      </innerBoundaryIs>
      <innerBoundaryIs>
        <LinearRing>
          <coordinates>73.86699262204012,18.53858399057372 73.86680315157227,18.538582854052173 73.86680374737091,18.5384924905145 73.86699321773992,18.538493627027066 73.86699262204012,18.53858399057372 </coordinates>
        </LinearRing>
      </innerBoundaryIs>
      <innerBoundaryIs>
        <LinearRing>
          <coordinates>73.86699262204012,18.53858399057372 73.86708735727403,18.538584558767123 73.86708676162812,18.538674922313778 73.8669920263403,18.538674354120378 73.86699262204012,18.53858399057372 </coordinates>
        </LinearRing>
      </innerBoundaryIs>
    </Polygon>
  </MultiGeometry>
</Placemark><Placemark>
  <name>1.7-1.8</name>
  <ExtendedData>
    <Data name='count'>
      <value>1</value>
    </Data>
    <Data name='depth_class'>
      <value>2</value>
    </Data>
    <Data name='system:index'>
      <value>+8018+5010</value>
    </Data>
  </ExtendedData>
  <styleUrl>#style_yellow</styleUrl>
  <Polygon>
    <outerBoundaryIs>
      <LinearRing>
        <coordinates>73.8647338986826,18.536311252617438 73.86473449548735,18.536220889115697 73.86482922935583,18.53622145836911 73.864828632596,18.53631182187085 73.8647338986826,18.536311252617438 </coordinates>
      </LinearRing>
    </outerBoundaryIs>
  </Polygon>
</Placemark><Placemark>
  <name>1.7-1.8</name>
  <ExtendedData>
    <Data name='count'>
      <value>10</value>
    </Data>
    <Data name='depth_class'>
      <value>2</value>
    </Data>
    <Data name='system:index'>
      <value>+8019+5008</value>
    </Data>
  </ExtendedData>
  <styleUrl>#style_yellow</styleUrl>
  <Polygon>
    <outerBoundaryIs>
      <LinearRing>
        <coordinates>73.86463618043109,18.536762500782896 73.86463797104295,18.536491410304624 73.86473270505516,18.536491979611935 73.86473330186888,18.536401616110194 73.86492276979449,18.536402754581086 73.86492097964077,18.53667384508631 73.86482624552076,18.53667327586883 73.86482564875196,18.53676363937057 73.86463618043109,18.536762500782896 </coordinates>
      </LinearRing>
    </outerBoundaryIs>
  </Polygon>
</Placemark><Placemark>
  <name>1.5-1.6</name>
  <ExtendedData>
    <Data name='count'>
      <value>10</value>
    </Data>
    <Data name='depth_class'>
      <value>0</value>
    </Data>
    <Data name='system:index'>
      <value>+8021+5005</value>
    </Data>
  </ExtendedData>
  <styleUrl>#style_blue</styleUrl>
  <Polygon>
    <outerBoundaryIs>
      <LinearRing>
        <coordinates>73.86491859270926,18.537035299084284 73.8649203829079,18.536764208588046 73.8650151170818,18.536764777760613 73.8650157137518,18.536674414258872 73.86511044788078,18.536674983377537 73.86510925462164,18.53685571039 73.86520398884046,18.536856279472733 73.86520339226031,18.536946642983455 73.86529812653303,18.53694721202127 73.86529752999778,18.537037575531997 73.86491859270926,18.537035299084284 </coordinates>
      </LinearRing>
    </outerBoundaryIs>
  </Polygon>
</Placemark><Placemark>
  <name>1.8-1.9</name>
  <ExtendedData>
    <Data name='count'>
      <value>8</value>
    </Data>
    <Data name='depth_class'>
      <value>3</value>
    </Data>
    <Data name='system:index'>
      <value>+8025+4990</value>
    </Data>
  </ExtendedData>
  <styleUrl>#style_orange</styleUrl>
  <Polygon>
    <outerBoundaryIs>
      <LinearRing>
        <coordinates>73.86529037127836,18.538121937579824 73.86529096785853,18.538031574078087 73.8654804376167,18.538032712081854 73.86547984113535,18.538123075592576 73.86557457607282,18.538123644522596 73.86557397964538,18.538214008033318 73.86566871462776,18.53821457691842 73.86566811824522,18.538304940429146 73.86576285328152,18.538305509269332 73.8657622569439,18.53839587278904 73.86557278676352,18.53839473504578 73.86557338320894,18.53830437153506 73.86547864817265,18.538303802596058 73.865479244654,18.538213439094317 73.86538450967161,18.5382128701104 73.86538510620686,18.53812250660866 73.86529037127836,18.538121937579824 </coordinates>
      </LinearRing>
    </outerBoundaryIs>
  </Polygon>
</Placemark><Placemark>
  <name>1.7-1.8</name>
  <ExtendedData>
    <Data name='count'>
      <value>1</value>
    </Data>
    <Data name='depth_class'>
      <value>2</value>
    </Data>
    <Data name='system:index'>
      <value>+8038+4984</value>
    </Data>
  </ExtendedData>
  <styleUrl>#style_yellow</styleUrl>
  <Polygon>
    <outerBoundaryIs>
      <LinearRing>
        <coordinates>73.86661308521597,18.538672080879653 73.8666136811224,18.53858171735096 73.86670841634734,18.538582285724026 73.86670782049481,18.5386726492617 73.86661308521597,18.538672080879653 </coordinates>
      </LinearRing>
    </outerBoundaryIs>
  </Polygon>
</Placemark><Placemark>
  <name>1.5-1.6</name>
  <ExtendedData>
    <Data name='count'>
      <value>3</value>
    </Data>
    <Data name='depth_class'>
      <value>0</value>
    </Data>
    <Data name='system:index'>
      <value>+8038+4987</value>
    </Data>
  </ExtendedData>
  <styleUrl>#style_blue</styleUrl>
  <Polygon>
    <outerBoundaryIs>
      <LinearRing>
        <coordinates>73.86652013779117,18.538400421857638 73.86652073373352,18.538310058319965 73.86671020388695,18.538311195102025 73.86670901219088,18.538491922186353 73.86661427701985,18.53849135381329 73.8666148729173,18.538400990275615 73.86652013779117,18.538400421857638 </coordinates>
      </LinearRing>
    </outerBoundaryIs>
  </Polygon>
</Placemark><Placemark>
  <name>1.8-1.9</name>
  <ExtendedData>
    <Data name='count'>
      <value>2</value>
    </Data>
    <Data name='depth_class'>
      <value>3</value>
    </Data>
    <Data name='system:index'>
      <value>+8041+4979</value>
    </Data>
  </ExtendedData>
  <styleUrl>#style_orange</styleUrl>
  <Polygon>
    <outerBoundaryIs>
      <LinearRing>
        <coordinates>73.86679957670863,18.539125035296177 73.86680017252523,18.539034671758504 73.86698964348714,18.539035808307002 73.86698904776937,18.539126171844675 73.86679957670863,18.539125035296177 </coordinates>
      </LinearRing>
    </outerBoundaryIs>
  </Polygon>
</Placemark><Placemark>
  <name>1.5-1.6</name>
  <ExtendedData>
    <Data name='count'>
      <value>3</value>
    </Data>
    <Data name='depth_class'>
      <value>0</value>
    </Data>
    <Data name='system:index'>
      <value>+8041+4985</value>
    </Data>
  </ExtendedData>
  <styleUrl>#style_blue</styleUrl>
  <MultiGeometry>
    <Polygon>
      <outerBoundaryIs>
        <LinearRing>
          <coordinates>73.86699262204012,18.53858399057372 73.86708735727403,18.538584558767123 73.86708676162812,18.538674922313778 73.8669920263403,18.538674354120378 73.86699262204012,18.53858399057372 </coordinates>
        </LinearRing>
      </outerBoundaryIs>
    </Polygon>
    <Polygon>
      <outerBoundaryIs>
        <LinearRing>
          <coordinates>73.86699262204012,18.53858399057372 73.86680315157227,18.538582854052173 73.86680374737091,18.5384924905145 73.86699321773992,18.538493627027066 73.86699262204012,18.53858399057372 </coordinates>
        </LinearRing>
      </outerBoundaryIs>
    </Polygon>
  </MultiGeometry>
</Placemark><Placemark>
  <name>1.5-1.6</name>
  <ExtendedData>
    <Data name='count'>
      <value>7</value>
    </Data>
    <Data name='depth_class'>
      <value>0</value>
    </Data>
    <Data name='system:index'>
      <value>+8050+4983</value>
    </Data>
  </ExtendedData>
  <styleUrl>#style_blue</styleUrl>
  <Polygon>
    <outerBoundaryIs>
      <LinearRing>
        <coordinates>73.8674645118918,18.53885792172255 73.86746510735804,18.53876755816691 73.86765457806843,18.53876869403269 73.86765517342688,18.538678330468066 73.86784464405642,18.538679466136216 73.86784345353713,18.538860193283426 73.86774871811457,18.538859625467317 73.86774812280103,18.53894998903194 73.86765338734254,18.538949421161934 73.86765398270998,18.53885905759731 73.8674645118918,18.53885792172255 </coordinates>
      </LinearRing>
    </outerBoundaryIs>
  </Polygon>
</Placemark><Placemark>
  <name>1.7-1.8</name>
  <ExtendedData>
    <Data name='count'>
      <value>1</value>
    </Data>
    <Data name='depth_class'>
      <value>2</value>
    </Data>
    <Data name='system:index'>
      <value>+8054+4981</value>
    </Data>
  </ExtendedData>
  <styleUrl>#style_yellow</styleUrl>
  <Polygon>
    <outerBoundaryIs>
      <LinearRing>
        <coordinates>73.86812706467994,18.53895226002688 73.86812765979585,18.53886189644429 73.86822239522739,18.53886246407175 73.86822180016539,18.538952827654338 73.86812706467994,18.53895226002688 </coordinates>
      </LinearRing>
    </outerBoundaryIs>
  </Polygon>
</Placemark><Placemark>
  <name>1.8-1.9</name>
  <ExtendedData>
    <Data name='count'>
      <value>1</value>
    </Data>
    <Data name='depth_class'>
      <value>3</value>
    </Data>
    <Data name='system:index'>
      <value>+8063+4974</value>
    </Data>
  </ExtendedData>
  <styleUrl>#style_orange</styleUrl>
  <Polygon>
    <outerBoundaryIs>
      <LinearRing>
        <coordinates>73.86897552134576,18.539589912216034 73.86897611603048,18.539499548615478 73.86907085183933,18.5395001158387 73.86907025719952,18.53959047943925 73.86897552134576,18.539589912216034 </coordinates>
      </LinearRing>
    </outerBoundaryIs>
  </Polygon>
</Placemark><Placemark>
  <name>1.8-1.9</name>
  <ExtendedData>
    <Data name='count'>
      <value>4</value>
    </Data>
    <Data name='depth_class'>
      <value>3</value>
    </Data>
    <Data name='system:index'>
      <value>+8068+4970</value>
    </Data>
  </ExtendedData>
  <styleUrl>#style_orange</styleUrl>
  <MultiGeometry>
    <Polygon>
      <outerBoundaryIs>
        <LinearRing>
          <coordinates>73.86954155893318,18.539954769310782 73.8696362950115,18.53995533626451 73.86963570065018,18.54004569988303 73.86954096452693,18.540045132929304 73.86954155893318,18.539954769310782 </coordinates>
        </LinearRing>
      </outerBoundaryIs>
    </Polygon>
    <Polygon>
      <outerBoundaryIs>
        <LinearRing>
          <coordinates>73.86954155893318,18.539954769310782 73.86925735072512,18.539953068180115 73.8692579452751,18.539862704570574 73.86954215333941,18.539864405701245 73.86954155893318,18.539954769310782 </coordinates>
        </LinearRing>
      </outerBoundaryIs>
    </Polygon>
  </MultiGeometry>
</Placemark><Placemark>
  <name>1.9-2.0</name>
  <ExtendedData>
    <Data name='count'>
      <value>14</value>
    </Data>
    <Data name='depth_class'>
      <value>4</value>
    </Data>
    <Data name='system:index'>
      <value>+8074+4986</value>
    </Data>
  </ExtendedData>
  <styleUrl>#style_red</styleUrl>
  <MultiGeometry>
    <Polygon>
      <outerBoundaryIs>
        <LinearRing>
          <coordinates>73.87030835741915,18.538603848911055 73.87021362206845,18.538603282334623 73.87021302805746,18.538693645989078 73.87030776346207,18.53869421256551 73.870307169496,18.53878457621098 73.8702124340465,18.538784009634547 73.87021124600656,18.538964736925486 73.87011651044925,18.538964170295156 73.87011769858799,18.538783443004213 73.87002296314746,18.538782876328966 73.87002415136705,18.53860214904701 73.86992941602533,18.53860158233583 73.86993060433475,18.53842085505387 73.87012007482954,18.538421988422332 73.87011948077365,18.538512352067805 73.87030895137623,18.5385134852566 73.87030835741915,18.538603848911055 </coordinates>
        </LinearRing>
      </outerBoundaryIs>
    </Polygon>
    <Polygon>
      <outerBoundaryIs>
        <LinearRing>
          <coordinates>73.87030835741915,18.538603848911055 73.87040309277883,18.538604415442574 73.87040249886667,18.538694779097025 73.87030776346207,18.53869421256551 73.87030835741915,18.538603848911055 </coordinates>
        </LinearRing>
      </outerBoundaryIs>
    </Polygon>
  </MultiGeometry>
</Placemark><Placemark>
  <name>1.9-2.0</name>
  <ExtendedData>
    <Data name='count'>
      <value>2</value>
    </Data>
    <Data name='depth_class'>
      <value>4</value>
    </Data>
    <Data name='system:index'>
      <value>+8075+4967</value>
    </Data>
  </ExtendedData>
  <styleUrl>#style_red</styleUrl>
  <Polygon>
    <outerBoundaryIs>
      <LinearRing>
        <coordinates>73.87001345686072,18.54022869447683 73.8700140510334,18.540138330849327 73.87020352342363,18.540139464235757 73.87020292934976,18.540229827872242 73.87001345686072,18.54022869447683 </coordinates>
      </LinearRing>
    </outerBoundaryIs>
  </Polygon>
</Placemark><Placemark>
  <name>1.9-2.0</name>
  <ExtendedData>
    <Data name='count'>
      <value>8</value>
    </Data>
    <Data name='depth_class'>
      <value>4</value>
    </Data>
    <Data name='system:index'>
      <value>+8076+4979</value>
    </Data>
  </ExtendedData>
  <styleUrl>#style_red</styleUrl>
  <Polygon>
    <outerBoundaryIs>
      <LinearRing>
        <coordinates>73.87011413413582,18.53932562485009 73.87011591637538,18.539054533931644 73.87030538757983,18.539055667156376 73.87030479360479,18.539146030801845 73.87039952926092,18.539146597351326 73.87039834139166,18.53932732464227 73.87011413413582,18.53932562485009 </coordinates>
      </LinearRing>
    </outerBoundaryIs>
  </Polygon>
</Placemark><Placemark>
  <name>1.8-1.9</name>
  <ExtendedData>
    <Data name='count'>
      <value>113</value>
    </Data>
    <Data name='depth_class'>
      <value>3</value>
    </Data>
    <Data name='system:index'>
      <value>+8076+4984</value>
    </Data>
  </ExtendedData>
  <styleUrl>#style_orange</styleUrl>
  <MultiGeometry>
    <Polygon>
      <outerBoundaryIs>
        <LinearRing>
          <coordinates>73.87030776346207,18.53869421256551 73.87059196969383,18.538695912007345 73.87059018823581,18.538967002979692 73.87068492381108,18.53896756937646 73.87068433003367,18.539057933039896 73.87096853690323,18.53905963195173 73.87096675600216,18.53933072295102 73.87087202022926,18.539330156680016 73.8708708328451,18.53951088400689 73.87096556872581,18.539511450277896 73.87096497507414,18.53960181394133 73.87124918287796,18.53960351247587 73.87125036986686,18.539422785131034 73.87115563403107,18.539422219003757 73.87115622757493,18.539331855340322 73.87125096335681,18.539332421458614 73.87125155684677,18.539242057786193 73.87134629258375,18.53924262385957 73.8713456991477,18.53933298753199 73.87153517073843,18.539334119543994 73.87153457740118,18.539424483225396 73.87162931324595,18.539425049164027 73.87162871995362,18.53951541284543 73.87210239950987,18.539518241819923 73.87210180646008,18.53960860551929 73.87200707048954,18.539608039823207 73.87200647738587,18.539698403513594 73.87181700536394,18.539697271959728 73.87181759856644,18.53960690826934 73.87134391881257,18.53960407855823 73.87134332536752,18.539694442239636 73.87115385339051,18.539693310012034 73.87115325983767,18.539783673684454 73.87105852380425,18.539783107494298 73.87105614935035,18.540144562148043 73.87077194067517,18.540142863272145 73.8707725344436,18.54005249961769 73.87067779827544,18.540051933229904 73.8706795797065,18.53978084228451 73.87058484369106,18.53978027586079 73.87058543754034,18.539689912206338 73.87049070157879,18.539689345746684 73.87049129548197,18.53959898209223 73.87039655957432,18.539598415587665 73.87039715351344,18.539508051942192 73.8699234742716,18.539505218682738 73.86992525683455,18.53923412779124 73.87011472821867,18.5392352612136 73.87011413413582,18.53932562485009 73.87039834139166,18.53932732464227 73.87039952926092,18.539146597351326 73.87030479360479,18.539146030801845 73.87030538757983,18.539055667156376 73.87021065197762,18.53905510057096 73.8702124340465,18.538784009634547 73.870307169496,18.53878457621098 73.87030776346207,18.53869421256551 </coordinates>
        </LinearRing>
      </outerBoundaryIs>
      <innerBoundaryIs>
        <LinearRing>
          <coordinates>73.87068076730627,18.539600114975602 73.87068136110165,18.539509751321148 73.87077609697337,18.53951031769097 73.87077550323188,18.539600681345423 73.87068076730627,18.539600114975602 </coordinates>
        </LinearRing>
      </innerBoundaryIs>
    </Polygon>
    <Polygon>
      <outerBoundaryIs>
        <LinearRing>
          <coordinates>73.87030776346207,18.53869421256551 73.87021302805746,18.538693645989078 73.87021362206845,18.538603282334623 73.87030835741915,18.538603848911055 73.87030776346207,18.53869421256551 </coordinates>
        </LinearRing>
      </outerBoundaryIs>
    </Polygon>
  </MultiGeometry>
</Placemark><Placemark>
  <name>1.8-1.9</name>
  <ExtendedData>
    <Data name='count'>
      <value>9</value>
    </Data>
    <Data name='depth_class'>
      <value>3</value>
    </Data>
    <Data name='system:index'>
      <value>+8077+4968</value>
    </Data>
  </ExtendedData>
  <styleUrl>#style_orange</styleUrl>
  <Polygon>
    <outerBoundaryIs>
      <LinearRing>
        <coordinates>73.86982457865214,18.54013719726527 73.86982517291464,18.54004683364675 73.8703935897889,18.54005023379705 73.87039180788172,18.540321324715496 73.8702970715788,18.54032075813008 73.87029766560775,18.540230394502576 73.87020292934976,18.540229827872242 73.87020352342363,18.540139464235757 73.86982457865214,18.54013719726527 </coordinates>
      </LinearRing>
    </outerBoundaryIs>
  </Polygon>
</Placemark><Placemark>
  <name>1.6-1.7</name>
  <ExtendedData>
    <Data name='count'>
      <value>30</value>
    </Data>
    <Data name='depth_class'>
      <value>1</value>
    </Data>
    <Data name='system:index'>
      <value>+8077+4972</value>
    </Data>
  </ExtendedData>
  <styleUrl>#style_green</styleUrl>
  <Polygon>
    <outerBoundaryIs>
      <LinearRing>
        <coordinates>73.86954274774565,18.539774042082726 73.8695433421429,18.539683678464204 73.87039596561723,18.539688779233135 73.87039537166913,18.539779142869623 73.87049010767561,18.539779709392157 73.87048951377243,18.539870073037626 73.87058424983279,18.539870639506262 73.870582468249,18.540141730451655 73.87048773203593,18.540141163965053 73.87048832594809,18.54005080032857 73.8703935897889,18.54005023379705 73.87039418375497,18.539959870160562 73.86973103108984,18.539955903164334 73.86973162539726,18.539865539545815 73.86963688936385,18.539864972645987 73.86963748372517,18.539774609027468 73.86954274774565,18.539774042082726 </coordinates>
      </LinearRing>
    </outerBoundaryIs>
  </Polygon>
</Placemark><Placemark>
  <name>1.6-1.7</name>
  <ExtendedData>
    <Data name='count'>
      <value>1</value>
    </Data>
    <Data name='depth_class'>
      <value>1</value>
    </Data>
    <Data name='system:index'>
      <value>+8080+4966</value>
    </Data>
  </ExtendedData>
  <styleUrl>#style_green</styleUrl>
  <Polygon>
    <outerBoundaryIs>
      <LinearRing>
        <coordinates>73.87058128050552,18.540322457742597 73.87058187437277,18.540232094097124 73.87067661063975,18.540232660529828 73.87067601681741,18.5403230241753 73.87058128050552,18.540322457742597 </coordinates>
      </LinearRing>
    </outerBoundaryIs>
  </Polygon>
</Placemark><Placemark>
  <name>1.9-2.0</name>
  <ExtendedData>
    <Data name='count'>
      <value>5</value>
    </Data>
    <Data name='depth_class'>
      <value>4</value>
    </Data>
    <Data name='system:index'>
      <value>+8080+4982</value>
    </Data>
  </ExtendedData>
  <styleUrl>#style_red</styleUrl>
  <Polygon>
    <outerBoundaryIs>
      <LinearRing>
        <coordinates>73.87059018823581,18.538967002979692 73.87059137588048,18.538786275670784 73.87068611134796,18.53878684205857 73.87068551757952,18.538877205722006 73.8707802531009,18.53887777206488 73.87077965937738,18.538968135728314 73.87087439495266,18.53896870202627 73.87087380127406,18.539059065689706 73.87068433003367,18.539057933039896 73.87068492381108,18.53896756937646 73.87059018823581,18.538967002979692 </coordinates>
      </LinearRing>
    </outerBoundaryIs>
  </Polygon>
</Placemark><Placemark>
  <name>1.9-2.0</name>
  <ExtendedData>
    <Data name='count'>
      <value>1</value>
    </Data>
    <Data name='depth_class'>
      <value>4</value>
    </Data>
    <Data name='system:index'>
      <value>+8081+4974</value>
    </Data>
  </ExtendedData>
  <styleUrl>#style_red</styleUrl>
  <Polygon>
    <outerBoundaryIs>
      <LinearRing>
        <coordinates>73.87068076730627,18.539600114975602 73.87068136110165,18.539509751321148 73.87077609697337,18.53951031769097 73.87077550323188,18.539600681345423 73.87068076730627,18.539600114975602 </coordinates>
      </LinearRing>
    </outerBoundaryIs>
  </Polygon>
</Placemark><Placemark>
  <name>1.9-2.0</name>
  <ExtendedData>
    <Data name='count'>
      <value>16</value>
    </Data>
    <Data name='depth_class'>
      <value>4</value>
    </Data>
    <Data name='system:index'>
      <value>+8084+4979</value>
    </Data>
  </ExtendedData>
  <styleUrl>#style_red</styleUrl>
  <Polygon>
    <outerBoundaryIs>
      <LinearRing>
        <coordinates>73.8708708328451,18.53951088400689 73.87087202022926,18.539330156680016 73.87096675600216,18.53933072295102 73.87096853690323,18.53905963195173 73.87106327253241,18.539060198159852 73.87106267895261,18.539150561832273 73.87115741464467,18.53915112799548 73.8711568211098,18.5392414916679 73.87125155684677,18.539242057786193 73.87125096335681,18.539332421458614 73.87115622757493,18.539331855340322 73.87115563403107,18.539422219003757 73.87125036986686,18.539422785131034 73.87124918287796,18.53960351247587 73.87096497507414,18.53960181394133 73.87096556872581,18.539511450277896 73.8708708328451,18.53951088400689 </coordinates>
      </LinearRing>
    </outerBoundaryIs>
  </Polygon>
</Placemark><Placemark>
  <name>1.8-1.9</name>
  <ExtendedData>
    <Data name='count'>
      <value>1</value>
    </Data>
    <Data name='depth_class'>
      <value>3</value>
    </Data>
    <Data name='system:index'>
      <value>+8085+4963</value>
    </Data>
  </ExtendedData>
  <styleUrl>#style_orange</styleUrl>
  <Polygon>
    <outerBoundaryIs>
      <LinearRing>
        <coordinates>73.87105318121783,18.540596380438277 73.87105377485152,18.54050601677484 73.8711485112802,18.540506582982964 73.87114791770041,18.540596946646403 73.87105318121783,18.540596380438277 </coordinates>
      </LinearRing>
    </outerBoundaryIs>
  </Polygon>
</Placemark><Placemark>
  <name>1.9-2.0</name>
  <ExtendedData>
    <Data name='count'>
      <value>6</value>
    </Data>
    <Data name='depth_class'>
      <value>4</value>
    </Data>
    <Data name='system:index'>
      <value>+8091+4976</value>
    </Data>
  </ExtendedData>
  <styleUrl>#style_red</styleUrl>
  <Polygon>
    <outerBoundaryIs>
      <LinearRing>
        <coordinates>73.87153457740118,18.539424483225396 73.87153517073843,18.539334119543994 73.87172464234712,18.53933525135837 73.87172404909971,18.539425615048756 73.87200825668792,18.53942731242447 73.87200766359322,18.53951767612384 73.87162871995362,18.53951541284543 73.87162931324595,18.539425049164027 73.87153457740118,18.539424483225396 </coordinates>
      </LinearRing>
    </outerBoundaryIs>
  </Polygon>
</Placemark><Placemark>
  <name>1.8-1.9</name>
  <ExtendedData>
    <Data name='count'>
      <value>7</value>
    </Data>
    <Data name='depth_class'>
      <value>3</value>
    </Data>
    <Data name='system:index'>
      <value>+8093+4961</value>
    </Data>
  </ExtendedData>
  <styleUrl>#style_orange</styleUrl>
  <Polygon>
    <outerBoundaryIs>
      <LinearRing>
        <coordinates>73.87152567687538,18.54077993835661 73.87152627026653,18.54068957468419 73.87190521647531,18.540691838312945 73.8719046232818,18.540782201994347 73.87199935989912,18.54078276778026 73.87199876675052,18.540873131461666 73.87171455677279,18.540871433942222 73.8717151500741,18.5407810702698 73.87152567687538,18.54077993835661 </coordinates>
      </LinearRing>
    </outerBoundaryIs>
  </Polygon>
</Placemark><Placemark>
  <name>1.7-1.8</name>
  <ExtendedData>
    <Data name='count'>
      <value>1</value>
    </Data>
    <Data name='depth_class'>
      <value>2</value>
    </Data>
    <Data name='system:index'>
      <value>+8095+4968</value>
    </Data>
  </ExtendedData>
  <styleUrl>#style_yellow</styleUrl>
  <Polygon>
    <outerBoundaryIs>
      <LinearRing>
        <coordinates>73.87200351183151,18.540150221974507 73.87200410494418,18.54005985828412 73.87209884116625,18.54006042399817 73.87209824808951,18.54015078769754 73.87200351183151,18.540150221974507 </coordinates>
      </LinearRing>
    </outerBoundaryIs>
  </Polygon>
</Placemark><Placemark>
  <name>1.5-1.6</name>
  <ExtendedData>
    <Data name='count'>
      <value>2</value>
    </Data>
    <Data name='depth_class'>
      <value>0</value>
    </Data>
    <Data name='system:index'>
      <value>+8098+4967</value>
    </Data>
  </ExtendedData>
  <styleUrl>#style_blue</styleUrl>
  <Polygon>
    <outerBoundaryIs>
      <LinearRing>
        <coordinates>73.8722865346856,18.540332646389633 73.87228772063246,18.54015191899988 73.87238245690843,18.54015248457918 73.87238127106038,18.54033321197792 73.8722865346856,18.540332646389633 </coordinates>
      </LinearRing>
    </outerBoundaryIs>
  </Polygon>
</Placemark><Placemark>
  <name>1.6-1.7</name>
  <ExtendedData>
    <Data name='count'>
      <value>265</value>
    </Data>
    <Data name='depth_class'>
      <value>1</value>
    </Data>
    <Data name='system:index'>
      <value>+8099+4971</value>
    </Data>
  </ExtendedData>
  <styleUrl>#style_green</styleUrl>
  <Polygon>
    <outerBoundaryIs>
      <LinearRing>
        <coordinates>73.87408475029522,18.54061447564322 73.8744636966747,18.540616734124626 73.87446310482865,18.540707097886877 73.87465257814415,18.54070822684461 73.87465198639691,18.540798590615847 73.87474672310407,18.54079915502734 73.87474376455658,18.541250973856563 73.87445955368952,18.541249280433437 73.87446014555353,18.541158916680168 73.87436540865772,18.54115835211596 73.87436600056665,18.541067988362695 73.87427126372474,18.54106742374459 73.87427185567859,18.54097705999132 73.87417711889057,18.540976495337283 73.87417771088933,18.540886131593 73.87408297415523,18.54088556688506 73.87408238210257,18.54097593063833 73.87360869820748,18.54097310640694 73.8736081058943,18.54106347014224 73.8734186322644,18.54106234010653 73.87341803985241,18.54115270383285 73.87322856613268,18.54115157360849 73.87322797362188,18.541241937325825 73.8731332367171,18.541241372141783 73.8731338292818,18.541151008424446 73.87284961873812,18.541149312584853 73.87285021144655,18.5410589488765 73.87275547464955,18.54105838350381 73.87275606741187,18.540968019804442 73.87247185720058,18.540966323407893 73.87247245010663,18.540875959717507 73.8722829767552,18.540874828558902 73.87228356975109,18.540784464868516 73.87209409650745,18.54078333352126 73.87209468960216,18.54069296983986 73.87199995303874,18.54069240409886 73.87200054617834,18.540602040408473 73.87171633665875,18.54060034291598 73.8717169299421,18.54050997924356 73.87124324771786,18.540507149146173 73.87124384125273,18.540416785482737 73.87114910486,18.540416219328513 73.87115088559038,18.5401451283382 73.87124562182143,18.540145694492427 73.87124740236317,18.539874603484147 73.87134213845049,18.539875169584473 73.8713427319135,18.539784805912056 73.87247956465589,18.539791595280157 73.87247897179475,18.53988195898851 73.87266844405922,18.539883089895586 73.8726678512969,18.539973453603942 73.87285732368713,18.539974584322373 73.87285613834214,18.540155311757044 73.8732350835538,18.540157572654916 73.87323449107893,18.540247936381235 73.87361343653313,18.540250196524525 73.87361225197867,18.540430923995128 73.87351751550507,18.54043035902668 73.8735181078362,18.540339995291376 73.87313916219335,18.54033773495046 73.87313856965561,18.540428098667796 73.87304383320897,18.540427533465785 73.87304324061732,18.54051789718312 73.87294850411678,18.540517331927212 73.87294909675335,18.540426968209875 73.87275962386904,18.540425837554327 73.87275903113367,18.54051620126268 73.8726642946421,18.540515635863038 73.87266370185283,18.54060599957139 73.87313738458012,18.54060882611145 73.87313619949565,18.540789553555104 73.8730414628424,18.540788988335127 73.87304087024177,18.540879352052464 73.87313560694892,18.54087991727244 73.87313501439321,18.540970280989775 73.8734192246674,18.540971976380213 73.87341981707038,18.54088161265389 73.87370402722779,18.540883307613136 73.87370461947808,18.540792943877836 73.87379935615829,18.540793508765436 73.87380172492585,18.54043205379728 73.87370698845226,18.54043148891866 73.87370758068458,18.540341125183357 73.87389705354194,18.54034225487771 73.87389646140844,18.540432618621995 73.873991197891,18.54043318341078 73.87399060580242,18.540523547155065 73.8740853423389,18.54052411188995 73.87408475029522,18.54061447564322 </coordinates>
      </LinearRing>
    </outerBoundaryIs>
    <innerBoundaryIs>
      <LinearRing>
        <coordinates>73.87228356975109,18.540784464868516 73.87228416274698,18.540694101169144 73.87247363590077,18.540695232318768 73.87247304300371,18.540785596018136 73.87228356975109,18.540784464868516 </coordinates>
      </LinearRing>
    </innerBoundaryIs>
    <innerBoundaryIs>
      <LinearRing>
        <coordinates>73.87408475029522,18.54061447564322 73.87408415825155,18.540704839387505 73.87398942161626,18.54070427465262 73.87399001371384,18.540613910899353 73.87408475029522,18.54061447564322 </coordinates>
      </LinearRing>
    </innerBoundaryIs>
    <innerBoundaryIs>
      <LinearRing>
        <coordinates>73.87200351183151,18.540150221974507 73.87200410494418,18.54005985828412 73.87209884116625,18.54006042399817 73.87209824808951,18.54015078769754 73.87200351183151,18.540150221974507 </coordinates>
      </LinearRing>
    </innerBoundaryIs>
    <innerBoundaryIs>
      <LinearRing>
        <coordinates>73.8722865346856,18.540332646389633 73.87228772063246,18.54015191899988 73.87238245690843,18.54015248457918 73.87238127106038,18.54033321197792 73.8722865346856,18.540332646389633 </coordinates>
      </LinearRing>
    </innerBoundaryIs>
  </Polygon>
</Placemark><Placemark>
  <name>1.7-1.8</name>
  <ExtendedData>
    <Data name='count'>
      <value>2</value>
    </Data>
    <Data name='depth_class'>
      <value>2</value>
    </Data>
    <Data name='system:index'>
      <value>+8105+4968</value>
    </Data>
  </ExtendedData>
  <styleUrl>#style_yellow</styleUrl>
  <Polygon>
    <outerBoundaryIs>
      <LinearRing>
        <coordinates>73.87285613834214,18.540155311757044 73.87285673101464,18.540064948039706 73.87304620351266,18.540066078578477 73.87304561093899,18.54015644229581 73.87285613834214,18.540155311757044 </coordinates>
      </LinearRing>
    </outerBoundaryIs>
  </Polygon>
</Placemark><Placemark>
  <name>1.8-1.9</name>
  <ExtendedData>
    <Data name='count'>
      <value>1</value>
    </Data>
    <Data name='depth_class'>
      <value>3</value>
    </Data>
    <Data name='system:index'>
      <value>+8108+4954</value>
    </Data>
  </ExtendedData>
  <styleUrl>#style_orange</styleUrl>
  <Polygon>
    <outerBoundaryIs>
      <LinearRing>
        <coordinates>73.87322678858233,18.5414226647605 73.87322738110211,18.541332301043163 73.87332211806078,18.54133286618229 73.8733215255949,18.54142322990861 73.87322678858233,18.5414226647605 </coordinates>
      </LinearRing>
    </outerBoundaryIs>
  </Polygon>
</Placemark><Placemark>
  <name>1.8-1.9</name>
  <ExtendedData>
    <Data name='count'>
      <value>1</value>
    </Data>
    <Data name='depth_class'>
      <value>3</value>
    </Data>
    <Data name='system:index'>
      <value>+8110+4953</value>
    </Data>
  </ExtendedData>
  <styleUrl>#style_orange</styleUrl>
  <Polygon>
    <outerBoundaryIs>
      <LinearRing>
        <coordinates>73.87341567017755,18.541514158720158 73.87341626259851,18.54142379500282 73.87351099962008,18.54142436005212 73.87351040724403,18.541514723778437 73.87341567017755,18.541514158720158 </coordinates>
      </LinearRing>
    </outerBoundaryIs>
  </Polygon>
</Placemark><Placemark>
  <name>1.5-1.6</name>
  <ExtendedData>
    <Data name='count'>
      <value>51</value>
    </Data>
    <Data name='depth_class'>
      <value>0</value>
    </Data>
    <Data name='system:index'>
      <value>+8112+4965</value>
    </Data>
  </ExtendedData>
  <styleUrl>#style_blue</styleUrl>
  <Polygon>
    <outerBoundaryIs>
      <LinearRing>
        <coordinates>73.87266370185283,18.54060599957139 73.8726642946421,18.540515635863038 73.87275903113367,18.54051620126268 73.87275962386904,18.540425837554327 73.87294909675335,18.540426968209875 73.87294850411678,18.540517331927212 73.87304324061732,18.54051789718312 73.87304383320897,18.540427533465785 73.87313856965561,18.540428098667796 73.87313916219335,18.54033773495046 73.8735181078362,18.540339995291376 73.87351751550507,18.54043035902668 73.87361225197867,18.540430923995128 73.8736128442559,18.540340560259825 73.87370758068458,18.540341125183357 73.87370698845226,18.54043148891866 73.87380172492585,18.54043205379728 73.87379935615829,18.540793508765436 73.87370461947808,18.540792943877836 73.87370402722779,18.540883307613136 73.87341981707038,18.54088161265389 73.8734192246674,18.540971976380213 73.87313501439321,18.540970280989775 73.87313560694892,18.54087991727244 73.87304087024177,18.540879352052464 73.8730414628424,18.540788988335127 73.87313619949565,18.540789553555104 73.87313738458012,18.54060882611145 73.87266370185283,18.54060599957139 </coordinates>
      </LinearRing>
    </outerBoundaryIs>
  </Polygon>
</Placemark><Placemark>
  <name>1.7-1.8</name>
  <ExtendedData>
    <Data name='count'>
      <value>1</value>
    </Data>
    <Data name='depth_class'>
      <value>2</value>
    </Data>
    <Data name='system:index'>
      <value>+8116+4962</value>
    </Data>
  </ExtendedData>
  <styleUrl>#style_yellow</styleUrl>
  <Polygon>
    <outerBoundaryIs>
      <LinearRing>
        <coordinates>73.87398942161626,18.54070427465262 73.87399001371384,18.540613910899353 73.87408475029522,18.54061447564322 73.87408415825155,18.540704839387505 73.87398942161626,18.54070427465262 </coordinates>
      </LinearRing>
    </outerBoundaryIs>
  </Polygon>
</Placemark><Placemark>
  <name>1.8-1.9</name>
  <ExtendedData>
    <Data name='count'>
      <value>86</value>
    </Data>
    <Data name='depth_class'>
      <value>3</value>
    </Data>
    <Data name='system:index'>
      <value>+8117+4957</value>
    </Data>
  </ExtendedData>
  <styleUrl>#style_orange</styleUrl>
  <Polygon>
    <outerBoundaryIs>
      <LinearRing>
        <coordinates>73.87388876335848,18.541607347252786 73.8738893555369,18.541516983517486 73.87398409261237,18.54151754833322 73.87398705320801,18.54106572962976 73.87417652688283,18.54106685909055 73.87417593486612,18.541157222834837 73.87427067176192,18.541157787497855 73.87427007979011,18.541248151251125 73.87445955368952,18.541249280433437 73.87445896181653,18.541339644195688 73.87483790984889,18.541341902003357 73.87483909318165,18.54116117446987 73.87502856701816,18.541162303086246 73.8750279754506,18.541252666857478 73.87512271242726,18.541253231098292 73.8751221209046,18.541343594869527 73.87521685792618,18.541344159065424 73.87521626645741,18.54143452284564 73.87531100353289,18.54143508698764 73.87531041210906,18.541525450767857 73.87549988637676,18.541526578926092 73.87549929504276,18.541616942715294 73.8757835066195,18.541618634611282 73.87578409780079,18.541528270813096 73.87597357210443,18.54152939849522 73.87597416318691,18.54143903469704 73.87606890028933,18.541439598461746 73.87606712719462,18.541710689874265 73.87559344094592,18.541707870511743 73.87559284965684,18.541798234300945 73.87530863780162,18.54179654210851 73.87530804635982,18.541886905879746 73.87521330903283,18.54188634171978 73.87521390052852,18.541795977948546 73.87511916324645,18.541795413734683 73.87511975478706,18.541705049963447 73.87493028034866,18.54170392141894 73.87493087197912,18.541613557647707 73.87426771190289,18.541609606246233 73.87426711991311,18.541699969990518 73.87436185711435,18.541700534617604 73.87436126517848,18.541790898370873 73.87417179068619,18.541789769053814 73.87417238272985,18.54169940530953 73.87398290835435,18.541698275803824 73.87398350048785,18.54160791206852 73.87388876335848,18.541607347252786 </coordinates>
      </LinearRing>
    </outerBoundaryIs>
  </Polygon>
</Placemark><Placemark>
  <name>1.7-1.8</name>
  <ExtendedData>
    <Data name='count'>
      <value>1</value>
    </Data>
    <Data name='depth_class'>
      <value>2</value>
    </Data>
    <Data name='system:index'>
      <value>+8124+4948</value>
    </Data>
  </ExtendedData>
  <styleUrl>#style_yellow</styleUrl>
  <Polygon>
    <outerBoundaryIs>
      <LinearRing>
        <coordinates>73.87473903070453,18.541973883954576 73.87473962244277,18.54188352019232 73.8748343597518,18.541884084594834 73.87483376805848,18.541974448357085 73.87473903070453,18.541973883954576 </coordinates>
      </LinearRing>
    </outerBoundaryIs>
  </Polygon>
</Placemark><Placemark>
  <name>1.6-1.7</name>
  <ExtendedData>
    <Data name='count'>
      <value>6</value>
    </Data>
    <Data name='depth_class'>
      <value>1</value>
    </Data>
    <Data name='system:index'>
      <value>+8124+4950</value>
    </Data>
  </ExtendedData>
  <styleUrl>#style_green</styleUrl>
  <Polygon>
    <outerBoundaryIs>
      <LinearRing>
        <coordinates>73.87464488513375,18.541882955744896 73.87464606871804,18.541702228229376 73.87483554312948,18.54170335707033 73.87483495144514,18.54179372083258 73.87492968870924,18.541794285181194 73.87492850543039,18.541975012705695 73.87483376805848,18.541974448357085 73.8748343597518,18.541884084594834 73.87464488513375,18.541882955744896 </coordinates>
      </LinearRing>
    </outerBoundaryIs>
  </Polygon>
</Placemark><Placemark>
  <name>1.7-1.8</name>
  <ExtendedData>
    <Data name='count'>
      <value>45</value>
    </Data>
    <Data name='depth_class'>
      <value>2</value>
    </Data>
    <Data name='system:index'>
      <value>+8125+4951</value>
    </Data>
  </ExtendedData>
  <styleUrl>#style_yellow</styleUrl>
  <MultiGeometry>
    <Polygon>
      <outerBoundaryIs>
        <LinearRing>
          <coordinates>73.87549574698485,18.542159125405583 73.87559048447353,18.54215968943978 73.87559107577161,18.54206932565058 73.87597002555569,18.54207158128433 73.87596943445524,18.542161945082512 73.8758746969486,18.54216138123696 73.87587410579425,18.542251745026157 73.87615831845795,18.542253436410107 73.87615772744735,18.542343800217274 73.87606298984187,18.54234323646155 73.87606239877736,18.542433600259738 73.87596766112698,18.542433036459098 73.8759682522364,18.542342672660915 73.87568403944694,18.542340980989504 73.87568463070907,18.542250617200303 73.8754951556239,18.5422494891858 73.87549574698485,18.542159125405583 </coordinates>
        </LinearRing>
      </outerBoundaryIs>
    </Polygon>
    <Polygon>
      <outerBoundaryIs>
        <LinearRing>
          <coordinates>73.87549574698485,18.542159125405583 73.87540100949616,18.542158561326467 73.87540160090202,18.54206819755523 73.87521212604143,18.542067069262252 73.87521271753712,18.541976705491017 73.8750232427933,18.541975577018373 73.87502265119879,18.542065940780624 73.87492791378197,18.54206537647693 73.87492968870924,18.541794285181194 73.87483495144514,18.54179372083258 73.87483554312948,18.54170335707033 73.87464606871804,18.541702228229376 73.87464488513375,18.541882955744896 73.87445541053366,18.541881826706316 73.87445600242462,18.541791462953046 73.87436126517848,18.541790898370873 73.87436185711435,18.541700534617604 73.87426711991311,18.541699969990518 73.87426771190289,18.541609606246233 73.87493087197912,18.541613557647707 73.87493028034866,18.54170392141894 73.87511975478706,18.541705049963447 73.87511916324645,18.541795413734683 73.87521390052852,18.541795977948546 73.87521330903283,18.54188634171978 73.87530804635982,18.541886905879746 73.87530863780162,18.54179654210851 73.87549811236578,18.541797670284712 73.87549574698485,18.542159125405583 </coordinates>
        </LinearRing>
      </outerBoundaryIs>
    </Polygon>
  </MultiGeometry>
</Placemark><Placemark>
  <name>1.8-1.9</name>
  <ExtendedData>
    <Data name='count'>
      <value>4</value>
    </Data>
    <Data name='depth_class'>
      <value>3</value>
    </Data>
    <Data name='system:index'>
      <value>+8128+4947</value>
    </Data>
  </ExtendedData>
  <styleUrl>#style_orange</styleUrl>
  <MultiGeometry>
    <Polygon>
      <outerBoundaryIs>
        <LinearRing>
          <coordinates>73.87521212604143,18.542067069262252 73.87540160090202,18.54206819755523 73.87540100949616,18.542158561326467 73.87521153453675,18.542157433033484 73.87521212604143,18.542067069262252 </coordinates>
        </LinearRing>
      </outerBoundaryIs>
    </Polygon>
    <Polygon>
      <outerBoundaryIs>
        <LinearRing>
          <coordinates>73.87521212604143,18.542067069262252 73.87502265119879,18.542065940780624 73.8750232427933,18.541975577018373 73.87521271753712,18.541976705491017 73.87521212604143,18.542067069262252 </coordinates>
        </LinearRing>
      </outerBoundaryIs>
    </Polygon>
  </MultiGeometry>
</Placemark><Placemark>
  <name>1.6-1.7</name>
  <ExtendedData>
    <Data name='count'>
      <value>16</value>
    </Data>
    <Data name='depth_class'>
      <value>1</value>
    </Data>
    <Data name='system:index'>
      <value>+8129+4958</value>
    </Data>
  </ExtendedData>
  <styleUrl>#style_green</styleUrl>
  <Polygon>
    <outerBoundaryIs>
      <LinearRing>
        <coordinates>73.87512389545458,18.54107250353786 73.87512448696825,18.540982139757638 73.8753139606251,18.540983268077568 73.87531336921026,18.541073631857785 73.87550284298389,18.54107475998907 73.87550225166785,18.54116512377827 73.87569172554929,18.54116625172989 73.87569113433207,18.541256615519092 73.87588060833029,18.541257743282067 73.8758800172029,18.54134810708025 73.87578528015437,18.54134754322571 73.87578468898208,18.541437907014913 73.87550047770178,18.541436215145872 73.8755010690268,18.541345851356674 73.87540633199625,18.541345287304505 73.87540751472714,18.541164559735087 73.87521804087265,18.541163431504987 73.87521863233242,18.54107306772477 73.87512389545458,18.54107250353786 </coordinates>
      </LinearRing>
    </outerBoundaryIs>
  </Polygon>
</Placemark><Placemark>
  <name>1.6-1.7</name>
  <ExtendedData>
    <Data name='count'>
      <value>3</value>
    </Data>
    <Data name='depth_class'>
      <value>1</value>
    </Data>
    <Data name='system:index'>
      <value>+8137+4946</value>
    </Data>
  </ExtendedData>
  <styleUrl>#style_green</styleUrl>
  <Polygon>
    <outerBoundaryIs>
      <LinearRing>
        <coordinates>73.87587410579425,18.542251745026157 73.8758746969486,18.54216138123696 73.87596943445524,18.542161945082512 73.87597002555569,18.54207158128433 73.87606476300844,18.542072145075984 73.8760635808974,18.54225287266337 73.87587410579425,18.542251745026157 </coordinates>
      </LinearRing>
    </outerBoundaryIs>
  </Polygon>
</Placemark><Placemark>
  <name>1.7-1.8</name>
  <ExtendedData>
    <Data name='count'>
      <value>130</value>
    </Data>
    <Data name='depth_class'>
      <value>2</value>
    </Data>
    <Data name='system:index'>
      <value>+8144+4945</value>
    </Data>
  </ExtendedData>
  <styleUrl>#style_yellow</styleUrl>
  <Polygon>
    <outerBoundaryIs>
      <LinearRing>
        <coordinates>73.8780501202215,18.542716520660967 73.87814485809646,18.542717083428542 73.87814544807401,18.542626719567476 73.8783349237431,18.542627844949916 73.87833551362182,18.54253748108885 73.8786197269952,18.542539168789705 73.87861913726918,18.542629532659756 73.87890335082221,18.54263121994739 73.87890276124891,18.5427215838354 73.87928171290147,18.54272383289348 73.87928112351682,18.542814196781496 73.87975481341267,18.542817007062048 73.87975422427056,18.54290737096803 73.88003843839851,18.542909056566828 73.88003784940912,18.542999420481795 73.8795641589653,18.542996610892946 73.87956298047445,18.54317733868694 73.87965771865484,18.543177900699934 73.87965712944985,18.543268264596932 73.87927817654862,18.543266016230557 73.87927935534488,18.543085288454527 73.87890040289281,18.543083039342548 73.87889981329255,18.54317340322158 73.87871033699464,18.543172278378133 73.87871092668473,18.543081914508083 73.87833197432249,18.543079664255245 73.8783325642102,18.54298930039418 73.87804835011818,18.542987612217214 73.8780489401586,18.542897248365133 73.87766998828145,18.54289499680974 73.87767057851053,18.54280463296664 73.87748110269771,18.542803506910463 73.8774822833535,18.54262277924223 73.8769138565798,18.54261939996878 73.87691562843484,18.54234830850236 73.87663141553759,18.54234661825029 73.87663082476952,18.542436982066437 73.87653608710116,18.542436418544277 73.8765354962792,18.542526782360426 73.87644075855695,18.542526218793352 73.87644312200649,18.54216476356468 73.87672733458935,18.54216645408625 73.87672674387518,18.5422568179024 73.87701095662871,18.54225850800176 73.87701036606727,18.542348871826892 73.87729457900046,18.542350561513025 73.87729339816502,18.542531289172274 73.87795656249925,18.54253523014431 73.8779559724229,18.54262559399639 73.87805071025295,18.542626156808883 73.8780501202215,18.542716520660967 </coordinates>
      </LinearRing>
    </outerBoundaryIs>
    <innerBoundaryIs>
      <LinearRing>
        <coordinates>73.8780501202215,18.542716520660967 73.87804953019005,18.54280688451305 73.87786005434131,18.542805758834167 73.87786064447157,18.542715394991067 73.8780501202215,18.542716520660967 </coordinates>
      </LinearRing>
    </innerBoundaryIs>
  </Polygon>
</Placemark><Placemark>
  <name>1.9-2.0</name>
  <ExtendedData>
    <Data name='count'>
      <value>1</value>
    </Data>
    <Data name='depth_class'>
      <value>4</value>
    </Data>
    <Data name='system:index'>
      <value>+8145+4948</value>
    </Data>
  </ExtendedData>
  <styleUrl>#style_red</styleUrl>
  <Polygon>
    <outerBoundaryIs>
      <LinearRing>
        <coordinates>73.87672851599072,18.541985726444963 73.87672910668692,18.541895362628814 73.87682384406781,18.541895926025212 73.87682325342551,18.541986289850346 73.87672851599072,18.541985726444963 </coordinates>
      </LinearRing>
    </outerBoundaryIs>
  </Polygon>
</Placemark><Placemark>
  <name>1.6-1.7</name>
  <ExtendedData>
    <Data name='count'>
      <value>10</value>
    </Data>
    <Data name='depth_class'>
      <value>1</value>
    </Data>
    <Data name='system:index'>
      <value>+8146+4943</value>
    </Data>
  </ExtendedData>
  <styleUrl>#style_green</styleUrl>
  <Polygon>
    <outerBoundaryIs>
      <LinearRing>
        <coordinates>73.8765354962792,18.542526782360426 73.87653608710116,18.542436418544277 73.87663082476952,18.542436982066437 73.87663141553759,18.54234661825029 73.87691562843484,18.54234830850236 73.8769138565798,18.54261939996878 73.87662964323339,18.542617709689754 73.87663023400145,18.542527345873605 73.8765354962792,18.542526782360426 </coordinates>
      </LinearRing>
    </outerBoundaryIs>
  </Polygon>
</Placemark><Placemark>
  <name>1.8-1.9</name>
  <ExtendedData>
    <Data name='count'>
      <value>350</value>
    </Data>
    <Data name='depth_class'>
      <value>3</value>
    </Data>
    <Data name='system:index'>
      <value>+8146+4949</value>
    </Data>
  </ExtendedData>
  <styleUrl>#style_orange</styleUrl>
  <MultiGeometry>
    <Polygon>
      <outerBoundaryIs>
        <LinearRing>
          <coordinates>73.8780501202215,18.542716520660967 73.87804953019005,18.54280688451305 73.87786005434131,18.542805758834167 73.87786064447157,18.542715394991067 73.8780501202215,18.542716520660967 </coordinates>
        </LinearRing>
      </outerBoundaryIs>
    </Polygon>
    <Polygon>
      <outerBoundaryIs>
        <LinearRing>
          <coordinates>73.88050859616358,18.543454048504607 73.88060333453262,18.54345461005946 73.88060274581272,18.543544973983405 73.88050800739876,18.543544412428556 73.88050859616358,18.543454048504607 </coordinates>
        </LinearRing>
      </outerBoundaryIs>
    </Polygon>
    <Polygon>
      <outerBoundaryIs>
        <LinearRing>
          <coordinates>73.87672910668692,18.541895362628814 73.87672969738313,18.54180499880368 73.87691917205508,18.54180612556054 73.87691858145769,18.541896489385675 73.87767648066652,18.541900994517672 73.8776758904644,18.541991358369756 73.8782443153157,18.541994735235725 73.87824372541002,18.542085099105773 73.87843320048621,18.542086224353465 73.87843261067934,18.542176588223516 73.87862208586333,18.542177713291544 73.87862149615528,18.542268077170576 73.87871623380566,18.542268639632724 73.8787168234688,18.54217827575369 73.87881156106529,18.542178838170923 73.87881097145606,18.542269202049958 73.87947413511657,18.542273137641082 73.87947354584868,18.54236350154706 73.87975775905137,18.542365187523156 73.87975716992723,18.542455551429136 73.88004138330957,18.542457236992004 73.88004079433814,18.542547600906968 73.88023027003418,18.54254872438498 73.88022968116155,18.542639088299943 73.88079810864491,18.542642457602096 73.88079752005976,18.54273282154401 73.88089225804252,18.54273338292818 73.88089284657377,18.54264301898627 73.88117706036935,18.542644702851316 73.88117647199081,18.542735066802216 73.88127120998256,18.542735628006724 73.88127179831619,18.542645264046843 73.88136653625403,18.54264582519745 73.8813659479743,18.54273618915733 73.8816501619765,18.542737872312713 73.88164957383151,18.542828236281576 73.88183904994975,18.542829358160585 73.88183846190358,18.54291972212945 73.8823121525091,18.542922526005015 73.88231156470547,18.54301288998286 73.88250104107524,18.54301401121508 73.88250045337044,18.543104375201914 73.88259519160474,18.543104935741667 73.88259460395382,18.5431952997285 73.88268934224202,18.54319586023232 73.88268875463602,18.543286224228133 73.88259401629392,18.543285663724312 73.88259342863404,18.54337602771114 73.88230921349098,18.543374345912216 73.88230980129461,18.54328398193437 73.88212032464637,18.543282860495534 73.88211914882352,18.543463588451228 73.88202441040957,18.54346302765096 73.8820249983659,18.5433726636821 73.88174078328574,18.543370981029774 73.88174137139478,18.543280617069893 73.8814571564853,18.54327893399536 73.88145774473807,18.54318857003548 73.88126826825153,18.543187447761213 73.88126767989993,18.543277811703128 73.88117294161174,18.543277250489634 73.88117353001724,18.54318688654772 73.88088931531436,18.54318520262877 73.88088990387257,18.543094838686855 73.88079516569218,18.543094277293704 73.8807957542953,18.54300391335179 73.8807010161688,18.54300335191372 73.88070160481685,18.542912987980788 73.88051212868064,18.542911864951936 73.88051153993379,18.543002228884866 73.88032206371673,18.54300110566737 73.88032147487107,18.543091469582333 73.8804162130245,18.54309203121803 73.88041562422376,18.54318239514198 73.8806051006564,18.54318351827863 73.88060392324354,18.54336424613551 73.8805091849284,18.543363684589643 73.88050859616358,18.543454048504607 73.88012964274132,18.543451801818083 73.88013023170377,18.5433614379121 73.87994075510943,18.54336031429036 73.87994134416171,18.543269950384378 73.87975186768415,18.543268826573993 73.87975127853305,18.543359190479972 73.87956180196565,18.543358066471956 73.87956239121556,18.54326770257496 73.87965712944985,18.543268264596932 73.87965771865484,18.543177900699934 73.87956298047445,18.54317733868694 73.8795641589653,18.542996610892946 73.88003784940912,18.542999420481795 73.88003843839851,18.542909056566828 73.87975422427056,18.54290737096803 73.87975481341267,18.542817007062048 73.87928112351682,18.542814196781496 73.87928171290147,18.54272383289348 73.87890276124891,18.5427215838354 73.87890335082221,18.54263121994739 73.87861913726918,18.542629532659756 73.8786197269952,18.542539168789705 73.87833551362182,18.54253748108885 73.8783349237431,18.542627844949916 73.87814544807401,18.542626719567476 73.87814485809646,18.542717083428542 73.8780501202215,18.542716520660967 73.87805071025295,18.542626156808883 73.8779559724229,18.54262559399639 73.87795656249925,18.54253523014431 73.87729339816502,18.542531289172274 73.87729457900046,18.542350561513025 73.87701036606727,18.542348871826892 73.87701095662871,18.54225850800176 73.87672674387518,18.5422568179024 73.87672733458935,18.54216645408625 73.87644312200649,18.54216476356468 73.87644371286439,18.542074399748532 73.87653845033512,18.542074963306625 73.87653904113911,18.541984599490476 73.87663377856492,18.54198516299467 73.87663436930603,18.541894799178518 73.87672910668692,18.541895362628814 </coordinates>
        </LinearRing>
      </outerBoundaryIs>
      <innerBoundaryIs>
        <LinearRing>
          <coordinates>73.87672910668692,18.541895362628814 73.87682384406781,18.541895926025212 73.87682325342551,18.541986289850346 73.87672851599072,18.541985726444963 73.87672910668692,18.541895362628814 </coordinates>
        </LinearRing>
      </innerBoundaryIs>
      <innerBoundaryIs>
        <LinearRing>
          <coordinates>73.87805189029787,18.542445429095736 73.87805248031135,18.54235506524365 73.87824195567501,18.542356190697955 73.87824136576035,18.54244655455902 73.87805189029787,18.542445429095736 </coordinates>
        </LinearRing>
      </innerBoundaryIs>
      <innerBoundaryIs>
        <LinearRing>
          <coordinates>73.8797554025458,18.542726643156065 73.87975658080308,18.54254591533512 73.87985131864211,18.54254647724031 73.87985072956288,18.54263684115528 73.87994546745581,18.542637403015554 73.87994487843048,18.542727766921537 73.8797554025458,18.542726643156065 </coordinates>
        </LinearRing>
      </innerBoundaryIs>
      <innerBoundaryIs>
        <LinearRing>
          <coordinates>73.88013258750865,18.54299998225224 73.88013317644416,18.542909618337276 73.88022791449879,18.542910180062805 73.8802273256082,18.543000543986754 73.88013258750865,18.54299998225224 </coordinates>
        </LinearRing>
      </innerBoundaryIs>
      <innerBoundaryIs>
        <LinearRing>
          <coordinates>73.88089108096203,18.54291411081201 73.88089166950228,18.542823746870095 73.88098640752996,18.542824308218336 73.8809869960163,18.542733944267436 73.88108173399907,18.542734505561775 73.88108114556663,18.542824869512675 73.88146009773124,18.54282711421392 73.88145892124363,18.5430078421247 73.88098523054829,18.543005036102162 73.88098581904362,18.542914672160247 73.88089108096203,18.54291411081201 </coordinates>
        </LinearRing>
      </innerBoundaryIs>
      <innerBoundaryIs>
        <LinearRing>
          <coordinates>73.88212091255778,18.54319249652667 73.88212150046022,18.543102132548825 73.88221623868553,18.543102693286205 73.882215650828,18.543193057264055 73.88212091255778,18.54319249652667 </coordinates>
        </LinearRing>
      </innerBoundaryIs>
    </Polygon>
  </MultiGeometry>
</Placemark><Placemark>
  <name>1.6-1.7</name>
  <ExtendedData>
    <Data name='count'>
      <value>9</value>
    </Data>
    <Data name='depth_class'>
      <value>1</value>
    </Data>
    <Data name='system:index'>
      <value>+8150+4951</value>
    </Data>
  </ExtendedData>
  <styleUrl>#style_green</styleUrl>
  <Polygon>
    <outerBoundaryIs>
      <LinearRing>
        <coordinates>73.87691917205508,18.54180612556054 73.87692035323188,18.541625397901292 73.87729930220748,18.54162765081314 73.87729871182569,18.54171801465624 73.87739344912573,18.541718577765177 73.87739285877987,18.541808941608277 73.87691917205508,18.54180612556054 </coordinates>
      </LinearRing>
    </outerBoundaryIs>
  </Polygon>
</Placemark><Placemark>
  <name>1.8-1.9</name>
  <ExtendedData>
    <Data name='count'>
      <value>7</value>
    </Data>
    <Data name='depth_class'>
      <value>3</value>
    </Data>
    <Data name='system:index'>
      <value>+8152+4940</value>
    </Data>
  </ExtendedData>
  <styleUrl>#style_orange</styleUrl>
  <Polygon>
    <outerBoundaryIs>
      <LinearRing>
        <coordinates>73.87700800378553,18.542710327118442 73.87700859436494,18.54261996329331 73.8774822833535,18.54262277924223 73.87748110269771,18.542803506910463 73.87729162689389,18.54280238066564 73.87729221732059,18.542712016840508 73.87700800378553,18.542710327118442 </coordinates>
      </LinearRing>
    </outerBoundaryIs>
  </Polygon>
</Placemark><Placemark>
  <name>1.7-1.8</name>
  <ExtendedData>
    <Data name='count'>
      <value>116</value>
    </Data>
    <Data name='depth_class'>
      <value>2</value>
    </Data>
    <Data name='system:index'>
      <value>+8152+4950</value>
    </Data>
  </ExtendedData>
  <styleUrl>#style_yellow</styleUrl>
  <MultiGeometry>
    <Polygon>
      <outerBoundaryIs>
        <LinearRing>
          <coordinates>73.87691917205508,18.54180612556054 73.87739285877987,18.541808941608277 73.87739344912573,18.541718577765177 73.87748818643476,18.541719140829198 73.8774875961428,18.541809504672297 73.87843496988884,18.541815132734335 73.87843438009095,18.541905496613367 73.87852911753473,18.541906059156364 73.87852852778177,18.541996423035396 73.8787180027771,18.541997547995624 73.87871741312296,18.54208791187466 73.87881215067453,18.54208847428291 73.87881332988403,18.54190774651586 73.8790028048075,18.541908871188628 73.87900221529708,18.541999235076645 73.87919169032835,18.542000359560767 73.87919110092574,18.54209072345777 73.87985426398437,18.54209465767447 73.8798536749231,18.542185021589436 73.88032736317504,18.542187830333866 73.88032559671888,18.54245892212368 73.88042033453097,18.54245948373243 73.88041974575715,18.54254984766536 73.88079869723008,18.542552093669165 73.88079987438242,18.542371365785336 73.88070513660627,18.54237080435625 73.88070572522736,18.54228044042332 73.88117941387455,18.542283247047727 73.88117882550499,18.542373610998624 73.8812735632991,18.542374172185166 73.88127297497446,18.542464536136062 73.88117823713543,18.542463974949523 73.88117764875687,18.54255433890042 73.88127238664083,18.542554900095944 73.88127120998256,18.542735628006724 73.88117647199081,18.542735066802216 73.88117706036935,18.542644702851316 73.88089284657377,18.54264301898627 73.88089225804252,18.54273338292818 73.88079752005976,18.54273282154401 73.88079810864491,18.542642457602096 73.88022968116155,18.542639088299943 73.88023027003418,18.54254872438498 73.88004079433814,18.542547600906968 73.88004138330957,18.542457236992004 73.87975716992723,18.542455551429136 73.87975775905137,18.542365187523156 73.87947354584868,18.54236350154706 73.87947413511657,18.542273137641082 73.87881097145606,18.542269202049958 73.87881156106529,18.542178838170923 73.8787168234688,18.54217827575369 73.87871623380566,18.542268639632724 73.87862149615528,18.542268077170576 73.87862208586333,18.542177713291544 73.87843261067934,18.542176588223516 73.87843320048621,18.542086224353465 73.87824372541002,18.542085099105773 73.8782443153157,18.541994735235725 73.8776758904644,18.541991358369756 73.87767648066652,18.541900994517672 73.87691858145769,18.541896489385675 73.87691917205508,18.54180612556054 </coordinates>
        </LinearRing>
      </outerBoundaryIs>
    </Polygon>
    <Polygon>
      <outerBoundaryIs>
        <LinearRing>
          <coordinates>73.87691917205508,18.54180612556054 73.8768244347191,18.54180556220008 73.8768250253614,18.541715198383926 73.87691976264348,18.541715761726426 73.87691917205508,18.54180612556054 </coordinates>
        </LinearRing>
      </outerBoundaryIs>
    </Polygon>
  </MultiGeometry>
</Placemark><Placemark>
  <name>1.6-1.7</name>
  <ExtendedData>
    <Data name='count'>
      <value>2</value>
    </Data>
    <Data name='depth_class'>
      <value>1</value>
    </Data>
    <Data name='system:index'>
      <value>+8154+4950</value>
    </Data>
  </ExtendedData>
  <styleUrl>#style_green</styleUrl>
  <Polygon>
    <outerBoundaryIs>
      <LinearRing>
        <coordinates>73.8774875961428,18.541809504672297 73.87748818643476,18.541719140829198 73.87767766105281,18.541720266813506 73.87767707085966,18.54181063066559 73.8774875961428,18.541809504672297 </coordinates>
      </LinearRing>
    </outerBoundaryIs>
  </Polygon>
</Placemark><Placemark>
  <name>1.9-2.0</name>
  <ExtendedData>
    <Data name='count'>
      <value>2</value>
    </Data>
    <Data name='depth_class'>
      <value>4</value>
    </Data>
    <Data name='system:index'>
      <value>+8160+4943</value>
    </Data>
  </ExtendedData>
  <styleUrl>#style_red</styleUrl>
  <Polygon>
    <outerBoundaryIs>
      <LinearRing>
        <coordinates>73.87805189029787,18.542445429095736 73.87805248031135,18.54235506524365 73.87824195567501,18.542356190697955 73.87824136576035,18.54244655455902 73.87805189029787,18.542445429095736 </coordinates>
      </LinearRing>
    </outerBoundaryIs>
  </Polygon>
</Placemark><Placemark>
  <name>1.6-1.7</name>
  <ExtendedData>
    <Data name='count'>
      <value>8</value>
    </Data>
    <Data name='depth_class'>
      <value>1</value>
    </Data>
    <Data name='system:index'>
      <value>+8166+4949</value>
    </Data>
  </ExtendedData>
  <styleUrl>#style_green</styleUrl>
  <Polygon>
    <outerBoundaryIs>
      <LinearRing>
        <coordinates>73.87843438009095,18.541905496613367 73.87843496988884,18.541815132734335 73.87881391948427,18.541817382627844 73.87881215067453,18.54208847428291 73.87871741312296,18.54208791187466 73.8787180027771,18.541997547995624 73.87852852778177,18.541996423035396 73.87852911753473,18.541906059156364 73.87843438009095,18.541905496613367 </coordinates>
      </LinearRing>
    </outerBoundaryIs>
  </Polygon>
</Placemark><Placemark>
  <name>1.8-1.9</name>
  <ExtendedData>
    <Data name='count'>
      <value>6</value>
    </Data>
    <Data name='depth_class'>
      <value>3</value>
    </Data>
    <Data name='system:index'>
      <value>+8171+4935</value>
    </Data>
  </ExtendedData>
  <styleUrl>#style_orange</styleUrl>
  <Polygon>
    <outerBoundaryIs>
      <LinearRing>
        <coordinates>73.87889981329255,18.54317340322158 73.87890040289281,18.543083039342548 73.87927935534488,18.543085288454527 73.87927817654862,18.543266016230557 73.87908870011597,18.543264891755417 73.87908928961741,18.543174527876385 73.87889981329255,18.54317340322158 </coordinates>
      </LinearRing>
    </outerBoundaryIs>
  </Polygon>
</Placemark><Placemark>
  <name>1.9-2.0</name>
  <ExtendedData>
    <Data name='count'>
      <value>3</value>
    </Data>
    <Data name='depth_class'>
      <value>4</value>
    </Data>
    <Data name='system:index'>
      <value>+8177+4941</value>
    </Data>
  </ExtendedData>
  <styleUrl>#style_red</styleUrl>
  <Polygon>
    <outerBoundaryIs>
      <LinearRing>
        <coordinates>73.8797554025458,18.542726643156065 73.87975658080308,18.54254591533512 73.87985131864211,18.54254647724031 73.87985072956288,18.54263684115528 73.87994546745581,18.542637403015554 73.87994487843048,18.542727766921537 73.8797554025458,18.542726643156065 </coordinates>
      </LinearRing>
    </outerBoundaryIs>
  </Polygon>
</Placemark><Placemark>
  <name>1.7-1.8</name>
  <ExtendedData>
    <Data name='count'>
      <value>2</value>
    </Data>
    <Data name='depth_class'>
      <value>2</value>
    </Data>
    <Data name='system:index'>
      <value>+8178+4933</value>
    </Data>
  </ExtendedData>
  <styleUrl>#style_yellow</styleUrl>
  <Polygon>
    <outerBoundaryIs>
      <LinearRing>
        <coordinates>73.87975127853305,18.543359190479972 73.87975186768415,18.543268826573993 73.87994134416171,18.543269950384378 73.87994075510943,18.54336031429036 73.87975127853305,18.543359190479972 </coordinates>
      </LinearRing>
    </outerBoundaryIs>
  </Polygon>
</Placemark><Placemark>
  <name>1.7-1.8</name>
  <ExtendedData>
    <Data name='count'>
      <value>1</value>
    </Data>
    <Data name='depth_class'>
      <value>2</value>
    </Data>
    <Data name='system:index'>
      <value>+8180+4932</value>
    </Data>
  </ExtendedData>
  <styleUrl>#style_yellow</styleUrl>
  <Polygon>
    <outerBoundaryIs>
      <LinearRing>
        <coordinates>73.88003490439026,18.54345124002967 73.8800354934066,18.54336087612369 73.88013023170377,18.5433614379121 73.88012964274132,18.543451801818083 73.88003490439026,18.54345124002967 </coordinates>
      </LinearRing>
    </outerBoundaryIs>
  </Polygon>
</Placemark><Placemark>
  <name>1.7-1.8</name>
  <ExtendedData>
    <Data name='count'>
      <value>1</value>
    </Data>
    <Data name='depth_class'>
      <value>2</value>
    </Data>
    <Data name='system:index'>
      <value>+8181+4937</value>
    </Data>
  </ExtendedData>
  <styleUrl>#style_yellow</styleUrl>
  <Polygon>
    <outerBoundaryIs>
      <LinearRing>
        <coordinates>73.88013258750865,18.54299998225224 73.88013317644416,18.542909618337276 73.88022791449879,18.542910180062805 73.8802273256082,18.543000543986754 73.88013258750865,18.54299998225224 </coordinates>
      </LinearRing>
    </outerBoundaryIs>
  </Polygon>
</Placemark><Placemark>
  <name>1.6-1.7</name>
  <ExtendedData>
    <Data name='count'>
      <value>15</value>
    </Data>
    <Data name='depth_class'>
      <value>1</value>
    </Data>
    <Data name='system:index'>
      <value>+8184+4945</value>
    </Data>
  </ExtendedData>
  <styleUrl>#style_green</styleUrl>
  <Polygon>
    <outerBoundaryIs>
      <LinearRing>
        <coordinates>73.88032559671888,18.54245892212368 73.88032736317504,18.542187830333866 73.88051683850276,18.54218895350645 73.88051624978286,18.54227931743938 73.88070572522736,18.54228044042332 73.88070513660627,18.54237080435625 73.88079987438242,18.542371365785336 73.88079869723008,18.542552093669165 73.88041974575715,18.54254984766536 73.88042033453097,18.54245948373243 73.88032559671888,18.54245892212368 </coordinates>
      </LinearRing>
    </outerBoundaryIs>
  </Polygon>
</Placemark><Placemark>
  <name>1.7-1.8</name>
  <ExtendedData>
    <Data name='count'>
      <value>77</value>
    </Data>
    <Data name='depth_class'>
      <value>2</value>
    </Data>
    <Data name='system:index'>
      <value>+8186+4937</value>
    </Data>
  </ExtendedData>
  <styleUrl>#style_yellow</styleUrl>
  <Polygon>
    <outerBoundaryIs>
      <LinearRing>
        <coordinates>73.88032147487107,18.543091469582333 73.88032206371673,18.54300110566737 73.88051153993379,18.543002228884866 73.88051212868064,18.542911864951936 73.88070160481685,18.542912987980788 73.8807010161688,18.54300335191372 73.8807957542953,18.54300391335179 73.88079516569218,18.543094277293704 73.88088990387257,18.543094838686855 73.88088931531436,18.54318520262877 73.88117353001724,18.54318688654772 73.88117294161174,18.543277250489634 73.88126767989993,18.543277811703128 73.88126826825153,18.543187447761213 73.88145774473807,18.54318857003548 73.8814571564853,18.54327893399536 73.88174137139478,18.543280617069893 73.88174078328574,18.543370981029774 73.8820249983659,18.5433726636821 73.88202441040957,18.54346302765096 73.88211914882352,18.543463588451228 73.8821185609121,18.543553952420094 73.88173960704967,18.543551708949536 73.88173901893164,18.543642072909417 73.88192849595717,18.54364319474351 73.88192790792897,18.543733558712372 73.88145421515851,18.54373075374985 73.88145480342926,18.543640389798952 73.88098111099117,18.543637583668616 73.88098169950447,18.543547219735686 73.88060274581272,18.543544973983405 73.88060333453262,18.54345461005946 73.88050859616358,18.543454048504607 73.8805091849284,18.543363684589643 73.88060392324354,18.54336424613551 73.8806051006564,18.54318351827863 73.88041562422376,18.54318239514198 73.8804162130245,18.54309203121803 73.88032147487107,18.543091469582333 </coordinates>
      </LinearRing>
    </outerBoundaryIs>
  </Polygon>
</Placemark><Placemark>
  <name>1.9-2.0</name>
  <ExtendedData>
    <Data name='count'>
      <value>12</value>
    </Data>
    <Data name='depth_class'>
      <value>4</value>
    </Data>
    <Data name='system:index'>
      <value>+8190+4939</value>
    </Data>
  </ExtendedData>
  <styleUrl>#style_red</styleUrl>
  <Polygon>
    <outerBoundaryIs>
      <LinearRing>
        <coordinates>73.88089108096203,18.54291411081201 73.88089166950228,18.542823746870095 73.88098640752996,18.542824308218336 73.8809869960163,18.542733944267436 73.88108173399907,18.542734505561775 73.88108114556663,18.542824869512675 73.88146009773124,18.54282711421392 73.88145892124363,18.5430078421247 73.88098523054829,18.543005036102162 73.88098581904362,18.542914672160247 73.88089108096203,18.54291411081201 </coordinates>
      </LinearRing>
    </outerBoundaryIs>
  </Polygon>
</Placemark><Placemark>
  <name>1.6-1.7</name>
  <ExtendedData>
    <Data name='count'>
      <value>37</value>
    </Data>
    <Data name='depth_class'>
      <value>1</value>
    </Data>
    <Data name='system:index'>
      <value>+8192+4944</value>
    </Data>
  </ExtendedData>
  <styleUrl>#style_green</styleUrl>
  <MultiGeometry>
    <Polygon>
      <outerBoundaryIs>
        <LinearRing>
          <coordinates>73.8812735632991,18.542374172185166 73.88117882550499,18.542373610998624 73.88117941387455,18.542283247047727 73.88127415162376,18.542283808225285 73.8812735632991,18.542374172185166 </coordinates>
        </LinearRing>
      </outerBoundaryIs>
    </Polygon>
    <Polygon>
      <outerBoundaryIs>
        <LinearRing>
          <coordinates>73.8812735632991,18.542374172185166 73.8819367279298,18.542378099152465 73.88193496398891,18.54264919107702 73.88221917790128,18.542650873379003 73.88221859006171,18.54274123735685 73.88202911402432,18.5427401158731 73.88202852607697,18.542830479841964 73.88183904994975,18.542829358160585 73.88183963798693,18.542738994191723 73.88174489997722,18.542738433274675 73.8817454880683,18.542648069305812 73.88155601215668,18.542646947345954 73.88155660033759,18.542556583386073 73.88136712454275,18.54255546123757 73.88136653625403,18.54264582519745 73.88127179831619,18.542645264046843 73.88127238664083,18.542554900095944 73.88117764875687,18.54255433890042 73.88117823713543,18.542463974949523 73.88127297497446,18.542464536136062 73.8812735632991,18.542374172185166 </coordinates>
        </LinearRing>
      </outerBoundaryIs>
    </Polygon>
    <Polygon>
      <outerBoundaryIs>
        <LinearRing>
          <coordinates>73.88221859006171,18.54274123735685 73.8823133280894,18.542741798031354 73.88231391587506,18.542651434044522 73.88221917790128,18.542650873379003 73.88222035356242,18.542470145405343 73.88231509144637,18.542470706070862 73.88231450366071,18.542561070057694 73.88259871746527,18.542562751784754 73.88259812983233,18.542653115780567 73.88250339184059,18.542652555249795 73.88250280415375,18.542742919236627 73.88240806612606,18.542742358660938 73.88240747838532,18.54283272264777 73.88221800222216,18.542831601343682 73.88221859006171,18.54274123735685 </coordinates>
        </LinearRing>
      </outerBoundaryIs>
    </Polygon>
  </MultiGeometry>
</Placemark><Placemark>
  <name>1.6-1.7</name>
  <ExtendedData>
    <Data name='count'>
      <value>3</value>
    </Data>
    <Data name='depth_class'>
      <value>1</value>
    </Data>
    <Data name='system:index'>
      <value>+8200+4930</value>
    </Data>
  </ExtendedData>
  <styleUrl>#style_green</styleUrl>
  <Polygon>
    <outerBoundaryIs>
      <LinearRing>
        <coordinates>73.88173901893164,18.543642072909417 73.88173960704967,18.543551708949536 73.88202382243526,18.543553391619827 73.88202323446994,18.54364375558869 73.88173901893164,18.543642072909417 </coordinates>
      </LinearRing>
    </outerBoundaryIs>
  </Polygon>
</Placemark><Placemark>
  <name>1.7-1.8</name>
  <ExtendedData>
    <Data name='count'>
      <value>67</value>
    </Data>
    <Data name='depth_class'>
      <value>2</value>
    </Data>
    <Data name='system:index'>
      <value>+8200+4943</value>
    </Data>
  </ExtendedData>
  <styleUrl>#style_yellow</styleUrl>
  <MultiGeometry>
    <Polygon>
      <outerBoundaryIs>
        <LinearRing>
          <coordinates>73.88183904994975,18.542829358160585 73.88164957383151,18.542828236281576 73.8816501619765,18.542737872312713 73.8813659479743,18.54273618915733 73.88136712454275,18.54255546123757 73.88155660033759,18.542556583386073 73.88155601215668,18.542646947345954 73.8817454880683,18.542648069305812 73.88174489997722,18.542738433274675 73.88183963798693,18.542738994191723 73.88183904994975,18.542829358160585 </coordinates>
        </LinearRing>
      </outerBoundaryIs>
    </Polygon>
    <Polygon>
      <outerBoundaryIs>
        <LinearRing>
          <coordinates>73.88221917790128,18.542650873379003 73.88193496398891,18.54264919107702 73.8819367279298,18.542378099152465 73.88203146574187,18.54237865995273 73.88203087782146,18.542469023930575 73.88222035356242,18.542470145405343 73.88221917790128,18.542650873379003 </coordinates>
        </LinearRing>
      </outerBoundaryIs>
    </Polygon>
    <Polygon>
      <outerBoundaryIs>
        <LinearRing>
          <coordinates>73.88183904994975,18.542829358160585 73.88202852607697,18.542830479841964 73.88202911402432,18.5427401158731 73.88221859006171,18.54274123735685 73.88221800222216,18.542831601343682 73.88240747838532,18.54283272264777 73.88240806612606,18.542742358660938 73.88250280415375,18.542742919236627 73.88250339184059,18.542652555249795 73.88259812983233,18.542653115780567 73.88259871746527,18.542562751784754 73.88278819334995,18.54256387269358 73.88278878088407,18.542473508688783 73.882883518777,18.54247406906684 73.88288234381655,18.542654797076434 73.88278760581582,18.542654236689394 73.88278701828169,18.542744600694192 73.88269228023604,18.54274404025325 73.88269169263904,18.54283440425805 73.88259695454848,18.54283384376321 73.88259577925564,18.543014571754835 73.882690517454,18.543015132240694 73.882689929848,18.543105496236507 73.88278466809128,18.54310605668643 73.88278408053918,18.543196420682243 73.88287881883636,18.54319698108725 73.88287823132019,18.543287345083062 73.8827834929781,18.543286784678056 73.88278173028588,18.54355787665651 73.88249751481945,18.54355619512708 73.88249692709667,18.543646559113913 73.88268640416713,18.543647680184435 73.88268581654317,18.543738044171267 73.88230686221361,18.543735801823605 73.88230627438304,18.543826165792467 73.88221153575348,18.54382560509102 73.88221388724646,18.543464149188612 73.8823086256694,18.543464709890063 73.88230921349098,18.543374345912216 73.88259342863404,18.54337602771114 73.88259401629392,18.543285663724312 73.88268875463602,18.543286224228133 73.88268934224202,18.54319586023232 73.88259460395382,18.5431952997285 73.88259519160474,18.543104935741667 73.88250045337044,18.543104375201914 73.88250104107524,18.54301401121508 73.88231156470547,18.54301288998286 73.8823121525091,18.542922526005015 73.88183846190358,18.54291972212945 73.88183904994975,18.542829358160585 </coordinates>
        </LinearRing>
      </outerBoundaryIs>
    </Polygon>
    <Polygon>
      <outerBoundaryIs>
        <LinearRing>
          <coordinates>73.88221917790128,18.542650873379003 73.88231391587506,18.542651434044522 73.8823133280894,18.542741798031354 73.88221859006171,18.54274123735685 73.88221917790128,18.542650873379003 </coordinates>
        </LinearRing>
      </outerBoundaryIs>
    </Polygon>
  </MultiGeometry>
</Placemark><Placemark>
  <name>1.6-1.7</name>
  <ExtendedData>
    <Data name='count'>
      <value>1</value>
    </Data>
    <Data name='depth_class'>
      <value>1</value>
    </Data>
    <Data name='system:index'>
      <value>+8202+4930</value>
    </Data>
  </ExtendedData>
  <styleUrl>#style_green</styleUrl>
  <Polygon>
    <outerBoundaryIs>
      <LinearRing>
        <coordinates>73.8821179729917,18.543644316388956 73.8821185609121,18.543553952420094 73.88221329937996,18.54355451316646 73.88221271151345,18.543644877144306 73.8821179729917,18.543644316388956 </coordinates>
      </LinearRing>
    </outerBoundaryIs>
  </Polygon>
</Placemark><Placemark>
  <name>1.8-1.9</name>
  <ExtendedData>
    <Data name='count'>
      <value>4</value>
    </Data>
    <Data name='depth_class'>
      <value>3</value>
    </Data>
    <Data name='system:index'>
      <value>+8207+4928</value>
    </Data>
  </ExtendedData>
  <styleUrl>#style_orange</styleUrl>
  <Polygon>
    <outerBoundaryIs>
      <LinearRing>
        <coordinates>73.88230627438304,18.543826165792467 73.88230686221361,18.543735801823605 73.88268581654317,18.543738044171267 73.8826852289192,18.5438284081581 73.88230627438304,18.543826165792467 </coordinates>
      </LinearRing>
    </outerBoundaryIs>
  </Polygon>
</Placemark><Placemark>
  <name>1.6-1.7</name>
  <ExtendedData>
    <Data name='count'>
      <value>3</value>
    </Data>
    <Data name='depth_class'>
      <value>1</value>
    </Data>
    <Data name='system:index'>
      <value>+8208+4930</value>
    </Data>
  </ExtendedData>
  <styleUrl>#style_green</styleUrl>
  <Polygon>
    <outerBoundaryIs>
      <LinearRing>
        <coordinates>73.88249692709667,18.543646559113913 73.88249751481945,18.54355619512708 73.88278173028588,18.54355787665651 73.88278114270685,18.543648240652324 73.88249692709667,18.543646559113913 </coordinates>
      </LinearRing>
    </outerBoundaryIs>
  </Polygon>
</Placemark><Placemark>
  <name>1.5-1.6</name>
  <ExtendedData>
    <Data name='count'>
      <value>2</value>
    </Data>
    <Data name='depth_class'>
      <value>0</value>
    </Data>
    <Data name='system:index'>
      <value>+8210+4937</value>
    </Data>
  </ExtendedData>
  <styleUrl>#style_blue</styleUrl>
  <Polygon>
    <outerBoundaryIs>
      <LinearRing>
        <coordinates>73.88278525564337,18.543015692690613 73.88278584319546,18.5429253286948 73.88297531949337,18.54292644943295 73.8829747320401,18.543016813437745 73.88278525564337,18.543015692690613 </coordinates>
      </LinearRing>
    </outerBoundaryIs>
  </Polygon>
</Placemark><Placemark>
  <name>1.6-1.7</name>
  <ExtendedData>
    <Data name='count'>
      <value>17</value>
    </Data>
    <Data name='depth_class'>
      <value>1</value>
    </Data>
    <Data name='system:index'>
      <value>+8210+4941</value>
    </Data>
  </ExtendedData>
  <styleUrl>#style_green</styleUrl>
  <Polygon>
    <outerBoundaryIs>
      <LinearRing>
        <coordinates>73.88259577925564,18.543014571754835 73.88259695454848,18.54283384376321 73.88269169263904,18.54283440425805 73.88269228023604,18.54274404025325 73.88278701828169,18.542744600694192 73.88278760581582,18.542654236689394 73.88288234381655,18.542654797076434 73.88288293129678,18.54256443307164 73.8829776692526,18.542564993413762 73.88297708181727,18.54265535741856 73.88307181981801,18.542655917706785 73.88307064503721,18.542836645725362 73.88297590693767,18.542836085428153 73.88297531949337,18.54292644943295 73.88278584319546,18.5429253286948 73.88278525564337,18.543015692690613 73.88287999384173,18.543016253086638 73.88287881883636,18.54319698108725 73.88278408053918,18.543196420682243 73.88278466809128,18.54310605668643 73.882689929848,18.543105496236507 73.882690517454,18.543015132240694 73.88259577925564,18.543014571754835 </coordinates>
      </LinearRing>
    </outerBoundaryIs>
  </Polygon>
</Placemark><Placemark>
  <name>1.5-1.6</name>
  <ExtendedData>
    <Data name='count'>
      <value>1</value>
    </Data>
    <Data name='depth_class'>
      <value>0</value>
    </Data>
    <Data name='system:index'>
      <value>+8236+4930</value>
    </Data>
  </ExtendedData>
  <styleUrl>#style_blue</styleUrl>
  <Polygon>
    <outerBoundaryIs>
      <LinearRing>
        <coordinates>73.88533908462672,18.543663355283087 73.88533967084932,18.543572991206425 73.88543440943396,18.54357355034481 73.88543382325628,18.543663914412488 73.88533908462672,18.543663355283087 </coordinates>
      </LinearRing>
    </outerBoundaryIs>
  </Polygon>
</Placemark><Placemark>
  <name>1.5-1.6</name>
  <ExtendedData>
    <Data name='count'>
      <value>1</value>
    </Data>
    <Data name='depth_class'>
      <value>0</value>
    </Data>
    <Data name='system:index'>
      <value>+8238+4932</value>
    </Data>
  </ExtendedData>
  <styleUrl>#style_blue</styleUrl>
  <Polygon>
    <outerBoundaryIs>
      <LinearRing>
        <coordinates>73.88552973415135,18.54348374535263 73.88553032027511,18.54339338127597 73.88562505876992,18.54339394030655 73.88562447269106,18.543484304383213 73.88552973415135,18.54348374535263 </coordinates>
      </LinearRing>
    </outerBoundaryIs>
  </Polygon>
</Placemark><Placemark>
  <name>1.6-1.7</name>
  <ExtendedData>
    <Data name='count'>
      <value>13</value>
    </Data>
    <Data name='depth_class'>
      <value>1</value>
    </Data>
    <Data name='system:index'>
      <value>+8242+4928</value>
    </Data>
  </ExtendedData>
  <styleUrl>#style_green</styleUrl>
  <Polygon>
    <outerBoundaryIs>
      <LinearRing>
        <coordinates>73.8856215422878,18.543936124775506 73.88562212837563,18.543845760698844 73.88571686712196,18.54384631970248 73.8857174531559,18.543755955616835 73.88600166926913,18.54375763232231 73.8859999115985,18.54402872458823 73.88590517274437,18.544028165728328 73.88590458680025,18.54411852981397 73.88580984790121,18.544117970900167 73.8858092619032,18.54420833497683 73.88571452295027,18.544207776018112 73.88571628108802,18.54393668377914 73.8856215422878,18.543936124775506 </coordinates>
      </LinearRing>
    </outerBoundaryIs>
  </Polygon>
</Placemark><Placemark>
  <name>1.7-1.8</name>
  <ExtendedData>
    <Data name='count'>
      <value>468</value>
    </Data>
    <Data name='depth_class'>
      <value>2</value>
    </Data>
    <Data name='system:index'>
      <value>+8245+4937</value>
    </Data>
  </ExtendedData>
  <styleUrl>#style_yellow</styleUrl>
  <MultiGeometry>
    <Polygon>
      <outerBoundaryIs>
        <LinearRing>
          <coordinates>73.88609992292554,18.54321600656055 73.88600518451159,18.54321544777251 73.88600577037485,18.543125083677882 73.88591103201479,18.543124524844927 73.88591044609763,18.543214888939556 73.88572096929667,18.543213771120932 73.88572214131963,18.54303304294964 73.88581687961681,18.543033601872427 73.8858174655699,18.5429432377778 73.8862911568851,18.542946031682064 73.886289985464,18.543126759889287 73.8861005087349,18.54312564246592 73.88609992292554,18.54321600656055 </coordinates>
        </LinearRing>
      </outerBoundaryIs>
    </Polygon>
    <Polygon>
      <outerBoundaryIs>
        <LinearRing>
          <coordinates>73.88609992292554,18.54321600656055 73.8861946613395,18.543216565303673 73.88619407556607,18.5433069293983 73.88676250642709,18.543310280868894 73.88676192095909,18.543400644990474 73.8868566594988,18.54340120340122 73.8868572449129,18.54331083927964 73.8872361989011,18.543313072455508 73.88723678411758,18.543222708324947 73.88733152257645,18.543223266493147 73.88733210773903,18.543132902362586 73.88752158455794,18.54313401855526 73.8875198293487,18.543405110973893 73.88761456791536,18.543405669007345 73.88761398289653,18.543496033155872 73.8877087215081,18.54349659114441 73.88770930648204,18.543406226995884 73.88780404505769,18.543406784939506 73.88780579981778,18.54313569248494 73.88818475353648,18.543137923738414 73.88818416882306,18.54322828789592 73.88827890730889,18.543228845597 73.88827949197739,18.543138481430507 73.88865844576794,18.543140711731763 73.88865786129708,18.54323107590724 73.88875259980087,18.54323163336577 73.88875318421783,18.543141269190293 73.88913213808027,18.543143498539337 73.88913155386092,18.543233862723795 73.88884733831364,18.54323219077939 73.88884675394158,18.543322554963847 73.8893204467839,18.543325341322262 73.88931986265439,18.543415705515706 73.88941460128393,18.543416262641863 73.88941401720832,18.543506626844287 73.88950875589177,18.543507183934512 73.88950817185209,18.543597548127956 73.88941343312372,18.54359699103773 73.88941284903913,18.543687355240156 73.88931811025687,18.543686798096036 73.88931752611836,18.543777162289476 73.88941226494555,18.5437777194336 73.88941109675838,18.543958447820486 73.88979005250728,18.543960675938834 73.88979063640323,18.54387031173641 73.88969589751316,18.543869754780932 73.88969648145404,18.543779390578507 73.88979122029019,18.54377994753398 73.88979180418615,18.543689583322575 73.88998128177762,18.543690697080812 73.8899795303952,18.543961789715038 73.88988479145124,18.54396123285838 73.88988362374019,18.54414196126323 73.88978888469741,18.54414140435267 73.88978830079247,18.544231768555097 73.88959882261709,18.544230654563293 73.88959823860436,18.54432101876572 73.88950349947176,18.544320461693463 73.8895029154141,18.544410825886906 73.88940817622759,18.544410268769735 73.88940759211604,18.544500632963175 73.8892181136622,18.544499518576117 73.88921869788153,18.54440915439166 73.88902921954445,18.544408039824933 73.88902980385363,18.54431767564946 73.88874558652768,18.544316003453524 73.88874500206579,18.544406367620017 73.88751339334189,18.54439911646396 73.88751397845057,18.544308752333396 73.88760871751131,18.544309310393803 73.88760930256609,18.544218946263243 73.887040868543,18.544215597182166 73.88704145389423,18.544125233060587 73.8868519760063,18.544124116328927 73.88685080510623,18.544304844554116 73.88694554414002,18.544305402946893 73.8869449587349,18.544395767059488 73.88666074148081,18.54439409171945 73.88666132703864,18.54430372761584 73.88628237093941,18.54430149317335 73.88628178518394,18.54439185726798 73.88609230705347,18.544390739754782 73.88609289291674,18.54430037566914 73.88590341490305,18.544299257976277 73.88590400084716,18.544208893890634 73.8858092619032,18.54420833497683 73.88580984790121,18.544117970900167 73.88590458680025,18.54411852981397 73.88590517274437,18.544028165728328 73.8859999115985,18.54402872458823 73.88600166926913,18.54375763232231 73.8857174531559,18.543755955616835 73.88571686712196,18.54384631970248 73.88562212837563,18.543845760698844 73.8856215422878,18.543936124775506 73.88571628108802,18.54393668377914 73.88571452295027,18.544207776018112 73.88543030612736,18.544206098836526 73.88542971992274,18.544296462904203 73.88533498093386,18.544295903747855 73.88533615343293,18.54411517562148 73.88524141455186,18.544114616420217 73.88524317342623,18.543843524226165 73.8853379121546,18.543844083418445 73.88533849839516,18.543753719350768 73.8854332370786,18.54375427848915 73.88543265089194,18.543844642556827 73.88552738963828,18.543845201659277 73.88552797577104,18.543754837582615 73.88562271446347,18.543755396622185 73.88562330054232,18.543665032545523 73.88581277783736,18.54366615048991 73.8858133638174,18.543575786404265 73.88590810242,18.543576345300103 73.88590751649386,18.543666709385747 73.88609699380686,18.543667827042672 73.88609992292554,18.54321600656055 </coordinates>
        </LinearRing>
      </outerBoundaryIs>
      <innerBoundaryIs>
        <LinearRing>
          <coordinates>73.88893857084558,18.543774933236882 73.8889391551817,18.54368456905242 73.889033893946,18.54368512638519 73.88903447822823,18.54359476220073 73.88912921694761,18.5435953194796 73.88912804847298,18.543776047857502 73.88893857084558,18.543774933236882 </coordinates>
        </LinearRing>
      </innerBoundaryIs>
      <innerBoundaryIs>
        <LinearRing>
          <coordinates>73.88922220310778,18.5438669692849 73.88922161890639,18.543957333469358 73.88912687998938,18.543956776226423 73.88912746423567,18.54386641204196 73.88922220310778,18.5438669692849 </coordinates>
        </LinearRing>
      </innerBoundaryIs>
      <innerBoundaryIs>
        <LinearRing>
          <coordinates>73.88799118288819,18.543769357286116 73.88808592167045,18.54376991509499 73.88808533687619,18.543860279243518 73.88799059804902,18.543859721434643 73.88799118288819,18.543769357286116 </coordinates>
        </LinearRing>
      </innerBoundaryIs>
      <innerBoundaryIs>
        <LinearRing>
          <coordinates>73.88865201643563,18.544134717626072 73.88855727743777,18.544134160095673 73.8885578619895,18.54404379592918 73.88865260093345,18.54404435345958 73.88865201643563,18.544134717626072 </coordinates>
        </LinearRing>
      </innerBoundaryIs>
      <innerBoundaryIs>
        <LinearRing>
          <coordinates>73.88789644410593,18.543768799432325 73.88789527432874,18.543949527720393 73.88770579658456,18.543948411860097 73.88770638157645,18.54385804771157 73.88780112039466,18.54385860567316 73.88780170533265,18.54376824152463 73.88789644410593,18.543768799432325 </coordinates>
        </LinearRing>
      </innerBoundaryIs>
      <innerBoundaryIs>
        <LinearRing>
          <coordinates>73.88751807412149,18.543676203392522 73.88761281283188,18.543676761434963 73.88761222779507,18.543767125574504 73.88751748903077,18.543766567532067 73.88751807412149,18.543676203392522 </coordinates>
        </LinearRing>
      </innerBoundaryIs>
      <innerBoundaryIs>
        <LinearRing>
          <coordinates>73.88865201643563,18.544134717626072 73.88884149444931,18.544135832561103 73.88884091004132,18.544226196727596 73.88865143192882,18.544225081792565 73.88865201643563,18.544134717626072 </coordinates>
        </LinearRing>
      </innerBoundaryIs>
      <innerBoundaryIs>
        <LinearRing>
          <coordinates>73.88751807412149,18.543676203392522 73.88732859670068,18.54367508716392 73.88732918188123,18.54358472303336 73.88742392053773,18.543585281165626 73.88742450566437,18.54349491702608 73.88761398289653,18.543496033155872 73.88761339785971,18.543586397295417 73.88751865920321,18.54358583925298 73.88751807412149,18.543676203392522 </coordinates>
        </LinearRing>
      </innerBoundaryIs>
      <innerBoundaryIs>
        <LinearRing>
          <coordinates>73.88799176771839,18.543678993137586 73.88799235255757,18.54358862898008 73.88789761387413,18.543588071135268 73.88789819875822,18.54349770697776 73.88799293738778,18.543498264831552 73.88799410703021,18.54331753651653 73.88808884556094,18.543318094316422 73.88808943033725,18.54322773015891 73.88818416882306,18.54322828789592 73.88818358410066,18.543318652062418 73.88827832264037,18.543319209763492 73.88827656860792,18.543590302245008 73.88818182992448,18.54358974454393 73.8881812451841,18.54368010870144 73.88799176771839,18.543678993137586 </coordinates>
        </LinearRing>
      </innerBoundaryIs>
      <innerBoundaryIs>
        <LinearRing>
          <coordinates>73.88789644410593,18.543768799432325 73.88789702899003,18.543678435283795 73.88799176771839,18.543678993137586 73.88799118288819,18.543769357286116 73.88789644410593,18.543768799432325 </coordinates>
        </LinearRing>
      </innerBoundaryIs>
      <innerBoundaryIs>
        <LinearRing>
          <coordinates>73.88922220310778,18.5438669692849 73.88922278730017,18.54377660510044 73.88931752611836,18.543777162289476 73.88931694197987,18.54386752648292 73.88922220310778,18.5438669692849 </coordinates>
        </LinearRing>
      </innerBoundaryIs>
    </Polygon>
    <Polygon>
      <outerBoundaryIs>
        <LinearRing>
          <coordinates>73.88941284903913,18.543687355240156 73.88950758782138,18.54368791233038 73.8895070037817,18.543778276523824 73.88941226494555,18.5437777194336 73.88941284903913,18.543687355240156 </coordinates>
        </LinearRing>
      </outerBoundaryIs>
    </Polygon>
  </MultiGeometry>
</Placemark><Placemark>
  <name>1.5-1.6</name>
  <ExtendedData>
    <Data name='count'>
      <value>2</value>
    </Data>
    <Data name='depth_class'>
      <value>0</value>
    </Data>
    <Data name='system:index'>
      <value>+8248+4936</value>
    </Data>
  </ExtendedData>
  <styleUrl>#style_blue</styleUrl>
  <Polygon>
    <outerBoundaryIs>
      <LinearRing>
        <coordinates>73.88638472384203,18.543127318533596 73.88638530949866,18.543036954429983 73.88657478614692,18.54303807156589 73.88657420058908,18.543128435678483 73.88638472384203,18.543127318533596 </coordinates>
      </LinearRing>
    </outerBoundaryIs>
  </Polygon>
</Placemark><Placemark>
  <name>1.8-1.9</name>
  <ExtendedData>
    <Data name='count'>
      <value>4</value>
    </Data>
    <Data name='depth_class'>
      <value>3</value>
    </Data>
    <Data name='system:index'>
      <value>+8249+4922</value>
    </Data>
  </ExtendedData>
  <styleUrl>#style_orange</styleUrl>
  <Polygon>
    <outerBoundaryIs>
      <LinearRing>
        <coordinates>73.88628178518394,18.54439185726798 73.88628237093941,18.54430149317335 73.88666132703864,18.54430372761584 73.88666074148081,18.54439409171945 73.88628178518394,18.54439185726798 </coordinates>
      </LinearRing>
    </outerBoundaryIs>
  </Polygon>
</Placemark><Placemark>
  <name>1.6-1.7</name>
  <ExtendedData>
    <Data name='count'>
      <value>71</value>
    </Data>
    <Data name='depth_class'>
      <value>1</value>
    </Data>
    <Data name='system:index'>
      <value>+8252+4936</value>
    </Data>
  </ExtendedData>
  <styleUrl>#style_green</styleUrl>
  <MultiGeometry>
    <Polygon>
      <outerBoundaryIs>
        <LinearRing>
          <coordinates>73.88609992292554,18.54321600656055 73.8861005087349,18.54312564246592 73.886289985464,18.543126759889287 73.88629057117454,18.543036395785677 73.88638530949866,18.543036954429983 73.88638472384203,18.543127318533596 73.88657420058908,18.543128435678483 73.88657478614692,18.54303807156589 73.88695373949732,18.54304030527176 73.8869531541371,18.54313066940232 73.88733210773903,18.543132902362586 73.88733152257645,18.543223266493147 73.88723678411758,18.543222708324947 73.8872361989011,18.543313072455508 73.8868572449129,18.54331083927964 73.8868566594988,18.54340120340122 73.88676192095909,18.543400644990474 73.88676250642709,18.543310280868894 73.88619407556607,18.5433069293983 73.8861946613395,18.543216565303673 73.88609992292554,18.54321600656055 </coordinates>
        </LinearRing>
      </outerBoundaryIs>
    </Polygon>
    <Polygon>
      <outerBoundaryIs>
        <LinearRing>
          <coordinates>73.88609992292554,18.54321600656055 73.88609699380686,18.543667827042672 73.88590751649386,18.543666709385747 73.88590810242,18.543576345300103 73.8858133638174,18.543575786404265 73.88581277783736,18.54366615048991 73.88562330054232,18.543665032545523 73.88562271446347,18.543755396622185 73.88552797577104,18.543754837582615 73.88552738963828,18.543845201659277 73.88543265089194,18.543844642556827 73.8854332370786,18.54375427848915 73.88533849839516,18.543753719350768 73.88533908462672,18.543663355283087 73.88543382325628,18.543663914412488 73.88543440943396,18.54357355034481 73.88533967084932,18.543572991206425 73.88534084329449,18.543392263062085 73.88543558178031,18.543392822191485 73.88543675411769,18.54321209403816 73.88562623090068,18.543213212144245 73.88562681696158,18.5431228480586 73.88572155530366,18.543123407035285 73.88572096929667,18.543213771120932 73.88591044609763,18.543214888939556 73.88591103201479,18.543124524844927 73.88600577037485,18.543125083677882 73.88600518451159,18.54321544777251 73.88609992292554,18.54321600656055 </coordinates>
        </LinearRing>
      </outerBoundaryIs>
      <innerBoundaryIs>
        <LinearRing>
          <coordinates>73.88552973415135,18.54348374535263 73.88553032027511,18.54339338127597 73.88562505876992,18.54339394030655 73.88562447269106,18.543484304383213 73.88552973415135,18.54348374535263 </coordinates>
        </LinearRing>
      </innerBoundaryIs>
    </Polygon>
  </MultiGeometry>
</Placemark><Placemark>
  <name>1.6-1.7</name>
  <ExtendedData>
    <Data name='count'>
      <value>13</value>
    </Data>
    <Data name='depth_class'>
      <value>1</value>
    </Data>
    <Data name='system:index'>
      <value>+8253+4924</value>
    </Data>
  </ExtendedData>
  <styleUrl>#style_green</styleUrl>
  <Polygon>
    <outerBoundaryIs>
      <LinearRing>
        <coordinates>73.88685080510623,18.544304844554116 73.8868519760063,18.544124116328927 73.88704145389423,18.544125233060587 73.887040868543,18.544215597182166 73.88760930256609,18.544218946263243 73.88760871751131,18.544309310393803 73.88751397845057,18.544308752333396 73.88751339334189,18.54439911646396 73.88741865423624,18.544398558349656 73.88741923938983,18.544308194219095 73.88732450033807,18.544307636059877 73.88732391513058,18.544398000181456 73.88722917602492,18.54439744197732 73.88722976128632,18.54430707785574 73.8870402831828,18.54430596129476 73.88703969783157,18.544396325416336 73.8869449587349,18.544395767059488 73.88694554414002,18.544305402946893 73.88685080510623,18.544304844554116 </coordinates>
      </LinearRing>
    </outerBoundaryIs>
  </Polygon>
</Placemark><Placemark>
  <name>1.7-1.8</name>
  <ExtendedData>
    <Data name='count'>
      <value>2</value>
    </Data>
    <Data name='depth_class'>
      <value>2</value>
    </Data>
    <Data name='system:index'>
      <value>+8255+4922</value>
    </Data>
  </ExtendedData>
  <styleUrl>#style_yellow</styleUrl>
  <Polygon>
    <outerBoundaryIs>
      <LinearRing>
        <coordinates>73.88703969783157,18.544396325416336 73.8870402831828,18.54430596129476 73.88722976128632,18.54430707785574 73.88722917602492,18.54439744197732 73.88703969783157,18.544396325416336 </coordinates>
      </LinearRing>
    </outerBoundaryIs>
  </Polygon>
</Placemark><Placemark>
  <name>1.7-1.8</name>
  <ExtendedData>
    <Data name='count'>
      <value>1</value>
    </Data>
    <Data name='depth_class'>
      <value>2</value>
    </Data>
    <Data name='system:index'>
      <value>+8257+4922</value>
    </Data>
  </ExtendedData>
  <styleUrl>#style_yellow</styleUrl>
  <Polygon>
    <outerBoundaryIs>
      <LinearRing>
        <coordinates>73.88732391513058,18.544398000181456 73.88732450033807,18.544307636059877 73.88741923938983,18.544308194219095 73.88741865423624,18.544398558349656 73.88732391513058,18.544398000181456 </coordinates>
      </LinearRing>
    </outerBoundaryIs>
  </Polygon>
</Placemark><Placemark>
  <name>1.6-1.7</name>
  <ExtendedData>
    <Data name='count'>
      <value>15</value>
    </Data>
    <Data name='depth_class'>
      <value>1</value>
    </Data>
    <Data name='system:index'>
      <value>+8261+4935</value>
    </Data>
  </ExtendedData>
  <styleUrl>#style_green</styleUrl>
  <MultiGeometry>
    <Polygon>
      <outerBoundaryIs>
        <LinearRing>
          <coordinates>73.88751807412149,18.543676203392522 73.88761281283188,18.543676761434963 73.88761222779507,18.543767125574504 73.88751748903077,18.543766567532067 73.88751807412149,18.543676203392522 </coordinates>
        </LinearRing>
      </outerBoundaryIs>
    </Polygon>
    <Polygon>
      <outerBoundaryIs>
        <LinearRing>
          <coordinates>73.88761398289653,18.543496033155872 73.88761456791536,18.543405669007345 73.8875198293487,18.543405110973893 73.88752158455794,18.54313401855526 73.88780579981778,18.54313569248494 73.88780404505769,18.543406784939506 73.88770930648204,18.543406226995884 73.8877087215081,18.54349659114441 73.88761398289653,18.543496033155872 </coordinates>
        </LinearRing>
      </outerBoundaryIs>
    </Polygon>
    <Polygon>
      <outerBoundaryIs>
        <LinearRing>
          <coordinates>73.88761398289653,18.543496033155872 73.88761339785971,18.543586397295417 73.88751865920321,18.54358583925298 73.88751807412149,18.543676203392522 73.88732859670068,18.54367508716392 73.88732918188123,18.54358472303336 73.88742392053773,18.543585281165626 73.88742450566437,18.54349491702608 73.88761398289653,18.543496033155872 </coordinates>
        </LinearRing>
      </outerBoundaryIs>
    </Polygon>
  </MultiGeometry>
</Placemark><Placemark>
  <name>1.6-1.7</name>
  <ExtendedData>
    <Data name='count'>
      <value>19</value>
    </Data>
    <Data name='depth_class'>
      <value>1</value>
    </Data>
    <Data name='system:index'>
      <value>+8266+4935</value>
    </Data>
  </ExtendedData>
  <styleUrl>#style_green</styleUrl>
  <MultiGeometry>
    <Polygon>
      <outerBoundaryIs>
        <LinearRing>
          <coordinates>73.88789644410593,18.543768799432325 73.88789527432874,18.543949527720393 73.88770579658456,18.543948411860097 73.88770638157645,18.54385804771157 73.88780112039466,18.54385860567316 73.88780170533265,18.54376824152463 73.88789644410593,18.543768799432325 </coordinates>
        </LinearRing>
      </outerBoundaryIs>
    </Polygon>
    <Polygon>
      <outerBoundaryIs>
        <LinearRing>
          <coordinates>73.88799118288819,18.543769357286116 73.88808592167045,18.54376991509499 73.88808533687619,18.543860279243518 73.88799059804902,18.543859721434643 73.88799118288819,18.543769357286116 </coordinates>
        </LinearRing>
      </outerBoundaryIs>
    </Polygon>
    <Polygon>
      <outerBoundaryIs>
        <LinearRing>
          <coordinates>73.88818416882306,18.54322828789592 73.88818475353648,18.543137923738414 73.88827949197739,18.543138481430507 73.88827890730889,18.543228845597 73.88818416882306,18.54322828789592 </coordinates>
        </LinearRing>
      </outerBoundaryIs>
    </Polygon>
    <Polygon>
      <outerBoundaryIs>
        <LinearRing>
          <coordinates>73.88799176771839,18.543678993137586 73.88799118288819,18.543769357286116 73.88789644410593,18.543768799432325 73.88789702899003,18.543678435283795 73.88799176771839,18.543678993137586 </coordinates>
        </LinearRing>
      </outerBoundaryIs>
    </Polygon>
    <Polygon>
      <outerBoundaryIs>
        <LinearRing>
          <coordinates>73.88818416882306,18.54322828789592 73.88818358410066,18.543318652062418 73.88827832264037,18.543319209763492 73.88827656860792,18.543590302245008 73.88818182992448,18.54358974454393 73.8881812451841,18.54368010870144 73.88799176771839,18.543678993137586 73.88799235255757,18.54358862898008 73.88789761387413,18.543588071135268 73.88789819875822,18.54349770697776 73.88799293738778,18.543498264831552 73.88799410703021,18.54331753651653 73.88808884556094,18.543318094316422 73.88808943033725,18.54322773015891 73.88818416882306,18.54322828789592 </coordinates>
        </LinearRing>
      </outerBoundaryIs>
    </Polygon>
  </MultiGeometry>
</Placemark><Placemark>
  <name>1.6-1.7</name>
  <ExtendedData>
    <Data name='count'>
      <value>3</value>
    </Data>
    <Data name='depth_class'>
      <value>1</value>
    </Data>
    <Data name='system:index'>
      <value>+8270+4925</value>
    </Data>
  </ExtendedData>
  <styleUrl>#style_green</styleUrl>
  <MultiGeometry>
    <Polygon>
      <outerBoundaryIs>
        <LinearRing>
          <coordinates>73.88865201643563,18.544134717626072 73.88884149444931,18.544135832561103 73.88884091004132,18.544226196727596 73.88865143192882,18.544225081792565 73.88865201643563,18.544134717626072 </coordinates>
        </LinearRing>
      </outerBoundaryIs>
    </Polygon>
    <Polygon>
      <outerBoundaryIs>
        <LinearRing>
          <coordinates>73.88865201643563,18.544134717626072 73.88855727743777,18.544134160095673 73.8885578619895,18.54404379592918 73.88865260093345,18.54404435345958 73.88865201643563,18.544134717626072 </coordinates>
        </LinearRing>
      </outerBoundaryIs>
    </Polygon>
  </MultiGeometry>
</Placemark><Placemark>
  <name>1.6-1.7</name>
  <ExtendedData>
    <Data name='count'>
      <value>1</value>
    </Data>
    <Data name='depth_class'>
      <value>1</value>
    </Data>
    <Data name='system:index'>
      <value>+8271+4935</value>
    </Data>
  </ExtendedData>
  <styleUrl>#style_green</styleUrl>
  <Polygon>
    <outerBoundaryIs>
      <LinearRing>
        <coordinates>73.88865786129708,18.54323107590724 73.88865844576794,18.543140711731763 73.88875318421783,18.543141269190293 73.88875259980087,18.54323163336577 73.88865786129708,18.54323107590724 </coordinates>
      </LinearRing>
    </outerBoundaryIs>
  </Polygon>
</Placemark><Placemark>
  <name>1.8-1.9</name>
  <ExtendedData>
    <Data name='count'>
      <value>7</value>
    </Data>
    <Data name='depth_class'>
      <value>3</value>
    </Data>
    <Data name='system:index'>
      <value>+8274+4922</value>
    </Data>
  </ExtendedData>
  <styleUrl>#style_orange</styleUrl>
  <Polygon>
    <outerBoundaryIs>
      <LinearRing>
        <coordinates>73.88874500206579,18.544406367620017 73.88874558652768,18.544316003453524 73.88902980385363,18.54431767564946 73.88902921954445,18.544408039824933 73.88921869788153,18.54440915439166 73.8892181136622,18.544499518576117 73.88883915680837,18.544497289245044 73.88883974122534,18.544406925069566 73.88874500206579,18.544406367620017 </coordinates>
      </LinearRing>
    </outerBoundaryIs>
  </Polygon>
</Placemark><Placemark>
  <name>1.6-1.7</name>
  <ExtendedData>
    <Data name='count'>
      <value>3</value>
    </Data>
    <Data name='depth_class'>
      <value>1</value>
    </Data>
    <Data name='system:index'>
      <value>+8275+4930</value>
    </Data>
  </ExtendedData>
  <styleUrl>#style_green</styleUrl>
  <Polygon>
    <outerBoundaryIs>
      <LinearRing>
        <coordinates>73.88893857084558,18.543774933236882 73.8889391551817,18.54368456905242 73.889033893946,18.54368512638519 73.88903447822823,18.54359476220073 73.88912921694761,18.5435953194796 73.88912804847298,18.543776047857502 73.88893857084558,18.543774933236882 </coordinates>
      </LinearRing>
    </outerBoundaryIs>
  </Polygon>
</Placemark><Placemark>
  <name>1.5-1.6</name>
  <ExtendedData>
    <Data name='count'>
      <value>1</value>
    </Data>
    <Data name='depth_class'>
      <value>0</value>
    </Data>
    <Data name='system:index'>
      <value>+8280+4934</value>
    </Data>
  </ExtendedData>
  <styleUrl>#style_blue</styleUrl>
  <Polygon>
    <outerBoundaryIs>
      <LinearRing>
        <coordinates>73.88950992394419,18.54332645552966 73.8895105079659,18.543236091327234 73.88960524650562,18.543236648354576 73.88960466252882,18.543327012565985 73.88950992394419,18.54332645552966 </coordinates>
      </LinearRing>
    </outerBoundaryIs>
  </Polygon>
</Placemark><Placemark>
  <name>1.6-1.7</name>
  <ExtendedData>
    <Data name='count'>
      <value>64</value>
    </Data>
    <Data name='depth_class'>
      <value>1</value>
    </Data>
    <Data name='system:index'>
      <value>+8283+4935</value>
    </Data>
  </ExtendedData>
  <styleUrl>#style_green</styleUrl>
  <MultiGeometry>
    <Polygon>
      <outerBoundaryIs>
        <LinearRing>
          <coordinates>73.88922220310778,18.5438669692849 73.88922161890639,18.543957333469358 73.88912687998938,18.543956776226423 73.88912746423567,18.54386641204196 73.88922220310778,18.5438669692849 </coordinates>
        </LinearRing>
      </outerBoundaryIs>
    </Polygon>
    <Polygon>
      <outerBoundaryIs>
        <LinearRing>
          <coordinates>73.8898882944766,18.543419047598906 73.88998303312412,18.543419604446584 73.88998244934496,18.543509968657993 73.89045614288796,18.5435127521957 73.8904549758147,18.54369348065445 73.89007602057785,18.543691253892558 73.89007543683462,18.543781618103967 73.88998069798947,18.543781061301203 73.88998128177762,18.543690697080812 73.88979180418615,18.543689583322575 73.88979122029019,18.54377994753398 73.88969648145404,18.543779390578507 73.88969589751316,18.543869754780932 73.88979063640323,18.54387031173641 73.88979005250728,18.543960675938834 73.88941109675838,18.543958447820486 73.88941226494555,18.5437777194336 73.8895070037817,18.543778276523824 73.88950758782138,18.54368791233038 73.88941284903913,18.543687355240156 73.88941343312372,18.54359699103773 73.88950817185209,18.543597548127956 73.88950875589177,18.543507183934512 73.88941401720832,18.543506626844287 73.88941460128393,18.543416262641863 73.88931986265439,18.543415705515706 73.8893204467839,18.543325341322262 73.88884675394158,18.543322554963847 73.88884733831364,18.54323219077939 73.88913155386092,18.543233862723795 73.88913213808027,18.543143498539337 73.88989004594886,18.543147954955696 73.8898882944766,18.543419047598906 </coordinates>
        </LinearRing>
      </outerBoundaryIs>
      <innerBoundaryIs>
        <LinearRing>
          <coordinates>73.8898882944766,18.543419047598906 73.88988771065252,18.543509411810316 73.8897929719511,18.543508854908737 73.88979355583807,18.54341849069733 73.8898882944766,18.543419047598906 </coordinates>
        </LinearRing>
      </innerBoundaryIs>
      <innerBoundaryIs>
        <LinearRing>
          <coordinates>73.88950992394419,18.54332645552966 73.8895105079659,18.543236091327234 73.88960524650562,18.543236648354576 73.88960466252882,18.543327012565985 73.88950992394419,18.54332645552966 </coordinates>
        </LinearRing>
      </innerBoundaryIs>
    </Polygon>
    <Polygon>
      <outerBoundaryIs>
        <LinearRing>
          <coordinates>73.88931752611836,18.543777162289476 73.88931694197987,18.54386752648292 73.88922220310778,18.5438669692849 73.88922278730017,18.54377660510044 73.88931752611836,18.543777162289476 </coordinates>
        </LinearRing>
      </outerBoundaryIs>
    </Polygon>
    <Polygon>
      <outerBoundaryIs>
        <LinearRing>
          <coordinates>73.88941284903913,18.543687355240156 73.88941226494555,18.5437777194336 73.88931752611836,18.543777162289476 73.88931811025687,18.543686798096036 73.88941284903913,18.543687355240156 </coordinates>
        </LinearRing>
      </outerBoundaryIs>
    </Polygon>
  </MultiGeometry>
</Placemark><Placemark>
  <name>1.7-1.8</name>
  <ExtendedData>
    <Data name='count'>
      <value>10</value>
    </Data>
    <Data name='depth_class'>
      <value>2</value>
    </Data>
    <Data name='system:index'>
      <value>+8285+4934</value>
    </Data>
  </ExtendedData>
  <styleUrl>#style_yellow</styleUrl>
  <MultiGeometry>
    <Polygon>
      <outerBoundaryIs>
        <LinearRing>
          <coordinates>73.8898882944766,18.543419047598906 73.88988946213377,18.543238319167106 73.89007893923116,18.54323943279958 73.89007835550589,18.54332979701997 73.89026783272007,18.543330910472783 73.89026666546717,18.54351163892255 73.88998244934496,18.543509968657993 73.88998303312412,18.543419604446584 73.8898882944766,18.543419047598906 </coordinates>
        </LinearRing>
      </outerBoundaryIs>
    </Polygon>
    <Polygon>
      <outerBoundaryIs>
        <LinearRing>
          <coordinates>73.8898882944766,18.543419047598906 73.88988771065252,18.543509411810316 73.8897929719511,18.543508854908737 73.88979355583807,18.54341849069733 73.8898882944766,18.543419047598906 </coordinates>
        </LinearRing>
      </outerBoundaryIs>
    </Polygon>
  </MultiGeometry>
</Placemark><Placemark>
  <name>1.6-1.7</name>
  <ExtendedData>
    <Data name='count'>
      <value>16</value>
    </Data>
    <Data name='depth_class'>
      <value>1</value>
    </Data>
    <Data name='system:index'>
      <value>+8292+4930</value>
    </Data>
  </ExtendedData>
  <styleUrl>#style_green</styleUrl>
  <MultiGeometry>
    <Polygon>
      <outerBoundaryIs>
        <LinearRing>
          <coordinates>73.89064445346008,18.543694593747936 73.8906450368979,18.543604229509576 73.89073977567118,18.543604785988947 73.89073919228727,18.543695150218323 73.89064445346008,18.543694593747936 </coordinates>
        </LinearRing>
      </outerBoundaryIs>
    </Polygon>
    <Polygon>
      <outerBoundaryIs>
        <LinearRing>
          <coordinates>73.89064445346008,18.543694593747936 73.89064387001329,18.543784957977312 73.89073860889437,18.54378551445668 73.89073569188498,18.544237335621524 73.89064095275238,18.544236779133172 73.89063978583184,18.54441750758294 73.8905450466094,18.544416951040688 73.89054679714741,18.544145858361546 73.89045205807768,18.54414530177438 73.89045264163228,18.544054937553987 73.8905473806481,18.54405549413217 73.89054854764949,18.543874765682403 73.89045380873247,18.543874209104217 73.89045439227809,18.54378384487484 73.8905491311412,18.543784401453028 73.89054971463291,18.543694037223652 73.89064445346008,18.543694593747936 </coordinates>
        </LinearRing>
      </outerBoundaryIs>
    </Polygon>
  </MultiGeometry>
</Placemark><Placemark>
  <name>1.8-1.9</name>
  <ExtendedData>
    <Data name='count'>
      <value>1</value>
    </Data>
    <Data name='depth_class'>
      <value>3</value>
    </Data>
    <Data name='system:index'>
      <value>+8295+4930</value>
    </Data>
  </ExtendedData>
  <styleUrl>#style_orange</styleUrl>
  <Polygon>
    <outerBoundaryIs>
      <LinearRing>
        <coordinates>73.89092866994163,18.54369626303333 73.89092925323571,18.543605898785987 73.89102399201796,18.543606455121626 73.89102340877778,18.543696819368968 73.89092866994163,18.54369626303333 </coordinates>
      </LinearRing>
    </outerBoundaryIs>
  </Polygon>
</Placemark><Placemark>
  <name>1.6-1.7</name>
  <ExtendedData>
    <Data name='count'>
      <value>2</value>
    </Data>
    <Data name='depth_class'>
      <value>1</value>
    </Data>
    <Data name='system:index'>
      <value>+8299+4925</value>
    </Data>
  </ExtendedData>
  <styleUrl>#style_green</styleUrl>
  <Polygon>
    <outerBoundaryIs>
      <LinearRing>
        <coordinates>73.89120997070735,18.544149753133222 73.89121055386669,18.54405938888588 73.89140003196121,18.544060501242747 73.8913994489007,18.54415086549009 73.89120997070735,18.544149753133222 </coordinates>
      </LinearRing>
    </outerBoundaryIs>
  </Polygon>
</Placemark><Placemark>
  <name>1.8-1.9</name>
  <ExtendedData>
    <Data name='count'>
      <value>23</value>
    </Data>
    <Data name='depth_class'>
      <value>3</value>
    </Data>
    <Data name='system:index'>
      <value>+8300+4934</value>
    </Data>
  </ExtendedData>
  <styleUrl>#style_orange</styleUrl>
  <MultiGeometry>
    <Polygon>
      <outerBoundaryIs>
        <LinearRing>
          <coordinates>73.89083568112245,18.543424613928718 73.89083626444348,18.543334249690357 73.89093100308202,18.543334806052947 73.89093158635812,18.543244441814586 73.89150001791984,18.54324777901095 73.89149943494915,18.54333814327626 73.89140469629265,18.54333758719215 73.89140411325909,18.543427951448475 73.89130937456665,18.543427395319448 73.89130879147918,18.54351775956679 73.8914035302255,18.543518315704798 73.89140294719193,18.543608679970106 73.89149768599218,18.5436092360632 73.89149710300352,18.543699600319524 73.89140236414939,18.543699044226432 73.89140178110684,18.543789408482755 73.89130704220779,18.543788852335766 73.89130762530424,18.54369848807944 73.8912128864591,18.543697931887532 73.89121405273285,18.543517203383864 73.8909298365208,18.54351553454763 73.89093041979692,18.54342517030029 73.89083568112245,18.543424613928718 </coordinates>
        </LinearRing>
      </outerBoundaryIs>
    </Polygon>
    <Polygon>
      <outerBoundaryIs>
        <LinearRing>
          <coordinates>73.89083568112245,18.543424613928718 73.89083509778345,18.543514978167075 73.89074035905509,18.543514421750587 73.890740942439,18.54342405751223 73.89083568112245,18.543424613928718 </coordinates>
        </LinearRing>
      </outerBoundaryIs>
    </Polygon>
  </MultiGeometry>
</Placemark><Placemark>
  <name>1.8-1.9</name>
  <ExtendedData>
    <Data name='count'>
      <value>9</value>
    </Data>
    <Data name='depth_class'>
      <value>3</value>
    </Data>
    <Data name='system:index'>
      <value>+8303+4925</value>
    </Data>
  </ExtendedData>
  <styleUrl>#style_orange</styleUrl>
  <Polygon>
    <outerBoundaryIs>
      <LinearRing>
        <coordinates>73.89149302197515,18.5443321501138 73.89149360499076,18.544241785857476 73.8915883441503,18.544242341923617 73.89158892710303,18.544151977667294 73.89168366621767,18.54415253367954 73.89168424912548,18.544062169423214 73.89177898818622,18.544062725390543 73.89177840532332,18.54415308964687 73.89206262267624,18.54415475727038 73.89206203996605,18.54424512154467 73.89177782246044,18.544243453912177 73.89177723959754,18.544333818177485 73.89149302197515,18.5443321501138 </coordinates>
      </LinearRing>
    </outerBoundaryIs>
  </Polygon>
</Placemark><Placemark>
  <name>1.7-1.8</name>
  <ExtendedData>
    <Data name='count'>
      <value>117</value>
    </Data>
    <Data name='depth_class'>
      <value>2</value>
    </Data>
    <Data name='system:index'>
      <value>+8306+4932</value>
    </Data>
  </ExtendedData>
  <styleUrl>#style_yellow</styleUrl>
  <Polygon>
    <outerBoundaryIs>
      <LinearRing>
        <coordinates>73.89063920235809,18.544507871812314 73.89064095275238,18.544236779133172 73.89073569188498,18.544237335621524 73.89073860889437,18.54378551445668 73.89064387001329,18.543784957977312 73.89064445346008,18.543694593747936 73.89073919228727,18.543695150218323 73.89074035905509,18.543514421750587 73.89083509778345,18.543514978167075 73.89083568112245,18.543424613928718 73.89093041979692,18.54342517030029 73.8909298365208,18.54351553454763 73.89121405273285,18.543517203383864 73.8912128864591,18.543697931887532 73.89130762530424,18.54369848807944 73.89130704220779,18.543788852335766 73.89149652001487,18.54378996457585 73.89149593701723,18.543880328832174 73.89140119806429,18.543879772730097 73.89140061501276,18.543970136986424 73.89177957104012,18.543972361125235 73.89178015388504,18.543881996859927 73.89187489285595,18.543882552764373 73.89187780681107,18.543430731410886 73.89206728424983,18.543431843067065 73.8920667015666,18.543522207341358 73.89216144033989,18.543522763102075 73.89216085770158,18.543613127376364 73.8920661188744,18.543612571615647 73.89206553618219,18.543702935898924 73.8919707973101,18.54370238008431 73.89196963181789,18.54388310863289 73.8926328046951,18.543886998347052 73.89263338709087,18.543796634054797 73.89282286498776,18.54379774497436 73.89282170038489,18.543978473567854 73.89272696133312,18.543977918130533 73.89272637898227,18.54406828242279 73.89253690078893,18.54406717139543 73.89253748324758,18.543976807112156 73.89244274421378,18.543976251522118 73.89244216170124,18.544066615814376 73.89234742262254,18.544066060179425 73.89234684006507,18.5441564244627 73.89225210093247,18.544155868773846 73.8922515183211,18.54424623305712 73.89206203996605,18.54424512154467 73.89206262267624,18.54415475727038 73.89177840532332,18.54415308964687 73.89177898818622,18.544062725390543 73.89168424912548,18.544062169423214 73.89168366621767,18.54415253367954 73.89158892710303,18.544151977667294 73.8915883441503,18.544242341923617 73.89149360499076,18.544241785857476 73.89149302197515,18.5443321501138 73.89130354358417,18.544331037828798 73.89130296046076,18.54442140207614 73.89082926427672,18.544418620532696 73.89082868091077,18.544508984762068 73.89063920235809,18.544507871812314 </coordinates>
      </LinearRing>
    </outerBoundaryIs>
    <innerBoundaryIs>
      <LinearRing>
        <coordinates>73.89092866994163,18.54369626303333 73.89092925323571,18.543605898785987 73.89102399201796,18.543606455121626 73.89102340877778,18.543696819368968 73.89092866994163,18.54369626303333 </coordinates>
      </LinearRing>
    </innerBoundaryIs>
    <innerBoundaryIs>
      <LinearRing>
        <coordinates>73.89120997070735,18.544149753133222 73.89121055386669,18.54405938888588 73.89140003196121,18.544060501242747 73.8913994489007,18.54415086549009 73.89120997070735,18.544149753133222 </coordinates>
      </LinearRing>
    </innerBoundaryIs>
  </Polygon>
</Placemark><Placemark>
  <name>1.5-1.6</name>
  <ExtendedData>
    <Data name='count'>
      <value>1</value>
    </Data>
    <Data name='depth_class'>
      <value>0</value>
    </Data>
    <Data name='system:index'>
      <value>+8309+4929</value>
    </Data>
  </ExtendedData>
  <styleUrl>#style_blue</styleUrl>
  <Polygon>
    <outerBoundaryIs>
      <LinearRing>
        <coordinates>73.89225443134197,18.543794411658716 73.89225501393537,18.543704047375442 73.89234975282542,18.543704603046326 73.89234917027694,18.5437949673296 73.89225443134197,18.543794411658716 </coordinates>
      </LinearRing>
    </outerBoundaryIs>
  </Polygon>
</Placemark><Placemark>
  <name>1.8-1.9</name>
  <ExtendedData>
    <Data name='count'>
      <value>9</value>
    </Data>
    <Data name='depth_class'>
      <value>3</value>
    </Data>
    <Data name='system:index'>
      <value>+8310+4938</value>
    </Data>
  </ExtendedData>
  <styleUrl>#style_orange</styleUrl>
  <Polygon>
    <outerBoundaryIs>
      <LinearRing>
        <coordinates>73.89188013791228,18.54306927431372 73.89188072067635,18.542978910030445 73.89216493609788,18.542980577393443 73.89216551871823,18.54289021311017 73.892449734014,18.542891880032993 73.89244856907874,18.543072608626492 73.89188013791228,18.54306927431372 </coordinates>
      </LinearRing>
    </outerBoundaryIs>
  </Polygon>
</Placemark><Placemark>
  <name>1.8-1.9</name>
  <ExtendedData>
    <Data name='count'>
      <value>5</value>
    </Data>
    <Data name='depth_class'>
      <value>3</value>
    </Data>
    <Data name='system:index'>
      <value>+8311+4926</value>
    </Data>
  </ExtendedData>
  <styleUrl>#style_orange</styleUrl>
  <MultiGeometry>
    <Polygon>
      <outerBoundaryIs>
        <LinearRing>
          <coordinates>73.89234684006507,18.5441564244627 73.89234742262254,18.544066060179425 73.89244216170124,18.544066615814376 73.89244274421378,18.543976251522118 73.89253748324758,18.543976807112156 73.89253690078893,18.54406717139543 73.89263163988561,18.54406772693157 73.89263105747187,18.544158091223824 73.89234684006507,18.5441564244627 </coordinates>
        </LinearRing>
      </outerBoundaryIs>
    </Polygon>
    <Polygon>
      <outerBoundaryIs>
        <LinearRing>
          <coordinates>73.89234684006507,18.5441564244627 73.89234625749863,18.544246788736988 73.8922515183211,18.54424623305712 73.89225210093247,18.544155868773846 73.89234684006507,18.5441564244627 </coordinates>
        </LinearRing>
      </outerBoundaryIs>
    </Polygon>
  </MultiGeometry>
</Placemark><Placemark>
  <name>1.7-1.8</name>
  <ExtendedData>
    <Data name='count'>
      <value>41</value>
    </Data>
    <Data name='depth_class'>
      <value>2</value>
    </Data>
    <Data name='system:index'>
      <value>+8313+4938</value>
    </Data>
  </ExtendedData>
  <styleUrl>#style_yellow</styleUrl>
  <Polygon>
    <outerBoundaryIs>
      <LinearRing>
        <coordinates>73.89130879147918,18.54351775956679 73.89130937456665,18.543427395319448 73.89140411325909,18.543427951448475 73.89140469629265,18.54333758719215 73.89149943494915,18.54333814327626 73.89150001791984,18.54324777901095 73.89159475653142,18.543248335041163 73.8915953394482,18.543157970775855 73.89178481657255,18.543159082701532 73.89178539939951,18.54306871842724 73.89244856907874,18.543072608626492 73.892449734014,18.542891880032993 73.89273394934568,18.542893546533612 73.89273336703077,18.542983910834852 73.89282810553456,18.542984466245226 73.89282694099455,18.54316519485669 73.89273220239195,18.543164639446317 73.89273162006806,18.543255003747557 73.89263688142054,18.543254448283285 73.89263629904274,18.543344812584525 73.89235208296544,18.54334314589526 73.89235266549595,18.543252781603005 73.8922579268664,18.543252225950084 73.89225850944183,18.54316186166681 73.89197429371488,18.543160194429575 73.89197371098673,18.543250558703868 73.89178423375459,18.54324944696684 73.89178306809168,18.54343017551542 73.8915935906709,18.543429063580763 73.89159300773613,18.543519427837087 73.89149826898083,18.543518871797893 73.89149768599218,18.5436092360632 73.89140294719193,18.543608679970106 73.8914035302255,18.543518315704798 73.89130879147918,18.54351775956679 </coordinates>
      </LinearRing>
    </outerBoundaryIs>
  </Polygon>
</Placemark><Placemark>
  <name>1.6-1.7</name>
  <ExtendedData>
    <Data name='count'>
      <value>1</value>
    </Data>
    <Data name='depth_class'>
      <value>1</value>
    </Data>
    <Data name='system:index'>
      <value>+8318+4931</value>
    </Data>
  </ExtendedData>
  <styleUrl>#style_green</styleUrl>
  <Polygon>
    <outerBoundaryIs>
      <LinearRing>
        <coordinates>73.89310824614405,18.543618682369434 73.89310882827931,18.543528318059213 73.8932035670975,18.543528873298907 73.89320298500716,18.54361923760913 73.89310824614405,18.543618682369434 </coordinates>
      </LinearRing>
    </outerBoundaryIs>
  </Polygon>
</Placemark><Placemark>
  <name>1.6-1.7</name>
  <ExtendedData>
    <Data name='count'>
      <value>120</value>
    </Data>
    <Data name='depth_class'>
      <value>1</value>
    </Data>
    <Data name='system:index'>
      <value>+8319+4939</value>
    </Data>
  </ExtendedData>
  <styleUrl>#style_green</styleUrl>
  <Polygon>
    <outerBoundaryIs>
      <LinearRing>
        <coordinates>73.89178248525575,18.54352053978073 73.89178423375459,18.54324944696684 73.89197371098673,18.543250558703868 73.89197429371488,18.543160194429575 73.89225850944183,18.54316186166681 73.8922579268664,18.543252225950084 73.89235266549595,18.543252781603005 73.89235208296544,18.54334314589526 73.89263629904274,18.543344812584525 73.89263688142054,18.543254448283285 73.89273162006806,18.543255003747557 73.89273220239195,18.543164639446317 73.89282694099455,18.54316519485669 73.89282810553456,18.542984466245226 73.89292284403834,18.542985021610683 73.89292342625444,18.542894657300458 73.89320764163107,18.542896323082424 73.89320822369444,18.542805958763218 73.89330296211739,18.542806513931044 73.89330238009892,18.542896878250254 73.89339711857575,18.542897433373167 73.8933965366022,18.542987797692373 73.89377549072513,18.54299001770792 73.89377607249207,18.542899653370743 73.89406028795852,18.5429013178771 73.8940597063443,18.542991682223256 73.8942491834417,18.5429927916606 73.8942486019173,18.543083156006755 73.8941538633147,18.543082601315035 73.89415328174537,18.54317296566119 73.89339537266406,18.54316852633977 73.89339479068153,18.54325889066796 73.89330005201604,18.543258335536063 73.8932994699796,18.543348699846288 73.8932047312692,18.543348144669476 73.89320414917886,18.543438508979698 73.89291993290394,18.543436843143837 73.89291702168867,18.543888664659022 73.89282228268183,18.5438881092756 73.89282286498776,18.54379774497436 73.89263338709087,18.543796634054797 73.8926328046951,18.543886998347052 73.89196963181789,18.54388310863289 73.8919707973101,18.54370238008431 73.89206553618219,18.543702935898924 73.8920661188744,18.543612571615647 73.89216085770158,18.543613127376364 73.89216144033989,18.543522763102075 73.8920667015666,18.543522207341358 73.89206728424983,18.543431843067065 73.89187780681107,18.543430731410886 73.89187722402005,18.543521095685175 73.89178248525575,18.54352053978073 </coordinates>
      </LinearRing>
    </outerBoundaryIs>
    <innerBoundaryIs>
      <LinearRing>
        <coordinates>73.89225443134197,18.543794411658716 73.89225501393537,18.543704047375442 73.89234975282542,18.543704603046326 73.89234917027694,18.5437949673296 73.89225443134197,18.543794411658716 </coordinates>
      </LinearRing>
    </innerBoundaryIs>
  </Polygon>
</Placemark><Placemark>
  <name>1.9-2.0</name>
  <ExtendedData>
    <Data name='count'>
      <value>1</value>
    </Data>
    <Data name='depth_class'>
      <value>4</value>
    </Data>
    <Data name='system:index'>
      <value>+8325+4942</value>
    </Data>
  </ExtendedData>
  <styleUrl>#style_red</styleUrl>
  <Polygon>
    <outerBoundaryIs>
      <LinearRing>
        <coordinates>73.89377781777495,18.542628560359223 73.8937783995329,18.54253819602205 73.8938731378211,18.542538750893435 73.89387255610805,18.542629115230607 73.89377781777495,18.542628560359223 </coordinates>
      </LinearRing>
    </outerBoundaryIs>
  </Polygon>
</Placemark><Placemark>
  <name>1.8-1.9</name>
  <ExtendedData>
    <Data name='count'>
      <value>10</value>
    </Data>
    <Data name='depth_class'>
      <value>3</value>
    </Data>
    <Data name='system:index'>
      <value>+8326+4934</value>
    </Data>
  </ExtendedData>
  <styleUrl>#style_orange</styleUrl>
  <MultiGeometry>
    <Polygon>
      <outerBoundaryIs>
        <LinearRing>
          <coordinates>73.89386673887878,18.543532758611324 73.89396147771495,18.543533313464742 73.89396089601986,18.543623677801918 73.89386615713879,18.5436231229485 73.89386673887878,18.543532758611324 </coordinates>
        </LinearRing>
      </outerBoundaryIs>
    </Polygon>
    <Polygon>
      <outerBoundaryIs>
        <LinearRing>
          <coordinates>73.89386673887878,18.543532758611324 73.89377200004262,18.543532203712992 73.89377258182753,18.543441839375816 73.893583104263,18.543440729435417 73.89358368615571,18.54335036510723 73.89367842488407,18.543350920104377 73.8936790067139,18.543260555776186 73.89396322277324,18.543262220453222 73.89396264108714,18.543352584790398 73.89405737983347,18.5433531395989 73.89405679820128,18.54344350393607 73.89386732061878,18.54344239427415 73.89386673887878,18.543532758611324 </coordinates>
        </LinearRing>
      </outerBoundaryIs>
    </Polygon>
  </MultiGeometry>
</Placemark><Placemark>
  <name>1.8-1.9</name>
  <ExtendedData>
    <Data name='count'>
      <value>14</value>
    </Data>
    <Data name='depth_class'>
      <value>3</value>
    </Data>
    <Data name='system:index'>
      <value>+8328+4943</value>
    </Data>
  </ExtendedData>
  <styleUrl>#style_orange</styleUrl>
  <Polygon>
    <outerBoundaryIs>
      <LinearRing>
        <coordinates>73.89349243896326,18.54280762411399 73.89349302087393,18.5427172597858 73.89368249762998,18.542718369771112 73.89368307944184,18.542628005442925 73.89387255610805,18.542629115230607 73.8938731378211,18.542538750893435 73.89396787610929,18.54253930571092 73.89396845775946,18.542448941364764 73.89415793425498,18.54245005086499 73.89415735270363,18.542540415220127 73.89406261440647,18.542539860492475 73.89406086957275,18.542810953530942 73.89349243896326,18.54280762411399 </coordinates>
      </LinearRing>
    </outerBoundaryIs>
  </Polygon>
</Placemark><Placemark>
  <name>1.6-1.7</name>
  <ExtendedData>
    <Data name='count'>
      <value>1</value>
    </Data>
    <Data name='depth_class'>
      <value>1</value>
    </Data>
    <Data name='system:index'>
      <value>+8330+4941</value>
    </Data>
  </ExtendedData>
  <styleUrl>#style_green</styleUrl>
  <Polygon>
    <outerBoundaryIs>
      <LinearRing>
        <coordinates>73.89425092798794,18.54272169860416 73.89425150949438,18.542631334249023 73.89434624785443,18.542631888886845 73.89434566639291,18.542722253241987 73.89425092798794,18.54272169860416 </coordinates>
      </LinearRing>
    </outerBoundaryIs>
  </Polygon>
</Placemark><Placemark>
  <name>1.7-1.8</name>
  <ExtendedData>
    <Data name='count'>
      <value>106</value>
    </Data>
    <Data name='depth_class'>
      <value>2</value>
    </Data>
    <Data name='system:index'>
      <value>+8331+4943</value>
    </Data>
  </ExtendedData>
  <styleUrl>#style_yellow</styleUrl>
  <MultiGeometry>
    <Polygon>
      <outerBoundaryIs>
        <LinearRing>
          <coordinates>73.89472520130364,18.54263410696203 73.89472578255854,18.542543742588926 73.89482052088266,18.5425442969842 73.89481993967267,18.542634661357308 73.89472520130364,18.54263410696203 </coordinates>
        </LinearRing>
      </outerBoundaryIs>
    </Polygon>
    <Polygon>
      <outerBoundaryIs>
        <LinearRing>
          <coordinates>73.89472520130364,18.54263410696203 73.89472462004873,18.542724471326153 73.89481935846268,18.542725025730412 73.89481819603373,18.542905754467643 73.89472345751197,18.5429052000544 73.89472287624808,18.542995564427503 73.89453339911475,18.542994455457286 73.89453281774307,18.54308481982141 73.89443807913148,18.543084265264433 73.8944374977059,18.543174629619575 73.8943427590494,18.543174075017685 73.89434217756991,18.543264439363842 73.89424743885951,18.54326388470805 73.89424511270802,18.543625342092678 73.89396089601986,18.543623677801918 73.89396147771495,18.543533313464742 73.89386673887878,18.543532758611324 73.89386557538981,18.543713487276687 73.89339188074187,18.543710712263994 73.89339246274238,18.54362034794479 73.89320298500716,18.54361923760913 73.8932035670975,18.543528873298907 73.89310882827931,18.543528318059213 73.89310941042355,18.543437953748988 73.89320414917886,18.543438508979698 73.8932047312692,18.543348144669476 73.8932994699796,18.543348699846288 73.89330005201604,18.543258335536063 73.89339479068153,18.54325889066796 73.89339537266406,18.54316852633977 73.89415328174537,18.54317296566119 73.8941538633147,18.543082601315035 73.8942486019173,18.543083156006755 73.8942491834417,18.5429927916606 73.8940597063443,18.542991682223256 73.89406028795852,18.5429013178771 73.89377607249207,18.542899653370743 73.89377549072513,18.54299001770792 73.8933965366022,18.542987797692373 73.89339711857575,18.542897433373167 73.89330238009892,18.542896878250254 73.89330296211739,18.542806513931044 73.89339770054032,18.542807069044976 73.89339828249591,18.542716704716785 73.89349302087393,18.5427172597858 73.89349243896326,18.54280762411399 73.89406086957275,18.542810953530942 73.89406261440647,18.542539860492475 73.89415735270363,18.542540415220127 73.89415793425498,18.54245005086499 73.89444214902075,18.542451714751508 73.89444156761313,18.54254207911563 73.89453630592826,18.542542633654637 73.89453572457454,18.54263299801876 73.89472520130364,18.54263410696203 </coordinates>
        </LinearRing>
      </outerBoundaryIs>
      <innerBoundaryIs>
        <LinearRing>
          <coordinates>73.89386673887878,18.543532758611324 73.89377200004262,18.543532203712992 73.89377258182753,18.543441839375816 73.893583104263,18.543440729435417 73.89358368615571,18.54335036510723 73.89367842488407,18.543350920104377 73.8936790067139,18.543260555776186 73.89396322277324,18.543262220453222 73.89396264108714,18.543352584790398 73.89405737983347,18.5433531395989 73.89405679820128,18.54344350393607 73.89386732061878,18.54344239427415 73.89386673887878,18.543532758611324 </coordinates>
        </LinearRing>
      </innerBoundaryIs>
      <innerBoundaryIs>
        <LinearRing>
          <coordinates>73.89425092798794,18.54272169860416 73.89425150949438,18.542631334249023 73.89434624785443,18.542631888886845 73.89434566639291,18.542722253241987 73.89425092798794,18.54272169860416 </coordinates>
        </LinearRing>
      </innerBoundaryIs>
    </Polygon>
  </MultiGeometry>
</Placemark><Placemark>
  <name>1.9-2.0</name>
  <ExtendedData>
    <Data name='count'>
      <value>1</value>
    </Data>
    <Data name='depth_class'>
      <value>4</value>
    </Data>
    <Data name='system:index'>
      <value>+8338+4933</value>
    </Data>
  </ExtendedData>
  <styleUrl>#style_red</styleUrl>
  <Polygon>
    <outerBoundaryIs>
      <LinearRing>
        <coordinates>73.89500418631137,18.54344904937107 73.89500476744949,18.543358684997962 73.89509950623176,18.54335923927646 73.89509892513856,18.543449603649567 73.89500418631137,18.54344904937107 </coordinates>
      </LinearRing>
    </outerBoundaryIs>
  </Polygon>
</Placemark><Placemark>
  <name>1.9-2.0</name>
  <ExtendedData>
    <Data name='count'>
      <value>10</value>
    </Data>
    <Data name='depth_class'>
      <value>4</value>
    </Data>
    <Data name='system:index'>
      <value>+8338+4946</value>
    </Data>
  </ExtendedData>
  <styleUrl>#style_red</styleUrl>
  <Polygon>
    <outerBoundaryIs>
      <LinearRing>
        <coordinates>73.8945374686357,18.542361904926395 73.89453804998044,18.542271540562272 73.89472752631427,18.54227264947859 73.8947281075602,18.542182285105483 73.89510706006617,18.542184502354218 73.89510589797857,18.542365231127377 73.8945374686357,18.542361904926395 </coordinates>
      </LinearRing>
    </outerBoundaryIs>
  </Polygon>
</Placemark><Placemark>
  <name>1.9-2.0</name>
  <ExtendedData>
    <Data name='count'>
      <value>1</value>
    </Data>
    <Data name='depth_class'>
      <value>4</value>
    </Data>
    <Data name='system:index'>
      <value>+8340+4934</value>
    </Data>
  </ExtendedData>
  <styleUrl>#style_red</styleUrl>
  <Polygon>
    <outerBoundaryIs>
      <LinearRing>
        <coordinates>73.89519424501403,18.54335979351004 73.89519482604435,18.543269429136934 73.89528956478169,18.543269983316616 73.89528898379629,18.54336034768972 73.89519424501403,18.54335979351004 </coordinates>
      </LinearRing>
    </outerBoundaryIs>
  </Polygon>
</Placemark><Placemark>
  <name>1.6-1.7</name>
  <ExtendedData>
    <Data name='count'>
      <value>1</value>
    </Data>
    <Data name='depth_class'>
      <value>1</value>
    </Data>
    <Data name='system:index'>
      <value>+8347+4949</value>
    </Data>
  </ExtendedData>
  <styleUrl>#style_green</styleUrl>
  <Polygon>
    <outerBoundaryIs>
      <LinearRing>
        <coordinates>73.89586612652792,18.54200820576087 73.89586670716298,18.541917841351832 73.89596144518168,18.541918395154223 73.89596086459153,18.542008759572244 73.89586612652792,18.54200820576087 </coordinates>
      </LinearRing>
    </outerBoundaryIs>
  </Polygon>
</Placemark><Placemark>
  <name>1.9-2.0</name>
  <ExtendedData>
    <Data name='count'>
      <value>3</value>
    </Data>
    <Data name='depth_class'>
      <value>4</value>
    </Data>
    <Data name='system:index'>
      <value>+8348+4935</value>
    </Data>
  </ExtendedData>
  <styleUrl>#style_red</styleUrl>
  <Polygon>
    <outerBoundaryIs>
      <LinearRing>
        <coordinates>73.89576325851336,18.543272753505356 73.89576383924724,18.543182389114286 73.89604805537843,18.5431840506562 73.89604747479727,18.543274415056256 73.89576325851336,18.543272753505356 </coordinates>
      </LinearRing>
    </outerBoundaryIs>
  </Polygon>
</Placemark><Placemark>
  <name>1.7-1.8</name>
  <ExtendedData>
    <Data name='count'>
      <value>12</value>
    </Data>
    <Data name='depth_class'>
      <value>2</value>
    </Data>
    <Data name='system:index'>
      <value>+8350+4949</value>
    </Data>
  </ExtendedData>
  <styleUrl>#style_yellow</styleUrl>
  <Polygon>
    <outerBoundaryIs>
      <LinearRing>
        <coordinates>73.8956760696758,18.542097462403433 73.89567665040968,18.542007098003378 73.89596086459153,18.542008759572244 73.89596144518168,18.541918395154223 73.89624565923776,18.541920056291897 73.89624449836289,18.54210078512794 73.8961497602364,18.542100231460296 73.89614917974507,18.542190595878317 73.8958649652488,18.54218893457895 73.89586554589285,18.54209857016991 73.8956760696758,18.542097462403433 </coordinates>
      </LinearRing>
    </outerBoundaryIs>
  </Polygon>
</Placemark><Placemark>
  <name>1.9-2.0</name>
  <ExtendedData>
    <Data name='count'>
      <value>6</value>
    </Data>
    <Data name='depth_class'>
      <value>4</value>
    </Data>
    <Data name='system:index'>
      <value>+8353+4937</value>
    </Data>
  </ExtendedData>
  <styleUrl>#style_red</styleUrl>
  <Polygon>
    <outerBoundaryIs>
      <LinearRing>
        <coordinates>73.89614279409781,18.54318460440469 73.89614337462508,18.543094239995654 73.89623811329955,18.54309479369923 73.89623869377291,18.54300442929019 73.89652290966157,18.543006090095485 73.89652232933193,18.543096454513506 73.89642759064849,18.543095900953663 73.89642701027392,18.543186265371684 73.89614279409781,18.54318460440469 </coordinates>
      </LinearRing>
    </outerBoundaryIs>
  </Polygon>
</Placemark><Placemark>
  <name>1.6-1.7</name>
  <ExtendedData>
    <Data name='count'>
      <value>7</value>
    </Data>
    <Data name='depth_class'>
      <value>1</value>
    </Data>
    <Data name='system:index'>
      <value>+8355+4944</value>
    </Data>
  </ExtendedData>
  <styleUrl>#style_green</styleUrl>
  <Polygon>
    <outerBoundaryIs>
      <LinearRing>
        <coordinates>73.89624217656822,18.542462242800024 73.89624275702363,18.542371878390988 73.89671644842865,18.542374646064445 73.8967152880209,18.542555374918454 73.89652581124689,18.542554267987413 73.89652639154959,18.542463903560407 73.89624217656822,18.542462242800024 </coordinates>
      </LinearRing>
    </outerBoundaryIs>
  </Polygon>
</Placemark><Placemark>
  <name>1.7-1.8</name>
  <ExtendedData>
    <Data name='count'>
      <value>121</value>
    </Data>
    <Data name='depth_class'>
      <value>2</value>
    </Data>
    <Data name='system:index'>
      <value>+8355+4947</value>
    </Data>
  </ExtendedData>
  <styleUrl>#style_yellow</styleUrl>
  <Polygon>
    <outerBoundaryIs>
      <LinearRing>
        <coordinates>73.89595621978049,18.54273167483557 73.89595389729412,18.543093132453755 73.8955749426771,18.54309091679504 73.89557436184441,18.54318128118611 73.89519540707468,18.543179064754845 73.895195988105,18.543088700381738 73.89510124947545,18.543088146157142 73.89510357374947,18.542726688646752 73.8953877890632,18.54272835114088 73.89538720814966,18.54281871552297 73.89557668513926,18.542819823621823 73.89557784676872,18.542639094830697 73.89548310837273,18.54263854081271 73.89548427008305,18.542457812030566 73.89538953178587,18.542457257967666 73.89539069358601,18.54227652918552 73.89558016998272,18.54227763724844 73.89558075077949,18.542187272848384 73.89577022708637,18.542188380713675 73.89576964638843,18.542278745122715 73.89586438460475,18.542279298987985 73.89586380395171,18.54236966338804 73.89595854221295,18.542370217208397 73.89595912281209,18.542279852799357 73.89624333747005,18.542281513972966 73.89624391791648,18.54219114954596 73.89662287063804,18.54219336375839 73.89662345088684,18.542102999331384 73.89671818902231,18.542103552765465 73.89671760882742,18.542193917192467 73.89690708521515,18.54219502392588 73.89690650511908,18.54228538836187 73.89700124337134,18.54228594165222 73.89699950320886,18.54255703497815 73.89690476480389,18.542556481669834 73.89690302446176,18.542827574977796 73.89671354737334,18.542826468208453 73.89671412759517,18.542736103781447 73.89633517366089,18.5427338896858 73.89633459324142,18.54282425410382 73.89614511619791,18.542823146768537 73.89614569671619,18.542732782359497 73.89595621978049,18.54273167483557 </coordinates>
      </LinearRing>
    </outerBoundaryIs>
    <innerBoundaryIs>
      <LinearRing>
        <coordinates>73.89595621978049,18.54273167483557 73.89586148132162,18.542731121006227 73.89586264264565,18.542550392206117 73.8959573810057,18.542550946026473 73.89595621978049,18.54273167483557 </coordinates>
      </LinearRing>
    </innerBoundaryIs>
    <innerBoundaryIs>
      <LinearRing>
        <coordinates>73.89624217656822,18.542462242800024 73.89624275702363,18.542371878390988 73.89671644842865,18.542374646064445 73.8967152880209,18.542555374918454 73.89652581124689,18.542554267987413 73.89652639154959,18.542463903560407 73.89624217656822,18.542462242800024 </coordinates>
      </LinearRing>
    </innerBoundaryIs>
  </Polygon>
</Placemark><Placemark>
  <name>1.8-1.9</name>
  <ExtendedData>
    <Data name='count'>
      <value>241</value>
    </Data>
    <Data name='depth_class'>
      <value>3</value>
    </Data>
    <Data name='system:index'>
      <value>+8359+4951</value>
    </Data>
  </ExtendedData>
  <styleUrl>#style_orange</styleUrl>
  <MultiGeometry>
    <Polygon>
      <outerBoundaryIs>
        <LinearRing>
          <coordinates>73.89595621978049,18.54273167483557 73.89586148132162,18.542731121006227 73.89586264264565,18.542550392206117 73.8959573810057,18.542550946026473 73.89595621978049,18.54273167483557 </coordinates>
        </LinearRing>
      </outerBoundaryIs>
    </Polygon>
    <Polygon>
      <outerBoundaryIs>
        <LinearRing>
          <coordinates>73.89472520130364,18.54263410696203 73.89453572457454,18.54263299801876 73.89453630592826,18.542542633654637 73.89444156761313,18.54254207911563 73.89444214902075,18.542451714751508 73.89425267250724,18.542450605538743 73.8942532540047,18.542360241183605 73.89510589797857,18.542365231127377 73.89510706006617,18.542184502354218 73.89520179820164,18.542185056551865 73.89520237919604,18.542094692160795 73.89558133156727,18.54209690844833 73.89558191236404,18.542006544048274 73.89567665040968,18.542007098003378 73.8956760696758,18.542097462403433 73.89586554589285,18.54209857016991 73.8958649652488,18.54218893457895 73.89614917974507,18.542190595878317 73.8961497602364,18.542100231460296 73.89624449836289,18.54210078512794 73.89624565923776,18.541920056291897 73.89671934940311,18.541922823893486 73.89671992958903,18.5418324594575 73.8969094055815,18.54183356615498 73.8969099856596,18.54174320171001 73.89709946156225,18.541744308218842 73.89709888158296,18.5418346726728 73.89719361959267,18.54183522585535 73.89719187977155,18.54210631920823 73.89728661793399,18.54210687235485 73.89728603803555,18.54219723679982 73.89738077625186,18.542197789901525 73.89737613736072,18.54292070550621 73.89709192153495,18.542919045985503 73.89709250155916,18.542828681549516 73.89690302446176,18.542827574977796 73.89690476480389,18.542556481669834 73.89699950320886,18.54255703497815 73.89700124337134,18.54228594165222 73.89690650511908,18.54228538836187 73.89690708521515,18.54219502392588 73.89671760882742,18.542193917192467 73.89671818902231,18.542103552765465 73.89662345088684,18.542102999331384 73.89662287063804,18.54219336375839 73.89624391791648,18.54219114954596 73.89624333747005,18.542281513972966 73.89595912281209,18.542279852799357 73.89595854221295,18.542370217208397 73.89586380395171,18.54236966338804 73.89586438460475,18.542279298987985 73.89576964638843,18.542278745122715 73.89577022708637,18.542188380713675 73.89558075077949,18.542187272848384 73.89558016998272,18.54227763724844 73.89539069358601,18.54227652918552 73.89538953178587,18.542457257967666 73.89548427008305,18.542457812030566 73.89548310837273,18.54263854081271 73.89557784676872,18.542639094830697 73.89557668513926,18.542819823621823 73.89538720814966,18.54281871552297 73.8953877890632,18.54272835114088 73.89510357374947,18.542726688646752 73.89510124947545,18.543088146157142 73.895195988105,18.543088700381738 73.89519540707468,18.543179064754845 73.89557436184441,18.54318128118611 73.8955749426771,18.54309091679504 73.89595389729412,18.543093132453755 73.89595621978049,18.54273167483557 73.89614569671619,18.542732782359497 73.89614511619791,18.542823146768537 73.89633459324142,18.54282425410382 73.89633517366089,18.5427338896858 73.89671412759517,18.542736103781447 73.89671354737334,18.542826468208453 73.89680828591305,18.542827021615583 73.89680770574512,18.542917386042586 73.8967129671515,18.542916832635456 73.89671238692965,18.54300719706246 73.89623869377291,18.54300442929019 73.89623811329955,18.54309479369923 73.89614337462508,18.543094239995654 73.89614279409781,18.54318460440469 73.89576383924724,18.543182389114286 73.89576325851336,18.543272753505356 73.8955737810117,18.543271645577185 73.89557320017902,18.543362009959274 73.89528898379629,18.54336034768972 73.89528956478169,18.543269983316616 73.89519482604435,18.543269429136934 73.89519424501403,18.54335979351004 73.89500476744949,18.543358684997962 73.89500418631137,18.54344904937107 73.8949094474842,18.543448495038675 73.89490886629217,18.543538859402794 73.89443517196763,18.54353608703115 73.89443459052407,18.543626451377307 73.89424511270802,18.543625342092678 73.89424743885951,18.54326388470805 73.89434217756991,18.543264439363842 73.8943427590494,18.543174075017685 73.8944374977059,18.543174629619575 73.89443807913148,18.543084265264433 73.89453281774307,18.54308481982141 73.89453339911475,18.542994455457286 73.89472287624808,18.542995564427503 73.89472345751197,18.5429052000544 73.89481819603373,18.542905754467643 73.89481935846268,18.542725025730412 73.89472462004873,18.542724471326153 73.89472520130364,18.54263410696203 </coordinates>
        </LinearRing>
      </outerBoundaryIs>
      <innerBoundaryIs>
        <LinearRing>
          <coordinates>73.89472520130364,18.54263410696203 73.89472578255854,18.542543742588926 73.89482052088266,18.5425442969842 73.89481993967267,18.542634661357308 73.89472520130364,18.54263410696203 </coordinates>
        </LinearRing>
      </innerBoundaryIs>
    </Polygon>
  </MultiGeometry>
</Placemark><Placemark>
  <name>1.7-1.8</name>
  <ExtendedData>
    <Data name='count'>
      <value>12</value>
    </Data>
    <Data name='depth_class'>
      <value>2</value>
    </Data>
    <Data name='system:index'>
      <value>+8362+4951</value>
    </Data>
  </ExtendedData>
  <styleUrl>#style_yellow</styleUrl>
  <Polygon>
    <outerBoundaryIs>
      <LinearRing>
        <coordinates>73.89709888158296,18.5418346726728 73.89709946156225,18.541744308218842 73.89738367544766,18.54174596762277 73.89738251577653,18.54192669653966 73.89747725384014,18.541927249587467 73.89747609425883,18.542107978504358 73.89738135609642,18.54210742544757 73.89738077625186,18.542197789901525 73.89728603803555,18.54219723679982 73.89728661793399,18.54210687235485 73.89719187977155,18.54210631920823 73.89719361959267,18.54183522585535 73.89709888158296,18.5418346726728 </coordinates>
      </LinearRing>
    </outerBoundaryIs>
  </Polygon>
</Placemark><Placemark>
  <name>1.7-1.8</name>
  <ExtendedData>
    <Data name='count'>
      <value>4</value>
    </Data>
    <Data name='depth_class'>
      <value>2</value>
    </Data>
    <Data name='system:index'>
      <value>+8372+4955</value>
    </Data>
  </ExtendedData>
  <styleUrl>#style_yellow</styleUrl>
  <Polygon>
    <outerBoundaryIs>
      <LinearRing>
        <coordinates>73.89804800024355,18.541569108944564 73.89804915918705,18.54138837998276 73.89833337256941,18.541390037931414 73.89833279324587,18.5414804024213 73.89814331755883,18.541479297161125 73.89814273813649,18.54156966165101 73.89804800024355,18.541569108944564 </coordinates>
      </LinearRing>
    </outerBoundaryIs>
  </Polygon>
</Placemark><Placemark>
  <name>1.8-1.9</name>
  <ExtendedData>
    <Data name='count'>
      <value>64</value>
    </Data>
    <Data name='depth_class'>
      <value>3</value>
    </Data>
    <Data name='system:index'>
      <value>+8373+4954</value>
    </Data>
  </ExtendedData>
  <styleUrl>#style_orange</styleUrl>
  <Polygon>
    <outerBoundaryIs>
      <LinearRing>
        <coordinates>73.89776030878205,18.542109637369293 73.89776204770484,18.541838543971497 73.89785678573253,18.541839096821672 73.89785852447565,18.54156800340591 73.89795326235961,18.541568556202186 73.89795384188076,18.541478191721286 73.8980485797198,18.54147874446366 73.89804800024355,18.541569108944564 73.89814273813649,18.54156966165101 73.89814331755883,18.541479297161125 73.89842753110288,18.541480954975032 73.89842695182426,18.541571319464918 73.89852168972618,18.541571871982715 73.89851995203408,18.54184296546136 73.8983304759338,18.541841860371864 73.89832931725081,18.542022589342654 73.89861353171115,18.542024246923 73.89861179411785,18.54229534039266 73.89851705581171,18.542294787910794 73.89851763506337,18.54220442342091 73.89832815855885,18.542203318304463 73.89832757920837,18.542293682794348 73.8982328409112,18.54229313015977 73.89823226150682,18.542383494640674 73.89813752316473,18.54238294196118 73.89813694370646,18.5424733064331 73.89804220531946,18.542472753699705 73.89804278482265,18.542382389227782 73.89794804648953,18.542381836458457 73.89794862604663,18.542291471986534 73.89785388775843,18.54229091917229 73.89785504696245,18.542110190228453 73.89776030878205,18.542109637369293 </coordinates>
      </LinearRing>
    </outerBoundaryIs>
  </Polygon>
</Placemark><Placemark>
  <name>1.9-2.0</name>
  <ExtendedData>
    <Data name='count'>
      <value>9</value>
    </Data>
    <Data name='depth_class'>
      <value>4</value>
    </Data>
    <Data name='system:index'>
      <value>+8374+4946</value>
    </Data>
  </ExtendedData>
  <styleUrl>#style_red</styleUrl>
  <Polygon>
    <outerBoundaryIs>
      <LinearRing>
        <coordinates>73.89813694370646,18.5424733064331 73.89813752316473,18.54238294196118 73.89823226150682,18.542383494640674 73.8982328409112,18.54229313015977 73.89832757920837,18.542293682794348 73.89832815855885,18.542203318304463 73.89851763506337,18.54220442342091 73.89851705581171,18.542294787910794 73.89861179411785,18.54229534039266 73.89861121491111,18.54238570488255 73.89842173819999,18.542384599855932 73.89842115889442,18.542474964336837 73.89813694370646,18.5424733064331 </coordinates>
      </LinearRing>
    </outerBoundaryIs>
  </Polygon>
</Placemark><Placemark>
  <name>1.8-1.9</name>
  <ExtendedData>
    <Data name='count'>
      <value>1</value>
    </Data>
    <Data name='depth_class'>
      <value>3</value>
    </Data>
    <Data name='system:index'>
      <value>+8377+4949</value>
    </Data>
  </ExtendedData>
  <styleUrl>#style_orange</styleUrl>
  <Polygon>
    <outerBoundaryIs>
      <LinearRing>
        <coordinates>73.89870826987358,18.542024799350965 73.89870884901744,18.5419344348521 73.89880358712597,18.541934987235148 73.898803008036,18.54202535173402 73.89870826987358,18.542024799350965 </coordinates>
      </LinearRing>
    </outerBoundaryIs>
  </Polygon>
</Placemark><Placemark>
  <name>1.7-1.8</name>
  <ExtendedData>
    <Data name='count'>
      <value>10</value>
    </Data>
    <Data name='depth_class'>
      <value>2</value>
    </Data>
    <Data name='system:index'>
      <value>+8377+4950</value>
    </Data>
  </ExtendedData>
  <styleUrl>#style_yellow</styleUrl>
  <MultiGeometry>
    <Polygon>
      <outerBoundaryIs>
        <LinearRing>
          <coordinates>73.89870826987358,18.542024799350965 73.898803008036,18.54202535173402 73.89880242893705,18.54211571623289 73.89870769072971,18.542115163840855 73.89870826987358,18.542024799350965 </coordinates>
        </LinearRing>
      </outerBoundaryIs>
    </Polygon>
    <Polygon>
      <outerBoundaryIs>
        <LinearRing>
          <coordinates>73.89870826987358,18.542024799350965 73.89832931725081,18.542022589342654 73.8983304759338,18.541841860371864 73.89880416621592,18.541844622736278 73.89880358712597,18.541934987235148 73.89870884901744,18.5419344348521 73.89870826987358,18.542024799350965 </coordinates>
        </LinearRing>
      </outerBoundaryIs>
    </Polygon>
  </MultiGeometry>
</Placemark><Placemark>
  <name>1.9-2.0</name>
  <ExtendedData>
    <Data name='count'>
      <value>78</value>
    </Data>
    <Data name='depth_class'>
      <value>4</value>
    </Data>
    <Data name='system:index'>
      <value>+8387+4958</value>
    </Data>
  </ExtendedData>
  <styleUrl>#style_red</styleUrl>
  <MultiGeometry>
    <Polygon>
      <outerBoundaryIs>
        <LinearRing>
          <coordinates>73.89956207084161,18.541849040048973 73.90013049945684,18.5418523510325 73.90013107784611,18.541761986488712 73.90041529204593,18.541763641338182 73.90041471380937,18.541854005881966 73.90060419005337,18.541855108887372 73.90060476819113,18.54176474432562 73.90088898244484,18.541766398456435 73.90088956042987,18.54167603389468 73.90098429847552,18.541676585172805 73.90098372053541,18.54176694974354 73.90117319672551,18.54176805216504 73.9011726188842,18.541858416735774 73.90098314259528,18.541857314305293 73.90098256465517,18.541947678876028 73.90088782646579,18.54194712758892 73.90088724846278,18.542037492150673 73.90050829554359,18.542035286508174 73.90050887373523,18.541944921964387 73.90031939739241,18.54194381886017 73.90031881909296,18.542034183403953 73.90022408087664,18.54203363178447 73.90022292417893,18.54221436086306 73.90012818586379,18.542213809189676 73.90012760746552,18.542304173724478 73.89974865404326,18.542301966536876 73.89974923264815,18.542211602011058 73.89965449435097,18.54221105009513 73.89965507300076,18.54212068556931 73.89956033476648,18.542120133608467 73.89956207084161,18.541849040048973 </coordinates>
        </LinearRing>
      </outerBoundaryIs>
    </Polygon>
    <Polygon>
      <outerBoundaryIs>
        <LinearRing>
          <coordinates>73.89956207084161,18.541849040048973 73.89946733275104,18.541848488043215 73.89946849022131,18.54166775900056 73.89937375223855,18.54166720696785 73.8993754885652,18.541396113399376 73.89928075073516,18.541395561321753 73.89928190836712,18.54121483228808 73.89947138384755,18.541215936380446 73.89947196256023,18.541125571854625 73.89975617564613,18.54112722763834 73.8997544399393,18.54139832124275 73.89965970209128,18.54139776935377 73.8996579662048,18.541668862940213 73.89956322821305,18.541668310997334 73.89956207084161,18.541849040048973 </coordinates>
        </LinearRing>
      </outerBoundaryIs>
    </Polygon>
  </MultiGeometry>
</Placemark><Placemark>
  <name>1.7-1.8</name>
  <ExtendedData>
    <Data name='count'>
      <value>8</value>
    </Data>
    <Data name='depth_class'>
      <value>2</value>
    </Data>
    <Data name='system:index'>
      <value>+8395+4955</value>
    </Data>
  </ExtendedData>
  <styleUrl>#style_yellow</styleUrl>
  <Polygon>
    <outerBoundaryIs>
      <LinearRing>
        <coordinates>73.90032171054528,18.541582360676042 73.90032228881778,18.541491996123273 73.90041702673767,18.541492547679873 73.90041760496524,18.541402183127104 73.90051234284022,18.54140273463879 73.90051176466653,18.54149309919156 73.90070124052426,18.5414942020712 73.90070008436554,18.541674931194702 73.9004158702825,18.54167327678541 73.90041644851009,18.54158291223264 73.90032171054528,18.541582360676042 </coordinates>
      </LinearRing>
    </outerBoundaryIs>
  </Polygon>
</Placemark><Placemark>
  <name>1.9-2.0</name>
  <ExtendedData>
    <Data name='count'>
      <value>10</value>
    </Data>
    <Data name='depth_class'>
      <value>4</value>
    </Data>
    <Data name='system:index'>
      <value>+8409+4951</value>
    </Data>
  </ExtendedData>
  <styleUrl>#style_red</styleUrl>
  <MultiGeometry>
    <Polygon>
      <outerBoundaryIs>
        <LinearRing>
          <coordinates>73.9017410478408,18.541861722877382 73.90174162537667,18.541771358288678 73.90183636349418,18.541771909144593 73.90183578600322,18.541862273733297 73.9017410478408,18.541861722877382 </coordinates>
        </LinearRing>
      </outerBoundaryIs>
    </Polygon>
    <Polygon>
      <outerBoundaryIs>
        <LinearRing>
          <coordinates>73.9017410478408,18.541861722877382 73.90174047028695,18.541952087466083 73.90126677924125,18.541949332449885 73.90126793482506,18.541768603299435 73.90164688725916,18.54177080738785 73.90164630966939,18.54186117197655 73.9017410478408,18.541861722877382 </coordinates>
        </LinearRing>
      </outerBoundaryIs>
    </Polygon>
  </MultiGeometry>
</Placemark><Placemark>
  <name>1.8-1.9</name>
  <ExtendedData>
    <Data name='count'>
      <value>152</value>
    </Data>
    <Data name='depth_class'>
      <value>3</value>
    </Data>
    <Data name='system:index'>
      <value>+8409+4960</value>
    </Data>
  </ExtendedData>
  <styleUrl>#style_orange</styleUrl>
  <Polygon>
    <outerBoundaryIs>
      <LinearRing>
        <coordinates>73.89956207084161,18.541849040048973 73.89956322821305,18.541668310997334 73.8996579662048,18.541668862940213 73.89965970209128,18.54139776935377 73.8997544399393,18.54139832124275 73.89975559707719,18.541217592173144 73.90022928586811,18.541220350872432 73.90022986418552,18.541129986319664 73.90079829054598,18.54113329517418 73.90079771252502,18.541223659744915 73.90089245031913,18.54122421105897 73.90089129437601,18.54140494019146 73.90098603225995,18.541405491460598 73.9009854543378,18.541495856031336 73.90117493023146,18.54149695844385 73.90117724151584,18.541135500124977 73.90127197927403,18.541136051250387 73.90127255703449,18.541045686661686 73.90146203245203,18.541046788759793 73.90146261011368,18.540956424171092 73.90184156077811,18.54095862776543 73.90184098331409,18.5410489923721 73.90193572104533,18.54104954315615 73.90193514362623,18.541139907753834 73.90212461918752,18.54114100918719 73.90212404186724,18.541231373793856 73.90165035274393,18.541228619846656 73.90164862001951,18.541499713621743 73.90193283393187,18.54150136616254 73.9019322564948,18.541591730760224 73.90183751847611,18.541591179958207 73.90183636349418,18.541771909144593 73.90174162537667,18.541771358288678 73.9017410478408,18.541861722877382 73.90164630966939,18.54186117197655 73.90164688725916,18.54177080738785 73.90126793482506,18.541768603299435 73.90126735703764,18.54185896787915 73.9011726188842,18.541858416735774 73.90117319672551,18.54176805216504 73.90098372053541,18.54176694974354 73.90098429847552,18.541676585172805 73.90088956042987,18.54167603389468 73.90088898244484,18.541766398456435 73.90060476819113,18.54176474432562 73.90060419005337,18.541855108887372 73.90041471380937,18.541854005881966 73.90041529204593,18.541763641338182 73.90013107784611,18.541761986488712 73.90013049945684,18.5418523510325 73.89956207084161,18.541849040048973 </coordinates>
      </LinearRing>
    </outerBoundaryIs>
    <innerBoundaryIs>
      <LinearRing>
        <coordinates>73.90032171054528,18.541582360676042 73.90032228881778,18.541491996123273 73.90041702673767,18.541492547679873 73.90041760496524,18.541402183127104 73.90051234284022,18.54140273463879 73.90051176466653,18.54149309919156 73.90070124052426,18.5414942020712 73.90070008436554,18.541674931194702 73.9004158702825,18.54167327678541 73.90041644851009,18.54158291223264 73.90032171054528,18.541582360676042 </coordinates>
      </LinearRing>
    </innerBoundaryIs>
  </Polygon>
</Placemark><Placemark>
  <name>1.9-2.0</name>
  <ExtendedData>
    <Data name='count'>
      <value>14</value>
    </Data>
    <Data name='depth_class'>
      <value>4</value>
    </Data>
    <Data name='system:index'>
      <value>+8412+4957</value>
    </Data>
  </ExtendedData>
  <styleUrl>#style_red</styleUrl>
  <Polygon>
    <outerBoundaryIs>
      <LinearRing>
        <coordinates>73.90164862001951,18.541499713621743 73.90165035274393,18.541228619846656 73.90212404186724,18.541231373793856 73.90212288721769,18.541412103007193 73.90202814928882,18.54141155230399 73.90202757190565,18.541501916910658 73.90164862001951,18.541499713621743 </coordinates>
      </LinearRing>
    </outerBoundaryIs>
  </Polygon>
</Placemark><Placemark>
  <name>1.8-1.9</name>
  <ExtendedData>
    <Data name='count'>
      <value>2</value>
    </Data>
    <Data name='depth_class'>
      <value>3</value>
    </Data>
    <Data name='system:index'>
      <value>+8413+4956</value>
    </Data>
  </ExtendedData>
  <styleUrl>#style_orange</styleUrl>
  <MultiGeometry>
    <Polygon>
      <outerBoundaryIs>
        <LinearRing>
          <coordinates>73.90212288721769,18.541412103007193 73.90212346454695,18.541321738400523 73.9022182024309,18.541322289049827 73.90221762515553,18.54141265366548 73.90212288721769,18.541412103007193 </coordinates>
        </LinearRing>
      </outerBoundaryIs>
    </Polygon>
    <Polygon>
      <outerBoundaryIs>
        <LinearRing>
          <coordinates>73.90212288721769,18.541412103007193 73.90212230988841,18.54150246761386 73.90202757190565,18.541501916910658 73.90202814928882,18.54141155230399 73.90212288721769,18.541412103007193 </coordinates>
        </LinearRing>
      </outerBoundaryIs>
    </Polygon>
  </MultiGeometry>
</Placemark><Placemark>
  <name>1.9-2.0</name>
  <ExtendedData>
    <Data name='count'>
      <value>10</value>
    </Data>
    <Data name='depth_class'>
      <value>4</value>
    </Data>
    <Data name='system:index'>
      <value>+8417+4954</value>
    </Data>
  </ExtendedData>
  <styleUrl>#style_red</styleUrl>
  <Polygon>
    <outerBoundaryIs>
      <LinearRing>
        <coordinates>73.9024053694836,18.541684848667305 73.90240652384568,18.541504119436002 73.90259599983817,18.5415052204202 73.9025948456737,18.5416859496515 73.90268958377325,18.541686500076224 73.90268900673145,18.54177686470086 73.90278374488489,18.541777415080666 73.902783167888,18.541867779705303 73.90268842968963,18.54186722931651 73.90268785263885,18.541957593941145 73.90259311438659,18.541957043507438 73.9025936914823,18.541866678891786 73.90249895329292,18.54186612841316 73.90250010757416,18.541685399181862 73.9024053694836,18.541684848667305 </coordinates>
      </LinearRing>
    </outerBoundaryIs>
  </Polygon>
</Placemark><Placemark>
  <name>1.8-1.9</name>
  <ExtendedData>
    <Data name='count'>
      <value>36</value>
    </Data>
    <Data name='depth_class'>
      <value>3</value>
    </Data>
    <Data name='system:index'>
      <value>+8419+4959</value>
    </Data>
  </ExtendedData>
  <styleUrl>#style_orange</styleUrl>
  <MultiGeometry>
    <Polygon>
      <outerBoundaryIs>
        <LinearRing>
          <coordinates>73.90259715400262,18.541324491179914 73.90259657692489,18.541414855795566 73.90269131487172,18.541415406211307 73.90269189190454,18.541325041595655 73.90278662980646,18.541325591957495 73.9027872067764,18.541235227332862 73.90288194463339,18.54123577764979 73.90287963691533,18.54159723615731 73.90297437497894,18.541597786438302 73.9029720674046,18.541959244954807 73.90287732915235,18.541958694655847 73.90287675220037,18.54204905928048 73.90268727558806,18.542047958556797 73.90268842968963,18.54186722931651 73.902783167888,18.541867779705303 73.90278374488489,18.541777415080666 73.90268900673145,18.54177686470086 73.90268958377325,18.541686500076224 73.9025948456737,18.5416859496515 73.90259599983817,18.5415052204202 73.90231178586292,18.541503568876532 73.90231294031484,18.541322839654214 73.90240767820778,18.541323390213684 73.90240825538433,18.541233025598032 73.90250299322337,18.541233576103608 73.90250241610072,18.541323940719256 73.90259715400262,18.541324491179914 </coordinates>
        </LinearRing>
      </outerBoundaryIs>
    </Polygon>
    <Polygon>
      <outerBoundaryIs>
        <LinearRing>
          <coordinates>73.9027872067764,18.541235227332862 73.90269246892838,18.54123467697102 73.90269189190454,18.541325041595655 73.90259715400262,18.541324491179914 73.90259830814014,18.54114376193963 73.90250357034601,18.54114321147897 73.9025041474597,18.54105284686332 73.90278836071627,18.54105449807461 73.9027872067764,18.541235227332862 </coordinates>
        </LinearRing>
      </outerBoundaryIs>
    </Polygon>
  </MultiGeometry>
</Placemark><Placemark>
  <name>1.9-2.0</name>
  <ExtendedData>
    <Data name='count'>
      <value>6</value>
    </Data>
    <Data name='depth_class'>
      <value>4</value>
    </Data>
    <Data name='system:index'>
      <value>+8420+4958</value>
    </Data>
  </ExtendedData>
  <styleUrl>#style_red</styleUrl>
  <MultiGeometry>
    <Polygon>
      <outerBoundaryIs>
        <LinearRing>
          <coordinates>73.90259715400262,18.541324491179914 73.90250241610072,18.541323940719256 73.90250299322337,18.541233576103608 73.90240825538433,18.541233025598032 73.9024088325519,18.541142660982384 73.90259830814014,18.54114376193963 73.90259715400262,18.541324491179914 </coordinates>
        </LinearRing>
      </outerBoundaryIs>
    </Polygon>
    <Polygon>
      <outerBoundaryIs>
        <LinearRing>
          <coordinates>73.9027872067764,18.541235227332862 73.90278778374633,18.541144862699245 73.90288252155842,18.54114541301617 73.90288194463339,18.54123577764979 73.9027872067764,18.541235227332862 </coordinates>
        </LinearRing>
      </outerBoundaryIs>
    </Polygon>
    <Polygon>
      <outerBoundaryIs>
        <LinearRing>
          <coordinates>73.90259715400262,18.541324491179914 73.90269189190454,18.541325041595655 73.90269131487172,18.541415406211307 73.90259657692489,18.541414855795566 73.90259715400262,18.541324491179914 </coordinates>
        </LinearRing>
      </outerBoundaryIs>
    </Polygon>
    <Polygon>
      <outerBoundaryIs>
        <LinearRing>
          <coordinates>73.9027872067764,18.541235227332862 73.90278662980646,18.541325591957495 73.90269189190454,18.541325041595655 73.90269246892838,18.54123467697102 73.9027872067764,18.541235227332862 </coordinates>
        </LinearRing>
      </outerBoundaryIs>
    </Polygon>
  </MultiGeometry>
</Placemark><Placemark>
  <name>1.9-2.0</name>
  <ExtendedData>
    <Data name='count'>
      <value>14</value>
    </Data>
    <Data name='depth_class'>
      <value>4</value>
    </Data>
    <Data name='system:index'>
      <value>+8428+4954</value>
    </Data>
  </ExtendedData>
  <styleUrl>#style_red</styleUrl>
  <Polygon>
    <outerBoundaryIs>
      <LinearRing>
        <coordinates>73.90344748869536,18.54169090176722 73.90344806533294,18.54160053712462 73.90354280341451,18.54160108711815 73.90354337999817,18.541510722466565 73.90363811803483,18.541511272415185 73.90363754149608,18.541601637057784 73.90382701767722,18.54160273681129 73.90382644123727,18.541693101471854 73.90392117937276,18.54169365127674 73.90392060298672,18.541784015928325 73.90382586478836,18.541783466123437 73.90382528833943,18.54187383077502 73.90373055010515,18.541873280916235 73.90372997360234,18.54196364556782 73.90354049703494,18.541962545697537 73.90354222682186,18.54169145176075 73.90344748869536,18.54169090176722 </coordinates>
      </LinearRing>
    </outerBoundaryIs>
  </Polygon>
</Placemark><Placemark>
  <name>1.8-1.9</name>
  <ExtendedData>
    <Data name='count'>
      <value>1</value>
    </Data>
    <Data name='depth_class'>
      <value>3</value>
    </Data>
    <Data name='system:index'>
      <value>+8429+4960</value>
    </Data>
  </ExtendedData>
  <styleUrl>#style_orange</styleUrl>
  <Polygon>
    <outerBoundaryIs>
      <LinearRing>
        <coordinates>73.9036410006657,18.541059449148282 73.9036415771775,18.540969084487717 73.90373631491772,18.54096963437345 73.90373573845083,18.541059999025034 73.9036410006657,18.541059449148282 </coordinates>
      </LinearRing>
    </outerBoundaryIs>
  </Polygon>
</Placemark><Placemark>
  <name>1.7-1.8</name>
  <ExtendedData>
    <Data name='count'>
      <value>1</value>
    </Data>
    <Data name='depth_class'>
      <value>2</value>
    </Data>
    <Data name='system:index'>
      <value>+8431+4955</value>
    </Data>
  </ExtendedData>
  <styleUrl>#style_yellow</styleUrl>
  <Polygon>
    <outerBoundaryIs>
      <LinearRing>
        <coordinates>73.90382759410817,18.541512372159705 73.90382817053911,18.541422007499136 73.90392290853984,18.54142255729504 73.90392233215381,18.541512921955608 73.90382759410817,18.541512372159705 </coordinates>
      </LinearRing>
    </outerBoundaryIs>
  </Polygon>
</Placemark><Placemark>
  <name>1.8-1.9</name>
  <ExtendedData>
    <Data name='count'>
      <value>14</value>
    </Data>
    <Data name='depth_class'>
      <value>3</value>
    </Data>
    <Data name='system:index'>
      <value>+8431+4958</value>
    </Data>
  </ExtendedData>
  <styleUrl>#style_orange</styleUrl>
  <Polygon>
    <outerBoundaryIs>
      <LinearRing>
        <coordinates>73.90363754149608,18.541601637057784 73.90363984762413,18.541240178460434 73.90373458550809,18.541240728346168 73.90373516198395,18.541150363685603 73.903924637671,18.54115146331334 73.90392290853984,18.54142255729504 73.90382817053911,18.541422007499136 73.90382759410817,18.541512372159705 73.90392233215381,18.541512921955608 73.90392117937276,18.54169365127674 73.90382644123727,18.541693101471854 73.90382701767722,18.54160273681129 73.90363754149608,18.541601637057784 </coordinates>
      </LinearRing>
    </outerBoundaryIs>
  </Polygon>
</Placemark><Placemark>
  <name>1.6-1.7</name>
  <ExtendedData>
    <Data name='count'>
      <value>9</value>
    </Data>
    <Data name='depth_class'>
      <value>1</value>
    </Data>
    <Data name='system:index'>
      <value>+8444+4961</value>
    </Data>
  </ExtendedData>
  <styleUrl>#style_green</styleUrl>
  <Polygon>
    <outerBoundaryIs>
      <LinearRing>
        <coordinates>73.90477785433883,18.541066044597066 73.90477900617667,18.54088531521305 73.90515795711059,18.540887512150874 73.9051573813893,18.540977876856356 73.90525211918342,18.540978425978523 73.90525154351603,18.541068790675023 73.90477785433883,18.541066044597066 </coordinates>
      </LinearRing>
    </outerBoundaryIs>
  </Polygon>
</Placemark><Placemark>
  <name>1.8-1.9</name>
  <ExtendedData>
    <Data name='count'>
      <value>27</value>
    </Data>
    <Data name='depth_class'>
      <value>3</value>
    </Data>
    <Data name='system:index'>
      <value>+8445+4957</value>
    </Data>
  </ExtendedData>
  <styleUrl>#style_orange</styleUrl>
  <Polygon>
    <outerBoundaryIs>
      <LinearRing>
        <coordinates>73.90477497469936,18.541517868034646 73.90477670249203,18.541246773972098 73.90525039216331,18.541249520085987 73.90524981648694,18.541339884782488 73.90543929247941,18.54134098290106 73.90543871689287,18.54143134761552 73.90524924080158,18.54143024948797 73.90524866511623,18.54152061418447 73.90515392702568,18.54152006505332 73.90515277554718,18.541700794446317 73.90524751373655,18.541701343586453 73.90524693803324,18.54179170828295 73.9053416762765,18.54179225737817 73.9053411006271,18.541882622074667 73.90505688576252,18.541880974636303 73.9050580373578,18.541700245252287 73.90496329917741,18.54169969601334 73.90496387501547,18.541609331325823 73.90486913688898,18.54160878204196 73.90486971277195,18.541518417354443 73.90477497469936,18.541517868034646 </coordinates>
      </LinearRing>
    </outerBoundaryIs>
  </Polygon>
</Placemark><Placemark>
  <name>1.9-2.0</name>
  <ExtendedData>
    <Data name='count'>
      <value>1</value>
    </Data>
    <Data name='depth_class'>
      <value>4</value>
    </Data>
    <Data name='system:index'>
      <value>+8446+4950</value>
    </Data>
  </ExtendedData>
  <styleUrl>#style_red</styleUrl>
  <Polygon>
    <outerBoundaryIs>
      <LinearRing>
        <coordinates>73.90524578663559,18.54197243767595 73.9052463623389,18.54188207297945 73.9053411006271,18.541882622074667 73.90534052497767,18.541972986780152 73.90524578663559,18.54197243767595 </coordinates>
      </LinearRing>
    </outerBoundaryIs>
  </Polygon>
</Placemark><Placemark>
  <name>1.7-1.8</name>
  <ExtendedData>
    <Data name='count'>
      <value>13</value>
    </Data>
    <Data name='depth_class'>
      <value>2</value>
    </Data>
    <Data name='system:index'>
      <value>+8446+4959</value>
    </Data>
  </ExtendedData>
  <styleUrl>#style_yellow</styleUrl>
  <Polygon>
    <outerBoundaryIs>
      <LinearRing>
        <coordinates>73.90477670249203,18.541246773972098 73.90477785433883,18.541066044597066 73.90534628135507,18.541069339752273 73.90534455447869,18.541340433868722 73.90524981648694,18.541339884782488 73.90525039216331,18.541249520085987 73.90477670249203,18.541246773972098 </coordinates>
      </LinearRing>
    </outerBoundaryIs>
  </Polygon>
</Placemark><Placemark>
  <name>1.7-1.8</name>
  <ExtendedData>
    <Data name='count'>
      <value>10</value>
    </Data>
    <Data name='depth_class'>
      <value>2</value>
    </Data>
    <Data name='system:index'>
      <value>+8447+4955</value>
    </Data>
  </ExtendedData>
  <styleUrl>#style_yellow</styleUrl>
  <Polygon>
    <outerBoundaryIs>
      <LinearRing>
        <coordinates>73.90515277554718,18.541700794446317 73.90515392702568,18.54152006505332 73.90524866511623,18.54152061418447 73.90524924080158,18.54143024948797 73.90543871689287,18.54143134761552 73.90543641452876,18.54179280642847 73.90524693803324,18.54179170828295 73.90524751373655,18.541701343586453 73.90515277554718,18.541700794446317 </coordinates>
      </LinearRing>
    </outerBoundaryIs>
  </Polygon>
</Placemark><Placemark>
  <name>1.6-1.7</name>
  <ExtendedData>
    <Data name='count'>
      <value>2</value>
    </Data>
    <Data name='depth_class'>
      <value>1</value>
    </Data>
    <Data name='system:index'>
      <value>+8454+4960</value>
    </Data>
  </ExtendedData>
  <styleUrl>#style_green</styleUrl>
  <Polygon>
    <outerBoundaryIs>
      <LinearRing>
        <coordinates>73.90600887109092,18.541163546669008 73.90601002163517,18.540982817213127 73.90610475945624,18.540983365913085 73.9061036090108,18.541164095368966 73.90600887109092,18.541163546669008 </coordinates>
      </LinearRing>
    </outerBoundaryIs>
  </Polygon>
</Placemark><Placemark>
  <name>1.8-1.9</name>
  <ExtendedData>
    <Data name='count'>
      <value>3</value>
    </Data>
    <Data name='depth_class'>
      <value>3</value>
    </Data>
    <Data name='system:index'>
      <value>+8457+4962</value>
    </Data>
  </ExtendedData>
  <styleUrl>#style_orange</styleUrl>
  <Polygon>
    <outerBoundaryIs>
      <LinearRing>
        <coordinates>73.90610533467446,18.540893001180653 73.90610590989269,18.540802636448223 73.90639012307741,18.54080428221572 73.9063895480119,18.54089464695714 73.90610533467446,18.540893001180653 </coordinates>
      </LinearRing>
    </outerBoundaryIs>
  </Polygon>
</Placemark><Placemark>
  <name>1.6-1.7</name>
  <ExtendedData>
    <Data name='count'>
      <value>3</value>
    </Data>
    <Data name='depth_class'>
      <value>1</value>
    </Data>
    <Data name='system:index'>
      <value>+8458+4960</value>
    </Data>
  </ExtendedData>
  <styleUrl>#style_green</styleUrl>
  <Polygon>
    <outerBoundaryIs>
      <LinearRing>
        <coordinates>73.90629308485956,18.54116519261617 73.90629423510735,18.540984463151307 73.90648371077644,18.54098556020088 73.90648313575583,18.541075924942298 73.9063883978719,18.541075376439967 73.90638782278842,18.5411657411724 73.90629308485956,18.54116519261617 </coordinates>
      </LinearRing>
    </outerBoundaryIs>
  </Polygon>
</Placemark><Placemark>
  <name>1.6-1.7</name>
  <ExtendedData>
    <Data name='count'>
      <value>3</value>
    </Data>
    <Data name='depth_class'>
      <value>1</value>
    </Data>
    <Data name='system:index'>
      <value>+8466+4963</value>
    </Data>
  </ExtendedData>
  <styleUrl>#style_green</styleUrl>
  <Polygon>
    <outerBoundaryIs>
      <LinearRing>
        <coordinates>73.90695854953668,18.540807572484095 73.90695912429678,18.540717207724715 73.90724333741862,18.540718852207622 73.90724276281124,18.540809216967006 73.90695854953668,18.540807572484095 </coordinates>
      </LinearRing>
    </outerBoundaryIs>
  </Polygon>
</Placemark><Placemark>
  <name>1.9-2.0</name>
  <ExtendedData>
    <Data name='count'>
      <value>3</value>
    </Data>
    <Data name='depth_class'>
      <value>4</value>
    </Data>
    <Data name='system:index'>
      <value>+8468+4955</value>
    </Data>
  </ExtendedData>
  <styleUrl>#style_red</styleUrl>
  <Polygon>
    <outerBoundaryIs>
      <LinearRing>
        <coordinates>73.90714342761916,18.541531586934987 73.90714400230739,18.541441222175603 73.90742821664195,18.541442866442917 73.90742764210644,18.541533231211282 73.90714342761916,18.541531586934987 </coordinates>
      </LinearRing>
    </outerBoundaryIs>
  </Polygon>
</Placemark><Placemark>
  <name>1.7-1.8</name>
  <ExtendedData>
    <Data name='count'>
      <value>38</value>
    </Data>
    <Data name='depth_class'>
      <value>2</value>
    </Data>
    <Data name='system:index'>
      <value>+8469+4964</value>
    </Data>
  </ExtendedData>
  <styleUrl>#style_yellow</styleUrl>
  <MultiGeometry>
    <Polygon>
      <outerBoundaryIs>
        <LinearRing>
          <coordinates>73.90667261153273,18.541077021812207 73.9066731864545,18.540986657061808 73.90676792429353,18.540987205420407 73.90676907403828,18.540806475919613 73.90724276281124,18.540809216967006 73.90724333741862,18.540718852207622 73.90743281285414,18.540719948287016 73.90743338736269,18.54062958350967 73.90752812504003,18.540630131481993 73.90752755057639,18.54072049625934 73.90762228829864,18.540721044177765 73.9076217138889,18.54081140895511 73.90733750056943,18.54080976503814 73.90733692600698,18.540900129806506 73.90724218819489,18.54089958173537 73.90724161356955,18.540989946503732 73.90695739999855,18.540988301993874 73.9069568252205,18.541078666753258 73.90667261153273,18.541077021812207 </coordinates>
        </LinearRing>
      </outerBoundaryIs>
    </Polygon>
    <Polygon>
      <outerBoundaryIs>
        <LinearRing>
          <coordinates>73.90648371077644,18.54098556020088 73.90657844861548,18.540986108658295 73.90657787363979,18.54107647339971 73.90667261153273,18.541077021812207 73.90667203660196,18.541167386553624 73.9065772986641,18.541166838141127 73.90657672368843,18.54125720288254 73.90600829580981,18.541253911392456 73.90600887109092,18.541163546669008 73.9061036090108,18.541164095368966 73.90610475945624,18.540983365913085 73.90601002163517,18.540982817213127 73.90601059689831,18.54089245248968 73.90648428579703,18.540895195459466 73.90648371077644,18.54098556020088 </coordinates>
        </LinearRing>
      </outerBoundaryIs>
      <innerBoundaryIs>
        <LinearRing>
          <coordinates>73.90648371077644,18.54098556020088 73.90648313575583,18.541075924942298 73.9063883978719,18.541075376439967 73.90638782278842,18.5411657411724 73.90629308485956,18.54116519261617 73.90629423510735,18.540984463151307 73.90648371077644,18.54098556020088 </coordinates>
        </LinearRing>
      </innerBoundaryIs>
    </Polygon>
  </MultiGeometry>
</Placemark><Placemark>
  <name>1.8-1.9</name>
  <ExtendedData>
    <Data name='count'>
      <value>88</value>
    </Data>
    <Data name='depth_class'>
      <value>3</value>
    </Data>
    <Data name='system:index'>
      <value>+8471+4962</value>
    </Data>
  </ExtendedData>
  <styleUrl>#style_orange</styleUrl>
  <Polygon>
    <outerBoundaryIs>
      <LinearRing>
        <coordinates>73.90600656995751,18.541525005562804 73.90600829580981,18.541253911392456 73.90657672368843,18.54125720288254 73.9065772986641,18.541166838141127 73.90667203660196,18.541167386553624 73.90667261153273,18.541077021812207 73.9069568252205,18.541078666753258 73.90695739999855,18.540988301993874 73.90724161356955,18.540989946503732 73.90724218819489,18.54089958173537 73.90733692600698,18.540900129806506 73.90733750056943,18.54080976503814 73.90771645166505,18.540811956837604 73.90771587730022,18.54090232161495 73.90781061513027,18.540902869452527 73.90781004080138,18.540993234238858 73.90752582717649,18.5409915905824 73.90752525269487,18.541081955350766 73.90761999062374,18.541082503287157 73.90761941619603,18.541172868064503 73.90780889215257,18.541173963793554 73.9078077434858,18.54135469335723 73.90771300540422,18.541354145510674 73.90771243101244,18.54144451027904 73.90761769288595,18.541443962387564 73.90761711844927,18.54153432715593 73.90742764210644,18.541533231211282 73.90742821664195,18.541442866442917 73.90714400230739,18.541441222175603 73.90714342761916,18.541531586934987 73.9069539513033,18.54153049051423 73.90695452609931,18.541440125763835 73.90685978799976,18.541439577486084 73.90686036283172,18.541349212735685 73.90676562478608,18.541348664413018 73.90676619967192,18.541258299671604 73.9066714616712,18.54125775130402 73.90667088674043,18.541348116045437 73.90657614870376,18.541347567623955 73.9065755737191,18.54143793236537 73.90648083562854,18.541437383898973 73.90647968555142,18.54161811337282 73.90638494736204,18.541617564852526 73.90638437226957,18.54170792958496 73.90610015759366,18.541706283727628 73.90610130807502,18.541525554271747 73.90600656995751,18.541525005562804 </coordinates>
      </LinearRing>
    </outerBoundaryIs>
  </Polygon>
</Placemark><Placemark>
  <name>1.9-2.0</name>
  <ExtendedData>
    <Data name='count'>
      <value>5</value>
    </Data>
    <Data name='depth_class'>
      <value>4</value>
    </Data>
    <Data name='system:index'>
      <value>+8472+4960</value>
    </Data>
  </ExtendedData>
  <styleUrl>#style_red</styleUrl>
  <Polygon>
    <outerBoundaryIs>
      <LinearRing>
        <coordinates>73.90752525269487,18.541081955350766 73.90752582717649,18.5409915905824 73.90781004080138,18.540993234238858 73.90780889215257,18.541173963793554 73.90761941619603,18.541172868064503 73.90761999062374,18.541082503287157 73.90752525269487,18.541081955350766 </coordinates>
      </LinearRing>
    </outerBoundaryIs>
  </Polygon>
</Placemark><Placemark>
  <name>1.9-2.0</name>
  <ExtendedData>
    <Data name='count'>
      <value>5</value>
    </Data>
    <Data name='depth_class'>
      <value>4</value>
    </Data>
    <Data name='system:index'>
      <value>+8483+4960</value>
    </Data>
  </ExtendedData>
  <styleUrl>#style_red</styleUrl>
  <Polygon>
    <outerBoundaryIs>
      <LinearRing>
        <coordinates>73.90866210800294,18.54108852743437 73.90866268188267,18.540998162630068 73.90885215771345,18.54099925729911 73.90885158393253,18.541089622112388 73.9090410598801,18.541090716610746 73.909040486198,18.54118108142403 73.90875627213292,18.541179439609117 73.90875684596774,18.541089074795835 73.90866210800294,18.54108852743437 </coordinates>
      </LinearRing>
    </outerBoundaryIs>
  </Polygon>
</Placemark><Placemark>
  <name>1.6-1.7</name>
  <ExtendedData>
    <Data name='count'>
      <value>6</value>
    </Data>
    <Data name='depth_class'>
      <value>1</value>
    </Data>
    <Data name='system:index'>
      <value>+8485+4965</value>
    </Data>
  </ExtendedData>
  <styleUrl>#style_green</styleUrl>
  <Polygon>
    <outerBoundaryIs>
      <LinearRing>
        <coordinates>73.90875914125313,18.5407276155517 73.90875971506998,18.540637250738417 73.90885445279223,18.54063779804599 73.9088550265462,18.540547433223722 73.90904450190088,18.540548527677167 73.90904392823673,18.54063889250841 73.90913866595898,18.54063943966327 73.90913809234874,18.540729804485533 73.90875914125313,18.5407276155517 </coordinates>
      </LinearRing>
    </outerBoundaryIs>
  </Polygon>
</Placemark><Placemark>
  <name>1.9-2.0</name>
  <ExtendedData>
    <Data name='count'>
      <value>1</value>
    </Data>
    <Data name='depth_class'>
      <value>4</value>
    </Data>
    <Data name='system:index'>
      <value>+8489+4956</value>
    </Data>
  </ExtendedData>
  <styleUrl>#style_red</styleUrl>
  <Polygon>
    <outerBoundaryIs>
      <LinearRing>
        <coordinates>73.90932297967488,18.541453817292506 73.90932355321326,18.54136345246126 73.90941829134873,18.541363999508317 73.90941771785528,18.54145436433058 73.90932297967488,18.541453817292506 </coordinates>
      </LinearRing>
    </outerBoundaryIs>
  </Polygon>
</Placemark><Placemark>
  <name>1.9-2.0</name>
  <ExtendedData>
    <Data name='count'>
      <value>7</value>
    </Data>
    <Data name='depth_class'>
      <value>4</value>
    </Data>
    <Data name='system:index'>
      <value>+8495+4959</value>
    </Data>
  </ExtendedData>
  <styleUrl>#style_red</styleUrl>
  <Polygon>
    <outerBoundaryIs>
      <LinearRing>
        <coordinates>73.90989255532195,18.541276369157778 73.90989370178785,18.541095639468335 73.90998843979756,18.54109618621895 73.90998786660953,18.54118655105918 73.91017734273676,18.54118764441668 73.91017676964753,18.54127800926589 73.91027150776505,18.54127855588176 73.91027093472074,18.54136892073097 73.90998672023346,18.541367280748624 73.9099872934215,18.541276915908394 73.90989255532195,18.541276369157778 </coordinates>
      </LinearRing>
    </outerBoundaryIs>
  </Polygon>
</Placemark><Placemark>
  <name>1.9-2.0</name>
  <ExtendedData>
    <Data name='count'>
      <value>1</value>
    </Data>
    <Data name='depth_class'>
      <value>4</value>
    </Data>
    <Data name='system:index'>
      <value>+8496+4969</value>
    </Data>
  </ExtendedData>
  <styleUrl>#style_red</styleUrl>
  <Polygon>
    <outerBoundaryIs>
      <LinearRing>
        <coordinates>73.90999359830121,18.54028290255807 73.90999417144434,18.54019253769987 73.91008890895998,18.540193084369637 73.91008833586177,18.540283449227832 73.90999359830121,18.54028290255807 </coordinates>
      </LinearRing>
    </outerBoundaryIs>
  </Polygon>
</Placemark><Placemark>
  <name>1.6-1.7</name>
  <ExtendedData>
    <Data name='count'>
      <value>7</value>
    </Data>
    <Data name='depth_class'>
      <value>1</value>
    </Data>
    <Data name='system:index'>
      <value>+8499+4967</value>
    </Data>
  </ExtendedData>
  <styleUrl>#style_green</styleUrl>
  <Polygon>
    <outerBoundaryIs>
      <LinearRing>
        <coordinates>73.91008661654021,18.540554543802422 73.9100871896474,18.540464178944227 73.91018192731576,18.540464725578058 73.91018250036905,18.540374360719863 73.91037197560694,18.540375453834816 73.91037140265246,18.540465818701996 73.91056087800713,18.540466911628304 73.9105603051425,18.540557276504465 73.91008661654021,18.540554543802422 </coordinates>
      </LinearRing>
    </outerBoundaryIs>
  </Polygon>
</Placemark><Placemark>
  <name>1.9-2.0</name>
  <ExtendedData>
    <Data name='count'>
      <value>1</value>
    </Data>
    <Data name='depth_class'>
      <value>4</value>
    </Data>
    <Data name='system:index'>
      <value>+8500+4957</value>
    </Data>
  </ExtendedData>
  <styleUrl>#style_red</styleUrl>
  <Polygon>
    <outerBoundaryIs>
      <LinearRing>
        <coordinates>73.91036567289215,18.541369467301923 73.91036624588256,18.541279102443728 73.91046098400905,18.54127964896078 73.91046041106357,18.541370013818977 73.91036567289215,18.541369467301923 </coordinates>
      </LinearRing>
    </outerBoundaryIs>
  </Polygon>
</Placemark><Placemark>
  <name>1.7-1.8</name>
  <ExtendedData>
    <Data name='count'>
      <value>79</value>
    </Data>
    <Data name='depth_class'>
      <value>2</value>
    </Data>
    <Data name='system:index'>
      <value>+8500+4968</value>
    </Data>
  </ExtendedData>
  <styleUrl>#style_yellow</styleUrl>
  <MultiGeometry>
    <Polygon>
      <outerBoundaryIs>
        <LinearRing>
          <coordinates>73.90913866595898,18.54063943966327 73.90951761691088,18.540641627833537 73.90951819032348,18.540551262993308 73.90961292801879,18.540551809914604 73.9096135013775,18.54046144507437 73.90980297667828,18.54046253876425 73.9098035499292,18.540372173915035 73.91008776275459,18.54037381408603 73.91008833586177,18.540283449227832 73.91046728613992,18.540285635448758 73.91046671323036,18.54037600032492 73.91065618849521,18.54037709315241 73.91065389724326,18.540738552639095 73.9103696837621,18.540736913285567 73.91036911078966,18.540827278152747 73.9105585865396,18.540828371106002 73.91055744078336,18.541009100831378 73.91065217876613,18.541009647249616 73.91065160593742,18.541100012116797 73.91036739185438,18.541098372727337 73.91036681887296,18.541188737585532 73.91017734273676,18.54118764441668 73.91017791581699,18.541097279567467 73.91008317780728,18.541096732915666 73.91008375093243,18.541006368066455 73.90998901297661,18.541005821369737 73.9099907324958,18.540734726822098 73.91008547030788,18.54073527350983 73.91008604342404,18.540644908651636 73.90989656790768,18.540643815240237 73.9098959946927,18.540734180080467 73.90932756791003,18.540730898669484 73.9093269943986,18.540821263500728 73.90923225655956,18.540820716435704 73.90923168298526,18.540911081257967 73.90875799361942,18.54090834517826 73.90875914125313,18.5407276155517 73.90913809234874,18.540729804485533 73.90913866595898,18.54063943966327 </coordinates>
        </LinearRing>
      </outerBoundaryIs>
      <innerBoundaryIs>
        <LinearRing>
          <coordinates>73.91008661654021,18.540554543802422 73.9100871896474,18.540464178944227 73.91018192731576,18.540464725578058 73.91018250036905,18.540374360719863 73.91037197560694,18.540375453834816 73.91037140265246,18.540465818701996 73.91056087800713,18.540466911628304 73.9105603051425,18.540557276504465 73.91008661654021,18.540554543802422 </coordinates>
        </LinearRing>
      </innerBoundaryIs>
    </Polygon>
    <Polygon>
      <outerBoundaryIs>
        <LinearRing>
          <coordinates>73.90913866595898,18.54063943966327 73.90904392823673,18.54063889250841 73.90904450190088,18.540548527677167 73.90913923957821,18.540549074841007 73.90913866595898,18.54063943966327 </coordinates>
        </LinearRing>
      </outerBoundaryIs>
    </Polygon>
  </MultiGeometry>
</Placemark><Placemark>
  <name>1.8-1.9</name>
  <ExtendedData>
    <Data name='count'>
      <value>117</value>
    </Data>
    <Data name='depth_class'>
      <value>3</value>
    </Data>
    <Data name='system:index'>
      <value>+8501+4970</value>
    </Data>
  </ExtendedData>
  <styleUrl>#style_orange</styleUrl>
  <MultiGeometry>
    <Polygon>
      <outerBoundaryIs>
        <LinearRing>
          <coordinates>73.91008833586177,18.540283449227832 73.91008776275459,18.54037381408603 73.90989828753466,18.540372720683617 73.90989886074067,18.540282355834403 73.91008833586177,18.540283449227832 </coordinates>
        </LinearRing>
      </outerBoundaryIs>
    </Polygon>
    <Polygon>
      <outerBoundaryIs>
        <LinearRing>
          <coordinates>73.91017734273676,18.54118764441668 73.90998786660953,18.54118655105918 73.90998843979756,18.54109618621895 73.90989370178785,18.541095639468335 73.9098931285549,18.541186004308567 73.90979839050027,18.541185457513034 73.90979896378713,18.541095092672805 73.90970422578638,18.541094545832358 73.90970365245462,18.54118491067259 73.90951417636333,18.541183816838984 73.90951360292378,18.541274181670232 73.9094188648422,18.541273634677072 73.90941829134873,18.541363999508317 73.90932355321326,18.54136345246126 73.90932297967488,18.541453817292506 73.90884928879089,18.541451081356527 73.9088498625808,18.54136071655223 73.90875512446328,18.541360169226692 73.90875569830708,18.541269804413414 73.90866096024347,18.541269257042963 73.90866153412321,18.541178892238666 73.909040486198,18.54118108142403 73.9090410598801,18.541090716610746 73.90885158393253,18.541089622112388 73.90885215771345,18.54099925729911 73.90875741979357,18.540998709991538 73.90875799361942,18.54090834517826 73.90923168298526,18.540911081257967 73.90923225655956,18.540820716435704 73.9093269943986,18.540821263500728 73.90932756791003,18.540730898669484 73.9098959946927,18.540734180080467 73.90989656790768,18.540643815240237 73.91008604342404,18.540644908651636 73.91008547030788,18.54073527350983 73.9099907324958,18.540734726822098 73.90998901297661,18.541005821369737 73.91008375093243,18.541006368066455 73.91008317780728,18.541096732915666 73.91017791581699,18.541097279567467 73.91017734273676,18.54118764441668 </coordinates>
        </LinearRing>
      </outerBoundaryIs>
    </Polygon>
    <Polygon>
      <outerBoundaryIs>
        <LinearRing>
          <coordinates>73.91017734273676,18.54118764441668 73.91036681887296,18.541188737585532 73.91036739185438,18.541098372727337 73.91065160593742,18.541100012116797 73.91065217876613,18.541009647249616 73.91055744078336,18.541009100831378 73.9105585865396,18.540828371106002 73.91036911078966,18.540827278152747 73.9103696837621,18.540736913285567 73.91065389724326,18.540738552639095 73.91065618849521,18.54037709315241 73.91046671323036,18.54037600032492 73.91046728613992,18.540285635448758 73.91008833586177,18.540283449227832 73.91008890895998,18.540193084369637 73.9104678590405,18.540195270581577 73.91046843194107,18.5401049057144 73.91056316942078,18.54010545214162 73.91056259656511,18.540195817017782 73.91075207163233,18.540196909737478 73.91075092612763,18.540377639498786 73.91084566376904,18.54037818579126 73.91084509105711,18.54046855066742 73.91075035337079,18.540468004374947 73.91074978060496,18.54055836925111 73.91084451834519,18.540558915552566 73.91084108200175,18.541101104800557 73.9107463439651,18.541100558481137 73.91074577118131,18.541190923348314 73.91065103309973,18.541190376983977 73.91065046026203,18.541280741842172 73.91036624588256,18.541279102443728 73.91036567289215,18.541369467301923 73.91027093472074,18.54136892073097 73.91027150776505,18.54127855588176 73.91017676964753,18.54127800926589 73.91017734273676,18.54118764441668 </coordinates>
        </LinearRing>
      </outerBoundaryIs>
    </Polygon>
  </MultiGeometry>
</Placemark><Placemark>
  <name>1.9-2.0</name>
  <ExtendedData>
    <Data name='count'>
      <value>3</value>
    </Data>
    <Data name='depth_class'>
      <value>4</value>
    </Data>
    <Data name='system:index'>
      <value>+8504+4959</value>
    </Data>
  </ExtendedData>
  <styleUrl>#style_red</styleUrl>
  <Polygon>
    <outerBoundaryIs>
      <LinearRing>
        <coordinates>73.91065046026203,18.541280741842172 73.91065103309973,18.541190376983977 73.91074577118131,18.541190923348314 73.9107463439651,18.541100558481137 73.91084108200175,18.541101104800557 73.910839936533,18.5412818345439 73.91065046026203,18.541280741842172 </coordinates>
      </LinearRing>
    </outerBoundaryIs>
  </Polygon>
</Placemark><Placemark>
  <name>1.7-1.8</name>
  <ExtendedData>
    <Data name='count'>
      <value>1</value>
    </Data>
    <Data name='depth_class'>
      <value>2</value>
    </Data>
    <Data name='system:index'>
      <value>+8504+4966</value>
    </Data>
  </ExtendedData>
  <styleUrl>#style_yellow</styleUrl>
  <Polygon>
    <outerBoundaryIs>
      <LinearRing>
        <coordinates>73.91074978060496,18.54055836925111 73.91075035337079,18.540468004374947 73.91084509105711,18.54046855066742 73.91084451834519,18.540558915552566 73.91074978060496,18.54055836925111 </coordinates>
      </LinearRing>
    </outerBoundaryIs>
  </Polygon>
</Placemark><Placemark>
  <name>1.9-2.0</name>
  <ExtendedData>
    <Data name='count'>
      <value>2</value>
    </Data>
    <Data name='depth_class'>
      <value>4</value>
    </Data>
    <Data name='system:index'>
      <value>+8505+4962</value>
    </Data>
  </ExtendedData>
  <styleUrl>#style_red</styleUrl>
  <Polygon>
    <outerBoundaryIs>
      <LinearRing>
        <coordinates>73.91084165473166,18.541010739924396 73.91084280019143,18.540830010181054 73.91093753807539,18.54083055644658 73.9109363927234,18.541011286198902 73.91084165473166,18.541010739924396 </coordinates>
      </LinearRing>
    </outerBoundaryIs>
  </Polygon>
</Placemark><Placemark>
  <name>1.8-1.9</name>
  <ExtendedData>
    <Data name='count'>
      <value>1</value>
    </Data>
    <Data name='depth_class'>
      <value>3</value>
    </Data>
    <Data name='system:index'>
      <value>+8511+4965</value>
    </Data>
  </ExtendedData>
  <styleUrl>#style_orange</styleUrl>
  <Polygon>
    <outerBoundaryIs>
      <LinearRing>
        <coordinates>73.9114123724249,18.54065255725831 73.9114129448404,18.540562192364177 73.91150768259857,18.540562738333257 73.911507110237,18.54065310323637 73.9114123724249,18.54065255725831 </coordinates>
      </LinearRing>
    </outerBoundaryIs>
  </Polygon>
</Placemark><Placemark>
  <name>1.8-1.9</name>
  <ExtendedData>
    <Data name='count'>
      <value>2</value>
    </Data>
    <Data name='depth_class'>
      <value>3</value>
    </Data>
    <Data name='system:index'>
      <value>+8513+4961</value>
    </Data>
  </ExtendedData>
  <styleUrl>#style_orange</styleUrl>
  <Polygon>
    <outerBoundaryIs>
      <LinearRing>
        <coordinates>73.91150482073677,18.541014562812887 73.91150539311631,18.540924197918756 73.9116948690459,18.540925289740137 73.91169429676516,18.54101565464325 73.91150482073677,18.541014562812887 </coordinates>
      </LinearRing>
    </outerBoundaryIs>
  </Polygon>
</Placemark><Placemark>
  <name>1.8-1.9</name>
  <ExtendedData>
    <Data name='count'>
      <value>1</value>
    </Data>
    <Data name='depth_class'>
      <value>3</value>
    </Data>
    <Data name='system:index'>
      <value>+8528+4964</value>
    </Data>
  </ExtendedData>
  <styleUrl>#style_orange</styleUrl>
  <Polygon>
    <outerBoundaryIs>
      <LinearRing>
        <coordinates>73.91302234407249,18.540752197284693 73.91302291564355,18.540661832336667 73.91311765350953,18.540662377506244 73.91311708199237,18.540752742454274 73.91302234407249,18.540752197284693 </coordinates>
      </LinearRing>
    </outerBoundaryIs>
  </Polygon>
</Placemark><Placemark>
  <name>1.8-1.9</name>
  <ExtendedData>
    <Data name='count'>
      <value>11</value>
    </Data>
    <Data name='depth_class'>
      <value>3</value>
    </Data>
    <Data name='system:index'>
      <value>+8529+4975</value>
    </Data>
  </ExtendedData>
  <styleUrl>#style_orange</styleUrl>
  <Polygon>
    <outerBoundaryIs>
      <LinearRing>
        <coordinates>73.91283858483271,18.539847457402377 73.91283915647564,18.539757092454348 73.91293389383857,18.53975763768681 73.91293446541862,18.539667272738782 73.91321867738164,18.539668908139724 73.91321810593634,18.539759273096735 73.91340758068914,18.53976036313945 73.91340700935163,18.53985072809646 73.91331227192582,18.53985018309756 73.91331170052544,18.53994054805457 73.91312222558399,18.539939457913043 73.91312279707421,18.539849092965014 73.91283858483271,18.539847457402377 </coordinates>
      </LinearRing>
    </outerBoundaryIs>
  </Polygon>
</Placemark><Placemark>
  <name>1.9-2.0</name>
  <ExtendedData>
    <Data name='count'>
      <value>23</value>
    </Data>
    <Data name='depth_class'>
      <value>4</value>
    </Data>
    <Data name='system:index'>
      <value>+8533+4968</value>
    </Data>
  </ExtendedData>
  <styleUrl>#style_red</styleUrl>
  <Polygon>
    <outerBoundaryIs>
      <LinearRing>
        <coordinates>73.91283343992058,18.54066074186276 73.91283401159045,18.5405703769327 73.91292874940254,18.540570922183125 73.91292932101851,18.54048055724408 73.91302405878568,18.540481102449593 73.91302463034776,18.54039073751055 73.91349831896801,18.54039346281946 73.91349889027856,18.54030309786245 73.9135936279559,18.540303642771516 73.91359305669924,18.54039400773751 73.91368779443047,18.540394552610646 73.91368722321874,18.540484917576638 73.91359248543361,18.540484372703503 73.91359191416797,18.540574737660513 73.91349717632893,18.54057419273348 73.9134966050094,18.54066455769049 73.91302291564355,18.540661832336667 73.91302234407249,18.540752197284693 73.91292760616159,18.5407516520702 73.91292817778655,18.540661287131154 73.91283343992058,18.54066074186276 </coordinates>
      </LinearRing>
    </outerBoundaryIs>
  </Polygon>
</Placemark><Placemark>
  <name>1.6-1.7</name>
  <ExtendedData>
    <Data name='count'>
      <value>18</value>
    </Data>
    <Data name='depth_class'>
      <value>1</value>
    </Data>
    <Data name='system:index'>
      <value>+8537+4977</value>
    </Data>
  </ExtendedData>
  <styleUrl>#style_green</styleUrl>
  <MultiGeometry>
    <Polygon>
      <outerBoundaryIs>
        <LinearRing>
          <coordinates>73.9135970554599,18.539761452984536 73.91359648422122,18.53985181795053 73.91350174678642,18.539851273050445 73.91350231807003,18.53976090808445 73.9135970554599,18.539761452984536 </coordinates>
        </LinearRing>
      </outerBoundaryIs>
    </Polygon>
    <Polygon>
      <outerBoundaryIs>
        <LinearRing>
          <coordinates>73.91359648422122,18.53985181795053 73.913691221656,18.5398523628057 73.91369179284978,18.53976199783072 73.9135970554599,18.539761452984536 73.91359762669859,18.53967108800956 73.91350288936262,18.539670543118458 73.91350403192982,18.539489813186467 73.91397771814258,18.53949253716587 73.9139771471105,18.539582902140847 73.91388240981045,18.53958235743839 73.91388126762952,18.53976308739733 73.91378653023965,18.539762542640975 73.91378481680206,18.540033637556924 73.91359534172587,18.540032547882518 73.91359648422122,18.53985181795053 </coordinates>
        </LinearRing>
      </outerBoundaryIs>
    </Polygon>
  </MultiGeometry>
</Placemark><Placemark>
  <name>1.7-1.8</name>
  <ExtendedData>
    <Data name='count'>
      <value>85</value>
    </Data>
    <Data name='depth_class'>
      <value>2</value>
    </Data>
    <Data name='system:index'>
      <value>+8538+4976</value>
    </Data>
  </ExtendedData>
  <styleUrl>#style_yellow</styleUrl>
  <MultiGeometry>
    <Polygon>
      <outerBoundaryIs>
        <LinearRing>
          <coordinates>73.91283915647564,18.539757092454348 73.91283972810959,18.539666727506322 73.91293446541862,18.539667272738782 73.91293389383857,18.53975763768681 73.91283915647564,18.539757092454348 </coordinates>
        </LinearRing>
      </outerBoundaryIs>
    </Polygon>
    <Polygon>
      <outerBoundaryIs>
        <LinearRing>
          <coordinates>73.91283915647564,18.539757092454348 73.91283858483271,18.539847457402377 73.91312279707421,18.539849092965014 73.91312222558399,18.539939457913043 73.91331170052544,18.53994054805457 73.91331227192582,18.53985018309756 73.91340700935163,18.53985072809646 73.91340758068914,18.53976036313945 73.91321810593634,18.539759273096735 73.91321867738164,18.539668908139724 73.91312394005465,18.539668363050993 73.91312451153587,18.539577998102963 73.91350346064621,18.539580178152463 73.91350288936262,18.539670543118458 73.91359762669859,18.53967108800956 73.9135970554599,18.539761452984536 73.91350231807003,18.53976090808445 73.91350174678642,18.539851273050445 73.91359648422122,18.53985181795053 73.91359534172587,18.540032547882518 73.91378481680206,18.540033637556924 73.91378653023965,18.539762542640975 73.91388126762952,18.53976308739733 73.91388240981045,18.53958235743839 73.91407188441055,18.53958344679839 73.91407017144009,18.53985454175027 73.91416490889284,18.53985508636289 73.91416376699937,18.540035816330814 73.91397429189622,18.540034727042684 73.91397372083719,18.54012509201766 73.91406845844267,18.540125636693165 73.91406731642343,18.54030636664312 73.91368836564222,18.54030418764465 73.91368893685396,18.54021382267866 73.91312051107741,18.54021055276611 73.9131199395782,18.540300917714134 73.91283572658213,18.540299282115566 73.91283515492123,18.54038964705461 73.91264567951266,18.540388556410022 73.91264911001703,18.53984636678474 73.91274384742488,18.539846912116015 73.91274441911271,18.53975654717697 73.91283915647564,18.539757092454348 </coordinates>
        </LinearRing>
      </outerBoundaryIs>
    </Polygon>
    <Polygon>
      <outerBoundaryIs>
        <LinearRing>
          <coordinates>73.9135970554599,18.539761452984536 73.91369179284978,18.53976199783072 73.913691221656,18.5398523628057 73.91359648422122,18.53985181795053 73.9135970554599,18.539761452984536 </coordinates>
        </LinearRing>
      </outerBoundaryIs>
    </Polygon>
  </MultiGeometry>
</Placemark><Placemark>
  <name>1.7-1.8</name>
  <ExtendedData>
    <Data name='count'>
      <value>2</value>
    </Data>
    <Data name='depth_class'>
      <value>2</value>
    </Data>
    <Data name='system:index'>
      <value>+8539+4967</value>
    </Data>
  </ExtendedData>
  <styleUrl>#style_yellow</styleUrl>
  <Polygon>
    <outerBoundaryIs>
      <LinearRing>
        <coordinates>73.91397143660109,18.540486551917567 73.91397200766012,18.54039618694259 73.9141614831675,18.54039727625767 73.91416091219831,18.540487641232648 73.91397143660109,18.540486551917567 </coordinates>
      </LinearRing>
    </outerBoundaryIs>
  </Polygon>
</Placemark><Placemark>
  <name>1.8-1.9</name>
  <ExtendedData>
    <Data name='count'>
      <value>29</value>
    </Data>
    <Data name='depth_class'>
      <value>3</value>
    </Data>
    <Data name='system:index'>
      <value>+8539+4971</value>
    </Data>
  </ExtendedData>
  <styleUrl>#style_orange</styleUrl>
  <Polygon>
    <outerBoundaryIs>
      <LinearRing>
        <coordinates>73.91264510775295,18.540478921340085 73.91264567951266,18.540388556410022 73.91283515492123,18.54038964705461 73.91283572658213,18.540299282115566 73.9131199395782,18.540300917714134 73.91312051107741,18.54021055276611 73.91368893685396,18.54021382267866 73.91368836564222,18.54030418764465 73.91406731642343,18.54030636664312 73.91406845844267,18.540125636693165 73.91397372083719,18.54012509201766 73.91397429189622,18.540034727042684 73.91416376699937,18.540035816330814 73.9141614831675,18.54039727625767 73.91359305669924,18.54039400773751 73.9135936279559,18.540303642771516 73.91349889027856,18.54030309786245 73.91349831896801,18.54039346281946 73.91302463034776,18.54039073751055 73.91302405878568,18.540481102449593 73.91292932101851,18.54048055724408 73.91292874940254,18.540570922183125 73.91273927378735,18.54056983162837 73.91273984550214,18.540479466689327 73.91264510775295,18.540478921340085 </coordinates>
      </LinearRing>
    </outerBoundaryIs>
  </Polygon>
</Placemark><Placemark>
  <name>1.8-1.9</name>
  <ExtendedData>
    <Data name='count'>
      <value>16</value>
    </Data>
    <Data name='depth_class'>
      <value>3</value>
    </Data>
    <Data name='system:index'>
      <value>+8541+4975</value>
    </Data>
  </ExtendedData>
  <styleUrl>#style_orange</styleUrl>
  <MultiGeometry>
    <Polygon>
      <outerBoundaryIs>
        <LinearRing>
          <coordinates>73.91435495465976,18.539765810469433 73.91444969206759,18.539766354938326 73.91444912127805,18.53985671993127 73.9145438587398,18.539857264364233 73.91454328799519,18.539947629357176 73.91501697563626,18.539950350794346 73.91501583462313,18.540131080807182 73.91482635936728,18.540129992363468 73.91482578875741,18.540220357365396 73.91473105108008,18.540219813076163 73.91473162173486,18.540129448074236 73.91454214649697,18.54012835934306 73.91454271725057,18.54003799435012 73.91444797968103,18.540037449917158 73.91444855047955,18.539947084924215 73.91435381296391,18.539946540446337 73.91435495465976,18.539765810469433 </coordinates>
        </LinearRing>
      </outerBoundaryIs>
    </Polygon>
    <Polygon>
      <outerBoundaryIs>
        <LinearRing>
          <coordinates>73.91435495465976,18.539765810469433 73.91426021724293,18.53976526594664 73.91426078813127,18.53967490096268 73.9143555254942,18.53967544547649 73.91435495465976,18.539765810469433 </coordinates>
        </LinearRing>
      </outerBoundaryIs>
    </Polygon>
  </MultiGeometry>
</Placemark><Placemark>
  <name>1.7-1.8</name>
  <ExtendedData>
    <Data name='count'>
      <value>20</value>
    </Data>
    <Data name='depth_class'>
      <value>2</value>
    </Data>
    <Data name='system:index'>
      <value>+8544+4976</value>
    </Data>
  </ExtendedData>
  <styleUrl>#style_yellow</styleUrl>
  <Polygon>
    <outerBoundaryIs>
      <LinearRing>
        <coordinates>73.91435495465976,18.539765810469433 73.91435609633763,18.539585080483548 73.91464030829165,18.539586713737513 73.91463916691022,18.53976744374137 73.91511285406621,18.539770164918025 73.9151111427217,18.540041259950755 73.9150164051342,18.540040715805254 73.91501697563626,18.539950350794346 73.91454328799519,18.539947629357176 73.9145438587398,18.539857264364233 73.91444912127805,18.53985671993127 73.91444969206759,18.539766354938326 73.91435495465976,18.539765810469433 </coordinates>
      </LinearRing>
    </outerBoundaryIs>
  </Polygon>
</Placemark><Placemark>
  <name>1.6-1.7</name>
  <ExtendedData>
    <Data name='count'>
      <value>30</value>
    </Data>
    <Data name='depth_class'>
      <value>1</value>
    </Data>
    <Data name='system:index'>
      <value>+8544+4980</value>
    </Data>
  </ExtendedData>
  <styleUrl>#style_green</styleUrl>
  <Polygon>
    <outerBoundaryIs>
      <LinearRing>
        <coordinates>73.91426135901962,18.539584535969738 73.91426250078733,18.539403805992833 73.91435723799754,18.53940435049766 73.914357808823,18.539313985504716 73.9144525459883,18.539314529955643 73.91445311675986,18.5392241649627 73.91464259100063,18.539225253729807 73.91464202032788,18.539315618731735 73.91483149468542,18.53931670731918 73.9148309241025,18.539407072321104 73.91492566133967,18.539407616547454 73.91492452027263,18.539588346569275 73.91501925760862,18.539588890750707 73.91501868711552,18.539679255761616 73.9151134245054,18.53967979989813 73.91511285406621,18.539770164918025 73.91463916691022,18.53976744374137 73.91464030829165,18.539586713737513 73.91426135901962,18.539584535969738 </coordinates>
      </LinearRing>
    </outerBoundaryIs>
  </Polygon>
</Placemark><Placemark>
  <name>1.6-1.7</name>
  <ExtendedData>
    <Data name='count'>
      <value>1</value>
    </Data>
    <Data name='depth_class'>
      <value>1</value>
    </Data>
    <Data name='system:index'>
      <value>+8552+4975</value>
    </Data>
  </ExtendedData>
  <styleUrl>#style_green</styleUrl>
  <Polygon>
    <outerBoundaryIs>
      <LinearRing>
        <coordinates>73.91530232894478,18.53977125304733 73.91530289929413,18.539680888027437 73.915397636684,18.539681432029205 73.91539706639753,18.5397717970491 73.91530232894478,18.53977125304733 </coordinates>
      </LinearRing>
    </outerBoundaryIs>
  </Polygon>
</Placemark><Placemark>
  <name>1.6-1.7</name>
  <ExtendedData>
    <Data name='count'>
      <value>5</value>
    </Data>
    <Data name='depth_class'>
      <value>1</value>
    </Data>
    <Data name='system:index'>
      <value>+8553+4973</value>
    </Data>
  </ExtendedData>
  <styleUrl>#style_green</styleUrl>
  <Polygon>
    <outerBoundaryIs>
      <LinearRing>
        <coordinates>73.91511171316986,18.539950894939846 73.91511228361804,18.539860529928937 73.91549123359975,18.539862706025847 73.91549009309867,18.54004343606563 73.91539535549319,18.54004289210878 73.91539592579764,18.539952527088886 73.91511171316986,18.539950894939846 </coordinates>
      </LinearRing>
    </outerBoundaryIs>
  </Polygon>
</Placemark><Placemark>
  <name>1.6-1.7</name>
  <ExtendedData>
    <Data name='count'>
      <value>3</value>
    </Data>
    <Data name='depth_class'>
      <value>1</value>
    </Data>
    <Data name='system:index'>
      <value>+8554+4977</value>
    </Data>
  </ExtendedData>
  <styleUrl>#style_green</styleUrl>
  <Polygon>
    <outerBoundaryIs>
      <LinearRing>
        <coordinates>73.91539820697948,18.53959106700033 73.91539877726595,18.539500701980437 73.91558825186603,18.539501789813297 73.91558711149071,18.53968251987105 73.91549237409185,18.539681975968094 73.91549294432443,18.5395916109482 73.91539820697948,18.53959106700033 </coordinates>
      </LinearRing>
    </outerBoundaryIs>
  </Polygon>
</Placemark><Placemark>
  <name>1.8-1.9</name>
  <ExtendedData>
    <Data name='count'>
      <value>1</value>
    </Data>
    <Data name='depth_class'>
      <value>3</value>
    </Data>
    <Data name='system:index'>
      <value>+8554+4982</value>
    </Data>
  </ExtendedData>
  <styleUrl>#style_orange</styleUrl>
  <Polygon>
    <outerBoundaryIs>
      <LinearRing>
        <coordinates>73.91549579547832,18.539139785803822 73.91549636569293,18.539049420765963 73.91559110275044,18.53904996465095 73.91559053258074,18.539140329679828 73.91549579547832,18.539139785803822 </coordinates>
      </LinearRing>
    </outerBoundaryIs>
  </Polygon>
</Placemark><Placemark>
  <name>1.6-1.7</name>
  <ExtendedData>
    <Data name='count'>
      <value>3</value>
    </Data>
    <Data name='depth_class'>
      <value>1</value>
    </Data>
    <Data name='system:index'>
      <value>+8559+4979</value>
    </Data>
  </ExtendedData>
  <styleUrl>#style_green</styleUrl>
  <MultiGeometry>
    <Polygon>
      <outerBoundaryIs>
        <LinearRing>
          <coordinates>73.91606250837425,18.539414143526646 73.91615724564734,18.53941468712417 73.9161561058739,18.539595417226842 73.91606136850199,18.539594873611346 73.91606250837425,18.539414143526646 </coordinates>
        </LinearRing>
      </outerBoundaryIs>
    </Polygon>
    <Polygon>
      <outerBoundaryIs>
        <LinearRing>
          <coordinates>73.91606250837425,18.539414143526646 73.91596777110115,18.539413599866236 73.9159683410822,18.539323234828377 73.91606307830139,18.539323778479805 73.91606250837425,18.539414143526646 </coordinates>
        </LinearRing>
      </outerBoundaryIs>
    </Polygon>
  </MultiGeometry>
</Placemark><Placemark>
  <name>1.6-1.7</name>
  <ExtendedData>
    <Data name='count'>
      <value>6</value>
    </Data>
    <Data name='depth_class'>
      <value>1</value>
    </Data>
    <Data name='system:index'>
      <value>+8560+4982</value>
    </Data>
  </ExtendedData>
  <styleUrl>#style_green</styleUrl>
  <MultiGeometry>
    <Polygon>
      <outerBoundaryIs>
        <LinearRing>
          <coordinates>73.91615895528506,18.539143591974664 73.91625369240543,18.539144135527277 73.91625312258608,18.5392345005831 73.91615838540282,18.53923395703049 73.91615895528506,18.539143591974664 </coordinates>
        </LinearRing>
      </outerBoundaryIs>
    </Polygon>
    <Polygon>
      <outerBoundaryIs>
        <LinearRing>
          <coordinates>73.91615895528506,18.539143591974664 73.9160642181557,18.53914304838612 73.91606364822854,18.53923341343296 73.91587417388897,18.53923232608519 73.9158753139409,18.53905159600049 73.91615952514933,18.53905322692782 73.91615895528506,18.539143591974664 </coordinates>
        </LinearRing>
      </outerBoundaryIs>
    </Polygon>
  </MultiGeometry>
</Placemark><Placemark>
  <name>1.6-1.7</name>
  <ExtendedData>
    <Data name='count'>
      <value>13</value>
    </Data>
    <Data name='depth_class'>
      <value>1</value>
    </Data>
    <Data name='system:index'>
      <value>+8570+4983</value>
    </Data>
  </ExtendedData>
  <styleUrl>#style_green</styleUrl>
  <Polygon>
    <outerBoundaryIs>
      <LinearRing>
        <coordinates>73.91644316667315,18.53914522248877 73.91644430611423,18.538964492368134 73.91710746545382,18.538968295179277 73.91710689608364,18.539058660262054 73.91701215897224,18.53905811714063 73.91701158955713,18.539148482214422 73.91644316667315,18.53914522248877 </coordinates>
      </LinearRing>
    </outerBoundaryIs>
  </Polygon>
</Placemark><Placemark>
  <name>1.7-1.8</name>
  <ExtendedData>
    <Data name='count'>
      <value>131</value>
    </Data>
    <Data name='depth_class'>
      <value>2</value>
    </Data>
    <Data name='system:index'>
      <value>+8571+4983</value>
    </Data>
  </ExtendedData>
  <styleUrl>#style_yellow</styleUrl>
  <Polygon>
    <outerBoundaryIs>
      <LinearRing>
        <coordinates>73.91615895528506,18.539143591974664 73.91615952514933,18.53905322692782 73.91644373639369,18.53905485742396 73.91644316667315,18.53914522248877 73.91701158955713,18.539148482214422 73.91701215897224,18.53905811714063 73.91710689608364,18.539058660262054 73.91710746545382,18.538968295179277 73.91720220252031,18.5389688382468 73.91720163319503,18.539059203329575 73.91729637030643,18.53905974635218 73.91729580103505,18.539150111443938 73.91748527537463,18.539151197354403 73.91748413702052,18.53933192753792 73.91738939974742,18.539331384596164 73.91738883051198,18.539421749678937 73.91710461856692,18.539420120575187 73.91710404918776,18.53951048564898 73.91700931182483,18.539509942518574 73.91700874239176,18.539600307592366 73.91653505540644,18.539597591194745 73.9165333463167,18.539868686362222 73.91624913371588,18.539867055928962 73.91624970357117,18.53977669088212 73.91615496609145,18.539776147311542 73.91615553598268,18.539685782273683 73.91587132372322,18.53968415128347 73.91587189376715,18.53959378624561 73.91577715640422,18.53959324249537 73.9157765863064,18.539683607524246 73.91568184889856,18.539683063720105 73.91568013846134,18.539954158815718 73.91577487602189,18.53995470262884 73.91577430591508,18.540045067657715 73.91567956830961,18.540044523844593 73.91567899814889,18.540134888873467 73.91548952283914,18.54013380109451 73.91549123359975,18.539862706025847 73.9153017586044,18.53986161806722 73.91530232894478,18.53977125304733 73.91539706639753,18.5397717970491 73.91539820697948,18.53959106700033 73.91549294432443,18.5395916109482 73.91549237409185,18.539681975968094 73.91558711149071,18.53968251987105 73.91558825186603,18.539501789813297 73.91539877726595,18.539500701980437 73.91540048809841,18.539229606902794 73.91549522525473,18.539230150832697 73.91549579547832,18.539139785803822 73.91559053258074,18.539140329679828 73.91559110275044,18.53904996465095 73.9158753139409,18.53905159600049 73.91587417388897,18.53923232608519 73.91606364822854,18.53923341343296 73.9160642181557,18.53914304838612 73.91615895528506,18.539143591974664 </coordinates>
      </LinearRing>
    </outerBoundaryIs>
    <innerBoundaryIs>
      <LinearRing>
        <coordinates>73.91615895528506,18.539143591974664 73.91625369240543,18.539144135527277 73.91625312258608,18.5392345005831 73.91615838540282,18.53923395703049 73.91615895528506,18.539143591974664 </coordinates>
      </LinearRing>
    </innerBoundaryIs>
    <innerBoundaryIs>
      <LinearRing>
        <coordinates>73.91729580103505,18.539150111443938 73.91729523176367,18.539240476526714 73.91720049454447,18.539239933495125 73.91720106386975,18.53914956841235 73.91729580103505,18.539150111443938 </coordinates>
      </LinearRing>
    </innerBoundaryIs>
    <innerBoundaryIs>
      <LinearRing>
        <coordinates>73.91606250837425,18.539414143526646 73.91615724564734,18.53941468712417 73.9161561058739,18.539595417226842 73.91606136850199,18.539594873611346 73.91606250837425,18.539414143526646 </coordinates>
      </LinearRing>
    </innerBoundaryIs>
    <innerBoundaryIs>
      <LinearRing>
        <coordinates>73.91606250837425,18.539414143526646 73.91596777110115,18.539413599866236 73.9159683410822,18.539323234828377 73.91606307830139,18.539323778479805 73.91606250837425,18.539414143526646 </coordinates>
      </LinearRing>
    </innerBoundaryIs>
  </Polygon>
</Placemark><Placemark>
  <name>1.6-1.7</name>
  <ExtendedData>
    <Data name='count'>
      <value>1</value>
    </Data>
    <Data name='depth_class'>
      <value>1</value>
    </Data>
    <Data name='system:index'>
      <value>+8572+4981</value>
    </Data>
  </ExtendedData>
  <styleUrl>#style_green</styleUrl>
  <Polygon>
    <outerBoundaryIs>
      <LinearRing>
        <coordinates>73.91720049454447,18.539239933495125 73.91720106386975,18.53914956841235 73.91729580103505,18.539150111443938 73.91729523176367,18.539240476526714 73.91720049454447,18.539239933495125 </coordinates>
      </LinearRing>
    </outerBoundaryIs>
  </Polygon>
</Placemark><Placemark>
  <name>1.9-2.0</name>
  <ExtendedData>
    <Data name='count'>
      <value>15</value>
    </Data>
    <Data name='depth_class'>
      <value>4</value>
    </Data>
    <Data name='system:index'>
      <value>+8574+4977</value>
    </Data>
  </ExtendedData>
  <styleUrl>#style_red</styleUrl>
  <Polygon>
    <outerBoundaryIs>
      <LinearRing>
        <coordinates>73.91710120220203,18.539962311017938 73.91710291040245,18.539691215796562 73.9171976478642,18.53969175889103 73.91719821720744,18.53960139381724 73.91729295461528,18.539601936857814 73.91729352390462,18.539511571775037 73.91748299864844,18.539512657712454 73.9174824294579,18.539603022795227 73.91738769203211,18.53960247985347 73.91738598428984,18.539873575101794 73.9175754594379,18.53987466095836 73.91757489028329,18.53996502605012 73.91710120220203,18.539962311017938 </coordinates>
      </LinearRing>
    </outerBoundaryIs>
  </Polygon>
</Placemark><Placemark>
  <name>1.6-1.7</name>
  <ExtendedData>
    <Data name='count'>
      <value>1</value>
    </Data>
    <Data name='depth_class'>
      <value>1</value>
    </Data>
    <Data name='system:index'>
      <value>+8579+4983</value>
    </Data>
  </ExtendedData>
  <styleUrl>#style_green</styleUrl>
  <Polygon>
    <outerBoundaryIs>
      <LinearRing>
        <coordinates>73.91786479306465,18.53906300350865 73.91786536203958,18.538972638398928 73.91796009912403,18.53897318108916 73.91795953020299,18.539063546198882 73.91786479306465,18.53906300350865 </coordinates>
      </LinearRing>
    </outerBoundaryIs>
  </Polygon>
</Placemark><Placemark>
  <name>1.9-2.0</name>
  <ExtendedData>
    <Data name='count'>
      <value>11</value>
    </Data>
    <Data name='depth_class'>
      <value>4</value>
    </Data>
    <Data name='system:index'>
      <value>+8580+4979</value>
    </Data>
  </ExtendedData>
  <styleUrl>#style_red</styleUrl>
  <MultiGeometry>
    <Polygon>
      <outerBoundaryIs>
        <LinearRing>
          <coordinates>73.91786081016824,18.53969555920486 73.91786137917012,18.5396051941131 73.91776664173534,18.539604651351006 73.91776721077315,18.539514286259248 73.91767247339226,18.539513743452236 73.91767304248397,18.53942337836048 73.91786251714694,18.53942446391162 73.91786308613086,18.539334098810876 73.918052560704,18.539335184164386 73.9180519918189,18.53942554927411 73.91814672916385,18.53942609188349 73.91814616032367,18.539516456984234 73.91795668554391,18.539515371720555 73.91795554765693,18.539696101922036 73.91786081016824,18.53969555920486 </coordinates>
        </LinearRing>
      </outerBoundaryIs>
    </Polygon>
    <Polygon>
      <outerBoundaryIs>
        <LinearRing>
          <coordinates>73.91786081016824,18.53969555920486 73.91786024117535,18.5397859243056 73.91776550364173,18.539785381543506 73.91776607268854,18.539695016442764 73.91786081016824,18.53969555920486 </coordinates>
        </LinearRing>
      </outerBoundaryIs>
    </Polygon>
  </MultiGeometry>
</Placemark><Placemark>
  <name>1.6-1.7</name>
  <ExtendedData>
    <Data name='count'>
      <value>5</value>
    </Data>
    <Data name='depth_class'>
      <value>1</value>
    </Data>
    <Data name='system:index'>
      <value>+8585+4983</value>
    </Data>
  </ExtendedData>
  <styleUrl>#style_green</styleUrl>
  <Polygon>
    <outerBoundaryIs>
      <LinearRing>
        <coordinates>73.918243741636,18.539065173991094 73.91824431040432,18.538974808872386 73.91852852172055,18.538976436233405 73.91852738447137,18.539157166479804 73.91833791005993,18.539156081611385 73.91833847878334,18.539065716492676 73.918243741636,18.539065173991094 </coordinates>
      </LinearRing>
    </outerBoundaryIs>
  </Polygon>
</Placemark><Placemark>
  <name>1.7-1.8</name>
  <ExtendedData>
    <Data name='count'>
      <value>1</value>
    </Data>
    <Data name='depth_class'>
      <value>2</value>
    </Data>
    <Data name='system:index'>
      <value>+8591+4974</value>
    </Data>
  </ExtendedData>
  <styleUrl>#style_yellow</styleUrl>
  <Polygon>
    <outerBoundaryIs>
      <LinearRing>
        <coordinates>73.91899652341216,18.53988279887737 73.91899709182115,18.539792433740693 73.9190918293907,18.539792975891935 73.91909126103559,18.539883341019625 73.91899652341216,18.53988279887737 </coordinates>
      </LinearRing>
    </outerBoundaryIs>
  </Polygon>
</Placemark><Placemark>
  <name>1.9-2.0</name>
  <ExtendedData>
    <Data name='count'>
      <value>19</value>
    </Data>
    <Data name='depth_class'>
      <value>4</value>
    </Data>
    <Data name='system:index'>
      <value>+8594+4980</value>
    </Data>
  </ExtendedData>
  <styleUrl>#style_red</styleUrl>
  <Polygon>
    <outerBoundaryIs>
      <LinearRing>
        <coordinates>73.91862041593357,18.539428804211745 73.91862098451324,18.539338439084055 73.91918940843927,18.539341692296922 73.91918997673149,18.53925132716025 73.91937945129564,18.53925241117527 73.91937888311122,18.539342776320925 73.9194736204472,18.539343318265555 73.91947305231669,18.53943368341121 73.9193783149268,18.53943314146658 73.9193777467334,18.53952350661224 73.9189040595864,18.53952079617045 73.91890349114148,18.53961116129814 73.91880875367075,18.53961061906605 73.91880932216958,18.53952025393836 73.91871458475275,18.539519711661356 73.91871515329649,18.539429346533666 73.91862041593357,18.539428804211745 </coordinates>
      </LinearRing>
    </outerBoundaryIs>
  </Polygon>
</Placemark><Placemark>
  <name>1.8-1.9</name>
  <ExtendedData>
    <Data name='count'>
      <value>219</value>
    </Data>
    <Data name='depth_class'>
      <value>3</value>
    </Data>
    <Data name='system:index'>
      <value>+8595+4981</value>
    </Data>
  </ExtendedData>
  <styleUrl>#style_orange</styleUrl>
  <Polygon>
    <outerBoundaryIs>
      <LinearRing>
        <coordinates>73.91567842798818,18.54022525389336 73.91567956830961,18.540044523844593 73.91577430591508,18.540045067657715 73.91577487602189,18.53995470262884 73.91568013846134,18.539954158815718 73.91568184889856,18.539683063720105 73.9157765863064,18.539683607524246 73.91577715640422,18.53959324249537 73.91587189376715,18.53959378624561 73.91587132372322,18.53968415128347 73.91615553598268,18.539685782273683 73.91615496609145,18.539776147311542 73.91624970357117,18.53977669088212 73.91624913371588,18.539867055928962 73.9165333463167,18.539868686362222 73.91653505540644,18.539597591194745 73.91700874239176,18.539600307592366 73.91700931182483,18.539509942518574 73.91710404918776,18.53951048564898 73.91710461856692,18.539420120575187 73.91738883051198,18.539421749678937 73.91738939974742,18.539331384596164 73.91748413702052,18.53933192753792 73.91748527537463,18.539151197354403 73.91758001254891,18.53915174024226 73.91757944342126,18.53924210533402 73.9190952394494,18.539250785080874 73.91909580777755,18.539160419935218 73.91947475671722,18.539162587965258 73.9194741885867,18.539252953110914 73.91956892587777,18.539253495001642 73.91956835779216,18.539343860156283 73.91966309513712,18.539344402002097 73.91966252709643,18.539434767156735 73.91975726449529,18.539435308957632 73.9197566965085,18.539525674112273 73.91985143396126,18.539526215868253 73.91985029805956,18.53970694618652 73.91966082296538,18.539705862611672 73.91966025491573,18.539796227757332 73.91956551731923,18.539795685902533 73.91956665351739,18.539614955602236 73.9194719160287,18.539614413702523 73.91947077972274,18.53979514399384 73.91899709182115,18.539792433740693 73.91899652341216,18.53988279887737 73.91871231055981,18.53988117214517 73.91871174200709,18.539971537263877 73.91833279137859,18.53996936761687 73.91833336012894,18.539879002507146 73.91767019700742,18.53987520381927 73.91766962790673,18.53996556891103 73.91757489028329,18.53996502605012 73.9175754594379,18.53987466095836 73.91738598428984,18.539873575101794 73.91738769203211,18.53960247985347 73.9174824294579,18.539603022795227 73.91748299864844,18.539512657712454 73.91729352390462,18.539511571775037 73.91729295461528,18.539601936857814 73.91719821720744,18.53960139381724 73.9171976478642,18.53969175889103 73.91710291040245,18.539691215796562 73.91710120220203,18.539962311017938 73.91700646459657,18.539961767869567 73.91700589514552,18.54005213294336 73.91653220691155,18.54004941647387 73.91653163720001,18.540139781529696 73.91605794880434,18.54013706385647 73.91605737885024,18.540227428894326 73.91567842798818,18.54022525389336 </coordinates>
      </LinearRing>
    </outerBoundaryIs>
    <innerBoundaryIs>
      <LinearRing>
        <coordinates>73.91862041593357,18.539428804211745 73.91862098451324,18.539338439084055 73.91918940843927,18.539341692296922 73.91918997673149,18.53925132716025 73.91937945129564,18.53925241117527 73.91937888311122,18.539342776320925 73.9194736204472,18.539343318265555 73.91947305231669,18.53943368341121 73.9193783149268,18.53943314146658 73.9193777467334,18.53952350661224 73.9189040595864,18.53952079617045 73.91890349114148,18.53961116129814 73.91880875367075,18.53961061906605 73.91880932216958,18.53952025393836 73.91871458475275,18.539519711661356 73.91871515329649,18.539429346533666 73.91862041593357,18.539428804211745 </coordinates>
      </LinearRing>
    </innerBoundaryIs>
    <innerBoundaryIs>
      <LinearRing>
        <coordinates>73.91786081016824,18.53969555920486 73.91786137917012,18.5396051941131 73.91776664173534,18.539604651351006 73.91776721077315,18.539514286259248 73.91767247339226,18.539513743452236 73.91767304248397,18.53942337836048 73.91786251714694,18.53942446391162 73.91786308613086,18.539334098810876 73.918052560704,18.539335184164386 73.9180519918189,18.53942554927411 73.91814672916385,18.53942609188349 73.91814616032367,18.539516456984234 73.91795668554391,18.539515371720555 73.91795554765693,18.539696101922036 73.91786081016824,18.53969555920486 </coordinates>
      </LinearRing>
    </innerBoundaryIs>
    <innerBoundaryIs>
      <LinearRing>
        <coordinates>73.91786081016824,18.53969555920486 73.91786024117535,18.5397859243056 73.91776550364173,18.539785381543506 73.91776607268854,18.539695016442764 73.91786081016824,18.53969555920486 </coordinates>
      </LinearRing>
    </innerBoundaryIs>
  </Polygon>
</Placemark><Placemark>
  <name>1.7-1.8</name>
  <ExtendedData>
    <Data name='count'>
      <value>2</value>
    </Data>
    <Data name='depth_class'>
      <value>2</value>
    </Data>
    <Data name='system:index'>
      <value>+8596+4976</value>
    </Data>
  </ExtendedData>
  <styleUrl>#style_yellow</styleUrl>
  <Polygon>
    <outerBoundaryIs>
      <LinearRing>
        <coordinates>73.91947077972274,18.53979514399384 73.9194719160287,18.539614413702523 73.91956665351739,18.539614955602236 73.91956551731923,18.539795685902533 73.91947077972274,18.53979514399384 </coordinates>
      </LinearRing>
    </outerBoundaryIs>
  </Polygon>
</Placemark><Placemark>
  <name>1.6-1.7</name>
  <ExtendedData>
    <Data name='count'>
      <value>4</value>
    </Data>
    <Data name='depth_class'>
      <value>1</value>
    </Data>
    <Data name='system:index'>
      <value>+8601+4981</value>
    </Data>
  </ExtendedData>
  <styleUrl>#style_green</styleUrl>
  <Polygon>
    <outerBoundaryIs>
      <LinearRing>
        <coordinates>73.91985256983602,18.53934548554999 73.91985370571078,18.539164755231727 73.92004318022104,18.539165838573012 73.92004204455289,18.53934656890924 73.91985256983602,18.53934548554999 </coordinates>
      </LinearRing>
    </outerBoundaryIs>
  </Polygon>
</Placemark><Placemark>
  <name>1.9-2.0</name>
  <ExtendedData>
    <Data name='count'>
      <value>1</value>
    </Data>
    <Data name='depth_class'>
      <value>4</value>
    </Data>
    <Data name='system:index'>
      <value>+8602+4986</value>
    </Data>
  </ExtendedData>
  <styleUrl>#style_red</styleUrl>
  <Polygon>
    <outerBoundaryIs>
      <LinearRing>
        <coordinates>73.9200454515214,18.53880437790055 73.9200460193375,18.538714012727944 73.92014075635907,18.53871455432223 73.92014018858788,18.538804919494837 73.9200454515214,18.53880437790055 </coordinates>
      </LinearRing>
    </outerBoundaryIs>
  </Polygon>
</Placemark><Placemark>
  <name>1.8-1.9</name>
  <ExtendedData>
    <Data name='count'>
      <value>46</value>
    </Data>
    <Data name='depth_class'>
      <value>3</value>
    </Data>
    <Data name='system:index'>
      <value>+8603+4986</value>
    </Data>
  </ExtendedData>
  <styleUrl>#style_orange</styleUrl>
  <Polygon>
    <outerBoundaryIs>
      <LinearRing>
        <coordinates>73.91900220730449,18.538979147537578 73.91900277567755,18.538888782400903 73.91909751275301,18.538889324516212 73.91909808107218,18.538798959379537 73.91966650330039,18.53880221106527 73.91966707132312,18.53871184590165 73.9200460193375,18.538714012727944 73.9200454515214,18.53880437790055 73.92014018858788,18.538804919494837 73.92014075635907,18.53871455432223 73.92023549337166,18.538715095862617 73.92023435793708,18.538895826207828 73.92032909505745,18.538896367712283 73.92032739202236,18.539167463239085 73.92004318022104,18.539165838573012 73.92004374805511,18.539075473409387 73.91928585047224,18.539071138903395 73.91928641869258,18.53898077375774 73.91919168156322,18.53898023173226 73.91919111328897,18.53907059687792 73.9190963761057,18.539070054798543 73.91909694443385,18.53897968966187 73.91900220730449,18.538979147537578 </coordinates>
      </LinearRing>
    </outerBoundaryIs>
  </Polygon>
</Placemark><Placemark>
  <name>1.6-1.7</name>
  <ExtendedData>
    <Data name='count'>
      <value>1</value>
    </Data>
    <Data name='depth_class'>
      <value>1</value>
    </Data>
    <Data name='system:index'>
      <value>+8605+4979</value>
    </Data>
  </ExtendedData>
  <styleUrl>#style_green</styleUrl>
  <Polygon>
    <outerBoundaryIs>
      <LinearRing>
        <coordinates>73.9203256889603,18.539438558765887 73.92032625665065,18.53934819359328 73.92042099402256,18.5393487350618 73.92042042637713,18.539439100234407 73.9203256889603,18.539438558765887 </coordinates>
      </LinearRing>
    </outerBoundaryIs>
  </Polygon>
</Placemark><Placemark>
  <name>1.6-1.7</name>
  <ExtendedData>
    <Data name='count'>
      <value>1</value>
    </Data>
    <Data name='depth_class'>
      <value>1</value>
    </Data>
    <Data name='system:index'>
      <value>+8606+4984</value>
    </Data>
  </ExtendedData>
  <styleUrl>#style_green</styleUrl>
  <Polygon>
    <outerBoundaryIs>
      <LinearRing>
        <coordinates>73.92042326455038,18.538987274344425 73.92042383217783,18.538896909162837 73.92051856929821,18.538897450568474 73.92051800172466,18.538987815750065 73.92042326455038,18.538987274344425 </coordinates>
      </LinearRing>
    </outerBoundaryIs>
  </Polygon>
</Placemark><Placemark>
  <name>1.8-1.9</name>
  <ExtendedData>
    <Data name='count'>
      <value>4</value>
    </Data>
    <Data name='depth_class'>
      <value>3</value>
    </Data>
    <Data name='system:index'>
      <value>+8607+4976</value>
    </Data>
  </ExtendedData>
  <styleUrl>#style_orange</styleUrl>
  <Polygon>
    <outerBoundaryIs>
      <LinearRing>
        <coordinates>73.92022924830177,18.539709112752305 73.920229816055,18.53961874758868 73.92060876614451,18.5396209133909 73.92060819858891,18.539711278572486 73.92022924830177,18.539709112752305 </coordinates>
      </LinearRing>
    </outerBoundaryIs>
  </Polygon>
</Placemark><Placemark>
  <name>1.6-1.7</name>
  <ExtendedData>
    <Data name='count'>
      <value>5</value>
    </Data>
    <Data name='depth_class'>
      <value>1</value>
    </Data>
    <Data name='system:index'>
      <value>+8610+4980</value>
    </Data>
  </ExtendedData>
  <styleUrl>#style_green</styleUrl>
  <MultiGeometry>
    <Polygon>
      <outerBoundaryIs>
        <LinearRing>
          <coordinates>73.92061046877537,18.53934981784613 73.92060990123773,18.53944018302772 73.92051516380295,18.539439641658014 73.92051573139447,18.539349276476422 73.92061046877537,18.53934981784613 </coordinates>
        </LinearRing>
      </outerBoundaryIs>
    </Polygon>
    <Polygon>
      <outerBoundaryIs>
        <LinearRing>
          <coordinates>73.92089468092702,18.539351441676768 73.92098941831689,18.53935198285783 73.9209888509769,18.5394423480484 73.9208941135421,18.53944180686734 73.92089468092702,18.539351441676768 </coordinates>
        </LinearRing>
      </outerBoundaryIs>
    </Polygon>
    <Polygon>
      <outerBoundaryIs>
        <LinearRing>
          <coordinates>73.92089468092702,18.539351441676768 73.92061046877537,18.53934981784613 73.92061103631299,18.53925945266454 73.92089524832092,18.539261076486195 73.92089468092702,18.539351441676768 </coordinates>
        </LinearRing>
      </outerBoundaryIs>
    </Polygon>
  </MultiGeometry>
</Placemark><Placemark>
  <name>1.6-1.7</name>
  <ExtendedData>
    <Data name='count'>
      <value>4</value>
    </Data>
    <Data name='depth_class'>
      <value>1</value>
    </Data>
    <Data name='system:index'>
      <value>+8611+4985</value>
    </Data>
  </ExtendedData>
  <styleUrl>#style_green</styleUrl>
  <Polygon>
    <outerBoundaryIs>
      <LinearRing>
        <coordinates>73.92070747609118,18.538988898426595 73.92070804356592,18.538898533236022 73.92080278070428,18.53889907449793 73.92080334812512,18.538808709298372 73.920992822303,18.53880979167846 73.92099225498097,18.538900156878015 73.92089751784262,18.53889961570594 73.92089695046668,18.538989980905495 73.92070747609118,18.538988898426595 </coordinates>
      </LinearRing>
    </outerBoundaryIs>
  </Polygon>
</Placemark><Placemark>
  <name>1.6-1.7</name>
  <ExtendedData>
    <Data name='count'>
      <value>3</value>
    </Data>
    <Data name='depth_class'>
      <value>1</value>
    </Data>
    <Data name='system:index'>
      <value>+8617+4981</value>
    </Data>
  </ExtendedData>
  <styleUrl>#style_green</styleUrl>
  <MultiGeometry>
    <Polygon>
      <outerBoundaryIs>
        <LinearRing>
          <coordinates>73.92155840978056,18.539264863729535 73.92165314714347,18.53926540457822 73.92165258015382,18.53935576978676 73.921557842737,18.53935522894706 73.92155840978056,18.539264863729535 </coordinates>
        </LinearRing>
      </outerBoundaryIs>
    </Polygon>
    <Polygon>
      <outerBoundaryIs>
        <LinearRing>
          <coordinates>73.92155840978056,18.539264863729535 73.9213689350547,18.53926378189742 73.92136950219707,18.539173416688882 73.92155897681512,18.539174498520996 73.92155840978056,18.539264863729535 </coordinates>
        </LinearRing>
      </outerBoundaryIs>
    </Polygon>
  </MultiGeometry>
</Placemark><Placemark>
  <name>1.7-1.8</name>
  <ExtendedData>
    <Data name='count'>
      <value>218</value>
    </Data>
    <Data name='depth_class'>
      <value>2</value>
    </Data>
    <Data name='system:index'>
      <value>+8618+4987</value>
    </Data>
  </ExtendedData>
  <styleUrl>#style_yellow</styleUrl>
  <Polygon>
    <outerBoundaryIs>
      <LinearRing>
        <coordinates>73.92004318022104,18.539165838573012 73.92032739202236,18.539167463239085 73.92032909505745,18.538896367712283 73.92023435793708,18.538895826207828 73.92023549337166,18.538715095862617 73.92061444146691,18.53871726154805 73.92061500898657,18.538626896357478 73.9207097459722,18.538627437664303 73.92070917850644,18.538717802854876 73.92089865257653,18.53871888531581 73.92089921994348,18.538628520116255 73.92165711598125,18.538632848055563 73.92165654901855,18.538723213273084 73.92175128608503,18.538723754058886 73.92175015224046,18.538904484502915 73.92165541506618,18.538903943717113 73.92165428111382,18.539084674143172 73.92174901837792,18.53908521493796 73.92174845145115,18.53917558015548 73.92184318876916,18.53917612090535 73.92184262187831,18.53926648612287 73.9219373592592,18.539267026827822 73.92193849292411,18.539086296383797 73.92222270477035,18.53908791819323 73.92222213808611,18.539178283419734 73.92231687542208,18.539178823936037 73.92231630878277,18.539269189162543 73.92222157140188,18.53926864865522 73.92222100470867,18.539359013881725 73.92184205498747,18.539356851349375 73.92184148809663,18.5394472165669 73.92165201315518,18.53944613500428 73.92165314714347,18.53926540457822 73.92155840978056,18.539264863729535 73.92155897681512,18.539174498520996 73.92136950219707,18.539173416688882 73.9213689350547,18.53926378189742 73.9211794603558,18.539262699876662 73.92117832587343,18.539443430275774 73.92108358842067,18.539442889184546 73.92108302112558,18.5395332543841 73.92089354613923,18.539532172057914 73.92089297874533,18.539622537239506 73.9198508660104,18.539616581022894 73.91985143396126,18.539526215868253 73.9197566965085,18.539525674112273 73.91975726449529,18.539435308957632 73.91966252709643,18.539434767156735 73.91966309513712,18.539344402002097 73.91956835779216,18.539343860156283 73.91956892587777,18.539253495001642 73.9194741885867,18.539252953110914 73.91947475671722,18.539162587965258 73.91909580777755,18.539160419935218 73.9190952394494,18.539250785080874 73.91767418064944,18.539242648176963 73.91767474972319,18.539152283076223 73.91776948690645,18.539152825865266 73.91777062495514,18.538972095663784 73.91786536203958,18.538972638398928 73.91786479306465,18.53906300350865 73.91795953020299,18.539063546198882 73.91796066804507,18.538882815988416 73.91815014213311,18.538883901216163 73.9181495733109,18.538974266325887 73.91824431040432,18.538974808872386 73.918243741636,18.539065173991094 73.91833847878334,18.539065716492676 73.91833791005993,18.539156081611385 73.91852738447137,18.539157166479804 73.91852852172055,18.538976436233405 73.91871799594335,18.538977520895212 73.91871856446014,18.538887155767522 73.91900277567755,18.538888782400903 73.91900220730449,18.538979147537578 73.91909694443385,18.53897968966187 73.9190963761057,18.539070054798543 73.91919111328897,18.53907059687792 73.91919168156322,18.53898023173226 73.91928641869258,18.53898077375774 73.91928585047224,18.539071138903395 73.92004374805511,18.539075473409387 73.92004318022104,18.539165838573012 </coordinates>
      </LinearRing>
    </outerBoundaryIs>
    <innerBoundaryIs>
      <LinearRing>
        <coordinates>73.92004318022104,18.539165838573012 73.92004204455289,18.53934656890924 73.91985256983602,18.53934548554999 73.91985370571078,18.539164755231727 73.92004318022104,18.539165838573012 </coordinates>
      </LinearRing>
    </innerBoundaryIs>
    <innerBoundaryIs>
      <LinearRing>
        <coordinates>73.9203256889603,18.539438558765887 73.92032625665065,18.53934819359328 73.92042099402256,18.5393487350618 73.92042042637713,18.539439100234407 73.9203256889603,18.539438558765887 </coordinates>
      </LinearRing>
    </innerBoundaryIs>
    <innerBoundaryIs>
      <LinearRing>
        <coordinates>73.92042326455038,18.538987274344425 73.92042383217783,18.538896909162837 73.92051856929821,18.538897450568474 73.92051800172466,18.538987815750065 73.92042326455038,18.538987274344425 </coordinates>
      </LinearRing>
    </innerBoundaryIs>
    <innerBoundaryIs>
      <LinearRing>
        <coordinates>73.92070747609118,18.538988898426595 73.92070804356592,18.538898533236022 73.92080278070428,18.53889907449793 73.92080334812512,18.538808709298372 73.920992822303,18.53880979167846 73.92099225498097,18.538900156878015 73.92089751784262,18.53889961570594 73.92089695046668,18.538989980905495 73.92070747609118,18.538988898426595 </coordinates>
      </LinearRing>
    </innerBoundaryIs>
    <innerBoundaryIs>
      <LinearRing>
        <coordinates>73.92061046877537,18.53934981784613 73.92060990123773,18.53944018302772 73.92051516380295,18.539439641658014 73.92051573139447,18.539349276476422 73.92061046877537,18.53934981784613 </coordinates>
      </LinearRing>
    </innerBoundaryIs>
    <innerBoundaryIs>
      <LinearRing>
        <coordinates>73.92089468092702,18.539351441676768 73.92098941831689,18.53935198285783 73.9209888509769,18.5394423480484 73.9208941135421,18.53944180686734 73.92089468092702,18.539351441676768 </coordinates>
      </LinearRing>
    </innerBoundaryIs>
    <innerBoundaryIs>
      <LinearRing>
        <coordinates>73.92061046877537,18.53934981784613 73.92061103631299,18.53925945266454 73.92089524832092,18.539261076486195 73.92089468092702,18.539351441676768 73.92061046877537,18.53934981784613 </coordinates>
      </LinearRing>
    </innerBoundaryIs>
  </Polygon>
</Placemark><Placemark>
  <name>1.8-1.9</name>
  <ExtendedData>
    <Data name='count'>
      <value>1</value>
    </Data>
    <Data name='depth_class'>
      <value>3</value>
    </Data>
    <Data name='system:index'>
      <value>+8619+4984</value>
    </Data>
  </ExtendedData>
  <styleUrl>#style_orange</styleUrl>
  <Polygon>
    <outerBoundaryIs>
      <LinearRing>
        <coordinates>73.92165484809449,18.538994308934633 73.92165541506618,18.538903943717113 73.92175015224046,18.538904484502915 73.92174958531368,18.538994849720435 73.92165484809449,18.538994308934633 </coordinates>
      </LinearRing>
    </outerBoundaryIs>
  </Polygon>
</Placemark><Placemark>
  <name>1.6-1.7</name>
  <ExtendedData>
    <Data name='count'>
      <value>1</value>
    </Data>
    <Data name='depth_class'>
      <value>1</value>
    </Data>
    <Data name='system:index'>
      <value>+8621+4981</value>
    </Data>
  </ExtendedData>
  <styleUrl>#style_green</styleUrl>
  <Polygon>
    <outerBoundaryIs>
      <LinearRing>
        <coordinates>73.92184262187831,18.53926648612287 73.92184318876916,18.53917612090535 73.92193792609615,18.539176661601317 73.9219373592592,18.539267026827822 73.92184262187831,18.53926648612287 </coordinates>
      </LinearRing>
    </outerBoundaryIs>
  </Polygon>
</Placemark><Placemark>
  <name>1.6-1.7</name>
  <ExtendedData>
    <Data name='count'>
      <value>4</value>
    </Data>
    <Data name='depth_class'>
      <value>1</value>
    </Data>
    <Data name='system:index'>
      <value>+8623+4987</value>
    </Data>
  </ExtendedData>
  <styleUrl>#style_green</styleUrl>
  <Polygon>
    <outerBoundaryIs>
      <LinearRing>
        <coordinates>73.92194019340799,18.53881520070428 73.92194132704596,18.538634470251267 73.92213080110704,18.538635551472527 73.92212966766672,18.538816281943504 73.92194019340799,18.53881520070428 </coordinates>
      </LinearRing>
    </outerBoundaryIs>
  </Polygon>
</Placemark><Placemark>
  <name>1.9-2.0</name>
  <ExtendedData>
    <Data name='count'>
      <value>1</value>
    </Data>
    <Data name='depth_class'>
      <value>4</value>
    </Data>
    <Data name='system:index'>
      <value>+8625+4978</value>
    </Data>
  </ExtendedData>
  <styleUrl>#style_red</styleUrl>
  <Polygon>
    <outerBoundaryIs>
      <LinearRing>
        <coordinates>73.92221987131326,18.53953974434372 73.92222043801546,18.539449379117215 73.92231517549516,18.539449919633523 73.92231460884686,18.53954028486901 73.92221987131326,18.53953974434372 </coordinates>
      </LinearRing>
    </outerBoundaryIs>
  </Polygon>
</Placemark><Placemark>
  <name>1.7-1.8</name>
  <ExtendedData>
    <Data name='count'>
      <value>2</value>
    </Data>
    <Data name='depth_class'>
      <value>2</value>
    </Data>
    <Data name='system:index'>
      <value>+8628+4981</value>
    </Data>
  </ExtendedData>
  <styleUrl>#style_yellow</styleUrl>
  <Polygon>
    <outerBoundaryIs>
      <LinearRing>
        <coordinates>73.92241104617266,18.539269729633936 73.92241161276705,18.539179364398446 73.92260108745697,18.539180445179532 73.92260052097036,18.539270810424004 73.92241104617266,18.539269729633936 </coordinates>
      </LinearRing>
    </outerBoundaryIs>
  </Polygon>
</Placemark><Placemark>
  <name>1.7-1.8</name>
  <ExtendedData>
    <Data name='count'>
      <value>16</value>
    </Data>
    <Data name='depth_class'>
      <value>2</value>
    </Data>
    <Data name='system:index'>
      <value>+8630+4987</value>
    </Data>
  </ExtendedData>
  <styleUrl>#style_yellow</styleUrl>
  <MultiGeometry>
    <Polygon>
      <outerBoundaryIs>
        <LinearRing>
          <coordinates>73.92260391985404,18.538728618948188 73.92260448632268,18.538638253703716 73.92279396042869,18.538639334260225 73.92279339405887,18.538729699513677 73.92260391985404,18.538728618948188 </coordinates>
        </LinearRing>
      </outerBoundaryIs>
    </Polygon>
    <Polygon>
      <outerBoundaryIs>
        <LinearRing>
          <coordinates>73.92260391985404,18.538728618948188 73.92260335337643,18.538818984192662 73.92241387908176,18.538817903438527 73.92241331251431,18.538908268674014 73.92231857532207,18.53890772822059 73.92231914194342,18.5388173629851 73.92222440480506,18.538816822486762 73.92222383812982,18.53890718772225 73.92212910094656,18.53890664717001 73.9221285342174,18.5389970124055 73.92193905976106,18.53899593115729 73.92194019340799,18.53881520070428 73.92212966766672,18.538816281943504 73.92213080110704,18.538635551472527 73.92241501222564,18.53863717294958 73.92241444565819,18.538727538194053 73.92260391985404,18.538728618948188 </coordinates>
        </LinearRing>
      </outerBoundaryIs>
    </Polygon>
  </MultiGeometry>
</Placemark><Placemark>
  <name>1.9-2.0</name>
  <ExtendedData>
    <Data name='count'>
      <value>3</value>
    </Data>
    <Data name='depth_class'>
      <value>4</value>
    </Data>
    <Data name='system:index'>
      <value>+8631+4979</value>
    </Data>
  </ExtendedData>
  <styleUrl>#style_red</styleUrl>
  <Polygon>
    <outerBoundaryIs>
      <LinearRing>
        <coordinates>73.9225993879792,18.53945154090396 73.92259995447478,18.53936117565949 73.92288416683306,18.539362796498743 73.92288360049018,18.539453161752196 73.9225993879792,18.53945154090396 </coordinates>
      </LinearRing>
    </outerBoundaryIs>
  </Polygon>
</Placemark><Placemark>
  <name>1.9-2.0</name>
  <ExtendedData>
    <Data name='count'>
      <value>2</value>
    </Data>
    <Data name='depth_class'>
      <value>4</value>
    </Data>
    <Data name='system:index'>
      <value>+8633+4985</value>
    </Data>
  </ExtendedData>
  <styleUrl>#style_red</styleUrl>
  <Polygon>
    <outerBoundaryIs>
      <LinearRing>
        <coordinates>73.92288699851147,18.53891097024045 73.92288756484537,18.538820604978014 73.92307703916697,18.538821685265024 73.92307647294088,18.53891205052746 73.92288699851147,18.53891097024045 </coordinates>
      </LinearRing>
    </outerBoundaryIs>
  </Polygon>
</Placemark><Placemark>
  <name>1.8-1.9</name>
  <ExtendedData>
    <Data name='count'>
      <value>94</value>
    </Data>
    <Data name='depth_class'>
      <value>3</value>
    </Data>
    <Data name='system:index'>
      <value>+8642+4988</value>
    </Data>
  </ExtendedData>
  <styleUrl>#style_orange</styleUrl>
  <Polygon>
    <outerBoundaryIs>
      <LinearRing>
        <coordinates>73.92174618368117,18.539537041025568 73.9217467506259,18.539446675808048 73.92184148809663,18.5394472165669 73.92184205498747,18.539356851349375 73.92222100470867,18.539359013881725 73.92222157140188,18.53926864865522 73.92231630878277,18.539269189162543 73.92231687542208,18.539178823936037 73.92222213808611,18.539178283419734 73.92222270477035,18.53908791819323 73.9220332302062,18.53908683703485 73.92203379698924,18.53899647179936 73.9221285342174,18.5389970124055 73.92212910094656,18.53890664717001 73.92222383812982,18.53890718772225 73.92222440480506,18.538816822486762 73.92231914194342,18.5388173629851 73.92231857532207,18.53890772822059 73.92241331251431,18.538908268674014 73.92241387908176,18.538817903438527 73.92260335337643,18.538818984192662 73.92260391985404,18.538728618948188 73.92279339405887,18.538729699513677 73.92279396042869,18.538639334260225 73.92336238282758,18.538642574797862 73.92336294889198,18.538552209526443 73.92364715999261,18.538553829143982 73.92364659407194,18.53864419442439 73.92374133115639,18.538644734204077 73.92374189702315,18.538554368923673 73.92393137111121,18.538555448339316 73.92393023956632,18.538736178918093 73.92355129101293,18.538734019871207 73.92355072503837,18.53882438515161 73.9234559878551,18.538823845264123 73.92345542182665,18.53891421054453 73.92336068460746,18.53891367061213 73.9233601185251,18.539004035874566 73.9230759067148,18.5390024157899 73.92307534047973,18.539092781043355 73.92279112854365,18.539091160518513 73.92278999576808,18.53927189101644 73.92316894541742,18.539274051644362 73.92316837922726,18.5393644169068 73.923263116689,18.539364956947 73.92326255054375,18.539455322209438 73.92288360049018,18.539453161752196 73.92288416683306,18.539362796498743 73.92259995447478,18.53936117565949 73.92260108745697,18.539180445179532 73.92241161276705,18.539179364398446 73.92241104617266,18.539269729633936 73.92250578357151,18.539270270051425 73.922505217031,18.539360635286915 73.92241047958723,18.539360094869423 73.92240991299283,18.539450460104913 73.92222043801546,18.539449379117215 73.92221987131326,18.53953974434372 73.92174618368117,18.539537041025568 </coordinates>
      </LinearRing>
    </outerBoundaryIs>
    <innerBoundaryIs>
      <LinearRing>
        <coordinates>73.92288699851147,18.53891097024045 73.92288756484537,18.538820604978014 73.92307703916697,18.538821685265024 73.92307647294088,18.53891205052746 73.92288699851147,18.53891097024045 </coordinates>
      </LinearRing>
    </innerBoundaryIs>
  </Polygon>
</Placemark><Placemark>
  <name>1.7-1.8</name>
  <ExtendedData>
    <Data name='count'>
      <value>116</value>
    </Data>
    <Data name='depth_class'>
      <value>2</value>
    </Data>
    <Data name='system:index'>
      <value>+8642+4990</value>
    </Data>
  </ExtendedData>
  <styleUrl>#style_yellow</styleUrl>
  <Polygon>
    <outerBoundaryIs>
      <LinearRing>
        <coordinates>73.92278999576808,18.53927189101644 73.92279112854365,18.539091160518513 73.92307534047973,18.539092781043355 73.9230759067148,18.5390024157899 73.9233601185251,18.539004035874566 73.92336068460746,18.53891367061213 73.92345542182665,18.53891421054453 73.9234559878551,18.538823845264123 73.92355072503837,18.53882438515161 73.92355129101293,18.538734019871207 73.92393023956632,18.538736178918093 73.92393137111121,18.538555448339316 73.92374189702315,18.538554368923673 73.92374133115639,18.538644734204077 73.92364659407194,18.53864419442439 73.92364715999261,18.538553829143982 73.92336294889198,18.538552209526443 73.92336238282758,18.538642574797862 73.92288869748619,18.5386398744711 73.9228892638021,18.538549509208664 73.92317347484884,18.538551129544857 73.92317404101205,18.538460764273438 73.92336351495636,18.53846184425502 73.92336408102076,18.5383714789836 73.92393250263812,18.538374717760544 73.92393193687916,18.53846508304993 73.92421614788097,18.53846670180509 73.92421501664151,18.53864743240183 73.9244044908643,18.538648511341368 73.9244033598135,18.53882924194709 73.92449809702372,18.538829781358473 73.92449696606273,18.53901051195521 73.92440222874473,18.539009972543834 73.92440109767595,18.539190703140576 73.92421162286027,18.539189624165104 73.92421105721809,18.539279989454492 73.92383210742503,18.539277830919644 73.92383154157622,18.539368196200048 73.92316837922726,18.5393644169068 73.92316894541742,18.539274051644362 73.92278999576808,18.53927189101644 </coordinates>
      </LinearRing>
    </outerBoundaryIs>
  </Polygon>
</Placemark><Placemark>
  <name>1.6-1.7</name>
  <ExtendedData>
    <Data name='count'>
      <value>1</value>
    </Data>
    <Data name='depth_class'>
      <value>1</value>
    </Data>
    <Data name='system:index'>
      <value>+8646+4988</value>
    </Data>
  </ExtendedData>
  <styleUrl>#style_green</styleUrl>
  <Polygon>
    <outerBoundaryIs>
      <LinearRing>
        <coordinates>73.92421501664151,18.53864743240183 73.92421558226573,18.538557067103458 73.92431031932323,18.538557606595685 73.92430975375291,18.538647971894058 73.92421501664151,18.53864743240183 </coordinates>
      </LinearRing>
    </outerBoundaryIs>
  </Polygon>
</Placemark><Placemark>
  <name>1.7-1.8</name>
  <ExtendedData>
    <Data name='count'>
      <value>6</value>
    </Data>
    <Data name='depth_class'>
      <value>2</value>
    </Data>
    <Data name='system:index'>
      <value>+8655+4988</value>
    </Data>
  </ExtendedData>
  <styleUrl>#style_yellow</styleUrl>
  <Polygon>
    <outerBoundaryIs>
      <LinearRing>
        <coordinates>73.92497178313765,18.538832477678746 73.92497347881556,18.53856138172075 73.92516295298445,18.53856245989672 73.92516125761198,18.53883355587268 73.92497178313765,18.538832477678746 </coordinates>
      </LinearRing>
    </outerBoundaryIs>
  </Polygon>
</Placemark><Placemark>
  <name>1.6-1.7</name>
  <ExtendedData>
    <Data name='count'>
      <value>4</value>
    </Data>
    <Data name='depth_class'>
      <value>1</value>
    </Data>
    <Data name='system:index'>
      <value>+8664+4994</value>
    </Data>
  </ExtendedData>
  <styleUrl>#style_green</styleUrl>
  <MultiGeometry>
    <Polygon>
      <outerBoundaryIs>
        <LinearRing>
          <coordinates>73.92573419964168,18.538113866576325 73.92573476443944,18.538023501224053 73.9260189748843,18.53802511723037 73.92601841023027,18.53811548259162 73.92573419964168,18.538113866576325 </coordinates>
        </LinearRing>
      </outerBoundaryIs>
    </Polygon>
    <Polygon>
      <outerBoundaryIs>
        <LinearRing>
          <coordinates>73.92573419964168,18.538113866576325 73.92573363483493,18.53820423191961 73.92563889793014,18.538203693146034 73.9256394627818,18.538113327802748 73.92573419964168,18.538113866576325 </coordinates>
        </LinearRing>
      </outerBoundaryIs>
    </Polygon>
  </MultiGeometry>
</Placemark><Placemark>
  <name>1.6-1.7</name>
  <ExtendedData>
    <Data name='count'>
      <value>3</value>
    </Data>
    <Data name='depth_class'>
      <value>1</value>
    </Data>
    <Data name='system:index'>
      <value>+8667+4994</value>
    </Data>
  </ExtendedData>
  <styleUrl>#style_green</styleUrl>
  <Polygon>
    <outerBoundaryIs>
      <LinearRing>
        <coordinates>73.92611258248999,18.538206386519835 73.92611371170824,18.538025655806315 73.92630318535612,18.538026732814473 73.9263026208548,18.53811709817573 73.92620788397696,18.538116559689612 73.92620731941275,18.538206925050865 73.92611258248999,18.538206386519835 </coordinates>
      </LinearRing>
    </outerBoundaryIs>
  </Polygon>
</Placemark><Placemark>
  <name>1.6-1.7</name>
  <ExtendedData>
    <Data name='count'>
      <value>1</value>
    </Data>
    <Data name='depth_class'>
      <value>1</value>
    </Data>
    <Data name='system:index'>
      <value>+8668+4992</value>
    </Data>
  </ExtendedData>
  <styleUrl>#style_green</styleUrl>
  <Polygon>
    <outerBoundaryIs>
      <LinearRing>
        <coordinates>73.92630149183418,18.538297828898234 73.92630205634448,18.53820746353698 73.92639679327621,18.538208001978177 73.92639622881083,18.53829836733943 73.92630149183418,18.538297828898234 </coordinates>
      </LinearRing>
    </outerBoundaryIs>
  </Polygon>
</Placemark><Placemark>
  <name>1.9-2.0</name>
  <ExtendedData>
    <Data name='count'>
      <value>4</value>
    </Data>
    <Data name='depth_class'>
      <value>4</value>
    </Data>
    <Data name='system:index'>
      <value>+8669+4985</value>
    </Data>
  </ExtendedData>
  <styleUrl>#style_red</styleUrl>
  <Polygon>
    <outerBoundaryIs>
      <LinearRing>
        <coordinates>73.9261080655182,18.538929309355957 73.9261086301453,18.53883894400369 73.92648757925564,18.538841097921196 73.9264870148172,18.53893146328245 73.9261080655182,18.538929309355957 </coordinates>
      </LinearRing>
    </outerBoundaryIs>
  </Polygon>
</Placemark><Placemark>
  <name>1.8-1.9</name>
  <ExtendedData>
    <Data name='count'>
      <value>27</value>
    </Data>
    <Data name='depth_class'>
      <value>3</value>
    </Data>
    <Data name='system:index'>
      <value>+8669+4988</value>
    </Data>
  </ExtendedData>
  <styleUrl>#style_orange</styleUrl>
  <Polygon>
    <outerBoundaryIs>
      <LinearRing>
        <coordinates>73.92582328878437,18.53901805874683 73.92582498313276,18.53874696271697 73.92601445756218,18.53874804005751 73.92601502223417,18.538657674705238 73.926299233757,18.538659290343244 73.9262997982763,18.53856892498199 73.92648927253504,18.53857000183744 73.92648870811456,18.53866036719869 73.92696239407579,18.538663058506366 73.92696182989785,18.538753423885584 73.92686709264272,18.53875288571388 73.9268665284109,18.538843251084117 73.9261086301453,18.53883894400369 73.9261080655182,18.538929309355957 73.92591859088219,18.53892823209627 73.9259180261473,18.53901859744854 73.92582328878437,18.53901805874683 </coordinates>
      </LinearRing>
    </outerBoundaryIs>
  </Polygon>
</Placemark><Placemark>
  <name>1.6-1.7</name>
  <ExtendedData>
    <Data name='count'>
      <value>11</value>
    </Data>
    <Data name='depth_class'>
      <value>1</value>
    </Data>
    <Data name='system:index'>
      <value>+8673+4995</value>
    </Data>
  </ExtendedData>
  <styleUrl>#style_green</styleUrl>
  <MultiGeometry>
    <Polygon>
      <outerBoundaryIs>
        <LinearRing>
          <coordinates>73.92667987545505,18.5383903477458 73.9268693495431,18.538391424205987 73.92686878532025,18.53848178958521 73.92667931113338,18.53848071312502 73.92667987545505,18.5383903477458 </coordinates>
        </LinearRing>
      </outerBoundaryIs>
    </Polygon>
    <Polygon>
      <outerBoundaryIs>
        <LinearRing>
          <coordinates>73.92668043976772,18.538299982375563 73.92667987545505,18.5383903477458 73.92658513841552,18.538389809448333 73.92658570278209,18.538299444078095 73.92668043976772,18.538299982375563 </coordinates>
        </LinearRing>
      </outerBoundaryIs>
    </Polygon>
    <Polygon>
      <outerBoundaryIs>
        <LinearRing>
          <coordinates>73.92677574102112,18.538210155248898 73.9267763052799,18.53811978986968 73.92668156839308,18.53811925162611 73.92668100408041,18.53820961700533 73.92658626713968,18.53820907870786 73.92658739585488,18.53802834796739 73.92668213269678,18.538028886255873 73.92668269700047,18.537938520876654 73.92687217058547,18.537939597309894 73.92687047797082,18.53821069344755 73.92677574102112,18.538210155248898 </coordinates>
        </LinearRing>
      </outerBoundaryIs>
    </Polygon>
    <Polygon>
      <outerBoundaryIs>
        <LinearRing>
          <coordinates>73.92668100408041,18.53820961700533 73.92677574102112,18.538210155248898 73.92677517676235,18.538300520628116 73.92668043976772,18.538299982375563 73.92668100408041,18.53820961700533 </coordinates>
        </LinearRing>
      </outerBoundaryIs>
    </Polygon>
  </MultiGeometry>
</Placemark><Placemark>
  <name>1.7-1.8</name>
  <ExtendedData>
    <Data name='count'>
      <value>111</value>
    </Data>
    <Data name='depth_class'>
      <value>2</value>
    </Data>
    <Data name='system:index'>
      <value>+8674+4997</value>
    </Data>
  </ExtendedData>
  <styleUrl>#style_yellow</styleUrl>
  <MultiGeometry>
    <Polygon>
      <outerBoundaryIs>
        <LinearRing>
          <coordinates>73.92563776819986,18.538384423832607 73.92563889793014,18.538203693146034 73.92573363483493,18.53820423191961 73.92573419964168,18.538113866576325 73.92601841023027,18.53811548259162 73.9260189748843,18.53802511723037 73.9258295012544,18.538024039943732 73.92583006600725,18.53793367459146 73.92649322342447,18.53793744425477 73.92649378781799,18.537847078884532 73.92668326129518,18.537848155497436 73.92668382559889,18.537757790118217 73.92696803568441,18.537759404678244 73.92696747154241,18.537849770066444 73.92706220829449,18.5378503081573 73.92706164418843,18.537940673545503 73.92696690739143,18.537940135454647 73.92696634324045,18.538030500833866 73.92706108009133,18.538031038933706 73.92706051598527,18.538121404321906 73.92734472670861,18.538123018342944 73.9273430348216,18.538394114525516 73.92705882364012,18.53839250047753 73.92705825952508,18.53848286585675 73.92696352242267,18.53848232774793 73.92696239407579,18.538663058506366 73.92648870811456,18.53866036719869 73.92648927253504,18.53857000183744 73.9262997982763,18.53856892498199 73.926299233757,18.538659290343244 73.92601502223417,18.538657674705238 73.92601445756218,18.53874804005751 73.92573024592255,18.53874642397933 73.92573250521244,18.538384962606184 73.92563776819986,18.538384423832607 </coordinates>
        </LinearRing>
      </outerBoundaryIs>
      <innerBoundaryIs>
        <LinearRing>
          <coordinates>73.92611258248999,18.538206386519835 73.92611371170824,18.538025655806315 73.92630318535612,18.538026732814473 73.9263026208548,18.53811709817573 73.92620788397696,18.538116559689612 73.92620731941275,18.538206925050865 73.92611258248999,18.538206386519835 </coordinates>
        </LinearRing>
      </innerBoundaryIs>
      <innerBoundaryIs>
        <LinearRing>
          <coordinates>73.92630149183418,18.538297828898234 73.92630205634448,18.53820746353698 73.92639679327621,18.538208001978177 73.92639622881083,18.53829836733943 73.92630149183418,18.538297828898234 </coordinates>
        </LinearRing>
      </innerBoundaryIs>
      <innerBoundaryIs>
        <LinearRing>
          <coordinates>73.92667987545505,18.5383903477458 73.9268693495431,18.538391424205987 73.92686878532025,18.53848178958521 73.92667931113338,18.53848071312502 73.92667987545505,18.5383903477458 </coordinates>
        </LinearRing>
      </innerBoundaryIs>
      <innerBoundaryIs>
        <LinearRing>
          <coordinates>73.92668043976772,18.538299982375563 73.92668100408041,18.53820961700533 73.92658626713968,18.53820907870786 73.92658739585488,18.53802834796739 73.92668213269678,18.538028886255873 73.92668269700047,18.537938520876654 73.92687217058547,18.537939597309894 73.92687047797082,18.53821069344755 73.92677574102112,18.538210155248898 73.92677517676235,18.538300520628116 73.92668043976772,18.538299982375563 </coordinates>
        </LinearRing>
      </innerBoundaryIs>
      <innerBoundaryIs>
        <LinearRing>
          <coordinates>73.92667987545505,18.5383903477458 73.92658513841552,18.538389809448333 73.92658570278209,18.538299444078095 73.92668043976772,18.538299982375563 73.92667987545505,18.5383903477458 </coordinates>
        </LinearRing>
      </innerBoundaryIs>
    </Polygon>
    <Polygon>
      <outerBoundaryIs>
        <LinearRing>
          <coordinates>73.92668100408041,18.53820961700533 73.92668156839308,18.53811925162611 73.9267763052799,18.53811978986968 73.92677574102112,18.538210155248898 73.92668100408041,18.53820961700533 </coordinates>
        </LinearRing>
      </outerBoundaryIs>
    </Polygon>
  </MultiGeometry>
</Placemark><Placemark>
  <name>1.6-1.7</name>
  <ExtendedData>
    <Data name='count'>
      <value>3</value>
    </Data>
    <Data name='depth_class'>
      <value>1</value>
    </Data>
    <Data name='system:index'>
      <value>+8676+4990</value>
    </Data>
  </ExtendedData>
  <styleUrl>#style_green</styleUrl>
  <Polygon>
    <outerBoundaryIs>
      <LinearRing>
        <coordinates>73.92696295824473,18.538572693127147 73.92696352242267,18.53848232774793 73.92705825952508,18.53848286585675 73.92705882364012,18.53839250047753 73.92715356069763,18.538393038541436 73.92715243255736,18.538573769308858 73.92696295824473,18.538572693127147 </coordinates>
      </LinearRing>
    </outerBoundaryIs>
  </Polygon>
</Placemark><Placemark>
  <name>1.6-1.7</name>
  <ExtendedData>
    <Data name='count'>
      <value>5</value>
    </Data>
    <Data name='depth_class'>
      <value>1</value>
    </Data>
    <Data name='system:index'>
      <value>+8676+4996</value>
    </Data>
  </ExtendedData>
  <styleUrl>#style_green</styleUrl>
  <Polygon>
    <outerBoundaryIs>
      <LinearRing>
        <coordinates>73.92696634324045,18.538030500833866 73.92696690739143,18.537940135454647 73.92706164418843,18.537940673545503 73.92706220829449,18.5378503081573 73.92715694504656,18.537850846203238 73.92715581694223,18.538031576988626 73.9272505538021,18.53803211498965 73.92724998979484,18.538122480386836 73.92706051598527,18.538121404321906 73.92706108009133,18.538031038933706 73.92696634324045,18.538030500833866 </coordinates>
      </LinearRing>
    </outerBoundaryIs>
  </Polygon>
</Placemark><Placemark>
  <name>1.6-1.7</name>
  <ExtendedData>
    <Data name='count'>
      <value>13</value>
    </Data>
    <Data name='depth_class'>
      <value>1</value>
    </Data>
    <Data name='system:index'>
      <value>+8683+4999</value>
    </Data>
  </ExtendedData>
  <styleUrl>#style_green</styleUrl>
  <Polygon>
    <outerBoundaryIs>
      <LinearRing>
        <coordinates>73.92744002753082,18.53803319085695 73.92744228312863,18.537671729259227 73.92753701979986,18.537672267107535 73.9275375836454,18.53758190170137 73.92782179352433,18.537583514958836 73.92782066613864,18.53776424578914 73.92772592940455,18.537763708075577 73.9277253656578,18.537854073481746 73.92763062887879,18.53785353572327 73.92763006507815,18.537943901129434 73.92753532825421,18.53794336331706 73.92753476439967,18.538033728714243 73.92744002753082,18.53803319085695 </coordinates>
      </LinearRing>
    </outerBoundaryIs>
  </Polygon>
</Placemark><Placemark>
  <name>1.7-1.8</name>
  <ExtendedData>
    <Data name='count'>
      <value>150</value>
    </Data>
    <Data name='depth_class'>
      <value>2</value>
    </Data>
    <Data name='system:index'>
      <value>+8693+5004</value>
    </Data>
  </ExtendedData>
  <styleUrl>#style_yellow</styleUrl>
  <Polygon>
    <outerBoundaryIs>
      <LinearRing>
        <coordinates>73.92762780983966,18.538305362736143 73.92762724602105,18.538395728142312 73.9274377718881,18.538394652445692 73.92743946362238,18.538123556254135 73.92753420054513,18.538124094120413 73.92753532825421,18.53794336331706 73.92763006507815,18.537943901129434 73.92763062887879,18.53785353572327 73.9277253656578,18.537854073481746 73.92772592940455,18.537763708075577 73.92782066613864,18.53776424578914 73.92782179352433,18.537583514958836 73.92791653015962,18.537584052618502 73.92791709379856,18.537493687203348 73.92810656697033,18.537494762369963 73.92810713051045,18.537404396945828 73.92820186705592,18.53740493445278 73.92820243053316,18.537314569028645 73.92848664003479,18.537316181262035 73.9284872033683,18.537225815819934 73.92867667627957,18.537226890402643 73.92867723951426,18.53713652496054 73.92877197592497,18.53713706218003 73.92877141274417,18.53722742762213 73.92886614920877,18.537227964796706 73.92886558608188,18.537318330238808 73.92877084956336,18.537317793064233 73.92877028638257,18.537408158515316 73.92886502294598,18.53740869568989 73.9288644598101,18.537499061131992 73.92924340630636,18.53750120938113 73.92924284335912,18.537591574841194 73.92933758003932,18.537592111782207 73.92933814293266,18.53750174632214 73.92952761621223,18.537502820069417 73.92952649062318,18.537683550998533 73.92943175388008,18.53768301413837 73.92943119103165,18.537773379598438 73.92933645425263,18.537772842702342 73.92933532843901,18.537953573613493 73.92924059156117,18.537953036654518 73.92924002860495,18.5380434021056 73.92876634400018,18.538040716601042 73.92876578078345,18.53813108203416 73.92819735906727,18.538127857836873 73.9281967955541,18.53821822326101 73.92791258458821,18.53821661051558 73.92791202092232,18.53830697592175 73.92762780983966,18.538305362736143 </coordinates>
      </LinearRing>
    </outerBoundaryIs>
    <innerBoundaryIs>
      <LinearRing>
        <coordinates>73.92762780983966,18.538305362736143 73.9275330728181,18.538304824914782 73.92753363668162,18.538214459517597 73.92762837365827,18.538214997338958 73.92762780983966,18.538305362736143 </coordinates>
      </LinearRing>
    </innerBoundaryIs>
  </Polygon>
</Placemark><Placemark>
  <name>1.8-1.9</name>
  <ExtendedData>
    <Data name='count'>
      <value>2</value>
    </Data>
    <Data name='depth_class'>
      <value>3</value>
    </Data>
    <Data name='system:index'>
      <value>+8697+4994</value>
    </Data>
  </ExtendedData>
  <styleUrl>#style_orange</styleUrl>
  <Polygon>
    <outerBoundaryIs>
      <LinearRing>
        <coordinates>73.92895525471877,18.538132156383305 73.92895581782771,18.538041790941204 73.92914529167322,18.538042865101705 73.92914472866309,18.53813323055279 73.92895525471877,18.538132156383305 </coordinates>
      </LinearRing>
    </outerBoundaryIs>
  </Polygon>
</Placemark><Placemark>
  <name>1.6-1.7</name>
  <ExtendedData>
    <Data name='count'>
      <value>40</value>
    </Data>
    <Data name='depth_class'>
      <value>1</value>
    </Data>
    <Data name='system:index'>
      <value>+8699+5007</value>
    </Data>
  </ExtendedData>
  <styleUrl>#style_green</styleUrl>
  <MultiGeometry>
    <Polygon>
      <outerBoundaryIs>
        <LinearRing>
          <coordinates>73.92943569373821,18.53705045589095 73.92981463930919,18.537052602945327 73.92981351405251,18.537233333901394 73.92971877756095,18.53723279720293 73.9297193402387,18.537142431724895 73.92943513090775,18.53714082136 73.92943569373821,18.53705045589095 </coordinates>
        </LinearRing>
      </outerBoundaryIs>
    </Polygon>
    <Polygon>
      <outerBoundaryIs>
        <LinearRing>
          <coordinates>73.92943569373821,18.53705045589095 73.9292462209617,18.537049382089776 73.92924565804141,18.53713974754984 73.92915092161273,18.537139210563915 73.92915035862956,18.537229576023982 73.92933983159472,18.53723064994194 73.92933926871035,18.537321015402004 73.92943400524683,18.537321552289118 73.92943344240739,18.537411917758167 73.92952817899777,18.537412454600364 73.92952761621223,18.537502820069417 73.92933814293266,18.53750174632214 73.92933758003932,18.537592111782207 73.92924284335912,18.537591574841194 73.92924340630636,18.53750120938113 73.9288644598101,18.537499061131992 73.92886502294598,18.53740869568989 73.92877028638257,18.537408158515316 73.92877084956336,18.537317793064233 73.92886558608188,18.537318330238808 73.92886614920877,18.537227964796706 73.92877141274417,18.53722742762213 73.92877197592497,18.53713706218003 73.92886671234467,18.53713759934562 73.92886727546258,18.537047233894537 73.92896201183736,18.53704777101521 73.92896257491037,18.536957405564127 73.9291520475611,18.536958479652764 73.92915261052632,18.536868114192696 73.92934208309622,18.536869188083703 73.92934152022083,18.53695955355275 73.92943625655968,18.53696009043088 73.92943569373821,18.53705045589095 </coordinates>
        </LinearRing>
      </outerBoundaryIs>
    </Polygon>
  </MultiGeometry>
</Placemark><Placemark>
  <name>1.7-1.8</name>
  <ExtendedData>
    <Data name='count'>
      <value>19</value>
    </Data>
    <Data name='depth_class'>
      <value>2</value>
    </Data>
    <Data name='system:index'>
      <value>+8704+5007</value>
    </Data>
  </ExtendedData>
  <styleUrl>#style_yellow</styleUrl>
  <MultiGeometry>
    <Polygon>
      <outerBoundaryIs>
        <LinearRing>
          <coordinates>73.92943569373821,18.53705045589095 73.92943625655968,18.53696009043088 73.92934152022083,18.53695955355275 73.92934208309622,18.536869188083703 73.92981576455688,18.53687187198926 73.92981463930919,18.537052602945327 73.92943569373821,18.53705045589095 </coordinates>
        </LinearRing>
      </outerBoundaryIs>
    </Polygon>
    <Polygon>
      <outerBoundaryIs>
        <LinearRing>
          <coordinates>73.92943569373821,18.53705045589095 73.92943513090775,18.53714082136 73.92962460379205,18.537141894990494 73.92962347832876,18.537322625928596 73.92933926871035,18.537321015402004 73.92933983159472,18.53723064994194 73.92915035862956,18.537229576023982 73.92915092161273,18.537139210563915 73.92924565804141,18.53713974754984 73.9292462209617,18.537049382089776 73.92943569373821,18.53705045589095 </coordinates>
        </LinearRing>
      </outerBoundaryIs>
    </Polygon>
  </MultiGeometry>
</Placemark><Placemark>
  <name>1.7-1.8</name>
  <ExtendedData>
    <Data name='count'>
      <value>52</value>
    </Data>
    <Data name='depth_class'>
      <value>2</value>
    </Data>
    <Data name='system:index'>
      <value>+8714+5012</value>
    </Data>
  </ExtendedData>
  <styleUrl>#style_yellow</styleUrl>
  <Polygon>
    <outerBoundaryIs>
      <LinearRing>
        <coordinates>73.93009828605223,18.537144578222318 73.93009884853234,18.5370542127353 73.93019358494305,18.537054749236137 73.93019414736926,18.536964383740138 73.93009941100347,18.536963847248284 73.9300999734746,18.536873481761265 73.9301947097865,18.53687401825312 73.93019583462096,18.536693287270104 73.93010109840789,18.536692750778247 73.93010222333218,18.536512019795232 73.93019695944645,18.536512556278105 73.93019752184571,18.536422190791086 73.93076593829775,18.5364254086822 73.93076537619494,18.53651577418718 73.93095484846839,18.536516846443252 73.9309537244424,18.53669757748017 73.93066951574028,18.53669596901072 73.93066895357457,18.536786334515703 73.93057421728963,18.536785798257412 73.93057365507002,18.536876163762393 73.93047891874915,18.536875627459185 73.93047779420213,18.53705635845119 73.93066726705051,18.537057431030654 73.9306678292252,18.53696706552567 73.93085730199272,18.536968137907508 73.93085673991685,18.53705850341249 73.93076200348817,18.537057967244028 73.9307614413584,18.537148332749013 73.93057196839324,18.537147260268362 73.93057140616466,18.537237625764362 73.93028719660015,18.537236016666093 73.93028775898145,18.537145651179074 73.93009828605223,18.537144578222318 </coordinates>
      </LinearRing>
    </outerBoundaryIs>
  </Polygon>
</Placemark><Placemark>
  <name>1.8-1.9</name>
  <ExtendedData>
    <Data name='count'>
      <value>18</value>
    </Data>
    <Data name='depth_class'>
      <value>3</value>
    </Data>
    <Data name='system:index'>
      <value>+8717+5009</value>
    </Data>
  </ExtendedData>
  <styleUrl>#style_orange</styleUrl>
  <Polygon>
    <outerBoundaryIs>
      <LinearRing>
        <coordinates>73.93047779420213,18.53705635845119 73.93047891874915,18.536875627459185 73.93057365507002,18.536876163762393 73.93057421728963,18.536785798257412 73.93066895357457,18.536786334515703 73.93066951574028,18.53669596901072 73.93104846069141,18.536698113540833 73.93104789872335,18.53678847906378 73.93114263501728,18.536789015079528 73.93114207309412,18.536879380593493 73.93095260040744,18.5368783085081 73.93095147635451,18.537059039536036 73.93085673991685,18.53705850341249 73.93085730199272,18.536968137907508 73.9306678292252,18.53696706552567 73.93066726705051,18.537057431030654 73.93047779420213,18.53705635845119 </coordinates>
      </LinearRing>
    </outerBoundaryIs>
  </Polygon>
</Placemark><Placemark>
  <name>1.7-1.8</name>
  <ExtendedData>
    <Data name='count'>
      <value>3</value>
    </Data>
    <Data name='depth_class'>
      <value>2</value>
    </Data>
    <Data name='system:index'>
      <value>+8719+5007</value>
    </Data>
  </ExtendedData>
  <styleUrl>#style_yellow</styleUrl>
  <Polygon>
    <outerBoundaryIs>
      <LinearRing>
        <coordinates>73.93095203838547,18.536968674022066 73.93095260040744,18.5368783085081 73.93123680944194,18.53687991657331 73.93123624757268,18.53697028209626 73.93095203838547,18.536968674022066 </coordinates>
      </LinearRing>
    </outerBoundaryIs>
  </Polygon>
</Placemark><Placemark>
  <name>1.7-1.8</name>
  <ExtendedData>
    <Data name='count'>
      <value>8</value>
    </Data>
    <Data name='depth_class'>
      <value>2</value>
    </Data>
    <Data name='system:index'>
      <value>+8720+5011</value>
    </Data>
  </ExtendedData>
  <styleUrl>#style_yellow</styleUrl>
  <Polygon>
    <outerBoundaryIs>
      <LinearRing>
        <coordinates>73.93104789872335,18.53678847906378 73.93104846069141,18.536698113540833 73.93114319693146,18.53669864955658 73.93114375884564,18.53660828403363 73.93104902265051,18.536607748026867 73.93104958460961,18.536517382503916 73.9313337930602,18.53651899038946 73.93133323124485,18.536609355921392 73.93123849504973,18.53660882000446 73.93123793318047,18.53669918552741 73.93142740568749,18.536700257316358 73.93142684391704,18.53679062284829 73.93104789872335,18.53678847906378 </coordinates>
      </LinearRing>
    </outerBoundaryIs>
  </Polygon>
</Placemark><Placemark>
  <name>1.7-1.8</name>
  <ExtendedData>
    <Data name='count'>
      <value>2</value>
    </Data>
    <Data name='depth_class'>
      <value>2</value>
    </Data>
    <Data name='system:index'>
      <value>+8720+5013</value>
    </Data>
  </ExtendedData>
  <styleUrl>#style_yellow</styleUrl>
  <Polygon>
    <outerBoundaryIs>
      <LinearRing>
        <coordinates>73.931144882665,18.536427552987732 73.93114544457019,18.53633718746478 73.93133491667297,18.536338259334578 73.93133435486658,18.53642862485753 73.931144882665,18.536427552987732 </coordinates>
      </LinearRing>
    </outerBoundaryIs>
  </Polygon>
</Placemark><Placemark>
  <name>1.6-1.7</name>
  <ExtendedData>
    <Data name='count'>
      <value>14</value>
    </Data>
    <Data name='depth_class'>
      <value>1</value>
    </Data>
    <Data name='system:index'>
      <value>+8732+5014</value>
    </Data>
  </ExtendedData>
  <styleUrl>#style_green</styleUrl>
  <Polygon>
    <outerBoundaryIs>
      <LinearRing>
        <coordinates>73.93190164853232,18.536612570425856 73.93190277155219,18.53643183933504 73.93218697993991,18.53643344592701 73.93218754129713,18.53634308037711 73.93237701347176,18.53634415119588 73.93237757472119,18.536253785636998 73.93247231076359,18.536254320970027 73.93247118835458,18.536435052096774 73.93237645221336,18.536434516754763 73.93237532968756,18.536615247872525 73.93190164853232,18.536612570425856 </coordinates>
      </LinearRing>
    </outerBoundaryIs>
  </Polygon>
</Placemark><Placemark>
  <name>1.7-1.8</name>
  <ExtendedData>
    <Data name='count'>
      <value>104</value>
    </Data>
    <Data name='depth_class'>
      <value>2</value>
    </Data>
    <Data name='system:index'>
      <value>+8737+5019</value>
    </Data>
  </ExtendedData>
  <styleUrl>#style_yellow</styleUrl>
  <Polygon>
    <outerBoundaryIs>
      <LinearRing>
        <coordinates>73.93190052549448,18.536793301507686 73.93190164853232,18.536612570425856 73.93237532968756,18.536615247872525 73.93237645221336,18.536434516754763 73.93247118835458,18.536435052096774 73.93247231076359,18.536254320970027 73.93237757472119,18.536253785636998 73.93237701347176,18.53634415119588 73.93228227737546,18.536343615808953 73.93228283867879,18.536253250250073 73.93218810264537,18.53625271481823 73.93218697993991,18.53643344592701 73.93190277155219,18.53643183933504 73.93190389456308,18.536251108244226 73.93199863058751,18.536251643810814 73.93199919203457,18.536161278260916 73.9321886639936,18.53616234925935 73.93218978669009,18.53598161815057 73.93237925846047,18.535982688942386 73.9323798197099,18.535892323383504 73.93256929139046,18.535893393986676 73.93256985253208,18.535803028409827 73.93294879574948,18.53580516904125 73.93294823481448,18.5358955346181 73.93304297066823,18.535896069663664 73.93303848343965,18.536618994314384 73.93294374718165,18.536618459250853 73.93294262523976,18.536799190395566 73.93275315252613,18.536798120115787 73.93275259145638,18.53688848568365 73.93237364587641,18.536886344549174 73.93237308460004,18.536976710099072 73.93227834816238,18.53697617469418 73.93227890949265,18.53688580914428 73.93199470035034,18.536884202651127 73.93199526181536,18.536793837101225 73.93190052549448,18.536793301507686 </coordinates>
      </LinearRing>
    </outerBoundaryIs>
  </Polygon>
</Placemark><Placemark>
  <name>1.7-1.8</name>
  <ExtendedData>
    <Data name='count'>
      <value>60</value>
    </Data>
    <Data name='depth_class'>
      <value>2</value>
    </Data>
    <Data name='system:index'>
      <value>+8763+5024</value>
    </Data>
  </ExtendedData>
  <styleUrl>#style_yellow</styleUrl>
  <Polygon>
    <outerBoundaryIs>
      <LinearRing>
        <coordinates>73.93541136826977,18.535909430235023 73.93531663233517,18.535908896384214 73.93531719203051,18.535818530726516 73.93522245614082,18.535817996830794 73.9352241353526,18.53554689987567 73.93512939961562,18.535546365944015 73.93513051917698,18.535365634637603 73.93541472609145,18.53536723628884 73.93541416646798,18.535457601946536 73.93560363786108,18.535458669486456 73.93560307832745,18.535549035153135 73.93569781408239,18.535549568851227 73.93569725460264,18.535639934517906 73.9356025187938,18.535639400810833 73.93560195926015,18.535729766477512 73.93588616682143,18.53573136744603 73.93588560743152,18.53582173312169 73.93598034334816,18.535822266685038 73.93597978399418,18.535912632351717 73.93588504803263,18.53591209878837 73.93588448863373,18.536002464455052 73.93597922464919,18.53600299802738 73.93597866529521,18.53609336369406 73.93607340136455,18.536093897221473 73.93607228274644,18.536274628563817 73.93597754657827,18.536274095036404 73.93597698721531,18.536364460703084 73.93588225101121,18.53636392712177 73.93588169159435,18.536454292779467 73.93569221907835,18.53645322547311 73.93569277859403,18.536362859815416 73.9355033061948,18.53636179231143 73.9355038658093,18.536271426662715 73.9354091296591,18.536270892847842 73.93541024897792,18.53609016154143 73.93550498502032,18.536090695356307 73.93550554462581,18.53600032969861 73.93541080862833,18.535999795883736 73.93541136826977,18.535909430235023 </coordinates>
      </LinearRing>
    </outerBoundaryIs>
    <innerBoundaryIs>
      <LinearRing>
        <coordinates>73.93541136826977,18.535909430235023 73.9354119279202,18.535819064577325 73.93550666381887,18.535819598383217 73.93550610422234,18.53590996404091 73.93541136826977,18.535909430235023 </coordinates>
      </LinearRing>
    </innerBoundaryIs>
    <innerBoundaryIs>
      <LinearRing>
        <coordinates>73.9355986019595,18.536271960432675 73.9355991615111,18.536181594774977 73.93569389761639,18.53618212849104 73.9356933381097,18.536272494148736 73.9355986019595,18.536271960432675 </coordinates>
      </LinearRing>
    </innerBoundaryIs>
  </Polygon>
</Placemark><Placemark>
  <name>1.6-1.7</name>
  <ExtendedData>
    <Data name='count'>
      <value>6</value>
    </Data>
    <Data name='depth_class'>
      <value>1</value>
    </Data>
    <Data name='system:index'>
      <value>+8764+5019</value>
    </Data>
  </ExtendedData>
  <styleUrl>#style_green</styleUrl>
  <MultiGeometry>
    <Polygon>
      <outerBoundaryIs>
        <LinearRing>
          <coordinates>73.93531663233517,18.535908896384214 73.93522189639158,18.535908362479507 73.93522245614082,18.535817996830794 73.93531719203051,18.535818530726516 73.93531663233517,18.535908896384214 </coordinates>
        </LinearRing>
      </outerBoundaryIs>
    </Polygon>
    <Polygon>
      <outerBoundaryIs>
        <LinearRing>
          <coordinates>73.93541136826977,18.535909430235023 73.9354119279202,18.535819064577325 73.93550666381887,18.535819598383217 73.93550610422234,18.53590996404091 73.93541136826977,18.535909430235023 </coordinates>
        </LinearRing>
      </outerBoundaryIs>
    </Polygon>
    <Polygon>
      <outerBoundaryIs>
        <LinearRing>
          <coordinates>73.93531663233517,18.535908896384214 73.93541136826977,18.535909430235023 73.93541080862833,18.535999795883736 73.93550554462581,18.53600032969861 73.93550498502032,18.536090695356307 73.93541024897792,18.53609016154143 73.9354096893185,18.536180527190144 73.93531495323118,18.536179993330354 73.93531663233517,18.535908896384214 </coordinates>
        </LinearRing>
      </outerBoundaryIs>
    </Polygon>
  </MultiGeometry>
</Placemark><Placemark>
  <name>1.8-1.9</name>
  <ExtendedData>
    <Data name='count'>
      <value>1</value>
    </Data>
    <Data name='depth_class'>
      <value>3</value>
    </Data>
    <Data name='system:index'>
      <value>+8766+5015</value>
    </Data>
  </ExtendedData>
  <styleUrl>#style_orange</styleUrl>
  <Polygon>
    <outerBoundaryIs>
      <LinearRing>
        <coordinates>73.9355986019595,18.536271960432675 73.9355991615111,18.536181594774977 73.93569389761639,18.53618212849104 73.9356933381097,18.536272494148736 73.9355986019595,18.536271960432675 </coordinates>
      </LinearRing>
    </outerBoundaryIs>
  </Polygon>
</Placemark><Placemark>
  <name>1.6-1.7</name>
  <ExtendedData>
    <Data name='count'>
      <value>4</value>
    </Data>
    <Data name='depth_class'>
      <value>1</value>
    </Data>
    <Data name='system:index'>
      <value>+8770+5014</value>
    </Data>
  </ExtendedData>
  <styleUrl>#style_green</styleUrl>
  <MultiGeometry>
    <Polygon>
      <outerBoundaryIs>
        <LinearRing>
          <coordinates>73.93588169159435,18.536454292779467 73.93588225101121,18.53636392712177 73.93597698721531,18.536364460703084 73.93597754657827,18.536274095036404 73.93607228274644,18.536274628563817 73.93607116411933,18.53645535990616 73.93588169159435,18.536454292779467 </coordinates>
        </LinearRing>
      </outerBoundaryIs>
    </Polygon>
    <Polygon>
      <outerBoundaryIs>
        <LinearRing>
          <coordinates>73.93588169159435,18.536454292779467 73.93588113217749,18.536544658446147 73.93578639586559,18.536544124810934 73.93578695533635,18.53645375915324 73.93588169159435,18.536454292779467 </coordinates>
        </LinearRing>
      </outerBoundaryIs>
    </Polygon>
  </MultiGeometry>
</Placemark><Placemark>
  <name>1.7-1.8</name>
  <ExtendedData>
    <Data name='count'>
      <value>1</value>
    </Data>
    <Data name='depth_class'>
      <value>2</value>
    </Data>
    <Data name='system:index'>
      <value>+8771+5018</value>
    </Data>
  </ExtendedData>
  <styleUrl>#style_yellow</styleUrl>
  <Polygon>
    <outerBoundaryIs>
      <LinearRing>
        <coordinates>73.93607396066464,18.53600353154581 73.93607451996472,18.53591316587913 73.93616925593525,18.535913699352644 73.93616869668008,18.536004065028308 73.93607396066464,18.53600353154581 </coordinates>
      </LinearRing>
    </outerBoundaryIs>
  </Polygon>
</Placemark><Placemark>
  <name>1.6-1.7</name>
  <ExtendedData>
    <Data name='count'>
      <value>15</value>
    </Data>
    <Data name='depth_class'>
      <value>1</value>
    </Data>
    <Data name='system:index'>
      <value>+8772+5022</value>
    </Data>
  </ExtendedData>
  <styleUrl>#style_green</styleUrl>
  <MultiGeometry>
    <Polygon>
      <outerBoundaryIs>
        <LinearRing>
          <coordinates>73.93616869668008,18.536004065028308 73.936171492902,18.535552236632025 73.93626622867491,18.53555277005164 73.93626566948264,18.53564313573629 73.93636040530944,18.535643669102004 73.93635984617106,18.53573403478665 73.93645458205177,18.535734568116435 73.93645346385584,18.535915299485726 73.93635872787632,18.535914766155944 73.93635816872896,18.536005131831608 73.93616869668008,18.536004065028308 </coordinates>
        </LinearRing>
      </outerBoundaryIs>
    </Polygon>
    <Polygon>
      <outerBoundaryIs>
        <LinearRing>
          <coordinates>73.93616869668008,18.536004065028308 73.93616813742493,18.536094430703972 73.93597866529521,18.53609336369406 73.93597922464919,18.53600299802738 73.93588448863373,18.536002464455052 73.93588504803263,18.53591209878837 73.93607451996472,18.53591316587913 73.93607396066464,18.53600353154581 73.93616869668008,18.536004065028308 </coordinates>
        </LinearRing>
      </outerBoundaryIs>
    </Polygon>
  </MultiGeometry>
</Placemark><Placemark>
  <name>1.6-1.7</name>
  <ExtendedData>
    <Data name='count'>
      <value>14</value>
    </Data>
    <Data name='depth_class'>
      <value>1</value>
    </Data>
    <Data name='system:index'>
      <value>+8780+5016</value>
    </Data>
  </ExtendedData>
  <styleUrl>#style_green</styleUrl>
  <Polygon>
    <outerBoundaryIs>
      <LinearRing>
        <coordinates>73.9365454045477,18.53636766119383 73.93654652267175,18.536186929824535 73.9367359949452,18.536187996268506 73.93673655390391,18.53609763057488 73.93702076218383,18.536099229872526 73.93701964456285,18.536279961268768 73.93692490836773,18.536279428217462 73.93692434950782,18.536369793911092 73.93682961325881,18.536369260805888 73.93682905434501,18.536459626490533 73.93663958176613,18.53645856012741 73.93664014078773,18.536368194442762 73.9365454045477,18.53636766119383 </coordinates>
      </LinearRing>
    </outerBoundaryIs>
  </Polygon>
</Placemark><Placemark>
  <name>1.7-1.8</name>
  <ExtendedData>
    <Data name='count'>
      <value>346</value>
    </Data>
    <Data name='depth_class'>
      <value>2</value>
    </Data>
    <Data name='system:index'>
      <value>+8780+5028</value>
    </Data>
  </ExtendedData>
  <styleUrl>#style_yellow</styleUrl>
  <Polygon>
    <outerBoundaryIs>
      <LinearRing>
        <coordinates>73.9383465097681,18.536197053343713 73.93815703738684,18.53619598851671 73.93815647917373,18.536286354255253 73.93777753425852,18.536284224017336 73.93777697583879,18.536374589737918 73.93692434950782,18.536369793911092 73.93692490836773,18.536279428217462 73.93701964456285,18.536279961268768 73.93702076218383,18.536099229872526 73.93673655390391,18.53609763057488 73.9367359949452,18.536187996268506 73.93654652267175,18.536186929824535 73.93654596361422,18.53627729550918 73.93645122743706,18.53627676221533 73.9364517865485,18.536186396539666 73.93635705041626,18.5361858632009 73.93635872787632,18.535914766155944 73.93645346385584,18.535915299485726 73.93645458205177,18.535734568116435 73.93635984617106,18.53573403478665 73.93636040530944,18.535643669102004 73.93626566948264,18.53564313573629 73.93626622867491,18.53555277005164 73.936171492902,18.535552236632025 73.93617205213022,18.535461870956365 73.93607731641121,18.53546133749183 73.93607787569333,18.535370971816167 73.9358884043631,18.535369904761342 73.93588896374403,18.53527953908568 73.93579422813282,18.535279005495383 73.93579478754968,18.53518863981972 73.93588952311597,18.535189173410014 73.93589064185088,18.53500844205869 73.93636431920625,18.535011109282532 73.93636376008584,18.535101474976162 73.93655323114656,18.5351025415459 73.93655379016816,18.535012175843285 73.9370274676403,18.535014841414228 73.93702690887024,18.535105207116843 73.93721637997588,18.535106273021825 73.93721582130462,18.53519663873342 73.93750002813826,18.53519823723157 73.93749946961073,18.53528860296113 73.93768894094993,18.535289668390007 73.93768838252122,18.53538003411957 73.93816206117016,18.53538269689675 73.93816261935633,18.535292331149222 73.93844682644149,18.535293928237017 73.93844626840803,18.535384293984546 73.93873047566387,18.535385890650133 73.93872991777415,18.535476256406643 73.93882465359198,18.53547678854167 73.93882409574717,18.535567154298178 73.93891883160991,18.535567686379306 73.938918273819,18.5356580521448 73.93901300973563,18.53565858418101 73.93901245198964,18.535748949946505 73.9391071879512,18.5357494819378 73.93910551483899,18.536020579234282 73.93920025096223,18.536021111189644 73.93919857797577,18.536292208477146 73.93910384169982,18.5362916765128 73.93910272626172,18.536472408025823 73.93881851717332,18.536470811836345 73.93882074864239,18.536109348828266 73.93863127632402,18.53610828448635 73.93863071836243,18.536198650233878 73.93853598216731,18.53619811798207 73.93853486612736,18.536378849468147 73.93825065724556,18.536377252425268 73.93825121541376,18.536286886695706 73.9383459516538,18.53628741908226 73.9383465097681,18.536197053343713 </coordinates>
      </LinearRing>
    </outerBoundaryIs>
    <innerBoundaryIs>
      <LinearRing>
        <coordinates>73.9383465097681,18.536197053343713 73.9383470678824,18.53610668760517 73.93844180402361,18.536107219946807 73.93844124596322,18.53619758568535 73.9383465097681,18.536197053343713 </coordinates>
      </LinearRing>
    </innerBoundaryIs>
    <innerBoundaryIs>
      <LinearRing>
        <coordinates>73.93730608780628,18.535920097324777 73.93730664645058,18.535829731613184 73.93740138241213,18.53583026446686 73.93740082381275,18.535920630178456 73.93730608780628,18.535920097324777 </coordinates>
      </LinearRing>
    </innerBoundaryIs>
    <innerBoundaryIs>
      <LinearRing>
        <coordinates>73.93768447341243,18.53601259418159 73.93768503186809,18.535922228461008 73.93777976789252,18.535922761126038 73.9377803262853,18.53583239540546 73.93796979824435,18.535833460591792 73.9379692399414,18.535923826321355 73.93787450391696,18.535923293746155 73.93787394556011,18.536013659475717 73.93768447341243,18.53601259418159 </coordinates>
      </LinearRing>
    </innerBoundaryIs>
    <innerBoundaryIs>
      <LinearRing>
        <coordinates>73.93768614876144,18.535741497019853 73.93768670720813,18.53565113129927 73.93778144307986,18.53565166395532 73.93778088468707,18.535742029675898 73.93768614876144,18.535741497019853 </coordinates>
      </LinearRing>
    </innerBoundaryIs>
  </Polygon>
</Placemark><Placemark>
  <name>1.8-1.9</name>
  <ExtendedData>
    <Data name='count'>
      <value>1</value>
    </Data>
    <Data name='depth_class'>
      <value>3</value>
    </Data>
    <Data name='system:index'>
      <value>+8784+5019</value>
    </Data>
  </ExtendedData>
  <styleUrl>#style_orange</styleUrl>
  <Polygon>
    <outerBoundaryIs>
      <LinearRing>
        <coordinates>73.93730608780628,18.535920097324777 73.93730664645058,18.535829731613184 73.93740138241213,18.53583026446686 73.93740082381275,18.535920630178456 73.93730608780628,18.535920097324777 </coordinates>
      </LinearRing>
    </outerBoundaryIs>
  </Polygon>
</Placemark><Placemark>
  <name>1.6-1.7</name>
  <ExtendedData>
    <Data name='count'>
      <value>1</value>
    </Data>
    <Data name='depth_class'>
      <value>1</value>
    </Data>
    <Data name='system:index'>
      <value>+8788+5021</value>
    </Data>
  </ExtendedData>
  <styleUrl>#style_green</styleUrl>
  <Polygon>
    <outerBoundaryIs>
      <LinearRing>
        <coordinates>73.93768614876144,18.535741497019853 73.93768670720813,18.53565113129927 73.93778144307986,18.53565166395532 73.93778088468707,18.535742029675898 73.93768614876144,18.535741497019853 </coordinates>
      </LinearRing>
    </outerBoundaryIs>
  </Polygon>
</Placemark><Placemark>
  <name>1.6-1.7</name>
  <ExtendedData>
    <Data name='count'>
      <value>4</value>
    </Data>
    <Data name='depth_class'>
      <value>1</value>
    </Data>
    <Data name='system:index'>
      <value>+8790+5019</value>
    </Data>
  </ExtendedData>
  <styleUrl>#style_green</styleUrl>
  <Polygon>
    <outerBoundaryIs>
      <LinearRing>
        <coordinates>73.93768447341243,18.53601259418159 73.93768503186809,18.535922228461008 73.93777976789252,18.535922761126038 73.9377803262853,18.53583239540546 73.93796979824435,18.535833460591792 73.9379692399414,18.535923826321355 73.93787450391696,18.535923293746155 73.93787394556011,18.536013659475717 73.93768447341243,18.53601259418159 </coordinates>
      </LinearRing>
    </outerBoundaryIs>
  </Polygon>
</Placemark><Placemark>
  <name>1.8-1.9</name>
  <ExtendedData>
    <Data name='count'>
      <value>3</value>
    </Data>
    <Data name='depth_class'>
      <value>3</value>
    </Data>
    <Data name='system:index'>
      <value>+8795+5016</value>
    </Data>
  </ExtendedData>
  <styleUrl>#style_orange</styleUrl>
  <MultiGeometry>
    <Polygon>
      <outerBoundaryIs>
        <LinearRing>
          <coordinates>73.9383465097681,18.536197053343713 73.9383470678824,18.53610668760517 73.93844180402361,18.536107219946807 73.93844124596322,18.53619758568535 73.9383465097681,18.536197053343713 </coordinates>
        </LinearRing>
      </outerBoundaryIs>
    </Polygon>
    <Polygon>
      <outerBoundaryIs>
        <LinearRing>
          <coordinates>73.9383465097681,18.536197053343713 73.9383459516538,18.53628741908226 73.93815647917373,18.536286354255253 73.93815703738684,18.53619598851671 73.9383465097681,18.536197053343713 </coordinates>
        </LinearRing>
      </outerBoundaryIs>
    </Polygon>
  </MultiGeometry>
</Placemark><Placemark>
  <name>1.6-1.7</name>
  <ExtendedData>
    <Data name='count'>
      <value>10</value>
    </Data>
    <Data name='depth_class'>
      <value>1</value>
    </Data>
    <Data name='system:index'>
      <value>+8799+5016</value>
    </Data>
  </ExtendedData>
  <styleUrl>#style_green</styleUrl>
  <Polygon>
    <outerBoundaryIs>
      <LinearRing>
        <coordinates>73.93853486612736,18.536378849468147 73.93853598216731,18.53619811798207 73.93863071836243,18.536198650233878 73.93863127632402,18.53610828448635 73.93882074864239,18.536109348828266 73.93881851717332,18.536470811836345 73.93862904445969,18.53646974746748 73.93862960243027,18.53637938171995 73.93853486612736,18.536378849468147 </coordinates>
      </LinearRing>
    </outerBoundaryIs>
  </Polygon>
</Placemark><Placemark>
  <name>1.7-1.8</name>
  <ExtendedData>
    <Data name='count'>
      <value>16</value>
    </Data>
    <Data name='depth_class'>
      <value>2</value>
    </Data>
    <Data name='system:index'>
      <value>+8809+5016</value>
    </Data>
  </ExtendedData>
  <styleUrl>#style_yellow</styleUrl>
  <Polygon>
    <outerBoundaryIs>
      <LinearRing>
        <coordinates>73.93938805052771,18.536293272262103 73.93938860809403,18.53620290649661 73.93948334432508,18.536203438317226 73.93948390183752,18.536113072542747 73.93976811039592,18.536114667708148 73.93976755303619,18.53620503349161 73.93995702552525,18.536206096701644 73.93995646825536,18.536296462485105 73.93986173196143,18.536295930898053 73.93986061731385,18.536476662464974 73.9395764081446,18.536475067407373 73.9395769656211,18.536384701632898 73.93948222928226,18.536384169857197 73.93948278680367,18.536293804091702 73.93938805052771,18.536293272262103 </coordinates>
      </LinearRing>
    </outerBoundaryIs>
  </Polygon>
</Placemark><Placemark>
  <name>1.7-1.8</name>
  <ExtendedData>
    <Data name='count'>
      <value>367</value>
    </Data>
    <Data name='depth_class'>
      <value>2</value>
    </Data>
    <Data name='system:index'>
      <value>+8817+5006</value>
    </Data>
  </ExtendedData>
  <styleUrl>#style_yellow</styleUrl>
  <Polygon>
    <outerBoundaryIs>
      <LinearRing>
        <coordinates>73.93985392916792,18.537561051758708 73.9398561585978,18.537199588678764 73.9399508953948,18.53720012028378 73.93995145269163,18.537109754509306 73.9400461894437,18.537110286069407 73.94004674668663,18.53701992029493 73.94052043022242,18.537022577376792 73.94051987322203,18.537112943169237 73.9407093467621,18.53711400567859 73.94070823295894,18.53729473727246 73.94099244358347,18.537296330695128 73.94099188682563,18.53738669650554 73.94118136068909,18.53738775855675 73.94117969069403,18.537658855978997 73.94127442777848,18.53765938693723 73.9412727579002,18.53793048436846 73.94136749513736,18.53793101529076 73.941366381972,18.53811174691158 73.94146111931697,18.53811227778896 73.94145944969021,18.538383375220192 73.94155418718789,18.538383906061643 73.94155307418423,18.538564637682466 73.94164781178073,18.538565168479 73.9416472553283,18.53865553428941 73.94174199297869,18.538656065050013 73.94174032373822,18.538927162481244 73.94183506154131,18.538927693196932 73.94183394880716,18.539108424826736 73.94192868670906,18.539108955497507 73.94192757405575,18.539289687127308 73.94202231206546,18.539290217762147 73.94202175578373,18.53938058358154 73.94211649384734,18.53938111416248 73.94211371263627,18.539832943241482 73.94220845095141,18.539833473795472 73.94220789475052,18.539923839614865 73.94230263311955,18.53992437012394 73.94230207696359,18.540014735943334 73.94239681538652,18.54001526640749 73.94239514704437,18.540286363865672 73.94230040847769,18.54028583339253 73.94229985231273,18.540376199202942 73.94220511369217,18.540375668684884 73.9422045574733,18.540466034495292 73.94192034149482,18.540464442635695 73.9419208978664,18.540374076825284 73.94144720488033,18.54037142278871 73.94144776149446,18.54028105700525 73.94135302295474,18.540280526056 73.94135747616411,18.53955759972543 73.94126273802864,18.539557068758217 73.94126329471462,18.539466702965772 73.94135803280518,18.53946723393299 73.94135858943726,18.539376868140543 73.94126385140059,18.53937633717333 73.9412649647546,18.539195605579458 73.94107548888789,18.53919454351926 73.94107660243951,18.539013811934375 73.94098186460945,18.539013280841395 73.94098297824193,18.538832549256508 73.9408882405107,18.53883201811861 73.94088991108069,18.538560920750264 73.94070043594161,18.53855985834871 73.9407009928881,18.53846949256525 73.94060625537246,18.538468961292608 73.94060681237285,18.538378595509148 73.94051207491111,18.538378064191587 73.94051263195642,18.538287698408126 73.94041789453959,18.538287167045652 73.94041845162982,18.538196801271177 73.94032371427588,18.538196269863786 73.94032482854615,18.53801553830585 73.94023009129103,18.538015006862526 73.94023064847109,18.537924641088047 73.94013591126985,18.537924109590826 73.94013646849483,18.53783374381635 73.94004173134749,18.537833212283196 73.94004284588726,18.53765248073424 73.93994810883875,18.53765194915617 73.93994866616254,18.53756158338169 73.93985392916792,18.537561051758708 </coordinates>
      </LinearRing>
    </outerBoundaryIs>
    <innerBoundaryIs>
      <LinearRing>
        <coordinates>73.94107882948886,18.5386523487646 73.94107938623773,18.538561982972155 73.94117412382523,18.538562514011236 73.94117356712128,18.538652879803678 73.94107882948886,18.5386523487646 </coordinates>
      </LinearRing>
    </innerBoundaryIs>
  </Polygon>
</Placemark><Placemark>
  <name>1.7-1.8</name>
  <ExtendedData>
    <Data name='count'>
      <value>2</value>
    </Data>
    <Data name='depth_class'>
      <value>2</value>
    </Data>
    <Data name='system:index'>
      <value>+8840+4955</value>
    </Data>
  </ExtendedData>
  <styleUrl>#style_yellow</styleUrl>
  <Polygon>
    <outerBoundaryIs>
      <LinearRing>
        <coordinates>73.94248098814847,18.541732747305378 73.94248154425954,18.54164238149497 73.94267102291103,18.54164344228854 73.94267046688981,18.54173380809895 73.94248098814847,18.541732747305378 </coordinates>
      </LinearRing>
    </outerBoundaryIs>
  </Polygon>
</Placemark><Placemark>
  <name>1.7-1.8</name>
  <ExtendedData>
    <Data name='count'>
      <value>33</value>
    </Data>
    <Data name='depth_class'>
      <value>2</value>
    </Data>
    <Data name='system:index'>
      <value>+8849+4939</value>
    </Data>
  </ExtendedData>
  <styleUrl>#style_yellow</styleUrl>
  <Polygon>
    <outerBoundaryIs>
      <LinearRing>
        <coordinates>73.94303775152889,18.54363361121063 73.94303886329287,18.543452879598792 73.94313360362922,18.543453409784476 73.94313471528541,18.543272678163653 73.94322945552294,18.54327320830442 73.94323001130162,18.543182842485024 73.94332475149425,18.543183372571892 73.94332530721005,18.543093006752496 73.94351478751443,18.543094066782498 73.94351423189744,18.543184432601894 73.94360897209904,18.543184962545027 73.94360841652697,18.543275328373404 73.94370315678248,18.543275858271624 73.94370260125532,18.5433662241 73.94360786094592,18.543365694192797 73.94360619420276,18.543636791659964 73.94351145374964,18.543636261707842 73.9435108981057,18.54372662752724 73.9431319361225,18.543724507206722 73.94313249196406,18.543634141405295 73.94303775152889,18.54363361121063 </coordinates>
      </LinearRing>
    </outerBoundaryIs>
  </Polygon>
</Placemark><Placemark>
  <name>1.7-1.8</name>
  <ExtendedData>
    <Data name='count'>
      <value>88</value>
    </Data>
    <Data name='depth_class'>
      <value>2</value>
    </Data>
    <Data name='system:index'>
      <value>+8875+4921</value>
    </Data>
  </ExtendedData>
  <styleUrl>#style_yellow</styleUrl>
  <Polygon>
    <outerBoundaryIs>
      <LinearRing>
        <coordinates>73.94520568695764,18.54545311084683 73.94520790614673,18.545091647443492 73.94530264746224,18.545092176587126 73.94530375693552,18.54491144486749 73.94558798058561,18.544913032010935 73.94558853516953,18.54482266613764 73.9457780175131,18.544823723984738 73.9457785719982,18.544733358111444 73.94596805426093,18.544734415769895 73.94596749987463,18.544824781643186 73.9460622410554,18.544825310400544 73.94606057804025,18.54509640804737 73.94615531938271,18.545096936759816 73.94615421078979,18.545277668524367 73.9460594693485,18.54527713980294 73.94605891499815,18.545367505676232 73.94624839797054,18.545368563083155 73.9462461809374,18.545730026603273 73.94615143924459,18.54572949791778 73.94615088493016,18.54581986379107 73.94605614319244,18.54581933505168 73.94605669756076,18.545728969178384 73.94577247251829,18.54572738268173 73.94577302703034,18.54563701681742 73.94539406056454,18.545634900826784 73.94539461527422,18.54554453497146 73.94529987370719,18.545544005863757 73.94530042846179,18.54545364000843 73.94520568695764,18.54545311084683 </coordinates>
      </LinearRing>
    </outerBoundaryIs>
  </Polygon>
</Placemark><Placemark>
  <name>1.6-1.7</name>
  <ExtendedData>
    <Data name='count'>
      <value>1</value>
    </Data>
    <Data name='depth_class'>
      <value>1</value>
    </Data>
    <Data name='system:index'>
      <value>+8877+4915</value>
    </Data>
  </ExtendedData>
  <styleUrl>#style_green</styleUrl>
  <Polygon>
    <outerBoundaryIs>
      <LinearRing>
        <coordinates>73.94605891499815,18.545367505676232 73.9460594693485,18.54527713980294 73.94615421078979,18.545277668524367 73.94615365648434,18.545368034406643 73.94605891499815,18.545367505676232 </coordinates>
      </LinearRing>
    </outerBoundaryIs>
  </Polygon>
</Placemark><Placemark>
  <name>1.7-1.8</name>
  <ExtendedData>
    <Data name='count'>
      <value>82</value>
    </Data>
    <Data name='depth_class'>
      <value>2</value>
    </Data>
    <Data name='system:index'>
      <value>+8883+4916</value>
    </Data>
  </ExtendedData>
  <styleUrl>#style_yellow</styleUrl>
  <Polygon>
    <outerBoundaryIs>
      <LinearRing>
        <coordinates>73.94643732680815,18.545459986183705 73.94643898926634,18.545188888527893 73.94672321347339,18.545190473973523 73.94672265947338,18.545280839873765 73.94681740093262,18.545281368262813 73.94681684697751,18.545371734163055 73.94719581304805,18.545373847261114 73.94719525929058,18.54546421317034 73.9472900008666,18.54546474133481 73.94729110827376,18.54528400950738 73.94757533272335,18.545285593686383 73.94757477917248,18.54537595960459 73.9476695207036,18.54537648757143 73.94767007420954,18.545286121644242 73.94776481570472,18.54528664956617 73.9477642622437,18.545377015493358 73.94785900379277,18.545377543361386 73.94785845038564,18.545467909288575 73.94795319197962,18.54546843712067 73.94795263861741,18.545558803047864 73.9480473802653,18.54555933082606 73.94804682695698,18.545649696762233 73.9479520852552,18.545649168975054 73.9479509785128,18.545829900829435 73.94738252778104,18.545826733091268 73.9473819741134,18.54591709900049 73.94690826500259,18.54591445789966 73.94690881893074,18.545824091999418 73.94681407716607,18.545823563646298 73.94681463113913,18.545733197746056 73.94671988942837,18.545732669339042 73.94672099745536,18.545551937556525 73.94662625585238,18.545551409113575 73.9466268099063,18.545461043222314 73.94643732680815,18.545459986183705 </coordinates>
      </LinearRing>
    </outerBoundaryIs>
    <innerBoundaryIs>
      <LinearRing>
        <coordinates>73.9472888934415,18.54564547315326 73.94728944715405,18.545555107244038 73.94738418878397,18.54555563535461 73.94738363511632,18.545646001272818 73.9472888934415,18.54564547315326 </coordinates>
      </LinearRing>
    </innerBoundaryIs>
  </Polygon>
</Placemark><Placemark>
  <name>1.6-1.7</name>
  <ExtendedData>
    <Data name='count'>
      <value>12</value>
    </Data>
    <Data name='depth_class'>
      <value>1</value>
    </Data>
    <Data name='system:index'>
      <value>+8889+4916</value>
    </Data>
  </ExtendedData>
  <styleUrl>#style_green</styleUrl>
  <Polygon>
    <outerBoundaryIs>
      <LinearRing>
        <coordinates>73.94672265947338,18.545280839873765 73.94672321347339,18.545190473973523 73.94729166197733,18.545193643598154 73.9472900008666,18.54546474133481 73.94719525929058,18.54546421317034 73.94719581304805,18.545373847261114 73.94681684697751,18.545371734163055 73.94681740093262,18.545281368262813 73.94672265947338,18.545280839873765 </coordinates>
      </LinearRing>
    </outerBoundaryIs>
  </Polygon>
</Placemark><Placemark>
  <name>1.6-1.7</name>
  <ExtendedData>
    <Data name='count'>
      <value>1</value>
    </Data>
    <Data name='depth_class'>
      <value>1</value>
    </Data>
    <Data name='system:index'>
      <value>+8890+4912</value>
    </Data>
  </ExtendedData>
  <styleUrl>#style_green</styleUrl>
  <Polygon>
    <outerBoundaryIs>
      <LinearRing>
        <coordinates>73.9472888934415,18.54564547315326 73.94728944715405,18.545555107244038 73.94738418878397,18.54555563535461 73.94738363511632,18.545646001272818 73.9472888934415,18.54564547315326 </coordinates>
      </LinearRing>
    </outerBoundaryIs>
  </Polygon>
</Placemark><Placemark>
  <name>1.8-1.9</name>
  <ExtendedData>
    <Data name='count'>
      <value>3</value>
    </Data>
    <Data name='depth_class'>
      <value>3</value>
    </Data>
    <Data name='system:index'>
      <value>+8893+4916</value>
    </Data>
  </ExtendedData>
  <styleUrl>#style_orange</styleUrl>
  <Polygon>
    <outerBoundaryIs>
      <LinearRing>
        <coordinates>73.94748059123715,18.545285065674623 73.94748114484192,18.545194699756415 73.9476706277155,18.545195755726034 73.9476695207036,18.54537648757143 73.94757477917248,18.54537595960459 73.94757533272335,18.545285593686383 73.94748059123715,18.545285065674623 </coordinates>
      </LinearRing>
    </outerBoundaryIs>
  </Polygon>
</Placemark><Placemark>
  <name>1.6-1.7</name>
  <ExtendedData>
    <Data name='count'>
      <value>4</value>
    </Data>
    <Data name='depth_class'>
      <value>1</value>
    </Data>
    <Data name='system:index'>
      <value>+8902+4916</value>
    </Data>
  </ExtendedData>
  <styleUrl>#style_green</styleUrl>
  <MultiGeometry>
    <Polygon>
      <outerBoundaryIs>
        <LinearRing>
          <coordinates>73.94842745312314,18.545380709590386 73.94852219469018,18.545381237135018 73.9485216416334,18.545471603080177 73.94842690001246,18.545471075535545 73.94842745312314,18.545380709590386 </coordinates>
        </LinearRing>
      </outerBoundaryIs>
    </Polygon>
    <Polygon>
      <outerBoundaryIs>
        <LinearRing>
          <coordinates>73.94842800622484,18.545290343645227 73.94842855933554,18.54519997770007 73.94852330079478,18.54520050523572 73.94852274774698,18.545290871180878 73.94842800622484,18.545290343645227 </coordinates>
        </LinearRing>
      </outerBoundaryIs>
    </Polygon>
    <Polygon>
      <outerBoundaryIs>
        <LinearRing>
          <coordinates>73.94842800622484,18.545290343645227 73.94842745312314,18.545380709590386 73.94823796999805,18.545379654375353 73.94823852320755,18.545289288430197 73.94842800622484,18.545290343645227 </coordinates>
        </LinearRing>
      </outerBoundaryIs>
    </Polygon>
  </MultiGeometry>
</Placemark><Placemark>
  <name>1.6-1.7</name>
  <ExtendedData>
    <Data name='count'>
      <value>1</value>
    </Data>
    <Data name='depth_class'>
      <value>1</value>
    </Data>
    <Data name='system:index'>
      <value>+8904+4911</value>
    </Data>
  </ExtendedData>
  <styleUrl>#style_green</styleUrl>
  <Polygon>
    <outerBoundaryIs>
      <LinearRing>
        <coordinates>73.94861472420077,18.54574322842435 73.94861527722162,18.54565286247021 73.94871001894137,18.54565338992501 73.94870946597442,18.545743755879155 73.94861472420077,18.54574322842435 </coordinates>
      </LinearRing>
    </outerBoundaryIs>
  </Polygon>
</Placemark><Placemark>
  <name>1.8-1.9</name>
  <ExtendedData>
    <Data name='count'>
      <value>12</value>
    </Data>
    <Data name='depth_class'>
      <value>3</value>
    </Data>
    <Data name='system:index'>
      <value>+8910+4912</value>
    </Data>
  </ExtendedData>
  <styleUrl>#style_orange</styleUrl>
  <Polygon>
    <outerBoundaryIs>
      <LinearRing>
        <coordinates>73.94889784377645,18.54592554255331 73.94889839665358,18.54583517659917 73.94899313848113,18.54583570391024 73.94899424412759,18.545654971992974 73.9490889858653,18.54565549925913 73.94908953862564,18.54556513329601 73.94927902201125,18.545566187675604 73.94927846934075,18.54565655363873 73.94937321108745,18.545657080761156 73.94937210583626,18.545837812696387 73.94908788031766,18.545836231176395 73.94908732753936,18.54592659713952 73.94889784377645,18.54592554255331 </coordinates>
      </LinearRing>
    </outerBoundaryIs>
  </Polygon>
</Placemark><Placemark>
  <name>1.9-2.0</name>
  <ExtendedData>
    <Data name='count'>
      <value>24</value>
    </Data>
    <Data name='depth_class'>
      <value>4</value>
    </Data>
    <Data name='system:index'>
      <value>+8913+4920</value>
    </Data>
  </ExtendedData>
  <styleUrl>#style_red</styleUrl>
  <Polygon>
    <outerBoundaryIs>
      <LinearRing>
        <coordinates>73.94899700818083,18.545203142186338 73.9489975609771,18.545112776223213 73.94909230241838,18.545113303471403 73.94909285516974,18.545022937508282 73.94918759655712,18.54502346470257 73.9491881492456,18.544933098730464 73.94928289059705,18.544933625870858 73.94928344323162,18.544843259898748 73.94956766713325,18.544844841041446 73.9495671146424,18.544935207022537 73.94975659735428,18.544936260890097 73.94975604496224,18.545026626871184 73.94966130354791,18.545026099964357 73.94966075110197,18.545116465945448 73.94956600964274,18.54511593898472 73.94956545714291,18.54520630496581 73.94937597414356,18.54520525090062 73.94937542153593,18.54529561687273 73.94909119691566,18.545294035406634 73.94909174966702,18.545203669434528 73.94899700818083,18.545203142186338 </coordinates>
      </LinearRing>
    </outerBoundaryIs>
  </Polygon>
</Placemark><Placemark>
  <name>1.8-1.9</name>
  <ExtendedData>
    <Data name='count'>
      <value>38</value>
    </Data>
    <Data name='depth_class'>
      <value>3</value>
    </Data>
    <Data name='system:index'>
      <value>+8914+4921</value>
    </Data>
  </ExtendedData>
  <styleUrl>#style_orange</styleUrl>
  <Polygon>
    <outerBoundaryIs>
      <LinearRing>
        <coordinates>73.94880752521743,18.54520208754623 73.9488080781215,18.54511172159209 73.9489975609771,18.545112776223213 73.94899700818083,18.545203142186338 73.94909174966702,18.545203669434528 73.94909119691566,18.545294035406634 73.94937542153593,18.54529561687273 73.94937597414356,18.54520525090062 73.94956545714291,18.54520630496581 73.94956600964274,18.54511593898472 73.94966075110197,18.545116465945448 73.94966130354791,18.545026099964357 73.94975604496224,18.545026626871184 73.94975659735428,18.544936260890097 73.9495671146424,18.544935207022537 73.9495682196241,18.544754475060355 73.94966296087674,18.544755002003118 73.94966240843978,18.544845367993194 73.95023085634185,18.544848528706538 73.95022864774388,18.545209992711747 73.94994442317751,18.54520841253923 73.94994497548869,18.545118046549156 73.94975549256122,18.54511699286126 73.9497549401602,18.545207358851332 73.94966019864707,18.54520683193552 73.94965964619215,18.54529719791661 73.94956490463409,18.545296670946897 73.94956435212528,18.545387036927988 73.9489011609853,18.545383346810496 73.94890226669463,18.545202614893235 73.94880752521743,18.54520208754623 </coordinates>
      </LinearRing>
    </outerBoundaryIs>
  </Polygon>
</Placemark><Placemark>
  <name>1.6-1.7</name>
  <ExtendedData>
    <Data name='count'>
      <value>6</value>
    </Data>
    <Data name='depth_class'>
      <value>1</value>
    </Data>
    <Data name='system:index'>
      <value>+8919+4908</value>
    </Data>
  </ExtendedData>
  <styleUrl>#style_green</styleUrl>
  <Polygon>
    <outerBoundaryIs>
      <LinearRing>
        <coordinates>73.94993834763768,18.54620243838512 73.94993945231396,18.54602170642294 73.95003419427626,18.546022233212987 73.95003474656049,18.545931867231896 73.95012948847787,18.545932393977033 73.95012893624754,18.546022759967105 73.95022367821882,18.54602328666732 73.95022312603339,18.546113652657397 73.95012838400821,18.546113125957177 73.9501278317689,18.546203491947253 73.94993834763768,18.54620243838512 </coordinates>
      </LinearRing>
    </outerBoundaryIs>
  </Polygon>
</Placemark><Placemark>
  <name>1.7-1.8</name>
  <ExtendedData>
    <Data name='count'>
      <value>5</value>
    </Data>
    <Data name='depth_class'>
      <value>2</value>
    </Data>
    <Data name='system:index'>
      <value>+8919+4921</value>
    </Data>
  </ExtendedData>
  <styleUrl>#style_yellow</styleUrl>
  <Polygon>
    <outerBoundaryIs>
      <LinearRing>
        <coordinates>73.94966240843978,18.544845367993194 73.94966296087674,18.544755002003118 73.95013666720277,18.544757636043194 73.95013611501734,18.54484800204225 73.94966240843978,18.544845367993194 </coordinates>
      </LinearRing>
    </outerBoundaryIs>
  </Polygon>
</Placemark><Placemark>
  <name>1.8-1.9</name>
  <ExtendedData>
    <Data name='count'>
      <value>1</value>
    </Data>
    <Data name='depth_class'>
      <value>3</value>
    </Data>
    <Data name='system:index'>
      <value>+8922+4906</value>
    </Data>
  </ExtendedData>
  <styleUrl>#style_orange</styleUrl>
  <Polygon>
    <outerBoundaryIs>
      <LinearRing>
        <coordinates>73.95031731591807,18.546204545311753 73.95031786805858,18.54611417932168 73.95041261008376,18.546114705932066 73.95041205799716,18.546205071922138 73.95031731591807,18.546204545311753 </coordinates>
      </LinearRing>
    </outerBoundaryIs>
  </Polygon>
</Placemark><Placemark>
  <name>1.6-1.7</name>
  <ExtendedData>
    <Data name='count'>
      <value>1</value>
    </Data>
    <Data name='depth_class'>
      <value>1</value>
    </Data>
    <Data name='system:index'>
      <value>+8924+4918</value>
    </Data>
  </ExtendedData>
  <styleUrl>#style_green</styleUrl>
  <Polygon>
    <outerBoundaryIs>
      <LinearRing>
        <coordinates>73.95051342434297,18.545121206454017 73.95051397633975,18.545030840445975 73.95060871778102,18.545031366930598 73.95060816582917,18.545121732938636 73.95051342434297,18.545121206454017 </coordinates>
      </LinearRing>
    </outerBoundaryIs>
  </Polygon>
</Placemark><Placemark>
  <name>1.7-1.8</name>
  <ExtendedData>
    <Data name='count'>
      <value>226</value>
    </Data>
    <Data name='depth_class'>
      <value>2</value>
    </Data>
    <Data name='system:index'>
      <value>+8926+4920</value>
    </Data>
  </ExtendedData>
  <styleUrl>#style_yellow</styleUrl>
  <MultiGeometry>
    <Polygon>
      <outerBoundaryIs>
        <LinearRing>
          <coordinates>73.94842800622484,18.545290343645227 73.9483332647117,18.545289816064663 73.94833381786731,18.545199450119505 73.94842855933554,18.54519997770007 73.94842800622484,18.545290343645227 </coordinates>
        </LinearRing>
      </outerBoundaryIs>
    </Polygon>
    <Polygon>
      <outerBoundaryIs>
        <LinearRing>
          <coordinates>73.94852219469018,18.545381237135018 73.94861693625722,18.545381764625755 73.94861804227199,18.545201032717472 73.94871278374022,18.545201560163292 73.94871333668921,18.545111194200167 73.9488080781215,18.54511172159209 73.94880752521743,18.54520208754623 73.94890226669463,18.545202614893235 73.9489011609853,18.545383346810496 73.94956435212528,18.545387036927988 73.94956490463409,18.545296670946897 73.94965964619215,18.54529719791661 73.94966019864707,18.54520683193552 73.9497549401602,18.545207358851332 73.94975549256122,18.54511699286126 73.94994497548869,18.545118046549156 73.94994442317751,18.54520841253923 73.95051287233721,18.545211572462055 73.95051342434297,18.545121206454017 73.95060816582917,18.545121732938636 73.9506092697239,18.544941000913575 73.95070401111128,18.54494152735328 73.95070456300924,18.544851161336258 73.9507993043517,18.54485168771308 73.95079875250764,18.544942053730104 73.95098823530934,18.544943106357987 73.95098768355511,18.545033472383995 73.95108242501436,18.545033998635052 73.95108132160472,18.545214730678083 73.95117606316278,18.545215256884227 73.95117440816958,18.545486354962243 73.95126914988035,18.545486881123473 73.95126859826087,18.545577247149478 73.95117385650518,18.545576720979266 73.9511733048318,18.545667087005274 73.95107856303119,18.545666560790146 73.9510780113039,18.54575692680717 73.95098326944941,18.545756400538142 73.95098161411485,18.54602749858023 73.95050790415063,18.54602486649848 73.95050735211792,18.546115232497534 73.95031786805858,18.54611417932168 73.95031731591807,18.546204545311753 73.9501278317689,18.546203491947253 73.95012838400821,18.546113125957177 73.95022312603339,18.546113652657397 73.95022367821882,18.54602328666732 73.95012893624754,18.546022759967105 73.95012948847787,18.545932393977033 73.95003474656049,18.545931867231896 73.95003419427626,18.546022233212987 73.94993945231396,18.54602170642294 73.94993889997582,18.54611207240403 73.9497494159524,18.546111018653253 73.94974996838936,18.546020652681143 73.94956048448272,18.546019598750703 73.9495610370095,18.545929232778597 73.94946629511008,18.545928705746004 73.94946684769076,18.545838339773894 73.94937210583626,18.545837812696387 73.94937321108745,18.545657080761156 73.94927846934075,18.54565655363873 73.94927902201125,18.545566187675604 73.94908953862564,18.54556513329601 73.9490889858653,18.54565549925913 73.94899424412759,18.545654971992974 73.94899313848113,18.54583570391024 73.94889839665358,18.54583517659917 73.94889784377645,18.54592554255331 73.94870836002254,18.54592448776947 73.94870891299847,18.54583412182431 73.9486141711799,18.54583359436951 73.94861472420077,18.54574322842435 73.9485199824271,18.54574270091565 73.94852108856763,18.545561969025336 73.94842634690177,18.5455614414807 73.94842690001246,18.545471075535545 73.9485216416334,18.545471603080177 73.94852219469018,18.545381237135018 </coordinates>
        </LinearRing>
      </outerBoundaryIs>
      <innerBoundaryIs>
        <LinearRing>
          <coordinates>73.94861472420077,18.54574322842435 73.94861527722162,18.54565286247021 73.94871001894137,18.54565338992501 73.94870946597442,18.545743755879155 73.94861472420077,18.54574322842435 </coordinates>
        </LinearRing>
      </innerBoundaryIs>
    </Polygon>
    <Polygon>
      <outerBoundaryIs>
        <LinearRing>
          <coordinates>73.94842800622484,18.545290343645227 73.94852274774698,18.545290871180878 73.94852219469018,18.545381237135018 73.94842745312314,18.545380709590386 73.94842800622484,18.545290343645227 </coordinates>
        </LinearRing>
      </outerBoundaryIs>
    </Polygon>
  </MultiGeometry>
</Placemark><Placemark>
  <name>1.8-1.9</name>
  <ExtendedData>
    <Data name='count'>
      <value>12</value>
    </Data>
    <Data name='depth_class'>
      <value>3</value>
    </Data>
    <Data name='system:index'>
      <value>+8931+4912</value>
    </Data>
  </ExtendedData>
  <styleUrl>#style_orange</styleUrl>
  <Polygon>
    <outerBoundaryIs>
      <LinearRing>
        <coordinates>73.95098161411485,18.54602749858023 73.95098326944941,18.545756400538142 73.9510780113039,18.54575692680717 73.95107856303119,18.545666560790146 73.9511733048318,18.545667087005274 73.95117385650518,18.545576720979266 73.95126859826087,18.545577247149478 73.9512658401275,18.546029077270525 73.95098161411485,18.54602749858023 </coordinates>
      </LinearRing>
    </outerBoundaryIs>
  </Polygon>
</Placemark><Placemark>
  <name>1.9-2.0</name>
  <ExtendedData>
    <Data name='count'>
      <value>38</value>
    </Data>
    <Data name='depth_class'>
      <value>4</value>
    </Data>
    <Data name='system:index'>
      <value>+8943+4917</value>
    </Data>
  </ExtendedData>
  <styleUrl>#style_red</styleUrl>
  <Polygon>
    <outerBoundaryIs>
      <LinearRing>
        <coordinates>73.95192903425887,18.546032759204365 73.95193123938932,18.545671295028473 73.95202598121688,18.545671820821394 73.95202763488058,18.54540072267151 73.9521223765644,18.54540124841053 73.95212292772574,18.545310882357576 73.95221766937362,18.545311408042696 73.95221877158852,18.5451306759278 73.95240825467768,18.545131727136347 73.95240770366905,18.545222093198287 73.95231296207507,18.54522156761198 73.95231241101254,18.54531193367392 73.95240715266043,18.545312459260224 73.9524066016428,18.545402825322164 73.95250134334461,18.545403350863555 73.95250024140819,18.545584082996413 73.9525949832088,18.545584608492888 73.95259443229,18.545674974554828 73.9524996904355,18.54567444904937 73.95249913945382,18.54576481511131 73.9524043975544,18.545764289560935 73.9524038465278,18.54585465561389 73.95221436263914,18.545853604360428 73.95221381150475,18.545943970413383 73.95211906951549,18.545943444710296 73.9521185183272,18.54603381075427 73.95192903425887,18.546032759204365 </coordinates>
      </LinearRing>
    </outerBoundaryIs>
  </Polygon>
</Placemark><Placemark>
  <name>1.7-1.8</name>
  <ExtendedData>
    <Data name='count'>
      <value>20</value>
    </Data>
    <Data name='depth_class'>
      <value>2</value>
    </Data>
    <Data name='system:index'>
      <value>+8946+4909</value>
    </Data>
  </ExtendedData>
  <styleUrl>#style_yellow</styleUrl>
  <Polygon>
    <outerBoundaryIs>
      <LinearRing>
        <coordinates>73.95211741595061,18.546214542842215 73.9521185183272,18.54603381075427 73.95221326037036,18.546034336457357 73.95221381150475,18.545943970413383 73.95259277949768,18.545946072740644 73.95259333042546,18.545855706678704 73.95268807237878,18.545856232148232 73.9526875214959,18.54594659821017 73.95278226350312,18.545947123625794 73.95278116182722,18.546127855758655 73.95249693551811,18.54612627935008 73.95249638452745,18.546216645403035 73.9524016423765,18.546216119834696 73.95240109133195,18.54630648588765 73.95221160694022,18.546305434598256 73.95221215809258,18.546215068554286 73.95211741595061,18.546214542842215 </coordinates>
      </LinearRing>
    </outerBoundaryIs>
  </Polygon>
</Placemark><Placemark>
  <name>1.8-1.9</name>
  <ExtendedData>
    <Data name='count'>
      <value>74</value>
    </Data>
    <Data name='depth_class'>
      <value>3</value>
    </Data>
    <Data name='system:index'>
      <value>+8946+4921</value>
    </Data>
  </ExtendedData>
  <styleUrl>#style_orange</styleUrl>
  <MultiGeometry>
    <Polygon>
      <outerBoundaryIs>
        <LinearRing>
          <coordinates>73.95211741595061,18.546214542842215 73.95221215809258,18.546215068554286 73.95221160694022,18.546305434598256 73.95211686475334,18.546304908886185 73.95211741595061,18.546214542842215 </coordinates>
        </LinearRing>
      </outerBoundaryIs>
    </Polygon>
    <Polygon>
      <outerBoundaryIs>
        <LinearRing>
          <coordinates>73.95221381150475,18.545943970413383 73.95221436263914,18.545853604360428 73.9524038465278,18.54585465561389 73.9524043975544,18.545764289560935 73.95249913945382,18.54576481511131 73.9524996904355,18.54567444904937 73.95259443229,18.545674974554828 73.9525949832088,18.545584608492888 73.95250024140819,18.545584082996413 73.95250134334461,18.545403350863555 73.9524066016428,18.545402825322164 73.95240715266043,18.545312459260224 73.95231241101254,18.54531193367392 73.95231296207507,18.54522156761198 73.95240770366905,18.545222093198287 73.95240825467768,18.545131727136347 73.95212403004842,18.545130150251662 73.95212513235315,18.54494941813677 73.95221987379442,18.544949943803925 73.95222042489289,18.54485957775097 73.95259939048731,18.544861679952465 73.95259994138814,18.544771313881544 73.95269468273959,18.54477183930615 73.95269413189266,18.544862205386057 73.95297835613565,18.54486378139039 73.95297780544142,18.54495414747928 73.95326202985508,18.54495572307039 73.9532614793046,18.54504608915928 73.95345096236682,18.545047139316793 73.95345041190616,18.545137505414665 73.95326092874512,18.545136455248166 73.95326037818565,18.545226821337053 73.95307089493478,18.545225770972923 73.9530703442765,18.54531613705283 73.95278611927894,18.545314561138326 73.95278667008994,18.545224195067405 73.952597186875,18.54522314422717 73.9525960850464,18.54540387636003 73.95278556846793,18.545404927209248 73.95278336517003,18.545766391492936 73.95268862326164,18.545765866077307 73.95268807237878,18.545856232148232 73.95259333042546,18.545855706678704 73.95259277949768,18.545946072740644 73.95221381150475,18.545943970413383 </coordinates>
        </LinearRing>
      </outerBoundaryIs>
    </Polygon>
    <Polygon>
      <outerBoundaryIs>
        <LinearRing>
          <coordinates>73.9521185183272,18.54603381075427 73.95211741595061,18.546214542842215 73.95202267381764,18.546214017085227 73.95202377629303,18.546033284997282 73.9521185183272,18.54603381075427 </coordinates>
        </LinearRing>
      </outerBoundaryIs>
    </Polygon>
    <Polygon>
      <outerBoundaryIs>
        <LinearRing>
          <coordinates>73.95221381150475,18.545943970413383 73.95221326037036,18.546034336457357 73.9521185183272,18.54603381075427 73.95211906951549,18.545943444710296 73.95221381150475,18.545943970413383 </coordinates>
        </LinearRing>
      </outerBoundaryIs>
    </Polygon>
  </MultiGeometry>
</Placemark><Placemark>
  <name>1.9-2.0</name>
  <ExtendedData>
    <Data name='count'>
      <value>1</value>
    </Data>
    <Data name='depth_class'>
      <value>4</value>
    </Data>
    <Data name='system:index'>
      <value>+8948+4905</value>
    </Data>
  </ExtendedData>
  <styleUrl>#style_red</styleUrl>
  <Polygon>
    <outerBoundaryIs>
      <LinearRing>
        <coordinates>73.95278006014235,18.546308587882532 73.95278061098928,18.546218221820595 73.95287535314921,18.54621874720029 73.95287480234718,18.546309113262225 73.95278006014235,18.546308587882532 </coordinates>
      </LinearRing>
    </outerBoundaryIs>
  </Polygon>
</Placemark><Placemark>
  <name>1.8-1.9</name>
  <ExtendedData>
    <Data name='count'>
      <value>90</value>
    </Data>
    <Data name='depth_class'>
      <value>3</value>
    </Data>
    <Data name='system:index'>
      <value>+8950+4908</value>
    </Data>
  </ExtendedData>
  <styleUrl>#style_orange</styleUrl>
  <Polygon>
    <outerBoundaryIs>
      <LinearRing>
        <coordinates>73.95240109133195,18.54630648588765 73.9524016423765,18.546216119834696 73.95249638452745,18.546216645403035 73.95249693551811,18.54612627935008 73.95278116182722,18.546127855758655 73.95278171267415,18.546037489687734 73.95297119679638,18.546038540393223 73.95297174753551,18.5459481743223 73.95306648955172,18.5459486995942 73.95306593886649,18.54603906566512 73.95363439133199,18.546042216335298 73.9536338409432,18.546132582424185 73.95410755167097,18.546135206690593 73.95410645137848,18.54631593889532 73.95420119362825,18.546316463610257 73.95420009342558,18.546497195814982 73.95457906287379,18.54649929422559 73.9545796127775,18.546408928109752 73.95467435509912,18.54640945259113 73.95467380524033,18.546499818706966 73.95486328999138,18.546500867534977 73.95486219047143,18.546681599775635 73.95448322058306,18.546679501913005 73.95448377054066,18.546589135806148 73.95315737704077,18.546581787335597 73.95315847834836,18.54640105519375 73.95306373608062,18.54640052995779 73.95306428678383,18.54631016388687 73.95287480234718,18.546309113262225 73.95287535314921,18.54621874720029 73.95278061098928,18.546218221820595 73.95278006014235,18.546308587882532 73.95240109133195,18.54630648588765 </coordinates>
      </LinearRing>
    </outerBoundaryIs>
  </Polygon>
</Placemark><Placemark>
  <name>1.7-1.8</name>
  <ExtendedData>
    <Data name='count'>
      <value>165</value>
    </Data>
    <Data name='depth_class'>
      <value>2</value>
    </Data>
    <Data name='system:index'>
      <value>+8954+4917</value>
    </Data>
  </ExtendedData>
  <styleUrl>#style_yellow</styleUrl>
  <MultiGeometry>
    <Polygon>
      <outerBoundaryIs>
        <LinearRing>
          <coordinates>73.95354405266866,18.54531876261281 73.95373353604529,18.545319812509813 73.95373243541144,18.545500544705558 73.95439562803362,18.545504217880822 73.95439507805807,18.545594583996657 73.95448981993053,18.545595108549904 73.95448926999988,18.54568547466574 73.95486823769637,18.54568757240261 73.95486713823033,18.545868304661234 73.95496188025551,18.545868828980915 73.9549613305674,18.54595919511472 73.95505607265547,18.545959719389483 73.95505552301228,18.546050085523287 73.95496078087929,18.54604956123954 73.95495858208196,18.546411025747805 73.95476909742074,18.546409977027594 73.95476854761586,18.546500343143432 73.95467380524033,18.546499818706966 73.95467435509912,18.54640945259113 73.9545796127775,18.546408928109752 73.95457906287379,18.54649929422559 73.95420009342558,18.546497195814982 73.95420119362825,18.546316463610257 73.95410645137848,18.54631593889532 73.95410755167097,18.546135206690593 73.9536338409432,18.546132582424185 73.95363439133199,18.546042216335298 73.95306593886649,18.54603906566512 73.95306704023696,18.545858333514293 73.95316178220824,18.545858858741273 73.95316233283957,18.545768492661367 73.95325707476594,18.545769017843433 73.95325762534338,18.545678651754546 73.95335236721584,18.54567917688271 73.95335291774838,18.545588810793824 73.95344765957593,18.54558933586809 73.9534487605152,18.545408603690312 73.95354350225293,18.54540912871068 73.95354405266866,18.54531876261281 </coordinates>
        </LinearRing>
      </outerBoundaryIs>
      <innerBoundaryIs>
        <LinearRing>
          <coordinates>73.95391861761415,18.546043791028094 73.95391916785023,18.54595342493022 73.95401390990236,18.54595394972601 73.9540133597112,18.546044315832866 73.95391861761415,18.546043791028094 </coordinates>
        </LinearRing>
      </innerBoundaryIs>
      <innerBoundaryIs>
        <LinearRing>
          <coordinates>73.95429593588699,18.54631698828028 73.95429648593442,18.546226622173428 73.95448597036207,18.546227671360764 73.95448542041346,18.546318037467618 73.95429593588699,18.54631698828028 </coordinates>
        </LinearRing>
      </innerBoundaryIs>
    </Polygon>
    <Polygon>
      <outerBoundaryIs>
        <LinearRing>
          <coordinates>73.95354405266866,18.54531876261281 73.95335456930103,18.54531771253614 73.95335401878647,18.54540807862503 73.95306979360923,18.545406503132735 73.95306924294196,18.545496869212638 73.95278501764795,18.54549529328017 73.95278556846793,18.545404927209248 73.9525960850464,18.54540387636003 73.952597186875,18.54522314422717 73.95278667008994,18.545224195067405 73.95278611927894,18.545314561138326 73.9530703442765,18.54531613705283 73.95307089493478,18.545225770972923 73.95326037818565,18.545226821337053 73.95326092874512,18.545136455248166 73.95345041190616,18.545137505414665 73.95344986144549,18.545227871503553 73.95354460308441,18.54522839652392 73.95354405266866,18.54531876261281 </coordinates>
        </LinearRing>
      </outerBoundaryIs>
    </Polygon>
  </MultiGeometry>
</Placemark><Placemark>
  <name>1.6-1.7</name>
  <ExtendedData>
    <Data name='count'>
      <value>15</value>
    </Data>
    <Data name='depth_class'>
      <value>1</value>
    </Data>
    <Data name='system:index'>
      <value>+8955+4915</value>
    </Data>
  </ExtendedData>
  <styleUrl>#style_green</styleUrl>
  <Polygon>
    <outerBoundaryIs>
      <LinearRing>
        <coordinates>73.95297395045613,18.545586710020647 73.9529745011773,18.545496343949726 73.95306924294196,18.545496869212638 73.95306979360923,18.545406503132735 73.95335401878647,18.54540807862503 73.95335456930103,18.54531771253614 73.95354405266866,18.54531876261281 73.95354350225293,18.54540912871068 73.9534487605152,18.545408603690312 73.95344765957593,18.54558933586809 73.95335291774838,18.545588810793824 73.95335236721584,18.54567917688271 73.95325762534338,18.545678651754546 73.95325707476594,18.545769017843433 73.95316233283957,18.545768492661367 73.95316288347091,18.545678126581464 73.95306814159844,18.545677601363465 73.9530686922747,18.545587235292544 73.95297395045613,18.545586710020647 </coordinates>
      </LinearRing>
    </outerBoundaryIs>
  </Polygon>
</Placemark><Placemark>
  <name>1.6-1.7</name>
  <ExtendedData>
    <Data name='count'>
      <value>1</value>
    </Data>
    <Data name='depth_class'>
      <value>1</value>
    </Data>
    <Data name='system:index'>
      <value>+8960+4908</value>
    </Data>
  </ExtendedData>
  <styleUrl>#style_green</styleUrl>
  <Polygon>
    <outerBoundaryIs>
      <LinearRing>
        <coordinates>73.95391861761415,18.546043791028094 73.95391916785023,18.54595342493022 73.95401390990236,18.54595394972601 73.9540133597112,18.546044315832866 73.95391861761415,18.546043791028094 </coordinates>
      </LinearRing>
    </outerBoundaryIs>
  </Polygon>
</Placemark><Placemark>
  <name>1.6-1.7</name>
  <ExtendedData>
    <Data name='count'>
      <value>2</value>
    </Data>
    <Data name='depth_class'>
      <value>1</value>
    </Data>
    <Data name='system:index'>
      <value>+8965+4905</value>
    </Data>
  </ExtendedData>
  <styleUrl>#style_green</styleUrl>
  <Polygon>
    <outerBoundaryIs>
      <LinearRing>
        <coordinates>73.95429593588699,18.54631698828028 73.95429648593442,18.546226622173428 73.95448597036207,18.546227671360764 73.95448542041346,18.546318037467618 73.95429593588699,18.54631698828028 </coordinates>
      </LinearRing>
    </outerBoundaryIs>
  </Polygon>
</Placemark><Placemark>
  <name>1.8-1.9</name>
  <ExtendedData>
    <Data name='count'>
      <value>4</value>
    </Data>
    <Data name='depth_class'>
      <value>3</value>
    </Data>
    <Data name='system:index'>
      <value>+8980+4900</value>
    </Data>
  </ExtendedData>
  <styleUrl>#style_orange</styleUrl>
  <Polygon>
    <outerBoundaryIs>
      <LinearRing>
        <coordinates>73.95571377425361,18.54686704946511 73.9557143235824,18.54677668332232 73.95580906613759,18.546777207246745 73.95580961540348,18.54668684110396 73.95590435791375,18.54668736497448 73.95590380870175,18.54677773111727 73.95599855126592,18.54677825494288 73.95599800208986,18.54686862109465 73.95571377425361,18.54686704946511 </coordinates>
      </LinearRing>
    </outerBoundaryIs>
  </Polygon>
</Placemark><Placemark>
  <name>1.7-1.8</name>
  <ExtendedData>
    <Data name='count'>
      <value>21</value>
    </Data>
    <Data name='depth_class'>
      <value>2</value>
    </Data>
    <Data name='system:index'>
      <value>+8980+4907</value>
    </Data>
  </ExtendedData>
  <styleUrl>#style_yellow</styleUrl>
  <Polygon>
    <outerBoundaryIs>
      <LinearRing>
        <coordinates>73.9556223278328,18.54632432863905 73.95562397588202,18.546053230201704 73.95590820236181,18.546054801903107 73.95590655476175,18.546325900367403 73.9560012970744,18.546326424175046 73.95599855126592,18.54677825494288 73.95590380870175,18.54677773111727 73.95590435791375,18.54668736497448 73.95580961540348,18.54668684110396 73.95581016466937,18.54659647495219 73.955715422213,18.54659595103675 73.95571707013646,18.546324852599405 73.9556223278328,18.54632432863905 </coordinates>
      </LinearRing>
    </outerBoundaryIs>
  </Polygon>
</Placemark><Placemark>
  <name>1.8-1.9</name>
  <ExtendedData>
    <Data name='count'>
      <value>1</value>
    </Data>
    <Data name='depth_class'>
      <value>3</value>
    </Data>
    <Data name='system:index'>
      <value>+8995+4896</value>
    </Data>
  </ExtendedData>
  <styleUrl>#style_orange</styleUrl>
  <Polygon>
    <outerBoundaryIs>
      <LinearRing>
        <coordinates>73.95722801076151,18.547146525105703 73.95722855929978,18.547056158926985 73.9573233020526,18.547056682096823 73.95732275356823,18.547147048284526 73.95722801076151,18.547146525105703 </coordinates>
      </LinearRing>
    </outerBoundaryIs>
  </Polygon>
</Placemark><Placemark>
  <name>1.8-1.9</name>
  <ExtendedData>
    <Data name='count'>
      <value>1</value>
    </Data>
    <Data name='depth_class'>
      <value>3</value>
    </Data>
    <Data name='system:index'>
      <value>+8999+4906</value>
    </Data>
  </ExtendedData>
  <styleUrl>#style_orange</styleUrl>
  <Polygon>
    <outerBoundaryIs>
      <LinearRing>
        <coordinates>73.95761246521505,18.546244955521754 73.95761301351975,18.546154589325067 73.95770775579645,18.546155112270327 73.95770720753667,18.54624547848498 73.95761246521505,18.546244955521754 </coordinates>
      </LinearRing>
    </outerBoundaryIs>
  </Polygon>
</Placemark><Placemark>
  <name>1.8-1.9</name>
  <ExtendedData>
    <Data name='count'>
      <value>24</value>
    </Data>
    <Data name='depth_class'>
      <value>3</value>
    </Data>
    <Data name='system:index'>
      <value>+9013+4907</value>
    </Data>
  </ExtendedData>
  <styleUrl>#style_orange</styleUrl>
  <Polygon>
    <outerBoundaryIs>
      <LinearRing>
        <coordinates>73.95808617685911,18.54624756982584 73.95808672491228,18.54615720361119 73.95837095178733,18.546158771611534 73.95837149968779,18.546068405378918 73.95903469549,18.54607206236654 73.9590330528217,18.546343161100328 73.95836985597742,18.546339504058807 73.95837040388687,18.546249137835172 73.95808617685911,18.54624756982584 </coordinates>
      </LinearRing>
    </outerBoundaryIs>
  </Polygon>
</Placemark><Placemark>
  <name>1.8-1.9</name>
  <ExtendedData>
    <Data name='count'>
      <value>7</value>
    </Data>
    <Data name='depth_class'>
      <value>3</value>
    </Data>
    <Data name='system:index'>
      <value>+9015+4896</value>
    </Data>
  </ExtendedData>
  <styleUrl>#style_orange</styleUrl>
  <Polygon>
    <outerBoundaryIs>
      <LinearRing>
        <coordinates>73.958838091231,18.54724577880262 73.95883863892486,18.547155412578984 73.95893338178547,18.54715593494034 73.95893392941643,18.54706556870772 73.95921815787251,18.54706713550432 73.95921706289805,18.547247867987526 73.958838091231,18.54724577880262 </coordinates>
      </LinearRing>
    </outerBoundaryIs>
  </Polygon>
</Placemark><Placemark>
  <name>1.8-1.9</name>
  <ExtendedData>
    <Data name='count'>
      <value>8</value>
    </Data>
    <Data name='depth_class'>
      <value>3</value>
    </Data>
    <Data name='system:index'>
      <value>+9024+4910</value>
    </Data>
  </ExtendedData>
  <styleUrl>#style_orange</styleUrl>
  <MultiGeometry>
    <Polygon>
      <outerBoundaryIs>
        <LinearRing>
          <coordinates>73.9599832124231,18.545896550056334 73.95998375947016,18.5458061837788 73.9600785016211,18.5458067055293 73.96007795462795,18.545897071806834 73.9599832124231,18.545896550056334 </coordinates>
        </LinearRing>
      </outerBoundaryIs>
    </Polygon>
    <Polygon>
      <outerBoundaryIs>
        <LinearRing>
          <coordinates>73.9599832124231,18.545896550056334 73.95998266537603,18.545986916324885 73.95988792312627,18.545986394520487 73.95988737602532,18.546076760789038 73.95979263373064,18.54607623893074 73.95979208657579,18.54616660519929 73.95950785956599,18.546165039336937 73.95950840686459,18.546074673077367 73.95969789144495,18.546075717027527 73.95969843864472,18.545985350767957 73.9597931808855,18.54598587266219 73.95979372803137,18.545895506393638 73.9599832124231,18.545896550056334 </coordinates>
        </LinearRing>
      </outerBoundaryIs>
    </Polygon>
  </MultiGeometry>
</Placemark><Placemark>
  <name>1.8-1.9</name>
  <ExtendedData>
    <Data name='count'>
      <value>1</value>
    </Data>
    <Data name='depth_class'>
      <value>3</value>
    </Data>
    <Data name='system:index'>
      <value>+9025+4897</value>
    </Data>
  </ExtendedData>
  <styleUrl>#style_orange</styleUrl>
  <Polygon>
    <outerBoundaryIs>
      <LinearRing>
        <coordinates>73.96007084340246,18.547071833342915 73.96007139044053,18.546981467074364 73.96016613323826,18.54698198881588 73.96016558625409,18.54707235508443 73.96007084340246,18.547071833342915 </coordinates>
      </LinearRing>
    </outerBoundaryIs>
  </Polygon>
</Placemark><Placemark>
  <name>1.6-1.7</name>
  <ExtendedData>
    <Data name='count'>
      <value>3</value>
    </Data>
    <Data name='depth_class'>
      <value>1</value>
    </Data>
    <Data name='system:index'>
      <value>+9027+4899</value>
    </Data>
  </ExtendedData>
  <styleUrl>#style_green</styleUrl>
  <Polygon>
    <outerBoundaryIs>
      <LinearRing>
        <coordinates>73.96007193746962,18.546891100805812 73.96007248449871,18.54680073453726 73.96035671262243,18.546802299609098 73.96035616573705,18.54689266587765 73.96007193746962,18.546891100805812 </coordinates>
      </LinearRing>
    </outerBoundaryIs>
  </Polygon>
</Placemark><Placemark>
  <name>1.9-2.0</name>
  <ExtendedData>
    <Data name='count'>
      <value>1</value>
    </Data>
    <Data name='depth_class'>
      <value>4</value>
    </Data>
    <Data name='system:index'>
      <value>+9034+4917</value>
    </Data>
  </ExtendedData>
  <styleUrl>#style_red</styleUrl>
  <Polygon>
    <outerBoundaryIs>
      <LinearRing>
        <coordinates>73.96093446034244,18.545269201336875 73.96093500686848,18.54517883503239 73.96102974870502,18.54517935628882 73.96102920223288,18.545269722602285 73.96093446034244,18.545269201336875 </coordinates>
      </LinearRing>
    </outerBoundaryIs>
  </Polygon>
</Placemark><Placemark>
  <name>1.9-2.0</name>
  <ExtendedData>
    <Data name='count'>
      <value>1</value>
    </Data>
    <Data name='depth_class'>
      <value>4</value>
    </Data>
    <Data name='system:index'>
      <value>+9037+4919</value>
    </Data>
  </ExtendedData>
  <styleUrl>#style_red</styleUrl>
  <Polygon>
    <outerBoundaryIs>
      <LinearRing>
        <coordinates>73.9612197787604,18.545090032353457 73.96122032512473,18.544999666031007 73.96131506687144,18.545000187143703 73.96131452055201,18.545090553466153 73.9612197787604,18.545090032353457 </coordinates>
      </LinearRing>
    </outerBoundaryIs>
  </Polygon>
</Placemark><Placemark>
  <name>1.9-2.0</name>
  <ExtendedData>
    <Data name='count'>
      <value>1</value>
    </Data>
    <Data name='depth_class'>
      <value>4</value>
    </Data>
    <Data name='system:index'>
      <value>+9040+4921</value>
    </Data>
  </ExtendedData>
  <styleUrl>#style_red</styleUrl>
  <Polygon>
    <outerBoundaryIs>
      <LinearRing>
        <coordinates>73.96150509658546,18.544910862893932 73.96150564279708,18.544820496571482 73.96160038445396,18.544821017531465 73.96159983828724,18.5449113838629 73.96150509658546,18.544910862893932 </coordinates>
      </LinearRing>
    </outerBoundaryIs>
  </Polygon>
</Placemark><Placemark>
  <name>1.9-2.0</name>
  <ExtendedData>
    <Data name='count'>
      <value>1</value>
    </Data>
    <Data name='depth_class'>
      <value>4</value>
    </Data>
    <Data name='system:index'>
      <value>+9043+4923</value>
    </Data>
  </ExtendedData>
  <styleUrl>#style_red</styleUrl>
  <Polygon>
    <outerBoundaryIs>
      <LinearRing>
        <coordinates>73.96179041383559,18.544731692976267 73.96179095988552,18.54464132663585 73.96188570145256,18.5446418474521 73.96188515544755,18.54473221379252 73.96179041383559,18.544731692976267 </coordinates>
      </LinearRing>
    </outerBoundaryIs>
  </Polygon>
</Placemark><Placemark>
  <name>1.6-1.7</name>
  <ExtendedData>
    <Data name='count'>
      <value>22</value>
    </Data>
    <Data name='depth_class'>
      <value>1</value>
    </Data>
    <Data name='system:index'>
      <value>+9046+4916</value>
    </Data>
  </ExtendedData>
  <styleUrl>#style_green</styleUrl>
  <MultiGeometry>
    <Polygon>
      <outerBoundaryIs>
        <LinearRing>
          <coordinates>73.96216555920952,18.545366340381644 73.96235504316108,18.545367381627877 73.96235449737166,18.545457747977274 73.96225975534648,18.545457227376616 73.96225920951214,18.545547593717036 73.96216446743307,18.54554707307146 73.96216555920952,18.545366340381644 </coordinates>
        </LinearRing>
      </outerBoundaryIs>
    </Polygon>
    <Polygon>
      <outerBoundaryIs>
        <LinearRing>
          <coordinates>73.96216555920952,18.545366340381644 73.96207081723824,18.545365819691156 73.96206972536297,18.54554655237199 73.96188024123175,18.545545510829317 73.96187969519082,18.545635877160752 73.96169021096976,18.545634835420447 73.96168966483,18.545725201742897 73.96159492267007,18.54572468080088 73.96159546886373,18.54563431447843 73.96150072676669,18.5456337934915 73.96150127300527,18.54554342716905 73.96140653095313,18.5455429061372 73.96140707723661,18.54545253981475 73.96169130324928,18.545454102766566 73.96169184938006,18.54536373643513 73.96188133329568,18.545364778157467 73.96188187932765,18.545274411826036 73.96216610508878,18.54527597404123 73.96216555920952,18.545366340381644 </coordinates>
        </LinearRing>
      </outerBoundaryIs>
    </Polygon>
  </MultiGeometry>
</Placemark><Placemark>
  <name>1.6-1.7</name>
  <ExtendedData>
    <Data name='count'>
      <value>1</value>
    </Data>
    <Data name='depth_class'>
      <value>1</value>
    </Data>
    <Data name='system:index'>
      <value>+9051+4914</value>
    </Data>
  </ExtendedData>
  <styleUrl>#style_green</styleUrl>
  <Polygon>
    <outerBoundaryIs>
      <LinearRing>
        <coordinates>73.9625434357494,18.54554915539324 73.96254398143999,18.545458789043842 73.96263872347416,18.545459309500767 73.96263817783745,18.54554967585915 73.9625434357494,18.54554915539324 </coordinates>
      </LinearRing>
    </outerBoundaryIs>
  </Polygon>
</Placemark><Placemark>
  <name>1.6-1.7</name>
  <ExtendedData>
    <Data name='count'>
      <value>5</value>
    </Data>
    <Data name='depth_class'>
      <value>1</value>
    </Data>
    <Data name='system:index'>
      <value>+9052+4920</value>
    </Data>
  </ExtendedData>
  <styleUrl>#style_green</styleUrl>
  <Polygon>
    <outerBoundaryIs>
      <LinearRing>
        <coordinates>73.96254616415749,18.54509732361929 73.96254670983012,18.545006957269894 73.96264145162175,18.545007477708854 73.96264199724048,18.544917111350472 73.96273673897821,18.544917631744514 73.96273619341336,18.54500799811188 73.96283093520498,18.54500851846101 73.96283038968507,18.545098884828374 73.96273564783954,18.545098364470263 73.96273510226573,18.54518873083763 73.96264036037529,18.545188210434603 73.96264090599402,18.54509784407622 73.96254616415749,18.54509732361929 </coordinates>
      </LinearRing>
    </outerBoundaryIs>
  </Polygon>
</Placemark><Placemark>
  <name>1.9-2.0</name>
  <ExtendedData>
    <Data name='count'>
      <value>12</value>
    </Data>
    <Data name='depth_class'>
      <value>4</value>
    </Data>
    <Data name='system:index'>
      <value>+9061+4934</value>
    </Data>
  </ExtendedData>
  <styleUrl>#style_red</styleUrl>
  <MultiGeometry>
    <Polygon>
      <outerBoundaryIs>
        <LinearRing>
          <coordinates>73.96283639026048,18.544104854769383 73.96283584476751,18.54419522113675 73.96274110342505,18.54419470081457 73.96274164896293,18.544104334447205 73.96283639026048,18.544104854769383 </coordinates>
        </LinearRing>
      </outerBoundaryIs>
    </Polygon>
    <Polygon>
      <outerBoundaryIs>
        <LinearRing>
          <coordinates>73.96350175995875,18.543747030126852 73.96350230508341,18.543656663732538 73.96359704615638,18.543657183659455 73.9635965010856,18.543747550062754 73.96350175995875,18.543747030126852 </coordinates>
        </LinearRing>
      </outerBoundaryIs>
    </Polygon>
    <Polygon>
      <outerBoundaryIs>
        <LinearRing>
          <coordinates>73.96350175995875,18.543747030126852 73.96350121483408,18.543837396521166 73.9634064736623,18.543836876540347 73.96340592847476,18.543927242934664 73.96321644605034,18.543926202820312 73.96321590076397,18.544016569205645 73.96312115950236,18.544016049072113 73.96312061417109,18.544106415457442 73.96283639026048,18.544104854769383 73.96283693574446,18.544014488393035 73.96302641824973,18.544015528893663 73.9630269636349,18.54392516250833 73.96312170484262,18.54392568268678 73.9631222501739,18.543835316301447 73.96331173249949,18.54383635650563 73.96331227772298,18.543745990120296 73.96350175995875,18.543747030126852 </coordinates>
        </LinearRing>
      </outerBoundaryIs>
    </Polygon>
  </MultiGeometry>
</Placemark><Placemark>
  <name>1.8-1.9</name>
  <ExtendedData>
    <Data name='count'>
      <value>90</value>
    </Data>
    <Data name='depth_class'>
      <value>3</value>
    </Data>
    <Data name='system:index'>
      <value>+9063+4934</value>
    </Data>
  </ExtendedData>
  <styleUrl>#style_orange</styleUrl>
  <MultiGeometry>
    <Polygon>
      <outerBoundaryIs>
        <LinearRing>
          <coordinates>73.96340592847476,18.543927242934664 73.96340538329619,18.544017609319994 73.96331064202559,18.544017089285276 73.96331009678414,18.54410745567061 73.96321535547762,18.544106935590975 73.96321481018227,18.544197301976308 73.96302532747039,18.544196261655344 73.96302478207623,18.544286628031692 73.96264581648181,18.54428454680586 73.96264527089002,18.544374913173225 73.96255052944875,18.544374392743247 73.96254998379408,18.544464759110614 73.96245524230788,18.544464238635722 73.96245469660829,18.544554604994104 73.96226521354608,18.544553563891604 73.9622646677387,18.544643930241005 73.96216992616267,18.5446434096134 73.96216938030139,18.5447337759628 73.96207463868045,18.54473325529028 73.96207409277424,18.544823621630695 73.96188460943355,18.544822580132937 73.96188406341956,18.544912946473353 73.96178932170879,18.544912425648118 73.9617887756409,18.545002791988534 73.96159929212054,18.54500175019433 73.96159874595382,18.54509211651678 73.96150400414423,18.545091595547817 73.96150345792363,18.545181961879248 73.96140871607811,18.545181440856386 73.96140816979462,18.545271807178835 73.96121868600477,18.54527076498039 73.96121813963144,18.54536113130284 73.96102865575176,18.545360088915753 73.96102646980931,18.54572155414267 73.96093172767634,18.545721032868276 73.96093118113234,18.54581139917276 73.96083643894545,18.54581087784447 73.96083589235654,18.545901244148954 73.96074115012475,18.545900722775745 73.96074169677654,18.54581035647126 73.96064695459864,18.545809835053138 73.96064750129536,18.545719468757635 73.96045801705635,18.54571842577766 73.96045747026082,18.54580879207316 73.96036272810089,18.545808270502324 73.96036327494134,18.545717904215806 73.96026853282632,18.545717382609038 73.96026907972067,18.54562701632252 73.96036382178178,18.54562753792929 73.96036436861324,18.54553717164277 73.96055385264565,18.545538214703598 73.9605543993783,18.545447848408095 73.96064914134958,18.545448369871135 73.96064968803731,18.54535800356665 73.96083917189004,18.545359046340018 73.96083971846099,18.545268680035534 73.96102920223288,18.545269722602285 73.96102974870502,18.54517935628882 73.96112449054155,18.54517987750033 73.96112503696878,18.545089511186863 73.96131452055201,18.545090553466153 73.96131506687144,18.545000187143703 73.96140980861814,18.5450007082025 73.96141035488367,18.54491034188005 73.96159983828724,18.5449113838629 73.96160038445396,18.544821017531465 73.96169512611083,18.544821538446534 73.96169567222364,18.5447311721151 73.96188515544755,18.54473221379252 73.96188570145256,18.5446418474521 73.9619804430196,18.54464236822344 73.9619809889797,18.54455200187404 73.96207573049284,18.544552522591477 73.96207627639905,18.54446215625106 73.96226575934448,18.544463197533222 73.96226630515186,18.544372831183825 73.96236104657517,18.544373351748547 73.96236159232866,18.544282985390165 73.96255107509444,18.544284026384865 73.96255162074011,18.5441936600175 73.96283584476751,18.54419522113675 73.96283639026048,18.544104854769383 73.96312061417109,18.544106415457442 73.96312115950236,18.544016049072113 73.96321590076397,18.544016569205645 73.96321644605034,18.543926202820312 73.96340592847476,18.543927242934664 </coordinates>
        </LinearRing>
      </outerBoundaryIs>
    </Polygon>
    <Polygon>
      <outerBoundaryIs>
        <LinearRing>
          <coordinates>73.96350121483408,18.543837396521166 73.96350175995875,18.543747030126852 73.9635965010856,18.543747550062754 73.96359704615638,18.543657183659455 73.96378652831129,18.54365822337855 73.96378543835841,18.543838956185148 73.96350121483408,18.543837396521166 </coordinates>
        </LinearRing>
      </outerBoundaryIs>
    </Polygon>
    <Polygon>
      <outerBoundaryIs>
        <LinearRing>
          <coordinates>73.96350121483408,18.543837396521166 73.96350066970044,18.543927762915484 73.96340592847476,18.543927242934664 73.9634064736623,18.543836876540347 73.96350121483408,18.543837396521166 </coordinates>
        </LinearRing>
      </outerBoundaryIs>
    </Polygon>
  </MultiGeometry>
</Placemark><Placemark>
  <name>1.9-2.0</name>
  <ExtendedData>
    <Data name='count'>
      <value>13</value>
    </Data>
    <Data name='depth_class'>
      <value>4</value>
    </Data>
    <Data name='system:index'>
      <value>+9065+4920</value>
    </Data>
  </ExtendedData>
  <styleUrl>#style_red</styleUrl>
  <Polygon>
    <outerBoundaryIs>
      <LinearRing>
        <coordinates>73.96330355367121,18.54519185225866 73.96330464422597,18.545011119505965 73.9637783533278,18.545013719365144 73.96377889834466,18.54492335297083 73.96396838190994,18.54492439257314 73.96396729205587,18.545105125370753 73.9636830664205,18.545103565877454 73.96368252134974,18.545193932262787 73.96330355367121,18.54519185225866 </coordinates>
      </LinearRing>
    </outerBoundaryIs>
  </Polygon>
</Placemark><Placemark>
  <name>1.6-1.7</name>
  <ExtendedData>
    <Data name='count'>
      <value>9</value>
    </Data>
    <Data name='depth_class'>
      <value>1</value>
    </Data>
    <Data name='system:index'>
      <value>+9065+4925</value>
    </Data>
  </ExtendedData>
  <styleUrl>#style_green</styleUrl>
  <MultiGeometry>
    <Polygon>
      <outerBoundaryIs>
        <LinearRing>
          <coordinates>73.96378107840314,18.544561887384585 73.96378162340204,18.544471520990268 73.96397110646426,18.54447256056563 73.96397001665511,18.544653293372228 73.9638752750162,18.544652773607005 73.96387581997917,18.544562407203706 73.96378107840314,18.544561887384585 </coordinates>
        </LinearRing>
      </outerBoundaryIs>
    </Polygon>
    <Polygon>
      <outerBoundaryIs>
        <LinearRing>
          <coordinates>73.96378107840314,18.544561887384585 73.96378053338628,18.544652253787884 73.96368579176534,18.544651733923846 73.96368524670356,18.544742100309175 73.96349576335388,18.54474106043737 73.96349739883567,18.54446996127239 73.96359214035779,18.54447048122626 73.9635915952511,18.544560847620577 73.96378107840314,18.544561887384585 </coordinates>
        </LinearRing>
      </outerBoundaryIs>
    </Polygon>
  </MultiGeometry>
</Placemark><Placemark>
  <name>1.9-2.0</name>
  <ExtendedData>
    <Data name='count'>
      <value>2</value>
    </Data>
    <Data name='depth_class'>
      <value>4</value>
    </Data>
    <Data name='system:index'>
      <value>+9068+4921</value>
    </Data>
  </ExtendedData>
  <styleUrl>#style_red</styleUrl>
  <MultiGeometry>
    <Polygon>
      <outerBoundaryIs>
        <LinearRing>
          <coordinates>73.9641578654842,18.544925431986808 73.96415841030343,18.54483506558351 73.96425315204115,18.544835585213985 73.96425260727581,18.544925951626265 73.9641578654842,18.544925431986808 </coordinates>
        </LinearRing>
      </outerBoundaryIs>
    </Polygon>
    <Polygon>
      <outerBoundaryIs>
        <LinearRing>
          <coordinates>73.9641578654842,18.544925431986808 73.96415732065597,18.545015798390104 73.96406257881944,18.54501527870573 73.96406312369257,18.54492491230243 73.9641578654842,18.544925431986808 </coordinates>
        </LinearRing>
      </outerBoundaryIs>
    </Polygon>
  </MultiGeometry>
</Placemark><Placemark>
  <name>1.9-2.0</name>
  <ExtendedData>
    <Data name='count'>
      <value>5</value>
    </Data>
    <Data name='depth_class'>
      <value>4</value>
    </Data>
    <Data name='system:index'>
      <value>+9075+4924</value>
    </Data>
  </ExtendedData>
  <styleUrl>#style_red</styleUrl>
  <Polygon>
    <outerBoundaryIs>
      <LinearRing>
        <coordinates>73.96453792190287,18.54474677741465 73.96453846651549,18.54465641099339 73.96463320817237,18.544656930435217 73.96463375273109,18.544566564013955 73.96491797756697,18.544568122034015 73.96491743315197,18.544658488464265 73.96472794982924,18.54465744982315 73.96472740531543,18.544747816244413 73.96453792190287,18.54474677741465 </coordinates>
      </LinearRing>
    </outerBoundaryIs>
  </Polygon>
</Placemark><Placemark>
  <name>1.6-1.7</name>
  <ExtendedData>
    <Data name='count'>
      <value>1</value>
    </Data>
    <Data name='depth_class'>
      <value>1</value>
    </Data>
    <Data name='system:index'>
      <value>+9075+4930</value>
    </Data>
  </ExtendedData>
  <styleUrl>#style_green</styleUrl>
  <Polygon>
    <outerBoundaryIs>
      <LinearRing>
        <coordinates>73.96482595820964,18.54411577059366 73.96482650265159,18.544025404163413 73.9649212439671,18.544025923443545 73.96492069957007,18.544116289873795 73.96482595820964,18.54411577059366 </coordinates>
      </LinearRing>
    </outerBoundaryIs>
  </Polygon>
</Placemark><Placemark>
  <name>1.9-2.0</name>
  <ExtendedData>
    <Data name='count'>
      <value>3</value>
    </Data>
    <Data name='depth_class'>
      <value>4</value>
    </Data>
    <Data name='system:index'>
      <value>+9081+4927</value>
    </Data>
  </ExtendedData>
  <styleUrl>#style_red</styleUrl>
  <Polygon>
    <outerBoundaryIs>
      <LinearRing>
        <coordinates>73.96529748826809,18.544479832284125 73.96529857667588,18.544299099405663 73.96548805963928,18.544300137444907 73.96548751552972,18.544390503893123 73.9653927739986,18.544389984891467 73.96539222984411,18.54448035133968 73.96529748826809,18.544479832284125 </coordinates>
      </LinearRing>
    </outerBoundaryIs>
  </Polygon>
</Placemark><Placemark>
  <name>1.9-2.0</name>
  <ExtendedData>
    <Data name='count'>
      <value>3</value>
    </Data>
    <Data name='depth_class'>
      <value>4</value>
    </Data>
    <Data name='system:index'>
      <value>+9085+4928</value>
    </Data>
  </ExtendedData>
  <styleUrl>#style_red</styleUrl>
  <Polygon>
    <outerBoundaryIs>
      <LinearRing>
        <coordinates>73.96558280112546,18.544300656401646 73.96558334517216,18.544210289953433 73.96586756950497,18.544211846509242 73.96586702560202,18.54430221296644 73.96558280112546,18.544300656401646 </coordinates>
      </LinearRing>
    </outerBoundaryIs>
  </Polygon>
</Placemark><Placemark>
  <name>1.8-1.9</name>
  <ExtendedData>
    <Data name='count'>
      <value>93</value>
    </Data>
    <Data name='depth_class'>
      <value>3</value>
    </Data>
    <Data name='system:index'>
      <value>+9091+4931</value>
    </Data>
  </ExtendedData>
  <styleUrl>#style_orange</styleUrl>
  <MultiGeometry>
    <Polygon>
      <outerBoundaryIs>
        <LinearRing>
          <coordinates>73.96491743315197,18.544658488464265 73.96491797756697,18.544568122034015 73.96463375273109,18.544566564013955 73.96463320817237,18.544656930435217 73.96453846651549,18.54465641099339 73.96453792190287,18.54474677741465 73.96463266360466,18.54474729685648 73.96463211903695,18.544837663268765 73.96444263553457,18.54483662434019 73.96444209086803,18.544926990752472 73.96425260727581,18.544925951626265 73.96425315204115,18.544835585213985 73.96415841030343,18.54483506558351 73.9641578654842,18.544925431986808 73.96406312369257,18.54492491230243 73.96406257881944,18.54501527870573 73.9639678369829,18.545014758967454 73.96396838190994,18.54492439257314 73.96377889834466,18.54492335297083 73.9637783533278,18.545013719365144 73.96330464422597,18.545011119505965 73.96330300839384,18.545282218635013 73.96311352447822,18.54528117834998 73.96311297909304,18.545371544717344 73.96292349509658,18.545370504234686 73.96292404057158,18.54528013786732 73.9630187825249,18.545280658126615 73.96301987338508,18.545099925391884 73.9631146152306,18.545100445606266 73.96311516060679,18.545010079229915 73.96320990241638,18.545010599390398 73.96321044773867,18.54492023301405 73.96330518949436,18.544920753129617 73.96330573476276,18.544830386744284 73.96349521819329,18.544831426822704 73.9634946730237,18.544921793208033 73.96358941479735,18.544922313170886 73.96358995991304,18.544831946785557 73.96387418509026,18.544833506395637 73.96387473006222,18.54474314000132 73.96406421342986,18.544744179495833 73.96406475828503,18.544653813092538 73.96425424157182,18.544654852398406 73.96425478632818,18.544564485986122 73.96444426952515,18.54456552509436 73.96444481418268,18.54447515868208 73.96453955573176,18.54447567815984 73.9645401003354,18.544385311738576 73.964919066379,18.54438738917352 73.96491961077602,18.544297022743272 73.96510909372145,18.544298061168792 73.96510963801967,18.54420769472956 73.96539386229858,18.54420925200402 73.96539440645307,18.544118885555807 73.96577337200259,18.54412096124802 73.96577391595045,18.544030594790822 73.96605813999581,18.544032151050185 73.96605868379096,18.543941784584003 73.96643764903504,18.54394385891976 73.9664371054465,18.544034225394924 73.9663423640771,18.54403370687836 73.96634182043465,18.544124073353522 73.96624707902032,18.54412355479204 73.96624653532398,18.544213921258223 73.96558334517216,18.544210289953433 73.96558280112546,18.544300656401646 73.96529857667588,18.544299099405663 73.96529694405073,18.544570198723356 73.96510746079987,18.5445691604775 73.96510691649267,18.54465952690775 73.96491743315197,18.544658488464265 </coordinates>
        </LinearRing>
      </outerBoundaryIs>
    </Polygon>
    <Polygon>
      <outerBoundaryIs>
        <LinearRing>
          <coordinates>73.96491743315197,18.544658488464265 73.96491688873698,18.54474885488553 73.96472740531543,18.544747816244413 73.96472794982924,18.54465744982315 73.96491743315197,18.544658488464265 </coordinates>
        </LinearRing>
      </outerBoundaryIs>
    </Polygon>
  </MultiGeometry>
</Placemark><Placemark>
  <name>1.6-1.7</name>
  <ExtendedData>
    <Data name='count'>
      <value>13</value>
    </Data>
    <Data name='depth_class'>
      <value>1</value>
    </Data>
    <Data name='system:index'>
      <value>+9093+4935</value>
    </Data>
  </ExtendedData>
  <styleUrl>#style_green</styleUrl>
  <Polygon>
    <outerBoundaryIs>
      <LinearRing>
        <coordinates>73.96624925377874,18.54376208890037 73.9662497974661,18.543671722425206 73.9663445386289,18.543672240977703 73.96634508225338,18.543581874493558 73.96662930561601,18.543583429863588 73.96662876213527,18.543673796347736 73.96681824448781,18.54367483302154 73.96681770110588,18.54376519951467 73.9667229598802,18.543764681195736 73.96672241644437,18.543855047688865 73.96634345136198,18.543852973928033 73.96634399499544,18.54376260745287 73.96624925377874,18.54376208890037 </coordinates>
      </LinearRing>
    </outerBoundaryIs>
  </Polygon>
</Placemark><Placemark>
  <name>1.9-2.0</name>
  <ExtendedData>
    <Data name='count'>
      <value>3</value>
    </Data>
    <Data name='depth_class'>
      <value>4</value>
    </Data>
    <Data name='system:index'>
      <value>+9098+4931</value>
    </Data>
  </ExtendedData>
  <styleUrl>#style_red</styleUrl>
  <Polygon>
    <outerBoundaryIs>
      <LinearRing>
        <coordinates>73.96681607093313,18.544036298985077 73.96681661433304,18.54394593250093 73.96710083833348,18.54394748717926 73.96710029508628,18.544037853681374 73.96681607093313,18.544036298985077 </coordinates>
      </LinearRing>
    </outerBoundaryIs>
  </Polygon>
</Placemark><Placemark>
  <name>1.6-1.7</name>
  <ExtendedData>
    <Data name='count'>
      <value>3</value>
    </Data>
    <Data name='depth_class'>
      <value>1</value>
    </Data>
    <Data name='system:index'>
      <value>+9099+4942</value>
    </Data>
  </ExtendedData>
  <styleUrl>#style_green</styleUrl>
  <Polygon>
    <outerBoundaryIs>
      <LinearRing>
        <coordinates>73.96701098649415,18.543133670511985 73.96701207301547,18.54295293750776 73.96720155460446,18.542953973759357 73.96720101143812,18.543044340270452 73.9671062705987,18.543043822167114 73.96710572738746,18.543134188669224 73.96701098649415,18.543133670511985 </coordinates>
      </LinearRing>
    </outerBoundaryIs>
  </Polygon>
</Placemark><Placemark>
  <name>1.6-1.7</name>
  <ExtendedData>
    <Data name='count'>
      <value>7</value>
    </Data>
    <Data name='depth_class'>
      <value>1</value>
    </Data>
    <Data name='system:index'>
      <value>+9107+4943</value>
    </Data>
  </ExtendedData>
  <styleUrl>#style_green</styleUrl>
  <Polygon>
    <outerBoundaryIs>
      <LinearRing>
        <coordinates>73.96729629539894,18.54295449181778 73.96729683850239,18.542864125306686 73.9679600238123,18.542867750341234 73.96795948105918,18.542958116879277 73.96729629539894,18.54295449181778 </coordinates>
      </LinearRing>
    </outerBoundaryIs>
  </Polygon>
</Placemark><Placemark>
  <name>1.9-2.0</name>
  <ExtendedData>
    <Data name='count'>
      <value>38</value>
    </Data>
    <Data name='depth_class'>
      <value>4</value>
    </Data>
    <Data name='system:index'>
      <value>+9119+4937</value>
    </Data>
  </ExtendedData>
  <styleUrl>#style_red</styleUrl>
  <MultiGeometry>
    <Polygon>
      <outerBoundaryIs>
        <LinearRing>
          <coordinates>73.96890363578224,18.54350549083478 73.96890417805925,18.543415124278766 73.96909366026806,18.54341615866187 73.96909257591169,18.543596891782876 73.96899783470397,18.5435963746048 73.96899837693606,18.543506008048787 73.96890363578224,18.54350549083478 </coordinates>
        </LinearRing>
      </outerBoundaryIs>
    </Polygon>
    <Polygon>
      <outerBoundaryIs>
        <LinearRing>
          <coordinates>73.96890363578224,18.54350549083478 73.96890309350523,18.54359585739079 73.9688083523065,18.543595340122884 73.96880780996662,18.543685706669915 73.96852358624466,18.54368415456975 73.96852304376104,18.543774521116777 73.96804933736314,18.543771933321974 73.96804879462799,18.543862299851035 73.96766982936593,18.5438602287582 73.9676703723077,18.54376986223812 73.96757563104609,18.543769344350373 73.96757671701943,18.543588611319198 73.96795568166165,18.543590682573733 73.9679562244417,18.543500316053652 73.9685246712119,18.543503421493657 73.96852412872828,18.543593788031703 73.96871361110777,18.54359482280108 73.96871415349257,18.543504456254052 73.96890363578224,18.54350549083478 </coordinates>
        </LinearRing>
      </outerBoundaryIs>
    </Polygon>
  </MultiGeometry>
</Placemark><Placemark>
  <name>1.8-1.9</name>
  <ExtendedData>
    <Data name='count'>
      <value>72</value>
    </Data>
    <Data name='depth_class'>
      <value>3</value>
    </Data>
    <Data name='system:index'>
      <value>+9123+4938</value>
    </Data>
  </ExtendedData>
  <styleUrl>#style_orange</styleUrl>
  <MultiGeometry>
    <Polygon>
      <outerBoundaryIs>
        <LinearRing>
          <coordinates>73.96890363578224,18.54350549083478 73.96899837693606,18.543506008048787 73.96899729247188,18.543686741160812 73.96880780996662,18.543685706669915 73.9688083523065,18.543595340122884 73.96890309350523,18.54359585739079 73.96890363578224,18.54350549083478 </coordinates>
        </LinearRing>
      </outerBoundaryIs>
    </Polygon>
    <Polygon>
      <outerBoundaryIs>
        <LinearRing>
          <coordinates>73.96890363578224,18.54350549083478 73.96871415349257,18.543504456254052 73.96871361110777,18.54359482280108 73.96852412872828,18.543593788031703 73.9685246712119,18.543503421493657 73.9679562244417,18.543500316053652 73.96795568166165,18.543590682573733 73.96757671701943,18.543588611319198 73.96757563104609,18.543769344350373 73.9676703723077,18.54376986223812 73.96766928642418,18.543950595269294 73.96738506236984,18.543949041435383 73.96738451927537,18.544039407946478 73.96710029508628,18.544037853681374 73.96710083833348,18.54394748717926 73.96681661433304,18.54394593250093 73.96681607093313,18.544036298985077 73.96672132955474,18.544035780657158 73.96672241644437,18.543855047688865 73.96691189900353,18.54385608428182 73.96691244234054,18.54376571778869 73.96710192480988,18.543766754184016 73.96710246804808,18.543676387681902 73.96719720923782,18.543676905812195 73.96719775242212,18.54358653931008 73.96748197586561,18.54358809338654 73.96748251888822,18.543497726875444 73.96776674221492,18.54349928052071 73.9677672850938,18.54340891400063 73.96861995477745,18.543413572349284 73.96862049720717,18.543323205802253 73.9694731666932,18.54332786027917 73.96947262472163,18.543418226853145 73.96966210696638,18.543419260661324 73.96966156508464,18.543509627244287 73.96947208274106,18.543508593427124 73.96947154076051,18.54359895999212 73.96909257591169,18.543596891782876 73.96909366026806,18.54341615866187 73.96890417805925,18.543415124278766 73.96890363578224,18.54350549083478 </coordinates>
        </LinearRing>
      </outerBoundaryIs>
    </Polygon>
  </MultiGeometry>
</Placemark><Placemark>
  <name>1.6-1.7</name>
  <ExtendedData>
    <Data name='count'>
      <value>22</value>
    </Data>
    <Data name='depth_class'>
      <value>1</value>
    </Data>
    <Data name='system:index'>
      <value>+9129+4941</value>
    </Data>
  </ExtendedData>
  <styleUrl>#style_green</styleUrl>
  <MultiGeometry>
    <Polygon>
      <outerBoundaryIs>
        <LinearRing>
          <coordinates>73.96937950967119,18.543146610168733 73.96937896765469,18.543236976742712 73.96918948562555,18.543235942656054 73.96919002774983,18.54314557609106 73.96937950967119,18.543146610168733 </coordinates>
        </LinearRing>
      </outerBoundaryIs>
    </Polygon>
    <Polygon>
      <outerBoundaryIs>
        <LinearRing>
          <coordinates>73.96947425063637,18.543147127140195 73.96956899161052,18.543147644057758 73.96956953352819,18.54305727748378 73.96966427444845,18.54305779435643 73.96966373258466,18.543148160930407 73.96975847355883,18.54314867775814 73.96975901537769,18.543058311175177 73.97004323817438,18.543059861361932 73.97004269650823,18.543150227953877 73.97023217849247,18.54315126117815 73.97023163691615,18.543241627770094 73.97004215484208,18.54324059454582 73.97004161316694,18.54333096112878 73.96994687207601,18.54333044444478 73.96994633034699,18.54342081102774 73.96975684808426,18.54341977749804 73.9697573899121,18.543329410924063 73.96956790776618,18.543328377205714 73.96956844969283,18.543238010631736 73.96947370866478,18.543237493714173 73.96947425063637,18.543147127140195 </coordinates>
        </LinearRing>
      </outerBoundaryIs>
    </Polygon>
    <Polygon>
      <outerBoundaryIs>
        <LinearRing>
          <coordinates>73.96947425063637,18.543147127140195 73.96937950967119,18.543146610168733 73.96938005168768,18.543056243594755 73.96947479260794,18.543056760566216 73.96947425063637,18.543147127140195 </coordinates>
        </LinearRing>
      </outerBoundaryIs>
    </Polygon>
  </MultiGeometry>
</Placemark><Placemark>
  <name>1.6-1.7</name>
  <ExtendedData>
    <Data name='count'>
      <value>1</value>
    </Data>
    <Data name='depth_class'>
      <value>1</value>
    </Data>
    <Data name='system:index'>
      <value>+9136+4954</value>
    </Data>
  </ExtendedData>
  <styleUrl>#style_green</styleUrl>
  <Polygon>
    <outerBoundaryIs>
      <LinearRing>
        <coordinates>73.97061818005153,18.54197856111395 73.9706187213853,18.541888194495055 73.9707134616947,18.54188871081075 73.97071292041483,18.54197907742964 73.97061818005153,18.54197856111395 </coordinates>
      </LinearRing>
    </outerBoundaryIs>
  </Polygon>
</Placemark><Placemark>
  <name>1.6-1.7</name>
  <ExtendedData>
    <Data name='count'>
      <value>9</value>
    </Data>
    <Data name='depth_class'>
      <value>1</value>
    </Data>
    <Data name='system:index'>
      <value>+9139+4945</value>
    </Data>
  </ExtendedData>
  <styleUrl>#style_green</styleUrl>
  <Polygon>
    <outerBoundaryIs>
      <LinearRing>
        <coordinates>73.97061276659701,18.542882227240007 73.97061330794875,18.542791860630096 73.97080278957367,18.54279289326148 73.97080333083558,18.54270252665157 73.97099281236167,18.54270355908533 73.97099227120756,18.54279392570422 73.971087012029,18.542794441858216 73.97108647091981,18.542884808477112 73.97099173004447,18.542884292323116 73.97099118888137,18.54297465894201 73.97080170704984,18.542973626490287 73.97080224831176,18.542883259880377 73.97061276659701,18.542882227240007 </coordinates>
      </LinearRing>
    </outerBoundaryIs>
  </Polygon>
</Placemark><Placemark>
  <name>1.5-1.6</name>
  <ExtendedData>
    <Data name='count'>
      <value>1</value>
    </Data>
    <Data name='depth_class'>
      <value>0</value>
    </Data>
    <Data name='system:index'>
      <value>+9146+4947</value>
    </Data>
  </ExtendedData>
  <styleUrl>#style_blue</styleUrl>
  <Polygon>
    <outerBoundaryIs>
      <LinearRing>
        <coordinates>73.97156179789646,18.542616288617857 73.97156233875411,18.542525921981 73.9716570794408,18.54252643783855 73.97165653863703,18.542616804484393 73.97156179789646,18.542616288617857 </coordinates>
      </LinearRing>
    </outerBoundaryIs>
  </Polygon>
</Placemark><Placemark>
  <name>1.6-1.7</name>
  <ExtendedData>
    <Data name='count'>
      <value>15</value>
    </Data>
    <Data name='depth_class'>
      <value>1</value>
    </Data>
    <Data name='system:index'>
      <value>+9147+4949</value>
    </Data>
  </ExtendedData>
  <styleUrl>#style_green</styleUrl>
  <Polygon>
    <outerBoundaryIs>
      <LinearRing>
        <coordinates>73.97127757569264,18.54261474075774 73.97127919869683,18.542343640865127 73.97175290163622,18.542346220359498 73.97175182013649,18.542526953651187 73.97156233875411,18.542525921981 73.97156125703879,18.54270665525472 73.97137177546777,18.5427056233869 73.97137231642425,18.542615256759024 73.97127757569264,18.54261474075774 </coordinates>
      </LinearRing>
    </outerBoundaryIs>
  </Polygon>
</Placemark><Placemark>
  <name>1.9-2.0</name>
  <ExtendedData>
    <Data name='count'>
      <value>15</value>
    </Data>
    <Data name='depth_class'>
      <value>4</value>
    </Data>
    <Data name='system:index'>
      <value>+9151+4965</value>
    </Data>
  </ExtendedData>
  <styleUrl>#style_red</styleUrl>
  <MultiGeometry>
    <Polygon>
      <outerBoundaryIs>
        <LinearRing>
          <coordinates>73.97166465036118,18.541261304778775 73.97166410960233,18.5413516714336 73.97147462951352,18.541350639736464 73.97147408865587,18.541441006382307 73.97128460848622,18.541439974496523 73.9712851494427,18.54134960785966 73.97137988947362,18.541350123825012 73.9713804303852,18.54125975717917 73.97166465036118,18.541261304778775 </coordinates>
        </LinearRing>
      </outerBoundaryIs>
    </Polygon>
    <Polygon>
      <outerBoundaryIs>
        <LinearRing>
          <coordinates>73.97185467101119,18.54117196961447 73.9718557523133,18.540991236295834 73.97195049216455,18.54099175196474 73.97195103276171,18.54090138530093 73.97214051238338,18.54090241648603 73.97213889087938,18.541173516495427 73.97185467101119,18.54117196961447 </coordinates>
        </LinearRing>
      </outerBoundaryIs>
    </Polygon>
    <Polygon>
      <outerBoundaryIs>
        <LinearRing>
          <coordinates>73.97185467101119,18.54117196961447 73.97185413035115,18.541262336278283 73.97166465036118,18.541261304778775 73.97166519111104,18.541170938123948 73.97185467101119,18.54117196961447 </coordinates>
        </LinearRing>
      </outerBoundaryIs>
    </Polygon>
  </MultiGeometry>
</Placemark><Placemark>
  <name>1.6-1.7</name>
  <ExtendedData>
    <Data name='count'>
      <value>8</value>
    </Data>
    <Data name='depth_class'>
      <value>1</value>
    </Data>
    <Data name='system:index'>
      <value>+9155+4952</value>
    </Data>
  </ExtendedData>
  <styleUrl>#style_green</styleUrl>
  <Polygon>
    <outerBoundaryIs>
      <LinearRing>
        <coordinates>73.97213186404163,18.542348283106985 73.97213348566241,18.542077183133525 73.97251244751985,18.54207924508151 73.9725119071832,18.542169611745322 73.9724171666672,18.542169096327942 73.97241662627665,18.542259463000736 73.97222714514581,18.542258432013266 73.97222660464747,18.542348798668094 73.97213186404163,18.542348283106985 </coordinates>
      </LinearRing>
    </outerBoundaryIs>
  </Polygon>
</Placemark><Placemark>
  <name>1.9-2.0</name>
  <ExtendedData>
    <Data name='count'>
      <value>4</value>
    </Data>
    <Data name='depth_class'>
      <value>4</value>
    </Data>
    <Data name='system:index'>
      <value>+9157+4968</value>
    </Data>
  </ExtendedData>
  <styleUrl>#style_red</styleUrl>
  <MultiGeometry>
    <Polygon>
      <outerBoundaryIs>
        <LinearRing>
          <coordinates>73.97261529196263,18.540724260263264 73.97261583220943,18.540633893581486 73.97271057189002,18.540634408855134 73.9727100316971,18.540724775545893 73.97261529196263,18.540724260263264 </coordinates>
        </LinearRing>
      </outerBoundaryIs>
    </Polygon>
    <Polygon>
      <outerBoundaryIs>
        <LinearRing>
          <coordinates>73.97261529196263,18.540724260263264 73.97261475172479,18.54081462694504 73.97233053240458,18.540813080809688 73.97233107279511,18.540722714136894 73.97261529196263,18.540724260263264 </coordinates>
        </LinearRing>
      </outerBoundaryIs>
    </Polygon>
  </MultiGeometry>
</Placemark><Placemark>
  <name>1.8-1.9</name>
  <ExtendedData>
    <Data name='count'>
      <value>36</value>
    </Data>
    <Data name='depth_class'>
      <value>3</value>
    </Data>
    <Data name='system:index'>
      <value>+9159+4969</value>
    </Data>
  </ExtendedData>
  <styleUrl>#style_orange</styleUrl>
  <MultiGeometry>
    <Polygon>
      <outerBoundaryIs>
        <LinearRing>
          <coordinates>73.9728053115706,18.540634924083864 73.97280585170063,18.540544557393105 73.97290059133628,18.540545072576922 73.97290005125117,18.54063543926768 73.9728053115706,18.540634924083864 </coordinates>
        </LinearRing>
      </outerBoundaryIs>
    </Polygon>
    <Polygon>
      <outerBoundaryIs>
        <LinearRing>
          <coordinates>73.9728053115706,18.540634924083864 73.97280423128358,18.540815657465384 73.97270949150419,18.540815142236653 73.9727089513023,18.540905508918428 73.97261421147797,18.5409049936358 73.97261367123117,18.540995360317574 73.97232945161451,18.540993814164256 73.97232891121499,18.54108418083705 73.97223417129186,18.54108366535679 73.97223309038502,18.541264398702378 73.9720436103591,18.54126336758016 73.97204306979788,18.54135373424397 73.97185358969112,18.541352702933107 73.97185304903108,18.541443069587935 73.97166356883449,18.541442038079445 73.97166302806666,18.54153240473427 73.9713788076505,18.541530857107716 73.97137826672994,18.54162122375356 73.97128352654632,18.541620707779227 73.97128406752076,18.541530341142366 73.97118932739102,18.541529825123117 73.9711898684014,18.541439458486256 73.97147408865587,18.541441006382307 73.97147462951352,18.541350639736464 73.97166410960233,18.5413516714336 73.97166465036118,18.541261304778775 73.97185413035115,18.541262336278283 73.97185467101119,18.54117196961447 73.97213889087938,18.541173516495427 73.97214105288172,18.540812049822218 73.97261475172479,18.54081462694504 73.97261529196263,18.540724260263264 73.9727100316971,18.540724775545893 73.97271057189002,18.540634408855134 73.9728053115706,18.540634924083864 </coordinates>
        </LinearRing>
      </outerBoundaryIs>
    </Polygon>
  </MultiGeometry>
</Placemark><Placemark>
  <name>1.6-1.7</name>
  <ExtendedData>
    <Data name='count'>
      <value>13</value>
    </Data>
    <Data name='depth_class'>
      <value>1</value>
    </Data>
    <Data name='system:index'>
      <value>+9160+4967</value>
    </Data>
  </ExtendedData>
  <styleUrl>#style_green</styleUrl>
  <MultiGeometry>
    <Polygon>
      <outerBoundaryIs>
        <LinearRing>
          <coordinates>73.97270787090748,18.541086242290962 73.97270841110938,18.540995875609187 73.97280315098759,18.540996390846903 73.97280423128358,18.540815657465384 73.97289897107196,18.540816172658182 73.97289951116606,18.540725805967423 73.97299425090054,18.540726321106323 73.97299371086034,18.540816687797083 73.97308845064872,18.540817202891066 73.97308683064489,18.54108830298131 73.9729920907038,18.541087787878343 73.97299155065463,18.541178154569103 73.97289681066862,18.541177639421218 73.9728973507717,18.54108727273046 73.97270787090748,18.541086242290962 </coordinates>
        </LinearRing>
      </outerBoundaryIs>
    </Polygon>
    <Polygon>
      <outerBoundaryIs>
        <LinearRing>
          <coordinates>73.97270787090748,18.541086242290962 73.97270733069661,18.54117660897274 73.97261259071958,18.541176093681127 73.97261313097538,18.541085726999352 73.97270787090748,18.541086242290962 </coordinates>
        </LinearRing>
      </outerBoundaryIs>
    </Polygon>
  </MultiGeometry>
</Placemark><Placemark>
  <name>1.8-1.9</name>
  <ExtendedData>
    <Data name='count'>
      <value>1</value>
    </Data>
    <Data name='depth_class'>
      <value>3</value>
    </Data>
    <Data name='system:index'>
      <value>+9162+4974</value>
    </Data>
  </ExtendedData>
  <styleUrl>#style_orange</styleUrl>
  <Polygon>
    <outerBoundaryIs>
      <LinearRing>
        <coordinates>73.97309223054383,18.540184635983884 73.97309277051217,18.54009426927516 73.97318750990529,18.540094784306262 73.97318696998187,18.540185151006003 73.97309223054383,18.540184635983884 </coordinates>
      </LinearRing>
    </outerBoundaryIs>
  </Polygon>
</Placemark><Placemark>
  <name>1.9-2.0</name>
  <ExtendedData>
    <Data name='count'>
      <value>1</value>
    </Data>
    <Data name='depth_class'>
      <value>4</value>
    </Data>
    <Data name='system:index'>
      <value>+9162+4975</value>
    </Data>
  </ExtendedData>
  <styleUrl>#style_red</styleUrl>
  <Polygon>
    <outerBoundaryIs>
      <LinearRing>
        <coordinates>73.97309277051217,18.54009426927516 73.9730933104805,18.540003902575418 73.9731880498287,18.540004417597537 73.97318750990529,18.540094784306262 73.97309277051217,18.54009426927516 </coordinates>
      </LinearRing>
    </outerBoundaryIs>
  </Polygon>
</Placemark><Placemark>
  <name>1.8-1.9</name>
  <ExtendedData>
    <Data name='count'>
      <value>4</value>
    </Data>
    <Data name='depth_class'>
      <value>3</value>
    </Data>
    <Data name='system:index'>
      <value>+9164+4961</value>
    </Data>
  </ExtendedData>
  <styleUrl>#style_orange</styleUrl>
  <MultiGeometry>
    <Polygon>
      <outerBoundaryIs>
        <LinearRing>
          <coordinates>73.97327469081073,18.541360433142742 73.97327523072515,18.541270066442998 73.97336997077404,18.54127058141122 73.97336943090453,18.54136094811096 73.97327469081073,18.541360433142742 </coordinates>
        </LinearRing>
      </outerBoundaryIs>
    </Polygon>
    <Polygon>
      <outerBoundaryIs>
        <LinearRing>
          <coordinates>73.97327469081073,18.541360433142742 73.97327307104945,18.541631533232984 73.97317833080292,18.541631018210868 73.97317995071691,18.541359918129604 73.97327469081073,18.541360433142742 </coordinates>
        </LinearRing>
      </outerBoundaryIs>
    </Polygon>
  </MultiGeometry>
</Placemark><Placemark>
  <name>1.6-1.7</name>
  <ExtendedData>
    <Data name='count'>
      <value>3</value>
    </Data>
    <Data name='depth_class'>
      <value>1</value>
    </Data>
    <Data name='system:index'>
      <value>+9164+4971</value>
    </Data>
  </ExtendedData>
  <styleUrl>#style_green</styleUrl>
  <Polygon>
    <outerBoundaryIs>
      <LinearRing>
        <coordinates>73.97318535020263,18.540456251123196 73.97318589013503,18.540365884423455 73.97337536923568,18.540366914341927 73.9733742895685,18.540547647768364 73.97327954991488,18.54054713281811 73.97328008980236,18.540456766118368 73.97318535020263,18.540456251123196 </coordinates>
      </LinearRing>
    </outerBoundaryIs>
  </Polygon>
</Placemark><Placemark>
  <name>1.9-2.0</name>
  <ExtendedData>
    <Data name='count'>
      <value>4</value>
    </Data>
    <Data name='depth_class'>
      <value>4</value>
    </Data>
    <Data name='system:index'>
      <value>+9168+4966</value>
    </Data>
  </ExtendedData>
  <styleUrl>#style_red</styleUrl>
  <Polygon>
    <outerBoundaryIs>
      <LinearRing>
        <coordinates>73.97346633024284,18.540999996208345 73.97346740984713,18.540819262790894 73.97375162927516,18.540820807219447 73.97375108962123,18.540911173937154 73.97356160990074,18.54091014436004 73.97356107014801,18.541000511068766 73.97346633024284,18.540999996208345 </coordinates>
      </LinearRing>
    </outerBoundaryIs>
  </Polygon>
</Placemark><Placemark>
  <name>1.8-1.9</name>
  <ExtendedData>
    <Data name='count'>
      <value>15</value>
    </Data>
    <Data name='depth_class'>
      <value>3</value>
    </Data>
    <Data name='system:index'>
      <value>+9170+4968</value>
    </Data>
  </ExtendedData>
  <styleUrl>#style_orange</styleUrl>
  <Polygon>
    <outerBoundaryIs>
      <LinearRing>
        <coordinates>73.97327685044151,18.54099896634377 73.97327793024343,18.540818232935305 73.97337267004079,18.540818747885556 73.97337320988336,18.54072838117683 73.97356268939724,18.540729410933608 73.97356322914099,18.540639044224882 73.97394218799805,18.540641103145546 73.97394164845193,18.540731469872238 73.97384690868152,18.540730955209447 73.97384636909048,18.540821321927154 73.97346740984713,18.540819262790894 73.97346525062957,18.541180729616812 73.97337051063458,18.541180214702493 73.97337159033769,18.540999481294026 73.97327685044151,18.54099896634377 </coordinates>
      </LinearRing>
    </outerBoundaryIs>
  </Polygon>
</Placemark><Placemark>
  <name>1.6-1.7</name>
  <ExtendedData>
    <Data name='count'>
      <value>5</value>
    </Data>
    <Data name='depth_class'>
      <value>1</value>
    </Data>
    <Data name='system:index'>
      <value>+9172+4977</value>
    </Data>
  </ExtendedData>
  <styleUrl>#style_green</styleUrl>
  <Polygon>
    <outerBoundaryIs>
      <LinearRing>
        <coordinates>73.97385122533798,18.540008021413875 73.97385176490208,18.539917654687184 73.97394650422333,18.53991816933201 73.97394704374251,18.539827802596335 73.97413652229518,18.539828831724293 73.97413544345446,18.540009565204624 73.97385122533798,18.540008021413875 </coordinates>
      </LinearRing>
    </outerBoundaryIs>
  </Polygon>
</Placemark><Placemark>
  <name>1.6-1.7</name>
  <ExtendedData>
    <Data name='count'>
      <value>14</value>
    </Data>
    <Data name='depth_class'>
      <value>1</value>
    </Data>
    <Data name='system:index'>
      <value>+9174+4983</value>
    </Data>
  </ExtendedData>
  <styleUrl>#style_green</styleUrl>
  <Polygon>
    <outerBoundaryIs>
      <LinearRing>
        <coordinates>73.97385338358538,18.539646554498127 73.97385554178784,18.53928508756441 73.97432923668731,18.53928766019565 73.97432815808914,18.53946839369395 73.97413867992273,18.53946736477261 73.97413814052034,18.539557731508282 73.9739486622641,18.539556702398293 73.97394812276289,18.53964706913397 73.97385338358538,18.539646554498127 </coordinates>
      </LinearRing>
    </outerBoundaryIs>
  </Polygon>
</Placemark><Placemark>
  <name>1.6-1.7</name>
  <ExtendedData>
    <Data name='count'>
      <value>1</value>
    </Data>
    <Data name='depth_class'>
      <value>1</value>
    </Data>
    <Data name='system:index'>
      <value>+9174+4985</value>
    </Data>
  </ExtendedData>
  <styleUrl>#style_green</styleUrl>
  <Polygon>
    <outerBoundaryIs>
      <LinearRing>
        <coordinates>73.97423503704692,18.539196779021765 73.97423557638645,18.539106412277103 73.97433031526752,18.539106926697354 73.9743297759819,18.539197293450993 73.97423503704692,18.539196779021765 </coordinates>
      </LinearRing>
    </outerBoundaryIs>
  </Polygon>
</Placemark><Placemark>
  <name>1.9-2.0</name>
  <ExtendedData>
    <Data name='count'>
      <value>1</value>
    </Data>
    <Data name='depth_class'>
      <value>4</value>
    </Data>
    <Data name='system:index'>
      <value>+9176+4974</value>
    </Data>
  </ExtendedData>
  <styleUrl>#style_red</styleUrl>
  <Polygon>
    <outerBoundaryIs>
      <LinearRing>
        <coordinates>73.97441858306259,18.540191842044514 73.97441912233921,18.540101475299856 73.97451386177725,18.540101989657224 73.97451332255451,18.54019235640188 73.97441858306259,18.540191842044514 </coordinates>
      </LinearRing>
    </outerBoundaryIs>
  </Polygon>
</Placemark><Placemark>
  <name>1.6-1.7</name>
  <ExtendedData>
    <Data name='count'>
      <value>7</value>
    </Data>
    <Data name='depth_class'>
      <value>1</value>
    </Data>
    <Data name='system:index'>
      <value>+9176+4992</value>
    </Data>
  </ExtendedData>
  <styleUrl>#style_green</styleUrl>
  <Polygon>
    <outerBoundaryIs>
      <LinearRing>
        <coordinates>73.97423827303909,18.538654578526863 73.97423881236064,18.538564211773224 73.97433355094527,18.538564726184486 73.97433409021292,18.538474359430847 73.97452356730135,18.53847538810066 73.97452194978587,18.53874648837955 73.974332472401,18.53874545969177 73.97433301167763,18.53865509293813 73.97423827303909,18.538654578526863 </coordinates>
      </LinearRing>
    </outerBoundaryIs>
  </Polygon>
</Placemark><Placemark>
  <name>1.6-1.7</name>
  <ExtendedData>
    <Data name='count'>
      <value>1</value>
    </Data>
    <Data name='depth_class'>
      <value>1</value>
    </Data>
    <Data name='system:index'>
      <value>+9176+5004</value>
    </Data>
  </ExtendedData>
  <styleUrl>#style_green</styleUrl>
  <Polygon>
    <outerBoundaryIs>
      <LinearRing>
        <coordinates>73.97443475996016,18.53748083939036 73.97443529914696,18.53739047261875 73.97453003709379,18.537390986895268 73.97452949796089,18.537481353666877 73.97443475996016,18.53748083939036 </coordinates>
      </LinearRing>
    </outerBoundaryIs>
  </Polygon>
</Placemark><Placemark>
  <name>1.8-1.9</name>
  <ExtendedData>
    <Data name='count'>
      <value>2</value>
    </Data>
    <Data name='depth_class'>
      <value>3</value>
    </Data>
    <Data name='system:index'>
      <value>+9179+5020</value>
    </Data>
  </ExtendedData>
  <styleUrl>#style_orange</styleUrl>
  <Polygon>
    <outerBoundaryIs>
      <LinearRing>
        <coordinates>73.9747270591233,18.53612688034935 73.97472813709265,18.5359461467702 73.97482287424897,18.535946660858073 73.97482179637842,18.536127394446204 73.9747270591233,18.53612688034935 </coordinates>
      </LinearRing>
    </outerBoundaryIs>
  </Polygon>
</Placemark><Placemark>
  <name>1.8-1.9</name>
  <ExtendedData>
    <Data name='count'>
      <value>39</value>
    </Data>
    <Data name='depth_class'>
      <value>3</value>
    </Data>
    <Data name='system:index'>
      <value>+9180+4983</value>
    </Data>
  </ExtendedData>
  <styleUrl>#style_orange</styleUrl>
  <Polygon>
    <outerBoundaryIs>
      <LinearRing>
        <coordinates>73.97413220688738,18.54055176560071 73.97413328575504,18.540371032138342 73.97422802533681,18.540371546648423 73.97422856471226,18.540281179912746 73.9741338251844,18.540280665402666 73.9741349040341,18.5400999319403 73.97422964346315,18.540100446441397 73.9742301828386,18.54001007969674 73.97432492222273,18.540010594152918 73.97432546154428,18.53992022740826 73.97442020087452,18.53992074181054 73.97442074014216,18.539830375065883 73.97432600085683,18.539829860672583 73.9743265401694,18.539739493927925 73.97451601865022,18.539740522669607 73.97451709705975,18.539559789171307 73.97461183621031,18.53956030346579 73.97461345365394,18.539289203204866 73.9748976706565,18.53929074578289 73.97489659266019,18.539471479308137 73.97480185355454,18.539470965157385 73.97480023638042,18.539742065436275 73.97470549713103,18.53974155122264 73.97470441891014,18.539922284729922 73.97460967956194,18.539921770471373 73.97460860121528,18.54010250396967 73.97441912233921,18.540101475299856 73.97441750450034,18.54037257552485 73.97432276491857,18.540372061113583 73.97432222557906,18.54046242784926 73.97422748595238,18.540461913384096 73.97422694655897,18.540552280110788 73.97413220688738,18.54055176560071 </coordinates>
      </LinearRing>
    </outerBoundaryIs>
  </Polygon>
</Placemark><Placemark>
  <name>1.8-1.9</name>
  <ExtendedData>
    <Data name='count'>
      <value>4</value>
    </Data>
    <Data name='depth_class'>
      <value>3</value>
    </Data>
    <Data name='system:index'>
      <value>+9182+5025</value>
    </Data>
  </ExtendedData>
  <styleUrl>#style_orange</styleUrl>
  <MultiGeometry>
    <Polygon>
      <outerBoundaryIs>
        <LinearRing>
          <coordinates>73.97491922804042,18.53567607451434 73.97492030578519,18.53549534090824 73.97510977961272,18.535496368832455 73.97510924084814,18.535586735639995 73.97501450388047,18.53558622170484 73.975013965053,18.535676588503396 73.97491922804042,18.53567607451434 </coordinates>
        </LinearRing>
      </outerBoundaryIs>
    </Polygon>
    <Polygon>
      <outerBoundaryIs>
        <LinearRing>
          <coordinates>73.97491922804042,18.53567607451434 73.97491868916802,18.535766441312898 73.97482395211053,18.535765927269942 73.97482449102783,18.535675560471386 73.97491922804042,18.53567607451434 </coordinates>
        </LinearRing>
      </outerBoundaryIs>
    </Polygon>
  </MultiGeometry>
</Placemark><Placemark>
  <name>1.8-1.9</name>
  <ExtendedData>
    <Data name='count'>
      <value>1</value>
    </Data>
    <Data name='depth_class'>
      <value>3</value>
    </Data>
    <Data name='system:index'>
      <value>+9182+5027</value>
    </Data>
  </ExtendedData>
  <styleUrl>#style_orange</styleUrl>
  <Polygon>
    <outerBoundaryIs>
      <LinearRing>
        <coordinates>73.97501558150847,18.535405488089758 73.97501612032696,18.5353151212912 73.97511085714191,18.535315635217376 73.97511031837732,18.535406002024914 73.97501558150847,18.535405488089758 </coordinates>
      </LinearRing>
    </outerBoundaryIs>
  </Polygon>
</Placemark><Placemark>
  <name>1.8-1.9</name>
  <ExtendedData>
    <Data name='count'>
      <value>4</value>
    </Data>
    <Data name='depth_class'>
      <value>3</value>
    </Data>
    <Data name='system:index'>
      <value>+9184+4990</value>
    </Data>
  </ExtendedData>
  <styleUrl>#style_orange</styleUrl>
  <MultiGeometry>
    <Polygon>
      <outerBoundaryIs>
        <LinearRing>
          <coordinates>73.97518512071373,18.538750087282107 73.97518565954121,18.538659720501517 73.97528039820669,18.538660234445658 73.97527985943312,18.538750601226248 73.97518512071373,18.538750087282107 </coordinates>
        </LinearRing>
      </outerBoundaryIs>
    </Polygon>
    <Polygon>
      <outerBoundaryIs>
        <LinearRing>
          <coordinates>73.97518512071373,18.538750087282107 73.97518350421335,18.539021187614896 73.97508876535024,18.539020673616857 73.97509038200334,18.538749573293053 73.97518512071373,18.538750087282107 </coordinates>
        </LinearRing>
      </outerBoundaryIs>
    </Polygon>
  </MultiGeometry>
</Placemark><Placemark>
  <name>1.8-1.9</name>
  <ExtendedData>
    <Data name='count'>
      <value>9</value>
    </Data>
    <Data name='depth_class'>
      <value>3</value>
    </Data>
    <Data name='system:index'>
      <value>+9186+4997</value>
    </Data>
  </ExtendedData>
  <styleUrl>#style_orange</styleUrl>
  <Polygon>
    <outerBoundaryIs>
      <LinearRing>
        <coordinates>73.97528093698027,18.538569867665068 73.97528416956781,18.538027666954573 73.97547364620708,18.538028694645224 73.9754720302367,18.53829979502293 73.97537729175987,18.538299281186585 73.97537567560083,18.538570381546325 73.97528093698027,18.538569867665068 </coordinates>
      </LinearRing>
    </outerBoundaryIs>
  </Polygon>
</Placemark><Placemark>
  <name>1.6-1.7</name>
  <ExtendedData>
    <Data name='count'>
      <value>14</value>
    </Data>
    <Data name='depth_class'>
      <value>1</value>
    </Data>
    <Data name='system:index'>
      <value>+9186+5027</value>
    </Data>
  </ExtendedData>
  <styleUrl>#style_green</styleUrl>
  <MultiGeometry>
    <Polygon>
      <outerBoundaryIs>
        <LinearRing>
          <coordinates>73.97520343909613,18.53567761633778 73.97520505525516,18.535406515915156 73.975299792124,18.53540702976048 73.97530033078978,18.53531666294396 73.97548980444664,18.535317690472912 73.97548926588867,18.535408057289438 73.97558400277548,18.53540857099103 73.97558292574037,18.535589304633064 73.97539345176911,18.53558827717597 73.97539237452739,18.535769010800035 73.97529763744294,18.535768496999626 73.97529817611769,18.535678130192085 73.97520343909613,18.53567761633778 </coordinates>
        </LinearRing>
      </outerBoundaryIs>
    </Polygon>
    <Polygon>
      <outerBoundaryIs>
        <LinearRing>
          <coordinates>73.97520343909613,18.53567761633778 73.97520290037646,18.535767983145316 73.97510816330099,18.535767469246093 73.97510870207456,18.535677102447536 73.97520343909613,18.53567761633778 </coordinates>
        </LinearRing>
      </outerBoundaryIs>
    </Polygon>
  </MultiGeometry>
</Placemark><Placemark>
  <name>1.6-1.7</name>
  <ExtendedData>
    <Data name='count'>
      <value>1</value>
    </Data>
    <Data name='depth_class'>
      <value>1</value>
    </Data>
    <Data name='system:index'>
      <value>+9187+5037</value>
    </Data>
  </ExtendedData>
  <styleUrl>#style_green</styleUrl>
  <Polygon>
    <outerBoundaryIs>
      <LinearRing>
        <coordinates>73.97549465137863,18.534504389070303 73.97549518990965,18.534414022244796 73.9755899262485,18.53441453591046 73.97558938776238,18.53450490274495 73.97549465137863,18.534504389070303 </coordinates>
      </LinearRing>
    </outerBoundaryIs>
  </Polygon>
</Placemark><Placemark>
  <name>1.8-1.9</name>
  <ExtendedData>
    <Data name='count'>
      <value>3</value>
    </Data>
    <Data name='depth_class'>
      <value>3</value>
    </Data>
    <Data name='system:index'>
      <value>+9188+5042</value>
    </Data>
  </ExtendedData>
  <styleUrl>#style_orange</styleUrl>
  <Polygon>
    <outerBoundaryIs>
      <LinearRing>
        <coordinates>73.97559100320277,18.534233802250462 73.97559261860721,18.533962701746994 73.97568735470351,18.533963215358757 73.9756857394428,18.534234315862225 73.97559100320277,18.534233802250462 </coordinates>
      </LinearRing>
    </outerBoundaryIs>
  </Polygon>
</Placemark><Placemark>
  <name>1.9-2.0</name>
  <ExtendedData>
    <Data name='count'>
      <value>2</value>
    </Data>
    <Data name='depth_class'>
      <value>4</value>
    </Data>
    <Data name='system:index'>
      <value>+9189+5007</value>
    </Data>
  </ExtendedData>
  <styleUrl>#style_red</styleUrl>
  <MultiGeometry>
    <Polygon>
      <outerBoundaryIs>
        <LinearRing>
          <coordinates>73.97566796974239,18.537216420933266 73.97566850826443,18.537126054125725 73.97576324610347,18.537126567782405 73.97576270762634,18.537216934589946 73.97566796974239,18.537216420933266 </coordinates>
        </LinearRing>
      </outerBoundaryIs>
    </Polygon>
    <Polygon>
      <outerBoundaryIs>
        <LinearRing>
          <coordinates>73.97566796974239,18.537216420933266 73.97566743121136,18.537306787740803 73.97557269327352,18.537306274030225 73.97557323185845,18.53721590723167 73.97566796974239,18.537216420933266 </coordinates>
        </LinearRing>
      </outerBoundaryIs>
    </Polygon>
  </MultiGeometry>
</Placemark><Placemark>
  <name>1.9-2.0</name>
  <ExtendedData>
    <Data name='count'>
      <value>2</value>
    </Data>
    <Data name='depth_class'>
      <value>4</value>
    </Data>
    <Data name='system:index'>
      <value>+9189+5012</value>
    </Data>
  </ExtendedData>
  <styleUrl>#style_red</styleUrl>
  <Polygon>
    <outerBoundaryIs>
      <LinearRing>
        <coordinates>73.9756701238216,18.536854953703102 73.97567120084773,18.53667422007904 73.97576593843523,18.536674733726738 73.97576486150791,18.5368554673508 73.9756701238216,18.536854953703102 </coordinates>
      </LinearRing>
    </outerBoundaryIs>
  </Polygon>
</Placemark><Placemark>
  <name>1.8-1.9</name>
  <ExtendedData>
    <Data name='count'>
      <value>23</value>
    </Data>
    <Data name='depth_class'>
      <value>3</value>
    </Data>
    <Data name='system:index'>
      <value>+9189+5015</value>
    </Data>
  </ExtendedData>
  <styleUrl>#style_orange</styleUrl>
  <Polygon>
    <outerBoundaryIs>
      <LinearRing>
        <coordinates>73.97547741671481,18.53739612707329 73.97548280288748,18.5364924590428 73.97567227785588,18.536493486454976 73.97567281635996,18.536403119647435 73.97576755379475,18.536403633277164 73.97576593843523,18.536674733726738 73.97567120084773,18.53667422007904 73.97566958530854,18.536945320510643 73.97576432303977,18.53694583415834 73.97576378457163,18.537036200974864 73.97566904678648,18.537035687318184 73.97566796974239,18.537216420933266 73.97557323185845,18.53721590723167 73.97557269327352,18.537306274030225 73.97566743121136,18.537306787740803 73.97566689268034,18.537397154539363 73.97547741671481,18.53739612707329 </coordinates>
      </LinearRing>
    </outerBoundaryIs>
  </Polygon>
</Placemark><Placemark>
  <name>1.9-2.0</name>
  <ExtendedData>
    <Data name='count'>
      <value>1</value>
    </Data>
    <Data name='depth_class'>
      <value>4</value>
    </Data>
    <Data name='system:index'>
      <value>+9195+5025</value>
    </Data>
  </ExtendedData>
  <styleUrl>#style_red</styleUrl>
  <Polygon>
    <outerBoundaryIs>
      <LinearRing>
        <coordinates>73.97624608471168,18.535592899223705 73.97624662288338,18.535502532389216 73.97634135984205,18.535503045704534 73.97634082171527,18.535593412548007 73.97624608471168,18.535592899223705 </coordinates>
      </LinearRing>
    </outerBoundaryIs>
  </Polygon>
</Placemark><Placemark>
  <name>1.8-1.9</name>
  <ExtendedData>
    <Data name='count'>
      <value>21</value>
    </Data>
    <Data name='depth_class'>
      <value>3</value>
    </Data>
    <Data name='system:index'>
      <value>+9196+5028</value>
    </Data>
  </ExtendedData>
  <styleUrl>#style_orange</styleUrl>
  <Polygon>
    <outerBoundaryIs>
      <LinearRing>
        <coordinates>73.97576809224493,18.536313266460642 73.97577024600075,18.535951799185565 73.97586498319299,18.535952312752414 73.97586552158029,18.53586194593589 73.97596025872762,18.53586245945782 73.97596133537645,18.535681725797826 73.97605607242497,18.53568223926586 73.97605714897499,18.53550150559688 73.9761518859247,18.535502019019997 73.9761524241413,18.535411652176524 73.97624716104609,18.535412165545743 73.9762476992178,18.53532179870227 73.97634243607767,18.535322312017588 73.9763429741865,18.535231945174115 73.97643771100144,18.53523245844452 73.97643663487364,18.535413192131465 73.97634189795986,18.53541267886106 73.97634135984205,18.535503045704534 73.97624662288338,18.535502532389216 73.97624554653997,18.535683266058196 73.97615080948246,18.535682752688977 73.97614973302228,18.535863486348973 73.97605499587495,18.535862972925855 73.97605445758647,18.535953339760344 73.97595972039421,18.535952826283328 73.97595864371844,18.536133559934342 73.9758639064184,18.536133046403425 73.9758628296348,18.536313780045457 73.97576809224493,18.536313266460642 </coordinates>
      </LinearRing>
    </outerBoundaryIs>
  </Polygon>
</Placemark><Placemark>
  <name>1.6-1.7</name>
  <ExtendedData>
    <Data name='count'>
      <value>26</value>
    </Data>
    <Data name='depth_class'>
      <value>1</value>
    </Data>
    <Data name='system:index'>
      <value>+9196+5038</value>
    </Data>
  </ExtendedData>
  <styleUrl>#style_green</styleUrl>
  <MultiGeometry>
    <Polygon>
      <outerBoundaryIs>
        <LinearRing>
          <coordinates>73.9763478170491,18.53441864354693 73.97634835513097,18.53432827669447 73.97644309145186,18.534328789928942 73.9764425534149,18.53441915679038 73.9763478170491,18.53441864354693 </coordinates>
        </LinearRing>
      </outerBoundaryIs>
    </Polygon>
    <Polygon>
      <outerBoundaryIs>
        <LinearRing>
          <coordinates>73.9763478170491,18.53441864354693 73.9763462027945,18.534689744095314 73.97625146628498,18.53468923079796 73.97624985184173,18.53496033133736 73.97615511518848,18.53495981798611 73.97615457698083,18.535050184829583 73.97605984028266,18.53504967142443 73.97605930202113,18.53514003825892 73.97596456526905,18.53513952480885 73.9759651035755,18.535049157974363 73.97587036687733,18.53504864447938 73.9758709052287,18.53495827764489 73.97577616858443,18.53495776410499 73.97577670698969,18.534867397270503 73.97587144358008,18.5348679108104 73.97587305860722,18.534596810306933 73.97615726796512,18.534598350612217 73.9761578061458,18.534507983768744 73.97625254255652,18.534508497111013 73.97625308069229,18.534418130258558 73.9763478170491,18.53441864354693 </coordinates>
        </LinearRing>
      </outerBoundaryIs>
    </Polygon>
  </MultiGeometry>
</Placemark><Placemark>
  <name>1.6-1.7</name>
  <ExtendedData>
    <Data name='count'>
      <value>2</value>
    </Data>
    <Data name='depth_class'>
      <value>1</value>
    </Data>
    <Data name='system:index'>
      <value>+9198+5031</value>
    </Data>
  </ExtendedData>
  <styleUrl>#style_green</styleUrl>
  <Polygon>
    <outerBoundaryIs>
      <LinearRing>
        <coordinates>73.97653298582641,18.53514260480857 73.97653406182845,18.53496187111264 73.97662879849968,18.53496238426626 73.97662772259645,18.53514311798016 73.97653298582641,18.53514260480857 </coordinates>
      </LinearRing>
    </outerBoundaryIs>
  </Polygon>
</Placemark><Placemark>
  <name>1.8-1.9</name>
  <ExtendedData>
    <Data name='count'>
      <value>3</value>
    </Data>
    <Data name='depth_class'>
      <value>3</value>
    </Data>
    <Data name='system:index'>
      <value>+9202+5038</value>
    </Data>
  </ExtendedData>
  <styleUrl>#style_orange</styleUrl>
  <MultiGeometry>
    <Polygon>
      <outerBoundaryIs>
        <LinearRing>
          <coordinates>73.9769162352888,18.53442172228002 73.97691677307422,18.534331355409595 73.97701150940408,18.53433186836559 73.97701097167256,18.53442223523601 73.9769162352888,18.53442172228002 </coordinates>
        </LinearRing>
      </outerBoundaryIs>
    </Polygon>
    <Polygon>
      <outerBoundaryIs>
        <LinearRing>
          <coordinates>73.9769162352888,18.53442172228002 73.97691515971793,18.53460245601188 73.97682042323535,18.534601943001988 73.97682149890503,18.53442120927911 73.9769162352888,18.53442172228002 </coordinates>
        </LinearRing>
      </outerBoundaryIs>
    </Polygon>
  </MultiGeometry>
</Placemark><Placemark>
  <name>1.6-1.7</name>
  <ExtendedData>
    <Data name='count'>
      <value>1</value>
    </Data>
    <Data name='depth_class'>
      <value>1</value>
    </Data>
    <Data name='system:index'>
      <value>+9202+5048</value>
    </Data>
  </ExtendedData>
  <styleUrl>#style_green</styleUrl>
  <Polygon>
    <outerBoundaryIs>
      <LinearRing>
        <coordinates>73.97692161297239,18.533518053557827 73.97692215072189,18.533427686678422 73.97701688655768,18.533428199607467 73.9770163488531,18.533518566486872 73.97692161297239,18.533518053557827 </coordinates>
      </LinearRing>
    </outerBoundaryIs>
  </Polygon>
</Placemark><Placemark>
  <name>1.6-1.7</name>
  <ExtendedData>
    <Data name='count'>
      <value>2</value>
    </Data>
    <Data name='depth_class'>
      <value>1</value>
    </Data>
    <Data name='system:index'>
      <value>+9210+5050</value>
    </Data>
  </ExtendedData>
  <styleUrl>#style_green</styleUrl>
  <MultiGeometry>
    <Polygon>
      <outerBoundaryIs>
        <LinearRing>
          <coordinates>73.97768057484329,18.53334142186593 73.97768111218855,18.533251054959575 73.97777584795247,18.533251567502344 73.97777531066112,18.5333419344087 73.97768057484329,18.53334142186593 </coordinates>
        </LinearRing>
      </outerBoundaryIs>
    </Polygon>
    <Polygon>
      <outerBoundaryIs>
        <LinearRing>
          <coordinates>73.97768057484329,18.53334142186593 73.97768003749803,18.533431788763302 73.9775853016353,18.533431276166635 73.97758583903445,18.533340909269263 73.97768057484329,18.53334142186593 </coordinates>
        </LinearRing>
      </outerBoundaryIs>
    </Polygon>
  </MultiGeometry>
</Placemark><Placemark>
  <name>1.6-1.7</name>
  <ExtendedData>
    <Data name='count'>
      <value>21</value>
    </Data>
    <Data name='depth_class'>
      <value>1</value>
    </Data>
    <Data name='system:index'>
      <value>+9211+5058</value>
    </Data>
  </ExtendedData>
  <styleUrl>#style_green</styleUrl>
  <Polygon>
    <outerBoundaryIs>
      <LinearRing>
        <coordinates>73.97730378179743,18.53297790364723 73.97730593191505,18.532616436066725 73.97749540271528,18.532617461448705 73.97749594014138,18.53252709454235 73.97759067550106,18.532527607156986 73.97759013812886,18.53261797406334 73.97777960894703,18.532618999157858 73.97778014622043,18.532528632251505 73.97787488158909,18.532529144722407 73.97787380714112,18.5327098785441 73.97777907167365,18.532709366064214 73.97777853439128,18.53279973297955 73.97768379887889,18.532799220445767 73.97768272421533,18.532979954258476 73.97730378179743,18.53297790364723 </coordinates>
      </LinearRing>
    </outerBoundaryIs>
  </Polygon>
</Placemark><Placemark>
  <name>1.8-1.9</name>
  <ExtendedData>
    <Data name='count'>
      <value>1</value>
    </Data>
    <Data name='depth_class'>
      <value>3</value>
    </Data>
    <Data name='system:index'>
      <value>+9212+5053</value>
    </Data>
  </ExtendedData>
  <styleUrl>#style_orange</styleUrl>
  <Polygon>
    <outerBoundaryIs>
      <LinearRing>
        <coordinates>73.97787165820029,18.533071346187487 73.97787219543774,18.53298097927215 73.97796693105794,18.532981491716104 73.97796639387438,18.533071858622456 73.97787165820029,18.533071346187487 </coordinates>
      </LinearRing>
    </outerBoundaryIs>
  </Polygon>
</Placemark><Placemark>
  <name>1.8-1.9</name>
  <ExtendedData>
    <Data name='count'>
      <value>1</value>
    </Data>
    <Data name='depth_class'>
      <value>3</value>
    </Data>
    <Data name='system:index'>
      <value>+9213+5055</value>
    </Data>
  </ExtendedData>
  <styleUrl>#style_orange</styleUrl>
  <Polygon>
    <outerBoundaryIs>
      <LinearRing>
        <coordinates>73.9779674682415,18.532891124800766 73.97796800542505,18.532800757885425 73.97806274094643,18.53280127027548 73.97806220381678,18.53289163719082 73.9779674682415,18.532891124800766 </coordinates>
      </LinearRing>
    </outerBoundaryIs>
  </Polygon>
</Placemark><Placemark>
  <name>1.6-1.7</name>
  <ExtendedData>
    <Data name='count'>
      <value>8</value>
    </Data>
    <Data name='depth_class'>
      <value>1</value>
    </Data>
    <Data name='system:index'>
      <value>+9224+5072</value>
    </Data>
  </ExtendedData>
  <styleUrl>#style_green</styleUrl>
  <Polygon>
    <outerBoundaryIs>
      <LinearRing>
        <coordinates>73.97873447780461,18.531358984581793 73.97873501453901,18.53126861763052 73.97892448394684,18.531269641503332 73.97892394731126,18.5313600084546 73.97901868206907,18.531360520323634 73.97901921865075,18.531270153372365 73.97911395335467,18.5312706651875 73.97911341682688,18.53136103214775 73.97920815158469,18.531361543917967 73.97920761510181,18.53145191087822 73.9791128802901,18.531451399108004 73.97911234375334,18.531541766059277 73.97901760889671,18.531541254235158 73.97901814547839,18.53145088728389 73.97882867587295,18.531449863491925 73.97882921256243,18.531359496540656 73.97873447780461,18.531358984581793 </coordinates>
      </LinearRing>
    </outerBoundaryIs>
  </Polygon>
</Placemark><Placemark>
  <name>1.8-1.9</name>
  <ExtendedData>
    <Data name='count'>
      <value>48</value>
    </Data>
    <Data name='depth_class'>
      <value>3</value>
    </Data>
    <Data name='system:index'>
      <value>+9226+5068</value>
    </Data>
  </ExtendedData>
  <styleUrl>#style_orange</styleUrl>
  <MultiGeometry>
    <Polygon>
      <outerBoundaryIs>
        <LinearRing>
          <coordinates>73.97920600562625,18.531723011758984 73.9792065421181,18.53163264479873 73.97930127703762,18.531633156533015 73.97930074059067,18.53172352349327 73.97920600562625,18.531723011758984 </coordinates>
        </LinearRing>
      </outerBoundaryIs>
    </Polygon>
    <Polygon>
      <outerBoundaryIs>
        <LinearRing>
          <coordinates>73.97920600562625,18.531723011758984 73.97920546912542,18.53181337871924 73.97911073411608,18.531812866931055 73.97911019757032,18.531903233882325 73.97901546250709,18.531902722049225 73.97901492590744,18.531993089000498 73.97892019079929,18.5319925771135 73.97891965414573,18.53208294406477 73.97882491899266,18.53208243212387 73.97882438228521,18.53217279906616 73.97872964708722,18.532172287080346 73.97872911032587,18.532262654022635 73.97863437508298,18.532262141982923 73.97863383826773,18.532352508916226 73.97853910297093,18.532351996831597 73.97853856610178,18.532442363764904 73.97834909543631,18.532441339442933 73.97834855845937,18.532531706367255 73.97825382308172,18.532531194138897 73.97825328605985,18.53262156106322 73.97815855062831,18.53262104877198 73.97815801355256,18.532711415696298 73.97796854260861,18.532710390979073 73.97796907978318,18.532620024063732 73.97806381520574,18.532620536444806 73.97806542656777,18.532349435680825 73.97816016183762,18.532349948007997 73.9781606989044,18.532259581083675 73.97844490459717,18.53226111776875 73.97844544151123,18.532170750835448 73.9782559711422,18.532169726432627 73.97825650815508,18.53207935950831 73.97835124328121,18.53207987172768 73.97835178024019,18.531989504794378 73.97854125041158,18.5319905290894 73.97854178726276,18.53190016215609 73.97863652230804,18.53190067423174 73.97863705910531,18.53181030728945 73.97873179410567,18.531810819311197 73.97873233084906,18.53172045236891 73.97920600562625,18.531723011758984 </coordinates>
        </LinearRing>
      </outerBoundaryIs>
    </Polygon>
  </MultiGeometry>
</Placemark><Placemark>
  <name>1.6-1.7</name>
  <ExtendedData>
    <Data name='count'>
      <value>10</value>
    </Data>
    <Data name='depth_class'>
      <value>1</value>
    </Data>
    <Data name='system:index'>
      <value>+9230+5078</value>
    </Data>
  </ExtendedData>
  <styleUrl>#style_green</styleUrl>
  <Polygon>
    <outerBoundaryIs>
      <LinearRing>
        <coordinates>73.97930503206737,18.531000587775306 73.97930610490735,18.53081985383683 73.9794008393777,18.53082036549925 73.97940137573481,18.530729998530013 73.9796855790201,18.530731533220827 73.97968450658436,18.530912267186253 73.97958977205113,18.53091175565858 73.97958923578385,18.5310021226368 73.97930503206737,18.531000587775306 </coordinates>
      </LinearRing>
    </outerBoundaryIs>
  </Polygon>
</Placemark><Placemark>
  <name>1.8-1.9</name>
  <ExtendedData>
    <Data name='count'>
      <value>13</value>
    </Data>
    <Data name='depth_class'>
      <value>3</value>
    </Data>
    <Data name='system:index'>
      <value>+9233+5074</value>
    </Data>
  </ExtendedData>
  <styleUrl>#style_orange</styleUrl>
  <Polygon>
    <outerBoundaryIs>
      <LinearRing>
        <coordinates>73.97949235589405,18.531363078950143 73.97949342855436,18.53118234501167 73.97968289790829,18.531183368120914 73.97968343413964,18.531093001142693 73.97996763804477,18.531094535438246 73.9799660297999,18.531365636390873 73.97949235589405,18.531363078950143 </coordinates>
      </LinearRing>
    </outerBoundaryIs>
  </Polygon>
</Placemark><Placemark>
  <name>1.6-1.7</name>
  <ExtendedData>
    <Data name='count'>
      <value>2</value>
    </Data>
    <Data name='depth_class'>
      <value>1</value>
    </Data>
    <Data name='system:index'>
      <value>+9234+5078</value>
    </Data>
  </ExtendedData>
  <styleUrl>#style_green</styleUrl>
  <Polygon>
    <outerBoundaryIs>
      <LinearRing>
        <coordinates>73.97987451176539,18.530822923101677 73.97987504788892,18.530732556114476 73.98006451676675,18.530733578819476 73.980063980751,18.53082394580668 73.97987451176539,18.530822923101677 </coordinates>
      </LinearRing>
    </outerBoundaryIs>
  </Polygon>
</Placemark><Placemark>
  <name>1.6-1.7</name>
  <ExtendedData>
    <Data name='count'>
      <value>2</value>
    </Data>
    <Data name='depth_class'>
      <value>1</value>
    </Data>
    <Data name='system:index'>
      <value>+9239+5083</value>
    </Data>
  </ExtendedData>
  <styleUrl>#style_green</styleUrl>
  <MultiGeometry>
    <Polygon>
      <outerBoundaryIs>
        <LinearRing>
          <coordinates>73.98044559780384,18.53037415563388 73.98044613360399,18.53028378862871 73.98054086781383,18.53028429969824 73.9805403320586,18.530374666712394 73.98044559780384,18.53037415563388 </coordinates>
        </LinearRing>
      </outerBoundaryIs>
    </Polygon>
    <Polygon>
      <outerBoundaryIs>
        <LinearRing>
          <coordinates>73.98044559780384,18.53037415563388 73.9804450619947,18.53046452263905 73.98035032769504,18.530464011506638 73.98035086354909,18.530373644501466 73.98044559780384,18.53037415563388 </coordinates>
        </LinearRing>
      </outerBoundaryIs>
    </Polygon>
  </MultiGeometry>
</Placemark><Placemark>
  <name>1.6-1.7</name>
  <ExtendedData>
    <Data name='count'>
      <value>3</value>
    </Data>
    <Data name='depth_class'>
      <value>1</value>
    </Data>
    <Data name='system:index'>
      <value>+9242+5094</value>
    </Data>
  </ExtendedData>
  <styleUrl>#style_green</styleUrl>
  <Polygon>
    <outerBoundaryIs>
      <LinearRing>
        <coordinates>73.98064042320095,18.529471507577515 73.98064095887534,18.529381140563363 73.98073569259111,18.529381651516115 73.9807362282116,18.529291284492977 73.98083096188245,18.529291795391828 73.98082989074028,18.529472529447084 73.98064042320095,18.529471507577515 </coordinates>
      </LinearRing>
    </outerBoundaryIs>
  </Polygon>
</Placemark><Placemark>
  <name>1.6-1.7</name>
  <ExtendedData>
    <Data name='count'>
      <value>1</value>
    </Data>
    <Data name='depth_class'>
      <value>1</value>
    </Data>
    <Data name='system:index'>
      <value>+9242+5097</value>
    </Data>
  </ExtendedData>
  <styleUrl>#style_green</styleUrl>
  <Polygon>
    <outerBoundaryIs>
      <LinearRing>
        <coordinates>73.98073729943461,18.52911055043772 73.98073783504611,18.529020183414588 73.98083256856424,18.529020694304453 73.98083203300664,18.529111061336575 73.98073729943461,18.52911055043772 </coordinates>
      </LinearRing>
    </outerBoundaryIs>
  </Polygon>
</Placemark><Placemark>
  <name>1.6-1.7</name>
  <ExtendedData>
    <Data name='count'>
      <value>1</value>
    </Data>
    <Data name='depth_class'>
      <value>1</value>
    </Data>
    <Data name='system:index'>
      <value>+9244+5091</value>
    </Data>
  </ExtendedData>
  <styleUrl>#style_green</styleUrl>
  <Polygon>
    <outerBoundaryIs>
      <LinearRing>
        <coordinates>73.98092355345761,18.529653774365258 73.98092408898827,18.52956340734212 73.98101882281183,18.529563918160125 73.98101828733508,18.529654285183263 73.98092355345761,18.529653774365258 </coordinates>
      </LinearRing>
    </outerBoundaryIs>
  </Polygon>
</Placemark><Placemark>
  <name>1.7-1.8</name>
  <ExtendedData>
    <Data name='count'>
      <value>1</value>
    </Data>
    <Data name='depth_class'>
      <value>2</value>
    </Data>
    <Data name='system:index'>
      <value>+9248+5101</value>
    </Data>
  </ExtendedData>
  <styleUrl>#style_yellow</styleUrl>
  <Polygon>
    <outerBoundaryIs>
      <LinearRing>
        <coordinates>73.98130784212705,18.52875214694777 73.98130837743314,18.528661779897686 73.98140311077161,18.528662290500094 73.98140257551943,18.52875265755018 73.98130784212705,18.52875214694777 </coordinates>
      </LinearRing>
    </outerBoundaryIs>
  </Polygon>
</Placemark><Placemark>
  <name>1.6-1.7</name>
  <ExtendedData>
    <Data name='count'>
      <value>39</value>
    </Data>
    <Data name='depth_class'>
      <value>1</value>
    </Data>
    <Data name='system:index'>
      <value>+9249+5101</value>
    </Data>
  </ExtendedData>
  <styleUrl>#style_green</styleUrl>
  <MultiGeometry>
    <Polygon>
      <outerBoundaryIs>
        <LinearRing>
          <coordinates>73.98158936651939,18.52920551387067 73.98149463287548,18.529205003349112 73.98149409765924,18.5292953703992 73.98139936396144,18.52929485982374 73.9813988286913,18.529385226864843 73.98130409495757,18.52938471624447 73.98130516559667,18.529203982162265 73.98121043195277,18.529203471496974 73.98121096732173,18.529113104464855 73.9811162337407,18.52911259375465 73.9811167691456,18.529022226713547 73.98092730209136,18.52902120515839 73.98092783759508,18.52893083812627 73.9811173045505,18.528931859672447 73.98111783995539,18.528841492631344 73.98121257339268,18.528842003332567 73.98121310874367,18.528751636291464 73.98140257551943,18.52875265755018 73.98140311077161,18.528662290500094 73.98149784411008,18.528662801057585 73.98149677371352,18.528843535157755 73.98168624060607,18.52884455612901 73.98168517038917,18.529025290238163 73.98159043684409,18.529024779770502 73.98158936651939,18.52920551387067 </coordinates>
        </LinearRing>
      </outerBoundaryIs>
    </Polygon>
    <Polygon>
      <outerBoundaryIs>
        <LinearRing>
          <coordinates>73.98149409765924,18.5292953703992 73.98158883134806,18.529295880920756 73.98158936651939,18.52920551387067 73.98187356746905,18.529207045156873 73.98187303245044,18.52929741221594 73.98196776615723,18.529297922548853 73.9819672311925,18.529388289607923 73.98187249743182,18.529387779266028 73.98187196240423,18.529478146325093 73.98177722860761,18.52947763593828 73.98177776368013,18.529387268888197 73.98149356243401,18.5293857374403 73.98149409765924,18.5292953703992 </coordinates>
        </LinearRing>
      </outerBoundaryIs>
    </Polygon>
  </MultiGeometry>
</Placemark><Placemark>
  <name>1.6-1.7</name>
  <ExtendedData>
    <Data name='count'>
      <value>21</value>
    </Data>
    <Data name='depth_class'>
      <value>1</value>
    </Data>
    <Data name='system:index'>
      <value>+9262+5105</value>
    </Data>
  </ExtendedData>
  <styleUrl>#style_green</styleUrl>
  <Polygon>
    <outerBoundaryIs>
      <LinearRing>
        <coordinates>73.981782579207,18.528573965365563 73.98178311425256,18.528483598306494 73.98197258076782,18.52848461897232 73.98197311570559,18.52839425190427 73.98206784891829,18.528394762165316 73.98206838381115,18.528304395097265 73.98235258331452,18.528305925583965 73.98235204857438,18.52839629266998 73.98244678179609,18.5283968027334 73.9824473164913,18.528306435656365 73.98273151603061,18.528307965577127 73.98273044695458,18.528488699758146 73.98263571367,18.52848818982049 73.9826351790736,18.52857855690651 73.9825404457441,18.52857804692394 73.98254098038544,18.528487679846904 73.98235151383425,18.528486659747017 73.98235097908513,18.528577026824053 73.981782579207,18.528573965365563 </coordinates>
      </LinearRing>
    </outerBoundaryIs>
  </Polygon>
</Placemark><Placemark>
  <name>1.6-1.7</name>
  <ExtendedData>
    <Data name='count'>
      <value>7</value>
    </Data>
    <Data name='depth_class'>
      <value>1</value>
    </Data>
    <Data name='system:index'>
      <value>+9267+5104</value>
    </Data>
  </ExtendedData>
  <styleUrl>#style_green</styleUrl>
  <MultiGeometry>
    <Polygon>
      <outerBoundaryIs>
        <LinearRing>
          <coordinates>73.98310831142109,18.52867147320469 73.98310884576597,18.528581106100706 73.9830141124275,18.52858059636068 73.98301464681728,18.52849022926568 73.98291991352373,18.528489719471757 73.98292044796743,18.528399352376756 73.98320464771335,18.52840088159683 73.98320304482245,18.528671982899798 73.98310831142109,18.52867147320469 </coordinates>
        </LinearRing>
      </outerBoundaryIs>
    </Polygon>
    <Polygon>
      <outerBoundaryIs>
        <LinearRing>
          <coordinates>73.98310831142109,18.52867147320469 73.98310777706722,18.52876184029969 73.98301304362094,18.528761330550683 73.98301357802872,18.52867096345568 73.98310831142109,18.52867147320469 </coordinates>
        </LinearRing>
      </outerBoundaryIs>
    </Polygon>
  </MultiGeometry>
</Placemark><Placemark>
  <name>1.7-1.8</name>
  <ExtendedData>
    <Data name='count'>
      <value>1</value>
    </Data>
    <Data name='depth_class'>
      <value>2</value>
    </Data>
    <Data name='system:index'>
      <value>+9271+5114</value>
    </Data>
  </ExtendedData>
  <styleUrl>#style_yellow</styleUrl>
  <Polygon>
    <outerBoundaryIs>
      <LinearRing>
        <coordinates>73.98349365464081,18.52758910635104 73.98349418875212,18.527498739229088 73.98358892151568,18.5274992487086 73.98358838745825,18.527589615830554 73.98349365464081,18.52758910635104 </coordinates>
      </LinearRing>
    </outerBoundaryIs>
  </Polygon>
</Placemark><Placemark>
  <name>1.6-1.7</name>
  <ExtendedData>
    <Data name='count'>
      <value>2</value>
    </Data>
    <Data name='depth_class'>
      <value>1</value>
    </Data>
    <Data name='system:index'>
      <value>+9272+5107</value>
    </Data>
  </ExtendedData>
  <styleUrl>#style_green</styleUrl>
  <MultiGeometry>
    <Polygon>
      <outerBoundaryIs>
        <LinearRing>
          <coordinates>73.98367938208038,18.52822269510982 73.98377411525716,18.528223204508485 73.98377358126262,18.528313571630438 73.9836788480499,18.52831306222279 73.98367938208038,18.52822269510982 </coordinates>
        </LinearRing>
      </outerBoundaryIs>
    </Polygon>
    <Polygon>
      <outerBoundaryIs>
        <LinearRing>
          <coordinates>73.98367938208038,18.52822269510982 73.98358464892158,18.528222185657256 73.98358518300594,18.52813181854429 73.98367991611984,18.528132327987873 73.98367938208038,18.52822269510982 </coordinates>
        </LinearRing>
      </outerBoundaryIs>
    </Polygon>
  </MultiGeometry>
</Placemark><Placemark>
  <name>1.5-1.6</name>
  <ExtendedData>
    <Data name='count'>
      <value>2</value>
    </Data>
    <Data name='depth_class'>
      <value>0</value>
    </Data>
    <Data name='system:index'>
      <value>+9278+5115</value>
    </Data>
  </ExtendedData>
  <styleUrl>#style_blue</styleUrl>
  <Polygon>
    <outerBoundaryIs>
      <LinearRing>
        <coordinates>73.98406258538733,18.52750179536955 73.9840631192022,18.527411428229634 73.98425258466642,18.52741244655984 73.98425205095037,18.527502813699755 73.98406258538733,18.52750179536955 </coordinates>
      </LinearRing>
    </outerBoundaryIs>
  </Polygon>
</Placemark><Placemark>
  <name>1.6-1.7</name>
  <ExtendedData>
    <Data name='count'>
      <value>78</value>
    </Data>
    <Data name='depth_class'>
      <value>1</value>
    </Data>
    <Data name='system:index'>
      <value>+9280+5118</value>
    </Data>
  </ExtendedData>
  <styleUrl>#style_green</styleUrl>
  <Polygon>
    <outerBoundaryIs>
      <LinearRing>
        <coordinates>73.982826783705,18.528218108356896 73.9828273181936,18.528127741261894 73.98292205128054,18.52812825109175 73.98292258571526,18.52803788399675 73.98282785267322,18.528037374166896 73.9828289216235,18.527856639976893 73.98292365456672,18.527857149797764 73.98292418898346,18.52776678269378 73.98311365478006,18.527767802182815 73.98311418909799,18.52767743507883 73.98320892195137,18.527677944746987 73.9832094562154,18.527587577634023 73.98358838745825,18.527589615830554 73.98358945558208,18.527408881586652 73.98368418830071,18.527409391012267 73.98368472230423,18.527319023881333 73.98387418765168,18.52732004258883 73.98387472155638,18.527229675448915 73.98396945418519,18.527230184730797 73.983969988036,18.527139817590882 73.9844436509734,18.5271423632547 73.98444311736515,18.5272327304036 73.9845378500119,18.527233239398022 73.9845367828942,18.527413973695822 73.98472624839435,18.52741499154992 73.98472571492982,18.52750535869882 73.98453624933086,18.52750434084472 73.9845357157675,18.52759470799362 73.98425151723431,18.527593180839673 73.98425098351825,18.527683547979592 73.98368258625422,18.527680492387102 73.98368205223274,18.52777085950905 73.9834925864002,18.527769840585957 73.9834920522799,18.527860207707906 73.98330258636652,18.527859188587186 73.98330205213843,18.52794955570015 73.98320731913233,18.527949046067924 73.98320625057731,18.52812978028488 73.98301678437647,18.52812876086771 73.98301624999566,18.528219127971692 73.982826783705,18.528218108356896 </coordinates>
      </LinearRing>
    </outerBoundaryIs>
    <innerBoundaryIs>
      <LinearRing>
        <coordinates>73.98406258538733,18.52750179536955 73.9840631192022,18.527411428229634 73.98425258466642,18.52741244655984 73.98425205095037,18.527502813699755 73.98406258538733,18.52750179536955 </coordinates>
      </LinearRing>
    </innerBoundaryIs>
  </Polygon>
</Placemark><Placemark>
  <name>1.6-1.7</name>
  <ExtendedData>
    <Data name='count'>
      <value>1</value>
    </Data>
    <Data name='depth_class'>
      <value>1</value>
    </Data>
    <Data name='system:index'>
      <value>+9289+5122</value>
    </Data>
  </ExtendedData>
  <styleUrl>#style_green</styleUrl>
  <Polygon>
    <outerBoundaryIs>
      <LinearRing>
        <coordinates>73.98520311141827,18.526875332326078 73.9852036446133,18.52678496515023 73.98529837703549,18.526785473749396 73.98529784389436,18.526875840925243 73.98520311141827,18.526875332326078 </coordinates>
      </LinearRing>
    </outerBoundaryIs>
  </Polygon>
</Placemark><Placemark>
  <name>1.6-1.7</name>
  <ExtendedData>
    <Data name='count'>
      <value>29</value>
    </Data>
    <Data name='depth_class'>
      <value>1</value>
    </Data>
    <Data name='system:index'>
      <value>+9294+5120</value>
    </Data>
  </ExtendedData>
  <styleUrl>#style_green</styleUrl>
  <MultiGeometry>
    <Polygon>
      <outerBoundaryIs>
        <LinearRing>
          <coordinates>73.98491571390349,18.52741600920639 73.98491731398268,18.52714490772376 73.98501204659351,18.527145416475637 73.98501257989635,18.52705504930877 73.98510731246228,18.527055558015732 73.98510784571121,18.52696519083988 73.98520257822322,18.526965699492944 73.98520204502819,18.527056066668795 73.98529677759412,18.527056575276944 73.98529731074423,18.526966208101094 73.98577097339418,18.526968750414195 73.98577044049559,18.527059117599027 73.9856757079117,18.527058609224444 73.98567464199773,18.527239343594108 73.98548517663232,18.527238326701205 73.98548570969263,18.527147959525358 73.98539097706382,18.527147451007043 73.98539044395861,18.52723781818289 73.98529571128489,18.527237309619657 73.98529517812578,18.527327676795508 73.98520044540714,18.527327168178378 73.98519991219415,18.527417535345243 73.98510517943059,18.527417026683196 73.98510464616369,18.527507393850065 73.98500991334625,18.52750688513412 73.98501044666705,18.527416517967254 73.98491571390349,18.52741600920639 </coordinates>
        </LinearRing>
      </outerBoundaryIs>
    </Polygon>
    <Polygon>
      <outerBoundaryIs>
        <LinearRing>
          <coordinates>73.98491571390349,18.52741600920639 73.98491518053777,18.527506376373257 73.9848204477293,18.527505867558496 73.98482098114893,18.527415500400615 73.98491571390349,18.52741600920639 </coordinates>
        </LinearRing>
      </outerBoundaryIs>
    </Polygon>
  </MultiGeometry>
</Placemark><Placemark>
  <name>1.6-1.7</name>
  <ExtendedData>
    <Data name='count'>
      <value>17</value>
    </Data>
    <Data name='depth_class'>
      <value>1</value>
    </Data>
    <Data name='system:index'>
      <value>+9295+5128</value>
    </Data>
  </ExtendedData>
  <styleUrl>#style_green</styleUrl>
  <Polygon>
    <outerBoundaryIs>
      <LinearRing>
        <coordinates>73.98567783969472,18.526697140476127 73.98568050435837,18.526245304525016 73.9858699686368,18.52624632116639 73.98586943581009,18.526336688369188 73.9859641680077,18.52633719661801 73.98596363522589,18.526427563820807 73.9860583674774,18.5264280720337 73.98605783474049,18.526518439236497 73.98596310244407,18.52651793102361 73.98596150407168,18.526789032614037 73.98577203919137,18.526788016026565 73.98577257208098,18.526697648841733 73.98567783969472,18.526697140476127 </coordinates>
      </LinearRing>
    </outerBoundaryIs>
  </Polygon>
</Placemark><Placemark>
  <name>1.6-1.7</name>
  <ExtendedData>
    <Data name='count'>
      <value>9</value>
    </Data>
    <Data name='depth_class'>
      <value>1</value>
    </Data>
    <Data name='system:index'>
      <value>+9303+5135</value>
    </Data>
  </ExtendedData>
  <styleUrl>#style_green</styleUrl>
  <Polygon>
    <outerBoundaryIs>
      <LinearRing>
        <coordinates>73.98625102771908,18.52588688504505 73.9862515603302,18.52579651783327 73.98634629224036,18.52579702588446 73.9863468247976,18.525706658663697 73.98653628851908,18.52570767461337 73.9865368209775,18.5256173073926 73.98663155279782,18.52561781529108 73.9866299555663,18.52588891696236 73.98653522360225,18.525888409054897 73.98653469113485,18.525978776275664 73.9864399591169,18.5259782683143 73.98644049163819,18.52588790110252 73.98625102771908,18.52588688504505 </coordinates>
      </LinearRing>
    </outerBoundaryIs>
  </Polygon>
</Placemark><Placemark>
  <name>1.6-1.7</name>
  <ExtendedData>
    <Data name='count'>
      <value>1</value>
    </Data>
    <Data name='depth_class'>
      <value>1</value>
    </Data>
    <Data name='system:index'>
      <value>+9307+5123</value>
    </Data>
  </ExtendedData>
  <styleUrl>#style_green</styleUrl>
  <Polygon>
    <outerBoundaryIs>
      <LinearRing>
        <coordinates>73.98690882867089,18.52679411266782 73.98690936096762,18.526703745447055 73.98700409338981,18.52670425319282 73.98700356114699,18.526794620413582 73.98690882867089,18.52679411266782 </coordinates>
      </LinearRing>
    </outerBoundaryIs>
  </Polygon>
</Placemark><Placemark>
  <name>1.7-1.8</name>
  <ExtendedData>
    <Data name='count'>
      <value>3747</value>
    </Data>
    <Data name='depth_class'>
      <value>2</value>
    </Data>
    <Data name='system:index'>
      <value>+9310+5137</value>
    </Data>
  </ExtendedData>
  <styleUrl>#style_yellow</styleUrl>
  <MultiGeometry>
    <Polygon>
      <outerBoundaryIs>
        <LinearRing>
          <coordinates>73.9819672311925,18.529388289607923 73.98196669620982,18.529478656666992 73.98187196240423,18.529478146325093 73.98187249743182,18.529387779266028 73.9819672311925,18.529388289607923 </coordinates>
        </LinearRing>
      </outerBoundaryIs>
    </Polygon>
    <Polygon>
      <outerBoundaryIs>
        <LinearRing>
          <coordinates>73.98292418898346,18.52776678269378 73.98292472340918,18.527676415589795 73.98301945625359,18.527676925356772 73.98301999061644,18.527586558252786 73.9832094562154,18.527587577634023 73.98320892195137,18.527677944746987 73.98311418909799,18.52767743507883 73.98311365478006,18.527767802182815 73.98292418898346,18.52776678269378 </coordinates>
        </LinearRing>
      </outerBoundaryIs>
    </Polygon>
    <Polygon>
      <outerBoundaryIs>
        <LinearRing>
          <coordinates>73.98738887544096,18.525712244028806 73.98748360733315,18.525712751505075 73.9874830753688,18.52580311875279 73.98738834343169,18.52580261127652 73.98738887544096,18.525712244028806 </coordinates>
        </LinearRing>
      </outerBoundaryIs>
    </Polygon>
    <Polygon>
      <outerBoundaryIs>
        <LinearRing>
          <coordinates>73.98814566744925,18.525897037040824 73.98814619907223,18.525806669775143 73.98824093103629,18.52580717687412 73.98824039947618,18.525897544139802 73.98814566744925,18.525897037040824 </coordinates>
        </LinearRing>
      </outerBoundaryIs>
    </Polygon>
    <Polygon>
      <outerBoundaryIs>
        <LinearRing>
          <coordinates>73.96007795462795,18.545897071806834 73.9600785016211,18.5458067055293 73.96026798593198,18.54580774889555 73.96026853282632,18.545717382609038 73.96036327494134,18.545717904215806 73.96036272810089,18.545808270502324 73.96045747026082,18.54580879207316 73.96045801705635,18.54571842577766 73.96064750129536,18.545719468757635 73.96064695459864,18.545809835053138 73.96074169677654,18.54581035647126 73.96074115012475,18.545900722775745 73.96083589235654,18.545901244148954 73.96083643894545,18.54581087784447 73.96093118113234,18.54581139917276 73.96093172767634,18.545721032868276 73.96102646980931,18.54572155414267 73.96102865575176,18.545360088915753 73.96121813963144,18.54536113130284 73.96121868600477,18.54527076498039 73.96140816979462,18.545271807178835 73.96140871607811,18.545181440856386 73.96150345792363,18.545181961879248 73.96150400414423,18.545091595547817 73.96159874595382,18.54509211651678 73.96159929212054,18.54500175019433 73.9617887756409,18.545002791988534 73.96178932170879,18.544912425648118 73.96188406341956,18.544912946473353 73.96188460943355,18.544822580132937 73.96207409277424,18.544823621630695 73.96207463868045,18.54473325529028 73.96216938030139,18.5447337759628 73.96216992616267,18.5446434096134 73.9622646677387,18.544643930241005 73.96226521354608,18.544553563891604 73.96245469660829,18.544554604994104 73.96245524230788,18.544464238635722 73.96254998379408,18.544464759110614 73.96255052944875,18.544374392743247 73.96264527089002,18.544374913173225 73.96264581648181,18.54428454680586 73.96302478207623,18.544286628031692 73.96302532747039,18.544196261655344 73.96321481018227,18.544197301976308 73.96321535547762,18.544106935590975 73.96331009678414,18.54410745567061 73.96331064202559,18.544017089285276 73.96340538329619,18.544017609319994 73.96340592847476,18.543927242934664 73.96350066970044,18.543927762915484 73.96350121483408,18.543837396521166 73.96378543835841,18.543838956185148 73.96378652831129,18.54365822337855 73.96397601048417,18.543659262908996 73.96397655535732,18.543568896496716 73.96454500163343,18.543572013920244 73.96454554621012,18.543481647498982 73.96473502822131,18.54348268624789 73.9647355726902,18.543392319817645 73.96492505462952,18.543393358377912 73.96492559899062,18.54330299193868 73.9653045626896,18.54330506848429 73.96530510685307,18.543214702027093 73.96568407040832,18.543216777800154 73.96568461437415,18.543126411333972 73.96596883691933,18.54312796765622 73.96596938072346,18.543037601181055 73.96634834396431,18.543039675606643 73.9663488875798,18.542949309122495 73.96701207301547,18.54295293750776 73.96701098649415,18.543133670511985 73.96710572738746,18.543134188669224 73.9671062705987,18.543043822167114 73.96720101143812,18.543044340270452 73.96720155460446,18.542953973759357 73.96795948105918,18.542958116879277 73.9679600238123,18.542867750341234 73.9686232092839,18.542871373058126 73.96862375168666,18.5427810065111 73.96881323317683,18.542782041136743 73.96881377548078,18.54269167458073 73.96909799758578,18.542693226159873 73.96909853973702,18.542602859585894 73.96919328039677,18.54260337668312 73.9691938224941,18.542513010118128 73.96938330372376,18.542514044159866 73.96938384572229,18.542423677576906 73.9698575485988,18.54242626184133 73.96985809033681,18.542335895249387 73.9701423119567,18.542337445229528 73.97014285354201,18.5422470786286 73.97023759404006,18.542247595186836 73.97023813558044,18.54215722858591 73.97042761647772,18.542158261558654 73.9704281579103,18.542067894948744 73.97052289831852,18.542068411363253 73.97052343969722,18.54197804475334 73.97071292041483,18.54197907742964 73.97071400297457,18.541798344191854 73.97080874323906,18.541798860453646 73.97080928445605,18.54170849382577 73.97099876489519,18.541709526205626 73.97099930602235,18.54161915957775 73.97109404618801,18.54161967568683 73.97109458726128,18.54152930905895 73.97128406752076,18.541530341142366 73.97128352654632,18.541620707779227 73.97137826672994,18.54162122375356 73.9713788076505,18.541530857107716 73.97166302806666,18.54153240473427 73.97166356883449,18.541442038079445 73.97185304903108,18.541443069587935 73.97185358969112,18.541352702933107 73.97204306979788,18.54135373424397 73.9720436103591,18.54126336758016 73.97223309038502,18.541264398702378 73.97223417129186,18.54108366535679 73.97232891121499,18.54108418083705 73.97232945161451,18.540993814164256 73.97261367123117,18.540995360317574 73.97261421147797,18.5409049936358 73.9727089513023,18.540905508918428 73.97270949150419,18.540815142236653 73.97280423128358,18.540815657465384 73.9728053115706,18.540634924083864 73.97290005125117,18.54063543926768 73.9729011314214,18.540454705877178 73.97299587101215,18.540455221007093 73.97299695107458,18.54027448760761 73.97309169056652,18.54027500268363 73.97309223054383,18.540184635983884 73.97318696998187,18.540185151006003 73.97318750990529,18.540094784306262 73.97356646752267,18.54009684392761 73.97356592779688,18.54018721064532 73.97375540672685,18.540188240177518 73.97375594634484,18.540097873450826 73.97385068576492,18.540098388140567 73.97385122533798,18.540008021413875 73.97413544345446,18.540009565204624 73.97413652229518,18.539828831724293 73.97394704374251,18.539827802596335 73.97394650422333,18.53991816933201 73.97385176490208,18.539917654687184 73.97385338358538,18.539646554498127 73.97394812276289,18.53964706913397 73.9739486622641,18.539556702398293 73.97413814052034,18.539557731508282 73.97413867992273,18.53946736477261 73.97432815808914,18.53946839369395 73.97432923668731,18.53928766019565 73.97385554178784,18.53928508756441 73.97385662087112,18.53910435410204 73.97395135974321,18.539104868710936 73.97395351767618,18.53874340175027 73.97404825635064,18.538743916305265 73.97404933520035,18.538563182815945 73.974144073776,18.53856369731704 73.97414515250894,18.538382963818744 73.97423989099475,18.53838347826594 73.97424096961988,18.538202744758657 73.97433570800689,18.538203259151956 73.97433786501459,18.53784179211044 73.97443260320397,18.537842306458824 73.97443475996016,18.53748083939036 73.97452949796089,18.537481353666877 73.9745305762177,18.53730062012366 73.97462531411962,18.53730113435526 73.97462639226863,18.53712040080306 73.97472113007174,18.537120914980765 73.97472490314864,18.53648834749866 73.97481964060141,18.5364888616045 73.97482071849889,18.53630812802535 73.97472598113598,18.536307613928496 73.9747270591233,18.53612688034935 73.97482179637842,18.536127394446204 73.97482395211053,18.535765927269942 73.97491868916802,18.535766441312898 73.97491922804042,18.53567607451434 73.975013965053,18.535676588503396 73.97501450388047,18.53558622170484 73.97510924084814,18.535586735639995 73.97510977961272,18.535496368832455 73.97501504269896,18.5354958548973 73.97501558150847,18.535405488089758 73.97511031837732,18.535406002024914 73.97511085714191,18.535315635217376 73.97520559396585,18.535316149107615 73.97520667137825,18.535135415483552 73.97530140810338,18.53513592931091 73.97530248540798,18.534955195677863 73.97539722204327,18.53495570946031 73.97539829923109,18.53477497581828 73.97549303576757,18.534775489546824 73.97549465137863,18.534504389070303 73.97558938776238,18.53450490274495 73.97559100320277,18.534233802250462 73.9756857394428,18.534234315862225 73.97568735470351,18.533963215358757 73.97578209079981,18.53396372891662 73.9757831675205,18.533782995229675 73.975877903518,18.533783508742626 73.97587844182445,18.533693141899153 73.975973177777,18.533693655349218 73.97597371602957,18.533603288505745 73.97606845193722,18.533603801910896 73.97606899014485,18.533513435058442 73.97616372599862,18.533513948418676 73.97616426415235,18.533423581557237 73.97625899996119,18.533424094863573 73.97625953805205,18.533333728002134 73.97635427381597,18.533334241263557 73.97635534990785,18.533153507531694 73.97645008557296,18.533154020739214 73.97645062355602,18.533063653868794 73.9765453591852,18.533064167022417 73.9765464350525,18.532883433281572 73.97664117057387,18.532883946381297 73.97664224632439,18.532703212631468 73.97673698175593,18.532703725677294 73.9767375195773,18.53261335879789 73.97683225496394,18.532613871798798 73.9768327927314,18.532523504910408 73.97692752806412,18.53252401785742 73.97692860350024,18.532343284089624 73.97702333873416,18.532343796982737 73.97702387639382,18.532253430085365 73.9771186115918,18.532253942933558 73.97711914919756,18.532163576036186 73.97721388434165,18.532164088830484 73.9772144219025,18.532073721933113 73.97730915699269,18.532074234682494 73.97730969449964,18.531983867776137 73.9774044295539,18.53198438047162 73.97740496699797,18.531894013565267 73.97749970200731,18.531894526206848 73.97750023940647,18.531804159300496 73.97768970932633,18.53180518443993 73.97769078390904,18.531624450609254 73.97778551877464,18.531624963098125 73.97778605601209,18.531534596182784 73.9778807908328,18.531535108626738 73.97788132801635,18.53144474170242 73.97797606279212,18.53144525409247 73.97797659992179,18.531354887168153 73.97807133464366,18.53135539951329 73.9780718717284,18.531265032579984 73.97816660640537,18.531265544871225 73.97816768045807,18.531084811004618 73.97826241503623,18.53108532324196 73.97826295200419,18.530994956308653 73.9783576865464,18.530995468492097 73.97835822346046,18.53090510154981 73.97845295794878,18.530905613688336 73.97845349481793,18.530815246746048 73.97854822926132,18.53081575883966 73.97854930288284,18.530635024937116 73.97873877157201,18.53063604896264 73.97873930827946,18.530545682002387 73.97883404257912,18.530546193943287 73.97883457923268,18.530455826983033 73.97902404775117,18.530456850712113 73.97902351119643,18.53054721768135 73.97921297982273,18.530548241221783 73.97921351627865,18.530457874252548 73.97940298481511,18.530458897604337 73.97940352116323,18.530368530626117 73.97949825539104,18.530369042234636 73.97949879168526,18.530278675247434 73.97959352586815,18.530279186802055 73.97959459835779,18.530098452836633 73.97968933244186,18.53009896432837 73.97968986862828,18.53000859734117 73.97978460265847,18.53000910878799 73.9797856749325,18.5298283748046 73.97988040887284,18.52982888620651 73.97988094495147,18.529738519210323 73.97997567884691,18.52973903054935 73.97997621487164,18.529648663553164 73.98007094872214,18.529649174847272 73.98007148469298,18.529558807842104 73.9801662184896,18.529559319091298 73.9801667544155,18.529468952086127 73.98035622191891,18.52946997442282 73.98035675774601,18.529379607408668 73.98045149145278,18.52938011850515 73.98045202721701,18.529289751490996 73.98054676087888,18.52929026254256 73.9805472965892,18.529199895519426 73.98064203020614,18.52920040651709 73.98064256587155,18.529110039493954 73.98083203300664,18.529111061336575 73.98083256856424,18.529020694304453 73.9811167691456,18.529022226713547 73.9811162337407,18.52911259375465 73.98121096732173,18.529113104464855 73.98121043195277,18.529203471496974 73.98130516559667,18.529203982162265 73.98130409495757,18.52938471624447 73.9813988286913,18.529385226864843 73.98139936396144,18.52929485982374 73.98149409765924,18.5292953703992 73.98149356243401,18.5293857374403 73.98177776368013,18.529387268888197 73.98177669352611,18.52956800298837 73.98158722582508,18.529566982062033 73.98158669065376,18.529657349112117 73.98149195675832,18.529656838572592 73.98149142152411,18.529747205613692 73.98139668758377,18.529746695029253 73.98139615229566,18.529837062070353 73.9813014183104,18.529836551432016 73.98130088296838,18.529926918473116 73.98120614893821,18.529926407780877 73.9812056135423,18.530016774812996 73.98111087946721,18.53001626407584 73.9811103440174,18.530106631107962 73.9809208757684,18.530105609489922 73.98092034021978,18.530195976513056 73.98073087188095,18.530194954697386 73.9807303362335,18.530285321711542 73.98063560202367,18.53028481073184 73.98063506632234,18.53037517774599 73.9805403320586,18.530374666712394 73.98054086781383,18.53028429969824 73.98044613360399,18.53028378862871 73.98044559780384,18.53037415563388 73.98035086354909,18.530373644501466 73.98035032769504,18.530464011506638 73.9804450619947,18.53046452263905 73.98044452618556,18.53055488964422 73.980349791832,18.530554378511805 73.98034925596897,18.530644745507992 73.98025452157049,18.530644234330662 73.98025398565355,18.53073460132685 73.97987504788892,18.530732556114476 73.97987451176539,18.530822923101677 73.980063980751,18.53082394580668 73.98006344472627,18.530914312793882 73.97996871019303,18.530913801463843 73.97996763804477,18.531094535438246 73.97968343413964,18.531093001142693 73.97968289790829,18.531183368120914 73.97949342855436,18.53118234501167 73.97949235589405,18.531363078950143 73.97939762111828,18.531362567323654 73.97939601195712,18.531633668222383 73.9792065421181,18.53163264479873 73.97920600562625,18.531723011758984 73.97873233084906,18.53172045236891 73.97873179410567,18.531810819311197 73.97863705910531,18.53181030728945 73.97863652230804,18.53190067423174 73.97854178726276,18.53190016215609 73.97854125041158,18.5319905290894 73.97835178024019,18.531989504794378 73.97835124328121,18.53207987172768 73.97825650815508,18.53207935950831 73.9782559711422,18.532169726432627 73.97844544151123,18.532170750835448 73.97844490459717,18.53226111776875 73.9781606989044,18.532259581083675 73.97816016183762,18.532349948007997 73.97806542656777,18.532349435680825 73.97806381520574,18.532620536444806 73.97796907978318,18.532620024063732 73.97796854260861,18.532710390979073 73.97806327807609,18.532710903360144 73.97806274094643,18.53280127027548 73.97796800542505,18.532800757885425 73.97796693105794,18.532981491716104 73.97787219543774,18.53298097927215 73.97787112096283,18.533161713093843 73.97777638524383,18.53316120059599 73.97777584795247,18.533251567502344 73.97768111218855,18.533251054959575 73.97768057484329,18.53334142186593 73.97758583903445,18.533340909269263 73.9775853016353,18.533431276166635 73.97749056578154,18.533430763525054 73.97748949087544,18.53361149731081 73.97730001897928,18.533610471874933 73.97729948141843,18.53370083876332 73.97720474542095,18.533700325969026 73.97720420781518,18.53379069284843 73.97710947177278,18.533790180009216 73.97710839644446,18.53397091376803 73.97701366030326,18.533970400874917 73.97701150940408,18.53433186836559 73.97691677307422,18.534331355409595 73.9769162352888,18.53442172228002 73.97682149890503,18.53442120927911 73.97682042323535,18.534601943001988 73.97672568676177,18.53460142994718 73.97672514886854,18.53469179680862 73.97663041234105,18.53469128369991 73.9766298744029,18.53478165056135 73.9765351378305,18.534781137398745 73.97653190980638,18.535323338504497 73.97643717293754,18.53532282528799 73.97643771100144,18.53523245844452 73.9763429741865,18.535231945174115 73.97634243607767,18.535322312017588 73.9762476992178,18.53532179870227 73.97624716104609,18.535412165545743 73.9761524241413,18.535411652176524 73.9761518859247,18.535502019019997 73.97605714897499,18.53550150559688 73.97605607242497,18.53568223926586 73.97596133537645,18.535681725797826 73.97596025872762,18.53586245945782 73.97586552158029,18.53586194593589 73.97586498319299,18.535952312752414 73.97577024600075,18.535951799185565 73.97576755379475,18.536403633277164 73.97567281635996,18.536403119647435 73.97567227785588,18.536493486454976 73.97548280288748,18.5364924590428 73.97547741671481,18.53739612707329 73.97557215469757,18.537396640837766 73.97557161611265,18.537487007636322 73.97547687808496,18.537486493871846 73.97547526215949,18.537757594267518 73.9753805239881,18.537757080449143 73.97537944659365,18.537937814037274 73.97547418486387,18.53793832785565 73.97547364620708,18.538028694645224 73.97528416956781,18.538027666954573 73.97528039820669,18.538660234445658 73.97518565954121,18.538659720501517 73.97518512071373,18.538750087282107 73.97509038200334,18.538749573293053 73.97508768756953,18.539201407160075 73.97499294860759,18.539200893108134 73.97499240966334,18.539291259879743 73.97461345365394,18.539289203204866 73.97461183621031,18.53956030346579 73.97451709705975,18.539559789171307 73.97451601865022,18.539740522669607 73.9743265401694,18.539739493927925 73.97432600085683,18.539829860672583 73.97442074014216,18.539830375065883 73.97442020087452,18.53992074181054 73.97432546154428,18.53992022740826 73.97432492222273,18.540010594152918 73.9742301828386,18.54001007969674 73.97422964346315,18.540100446441397 73.9741349040341,18.5400999319403 73.9741338251844,18.540280665402666 73.97422856471226,18.540281179912746 73.97422802533681,18.540371546648423 73.97413328575504,18.540371032138342 73.97413220688738,18.54055176560071 73.9740374672068,18.54055125103673 73.97403692771456,18.540641617763423 73.97356322914099,18.540639044224882 73.97356268939724,18.540729410933608 73.97337320988336,18.54072838117683 73.97337267004079,18.540818747885556 73.97327793024343,18.540818232935305 73.97327685044151,18.54099896634377 73.97337159033769,18.540999481294026 73.97336997077404,18.54127058141122 73.97327523072515,18.541270066442998 73.97327469081073,18.541360433142742 73.97317995071691,18.541359918129604 73.9731777908346,18.541721384901624 73.97308305053419,18.541720869825607 73.97308251051194,18.541811236516367 73.9727982895029,18.54180969100984 73.97279774931897,18.54190005768263 73.97270300894668,18.541899542417966 73.97270246870886,18.54198990909076 73.97260772828268,18.541989393772198 73.97260718799993,18.542079760444988 73.97213348566241,18.542077183133525 73.97213186404163,18.542348283106985 73.97184764223309,18.542346736118237 73.97184710152813,18.54243710276408 73.97175236088636,18.54243658700534 73.97175290163622,18.542346220359498 73.97127919869683,18.542343640865127 73.97127757569264,18.54261474075774 73.97137231642425,18.542615256759024 73.97137177546777,18.5427056233869 73.97127703469124,18.54270510738562 73.97127649368086,18.542795474013495 73.97099227120756,18.54279392570422 73.97099281236167,18.54270355908533 73.97080333083558,18.54270252665157 73.97080278957367,18.54279289326148 73.97061330794875,18.542791860630096 73.97061276659701,18.542882227240007 73.97080224831176,18.542883259880377 73.97080170704984,18.542973626490287 73.97089644796112,18.5429741427431 73.97089590674413,18.54306450935301 73.97080116577897,18.543063993100198 73.97080062451705,18.54315435971011 73.9704216604857,18.543152294213776 73.97042111901717,18.543242660814705 73.97023163691615,18.543241627770094 73.97023217849247,18.54315126117815 73.97004269650823,18.543150227953877 73.97004323817438,18.543059861361932 73.96975901537769,18.543058311175177 73.96975847355883,18.54314867775814 73.96966373258466,18.543148160930407 73.96966427444845,18.54305779435643 73.96956953352819,18.54305727748378 73.96956899161052,18.543147644057758 73.96947425063637,18.543147127140195 73.96947370866478,18.543237493714173 73.96956844969283,18.543238010631736 73.96956790776618,18.543328377205714 73.9697573899121,18.543329410924063 73.96975630625641,18.543510144081 73.96966156508464,18.543509627244287 73.96966210696638,18.543419260661324 73.96947262472163,18.543418226853145 73.9694731666932,18.54332786027917 73.96862049720717,18.543323205802253 73.96861995477745,18.543413572349284 73.9677672850938,18.54340891400063 73.96776674221492,18.54349928052071 73.96748251888822,18.543497726875444 73.96748197586561,18.54358809338654 73.96719775242212,18.54358653931008 73.96719720923782,18.543676905812195 73.96710246804808,18.543676387681902 73.96710192480988,18.543766754184016 73.96691244234054,18.54376571778869 73.96691189900353,18.54385608428182 73.96672241644437,18.543855047688865 73.96672187299956,18.543945414173013 73.96653239035057,18.543944377382427 73.96653184680693,18.544034743866572 73.9664371054465,18.544034225394924 73.96643764903504,18.54394385891976 73.96605868379096,18.543941784584003 73.96605813999581,18.544032151050185 73.96577391595045,18.544030594790822 73.96577337200259,18.54412096124802 73.96539440645307,18.544118885555807 73.96539386229858,18.54420925200402 73.96510963801967,18.54420769472956 73.96510909372145,18.544298061168792 73.96491961077602,18.544297022743272 73.964919066379,18.54438738917352 73.9645401003354,18.544385311738576 73.96453955573176,18.54447567815984 73.96444481418268,18.54447515868208 73.96444426952515,18.54456552509436 73.96425478632818,18.544564485986122 73.96425424157182,18.544654852398406 73.96406475828503,18.544653813092538 73.96406421342986,18.544744179495833 73.96387473006222,18.54474314000132 73.96387418509026,18.544833506395637 73.96358995991304,18.544831946785557 73.96358941479735,18.544922313170886 73.9634946730237,18.544921793208033 73.96349521819329,18.544831426822704 73.96330573476276,18.544830386744284 73.96330518949436,18.544920753129617 73.96321044773867,18.54492023301405 73.96320990241638,18.545010599390398 73.96311516060679,18.545010079229915 73.9631146152306,18.545100445606266 73.96301987338508,18.545099925391884 73.9630187825249,18.545280658126615 73.96292404057158,18.54528013786732 73.96292349509658,18.545370504234686 73.96282875309835,18.545369983912504 73.96282820756045,18.54546035027987 73.96254398143999,18.545458789043842 73.9625434357494,18.54554915539324 73.96244869367031,18.545548634882415 73.96244814792581,18.545639001231816 73.96216392154483,18.545637439411877 73.96216337564762,18.54572780574331 73.96168966483,18.545725201742897 73.96169021096976,18.545634835420447 73.96187969519082,18.545635877160752 73.96188024123175,18.545545510829317 73.96206972536297,18.54554655237199 73.96207081723824,18.545365819691156 73.96216555920952,18.545366340381644 73.96216610508878,18.54527597404123 73.96188187932765,18.545274411826036 73.96188133329568,18.545364778157467 73.96169184938006,18.54536373643513 73.96169130324928,18.545454102766566 73.96140707723661,18.54545253981475 73.96140653095313,18.5455429061372 73.96150127300527,18.54554342716905 73.96150072676669,18.5456337934915 73.96159546886373,18.54563431447843 73.96159437647641,18.54581504712333 73.96149963427158,18.545814526127415 73.96149854177645,18.545995258763334 73.96140379948179,18.545994737722502 73.96140325317134,18.54608510403597 73.96130851083174,18.54608458294124 73.96130796446741,18.546174949245724 73.9612132220829,18.546174428106077 73.96121267566465,18.54626479441056 73.96111793322625,18.546264273217016 73.9611173867631,18.54635463951252 73.96102264427978,18.546354118274056 73.96102209776272,18.54644448456956 73.96092735523449,18.546443963268214 73.96092680866353,18.546534329572697 73.96083206609038,18.546533808217458 73.96083151946553,18.546624174512957 73.96064203422041,18.546623131667726 73.96064148749674,18.546713497954244 73.96054674482477,18.546712976464256 73.96054729160234,18.54662261017774 73.96045254898426,18.54662208863385 73.96045200216179,18.546712454920367 73.96026251683581,18.54671141168886 73.96026196990553,18.546801777966397 73.96007248449871,18.54680073453726 73.96007193746962,18.546891100805812 73.96016668022244,18.54689162254733 73.96016613323826,18.54698198881588 73.96007139044053,18.546981467074364 73.96007084340246,18.547071833342915 73.9593129006972,18.54706765767703 73.95931235325487,18.547158023918634 73.95921761038528,18.547157501745925 73.95921815787251,18.54706713550432 73.95893392941643,18.54706556870772 73.95893338178547,18.54715593494034 73.95883863892486,18.547155412578984 73.958838091231,18.54724577880262 73.95741694794448,18.54723793759715 73.95741749638393,18.547147571409447 73.95732275356823,18.547147048284526 73.9573233020526,18.547056682096823 73.95722855929978,18.547056158926985 73.95722801076151,18.547146525105703 73.95694378235933,18.547144955308728 73.95694433104133,18.547054589130006 73.95656536008396,18.547052495408607 73.95656590896358,18.54696212923887 73.95647116628263,18.54696160569174 73.95647171520716,18.546871239530986 73.9565664578432,18.54687176307812 73.9565697510311,18.5463295660597 73.9566644933707,18.546330089534965 73.95666559097722,18.54614935718651 73.95704455995829,18.546151450611465 73.95704401135716,18.546241816799167 73.95770720753667,18.54624547848498 73.95770775579645,18.546155112270327 73.95789724034988,18.54615615803508 73.95789669219789,18.546246524249735 73.95837040388687,18.546249137835172 73.95836985597742,18.546339504058807 73.9590330528217,18.546343161100328 73.95903414793091,18.546162428617123 73.95979208657579,18.54616660519929 73.95979263373064,18.54607623893074 73.95988737602532,18.546076760789038 73.95988792312627,18.545986394520487 73.95998266537603,18.545986916324885 73.9599832124231,18.545896550056334 73.96007795462795,18.545897071806834 </coordinates>
        </LinearRing>
      </outerBoundaryIs>
      <innerBoundaryIs>
        <LinearRing>
          <coordinates>73.96007795462795,18.545897071806834 73.96026743903764,18.54589811518207 73.96026689214328,18.545988481459606 73.96036163440203,18.54598900307536 73.9603610875526,18.546079369361877 73.96017160292732,18.546078326076472 73.96017214988454,18.545987959798936 73.9600774076258,18.545987438084367 73.96007795462795,18.545897071806834 </coordinates>
        </LinearRing>
      </innerBoundaryIs>
      <innerBoundaryIs>
        <LinearRing>
          <coordinates>73.96026251683581,18.54671141168886 73.96016777418181,18.546710890001243 73.960168321157,18.54662052373269 73.96007357854792,18.54662000200016 73.96007412556803,18.54652963573161 73.95997938302182,18.546529113954158 73.95997993008685,18.546438747685606 73.95988518759454,18.54643822586324 73.95988573470449,18.54634785959469 73.95998047715187,18.546348381417058 73.9599810242169,18.546258015148506 73.96026525142432,18.546259580301193 73.96026470451201,18.546349946578726 73.96035944697736,18.546350468212445 73.96035780636619,18.546621567045047 73.96026306375711,18.546621045411328 73.96026251683581,18.54671141168886 </coordinates>
        </LinearRing>
      </innerBoundaryIs>
      <innerBoundaryIs>
        <LinearRing>
          <coordinates>73.96216555920952,18.545366340381644 73.96235504316108,18.545367381627877 73.96235449737166,18.545457747977274 73.96225975534648,18.545457227376616 73.96225920951214,18.545547593717036 73.96216446743307,18.54554707307146 73.96216555920952,18.545366340381644 </coordinates>
        </LinearRing>
      </innerBoundaryIs>
      <innerBoundaryIs>
        <LinearRing>
          <coordinates>73.96672241644437,18.543855047688865 73.96634345136198,18.543852973928033 73.96634399499544,18.54376260745287 73.96624925377874,18.54376208890037 73.9662497974661,18.543671722425206 73.9663445386289,18.543672240977703 73.96634508225338,18.543581874493558 73.96662930561601,18.543583429863588 73.96662876213527,18.543673796347736 73.96681824448781,18.54367483302154 73.96681770110588,18.54376519951467 73.9667229598802,18.543764681195736 73.96672241644437,18.543855047688865 </coordinates>
        </LinearRing>
      </innerBoundaryIs>
      <innerBoundaryIs>
        <LinearRing>
          <coordinates>73.96254616415749,18.54509732361929 73.96254670983012,18.545006957269894 73.96264145162175,18.545007477708854 73.96264199724048,18.544917111350472 73.96273673897821,18.544917631744514 73.96273619341336,18.54500799811188 73.96283093520498,18.54500851846101 73.96283038968507,18.545098884828374 73.96273564783954,18.545098364470263 73.96273510226573,18.54518873083763 73.96264036037529,18.545188210434603 73.96264090599402,18.54509784407622 73.96254616415749,18.54509732361929 </coordinates>
        </LinearRing>
      </innerBoundaryIs>
      <innerBoundaryIs>
        <LinearRing>
          <coordinates>73.96482595820964,18.54411577059366 73.96482650265159,18.544025404163413 73.9649212439671,18.544025923443545 73.96492069957007,18.544116289873795 73.96482595820964,18.54411577059366 </coordinates>
        </LinearRing>
      </innerBoundaryIs>
      <innerBoundaryIs>
        <LinearRing>
          <coordinates>73.97318535020263,18.540456251123196 73.97318589013503,18.540365884423455 73.97337536923568,18.540366914341927 73.9733742895685,18.540547647768364 73.97327954991488,18.54054713281811 73.97328008980236,18.540456766118368 73.97318535020263,18.540456251123196 </coordinates>
        </LinearRing>
      </innerBoundaryIs>
      <innerBoundaryIs>
        <LinearRing>
          <coordinates>73.97423503704692,18.539196779021765 73.97423557638645,18.539106412277103 73.97433031526752,18.539106926697354 73.9743297759819,18.539197293450993 73.97423503704692,18.539196779021765 </coordinates>
        </LinearRing>
      </innerBoundaryIs>
      <innerBoundaryIs>
        <LinearRing>
          <coordinates>73.97423827303909,18.538654578526863 73.97423881236064,18.538564211773224 73.97433355094527,18.538564726184486 73.97433409021292,18.538474359430847 73.97452356730135,18.53847538810066 73.97452194978587,18.53874648837955 73.974332472401,18.53874545969177 73.97433301167763,18.53865509293813 73.97423827303909,18.538654578526863 </coordinates>
        </LinearRing>
      </innerBoundaryIs>
      <innerBoundaryIs>
        <LinearRing>
          <coordinates>73.97692161297239,18.533518053557827 73.97692215072189,18.533427686678422 73.97701688655768,18.533428199607467 73.9770163488531,18.533518566486872 73.97692161297239,18.533518053557827 </coordinates>
        </LinearRing>
      </innerBoundaryIs>
      <innerBoundaryIs>
        <LinearRing>
          <coordinates>73.97730378179743,18.53297790364723 73.97730593191505,18.532616436066725 73.97749540271528,18.532617461448705 73.97749594014138,18.53252709454235 73.97759067550106,18.532527607156986 73.97759013812886,18.53261797406334 73.97777960894703,18.532618999157858 73.97778014622043,18.532528632251505 73.97787488158909,18.532529144722407 73.97787380714112,18.5327098785441 73.97777907167365,18.532709366064214 73.97777853439128,18.53279973297955 73.97768379887889,18.532799220445767 73.97768272421533,18.532979954258476 73.97730378179743,18.53297790364723 </coordinates>
        </LinearRing>
      </innerBoundaryIs>
      <innerBoundaryIs>
        <LinearRing>
          <coordinates>73.97873447780461,18.531358984581793 73.97873501453901,18.53126861763052 73.97892448394684,18.531269641503332 73.97892394731126,18.5313600084546 73.97901868206907,18.531360520323634 73.97901921865075,18.531270153372365 73.97911395335467,18.5312706651875 73.97911341682688,18.53136103214775 73.97920815158469,18.531361543917967 73.97920761510181,18.53145191087822 73.9791128802901,18.531451399108004 73.97911234375334,18.531541766059277 73.97901760889671,18.531541254235158 73.97901814547839,18.53145088728389 73.97882867587295,18.531449863491925 73.97882921256243,18.531359496540656 73.97873447780461,18.531358984581793 </coordinates>
        </LinearRing>
      </innerBoundaryIs>
      <innerBoundaryIs>
        <LinearRing>
          <coordinates>73.97930503206737,18.531000587775306 73.97930610490735,18.53081985383683 73.9794008393777,18.53082036549925 73.97940137573481,18.530729998530013 73.9796855790201,18.530731533220827 73.97968450658436,18.530912267186253 73.97958977205113,18.53091175565858 73.97958923578385,18.5310021226368 73.97930503206737,18.531000587775306 </coordinates>
        </LinearRing>
      </innerBoundaryIs>
      <innerBoundaryIs>
        <LinearRing>
          <coordinates>73.98064042320095,18.529471507577515 73.98064095887534,18.529381140563363 73.98073569259111,18.529381651516115 73.9807362282116,18.529291284492977 73.98083096188245,18.529291795391828 73.98082989074028,18.529472529447084 73.98064042320095,18.529471507577515 </coordinates>
        </LinearRing>
      </innerBoundaryIs>
      <innerBoundaryIs>
        <LinearRing>
          <coordinates>73.98092355345761,18.529653774365258 73.98092408898827,18.52956340734212 73.98101882281183,18.529563918160125 73.98101828733508,18.529654285183263 73.98092355345761,18.529653774365258 </coordinates>
        </LinearRing>
      </innerBoundaryIs>
      <innerBoundaryIs>
        <LinearRing>
          <coordinates>73.97520343909613,18.53567761633778 73.97520505525516,18.535406515915156 73.975299792124,18.53540702976048 73.97530033078978,18.53531666294396 73.97548980444664,18.535317690472912 73.97548926588867,18.535408057289438 73.97558400277548,18.53540857099103 73.97558292574037,18.535589304633064 73.97539345176911,18.53558827717597 73.97539237452739,18.535769010800035 73.97529763744294,18.535768496999626 73.97529817611769,18.535678130192085 73.97520343909613,18.53567761633778 </coordinates>
        </LinearRing>
      </innerBoundaryIs>
      <innerBoundaryIs>
        <LinearRing>
          <coordinates>73.96378107840314,18.544561887384585 73.96378162340204,18.544471520990268 73.96397110646426,18.54447256056563 73.96397001665511,18.544653293372228 73.9638752750162,18.544652773607005 73.96387581997917,18.544562407203706 73.96378107840314,18.544561887384585 </coordinates>
        </LinearRing>
      </innerBoundaryIs>
      <innerBoundaryIs>
        <LinearRing>
          <coordinates>73.97520343909613,18.53567761633778 73.97520290037646,18.535767983145316 73.97510816330099,18.535767469246093 73.97510870207456,18.535677102447536 73.97520343909613,18.53567761633778 </coordinates>
        </LinearRing>
      </innerBoundaryIs>
      <innerBoundaryIs>
        <LinearRing>
          <coordinates>73.9763478170491,18.53441864354693 73.9763462027945,18.534689744095314 73.97625146628498,18.53468923079796 73.97624985184173,18.53496033133736 73.97615511518848,18.53495981798611 73.97615457698083,18.535050184829583 73.97605984028266,18.53504967142443 73.97605930202113,18.53514003825892 73.97596456526905,18.53513952480885 73.9759651035755,18.535049157974363 73.97587036687733,18.53504864447938 73.9758709052287,18.53495827764489 73.97577616858443,18.53495776410499 73.97577670698969,18.534867397270503 73.97587144358008,18.5348679108104 73.97587305860722,18.534596810306933 73.97615726796512,18.534598350612217 73.9761578061458,18.534507983768744 73.97625254255652,18.534508497111013 73.97625308069229,18.534418130258558 73.9763478170491,18.53441864354693 </coordinates>
        </LinearRing>
      </innerBoundaryIs>
      <innerBoundaryIs>
        <LinearRing>
          <coordinates>73.97270787090748,18.541086242290962 73.97270733069661,18.54117660897274 73.97261259071958,18.541176093681127 73.97261313097538,18.541085726999352 73.97270787090748,18.541086242290962 </coordinates>
        </LinearRing>
      </innerBoundaryIs>
      <innerBoundaryIs>
        <LinearRing>
          <coordinates>73.96378107840314,18.544561887384585 73.96378053338628,18.544652253787884 73.96368579176534,18.544651733923846 73.96368524670356,18.544742100309175 73.96349576335388,18.54474106043737 73.96349739883567,18.54446996127239 73.96359214035779,18.54447048122626 73.9635915952511,18.544560847620577 73.96378107840314,18.544561887384585 </coordinates>
        </LinearRing>
      </innerBoundaryIs>
      <innerBoundaryIs>
        <LinearRing>
          <coordinates>73.96937950967119,18.543146610168733 73.96937896765469,18.543236976742712 73.96918948562555,18.543235942656054 73.96919002774983,18.54314557609106 73.96937950967119,18.543146610168733 </coordinates>
        </LinearRing>
      </innerBoundaryIs>
      <innerBoundaryIs>
        <LinearRing>
          <coordinates>73.9763478170491,18.53441864354693 73.97634835513097,18.53432827669447 73.97644309145186,18.534328789928942 73.9764425534149,18.53441915679038 73.9763478170491,18.53441864354693 </coordinates>
        </LinearRing>
      </innerBoundaryIs>
      <innerBoundaryIs>
        <LinearRing>
          <coordinates>73.96937950967119,18.543146610168733 73.96938005168768,18.543056243594755 73.96947479260794,18.543056760566216 73.96947425063637,18.543147127140195 73.96937950967119,18.543146610168733 </coordinates>
        </LinearRing>
      </innerBoundaryIs>
      <innerBoundaryIs>
        <LinearRing>
          <coordinates>73.97270787090748,18.541086242290962 73.97270841110938,18.540995875609187 73.97280315098759,18.540996390846903 73.97280423128358,18.540815657465384 73.97289897107196,18.540816172658182 73.97289951116606,18.540725805967423 73.97299425090054,18.540726321106323 73.97299371086034,18.540816687797083 73.97308845064872,18.540817202891066 73.97308683064489,18.54108830298131 73.9729920907038,18.541087787878343 73.97299155065463,18.541178154569103 73.97289681066862,18.541177639421218 73.9728973507717,18.54108727273046 73.97270787090748,18.541086242290962 </coordinates>
        </LinearRing>
      </innerBoundaryIs>
    </Polygon>
    <Polygon>
      <outerBoundaryIs>
        <LinearRing>
          <coordinates>73.98044559780384,18.53037415563388 73.9805403320586,18.530374666712394 73.98053979630336,18.530465033717565 73.9804450619947,18.53046452263905 73.98044559780384,18.53037415563388 </coordinates>
        </LinearRing>
      </outerBoundaryIs>
    </Polygon>
    <Polygon>
      <outerBoundaryIs>
        <LinearRing>
          <coordinates>73.98158936651939,18.52920551387067 73.98158883134806,18.529295880920756 73.98149409765924,18.5292953703992 73.98149463287548,18.529205003349112 73.98158936651939,18.52920551387067 </coordinates>
        </LinearRing>
      </outerBoundaryIs>
    </Polygon>
    <Polygon>
      <outerBoundaryIs>
        <LinearRing>
          <coordinates>73.98178311425256,18.528483598306494 73.98178364928916,18.528393231247428 73.98187838250186,18.528393741598304 73.98187891748455,18.528303374530253 73.98197365064335,18.528303884836216 73.98197418558112,18.528213517768165 73.98216365180892,18.528214538236362 73.98216418663888,18.528124171159327 73.98235365278582,18.528125191429893 73.982354187508,18.528034824343877 73.9825436535651,18.528035844416813 73.98254418819745,18.527945477330796 73.9826389211766,18.5279459872954 73.98263945574605,18.5278556202004 73.9828289216235,18.527856639976893 73.98282785267322,18.528037374166896 73.98292258571526,18.52803788399675 73.98292205128054,18.52812825109175 73.9828273181936,18.528127741261894 73.982826783705,18.528218108356896 73.98301624999566,18.528219127971692 73.98301678437647,18.52812876086771 73.98320625057731,18.52812978028488 73.98320731913233,18.527949046067924 73.98330205213843,18.52794955570015 73.98330258636652,18.527859188587186 73.9834920522799,18.527860207707906 73.9834925864002,18.527769840585957 73.98368205223274,18.52777085950905 73.98368258625422,18.527680492387102 73.98425098351825,18.527683547979592 73.98425151723431,18.527593180839673 73.9845357157675,18.52759470799362 73.98453624933086,18.52750434084472 73.98472571492982,18.52750535869882 73.98472624839435,18.52741499154992 73.9845367828942,18.527413973695822 73.9845378500119,18.527233239398022 73.98444311736515,18.5272327304036 73.9844436509734,18.5271423632547 73.98415945320377,18.527140836001934 73.98415998694678,18.527050468853034 73.98425471948575,18.527050977982206 73.98425525318385,18.526960610842288 73.98444471817196,18.526961628947916 73.98444525176225,18.526871261799016 73.9848241815678,18.526873297444332 73.98482471496047,18.526782930277466 73.98501417978689,18.52678394780817 73.98501471307175,18.526693580641304 73.98510944544005,18.5266940893303 73.98510997868,18.52660372215445 73.98529944331777,18.526604739388713 73.98529997644992,18.526514372212862 73.98548944100685,18.526515389249493 73.98548997404019,18.52642502206466 73.98558470626475,18.526425530511112 73.98558523924419,18.52633516332628 73.98567997143282,18.526335671718833 73.98567783969472,18.526697140476127 73.98577257208098,18.526697648841733 73.98577203919137,18.526788016026565 73.98596150407168,18.526789032614037 73.98596310244407,18.52651793102361 73.98605783474049,18.526518439236497 73.9860583674774,18.5264280720337 73.98596363522589,18.526427563820807 73.9859641680077,18.52633719661801 73.98586943581009,18.526336688369188 73.9858699686368,18.52624632116639 73.98577523650208,18.526245812872652 73.98577576937372,18.526155445678835 73.98587050146354,18.526155953972573 73.98587103428127,18.526065586769775 73.98596576632617,18.526066095018596 73.985966299099,18.525975727815798 73.986061031099,18.52597623601072 73.98606156380895,18.525885868798937 73.98644049163819,18.52588790110252 73.9864399591169,18.5259782683143 73.98653469113485,18.525978776275664 73.98653522360225,18.525888409054897 73.9866299555663,18.52588891696236 73.98663208520234,18.525527448061332 73.98672681697775,18.525527955914892 73.98672628461814,18.52561832314464 73.98682101644745,18.525618830944307 73.98682048413275,18.525709198183037 73.98691521600698,18.525709705937786 73.98691574826776,18.525619338708037 73.98701048009707,18.52561984641787 73.98701101230395,18.525529479179138 73.98710574408835,18.525529986844056 73.98710627624133,18.52543961959634 73.98729573972028,18.52544063477346 73.98729467561193,18.525621369259905 73.98738940745021,18.52562187678109 73.98738887544096,18.525712244028806 73.98729414354877,18.52571173650762 73.98729361148561,18.52580210374635 73.98719887954852,18.52580159618025 73.98719941165659,18.525711228932536 73.98710467977338,18.525710721321516 73.9871041476114,18.52580108856025 73.98700941568329,18.52580058088635 73.98700835124257,18.52598131535483 73.98691361921563,18.525980807636014 73.98691308694585,18.526071174865763 73.986818354874,18.526070667093048 73.98681782255034,18.526161034322797 73.98700728680183,18.52616204982331 73.98700675457697,18.52625241705306 73.98710148675661,18.526252924726958 73.98710201893655,18.52616255749721 73.9871967510713,18.526163065126195 73.98719728318835,18.526072697896446 73.98738674736798,18.526073713010682 73.98738727939521,18.525983345762967 73.98757674348501,18.525984360688557 73.98757727540443,18.52589399343186 73.98786147141337,18.52589551544745 73.98786200318008,18.52580514819075 73.98795673514414,18.52580565543346 73.98795620342233,18.52589602269914 73.98814566744925,18.525897037040824 73.9881440725803,18.526168138828886 73.98804934041861,18.526167631676007 73.98804880873274,18.526257998932707 73.98795407652615,18.52625749172593 73.98795460825694,18.526167124469232 73.98785987609526,18.52616661721754 73.98785934431956,18.526256984474237 73.98766987990636,18.526255969827126 73.98766934802286,18.52634633707484 73.98776408027437,18.526346844425348 73.98776354844478,18.526437211673063 73.98766881613938,18.526436704322556 73.98766828425588,18.526527071561286 73.98757355190556,18.52652656415688 73.98757301996815,18.526616931404597 73.98738355517767,18.526615916443074 73.98738302313248,18.526706283681804 73.98719355826114,18.526705268531636 73.98719302610814,18.52679563576138 73.98700356114699,18.526794620413582 73.98700409338981,18.52670425319282 73.98690936096762,18.526703745447055 73.98690829637417,18.526884479888583 73.98681356385316,18.526883972097902 73.98681303150255,18.52697433931867 73.98643410123886,18.52697230765289 73.98643356868162,18.52706267485569 73.98633883607977,18.527062166822464 73.98633830346864,18.527152534025262 73.98614883816612,18.527151517797112 73.98614830545617,18.527241884999913 73.98576937468044,18.527239851968694 73.98576884177287,18.527330219153527 73.98557937630864,18.527329202350458 73.98557884329327,18.52741956953529 73.98548411051175,18.527419061061888 73.98548357745146,18.52750942823774 73.98538884462502,18.52750891971044 73.98538831150185,18.527599286877305 73.98510411289679,18.52759776101693 73.98510357962091,18.527688128174812 73.98500884671363,18.527687619458867 73.98500831338384,18.52777798661675 73.98491358043164,18.527777477846907 73.98491304704795,18.527867845004792 73.98481831404186,18.527867336181046 73.98481778061326,18.527957703329946 73.98472304756226,18.527957194461287 73.98472251407975,18.528047561610187 73.98434358169604,18.528045525641478 73.98434304801592,18.528135892781396 73.9841535817432,18.52813487450509 73.98415251416736,18.528315608766956 73.98396304770601,18.52831459029302 73.98396251381926,18.52840495741497 73.98386778054368,18.528404448106137 73.98386724659406,18.528494815228086 73.98377251327355,18.528494305865355 73.98377197927901,18.528584672987307 73.9832035791224,18.5285816158048 73.98320464771335,18.52840088159683 73.98292044796743,18.528399352376756 73.98291991352373,18.528489719471757 73.98301464681728,18.52849022926568 73.9830141124275,18.52858059636068 73.98310884576597,18.528581106100706 73.98310831142109,18.52867147320469 73.98301357802872,18.52867096345568 73.98301250921318,18.528851697645685 73.982917775722,18.52885118784278 73.98291724126932,18.52894155493778 73.98272777418813,18.528940535188234 73.98272723962766,18.529030902274254 73.98253777246562,18.52902988232708 73.98253723780633,18.529120249404116 73.9824425041804,18.529119739358663 73.98244196945822,18.5292101064357 73.98234723578737,18.52920959634533 73.98234670102029,18.529299963413383 73.98225196729554,18.529299453269115 73.98225143247454,18.529389820337165 73.9819672311925,18.529388289607923 73.98196776615723,18.529297922548853 73.98187303245044,18.52929741221594 73.98187356746905,18.529207045156873 73.98158936651939,18.52920551387067 73.98159043684409,18.529024779770502 73.98168517038917,18.529025290238163 73.98168624060607,18.52884455612901 73.98149677371352,18.528843535157755 73.98149837930836,18.528572433998516 73.98168784590446,18.528573454960785 73.98168838099494,18.528483087901716 73.98178311425256,18.528483598306494 </coordinates>
        </LinearRing>
      </outerBoundaryIs>
      <innerBoundaryIs>
        <LinearRing>
          <coordinates>73.98178311425256,18.528483598306494 73.98197258076782,18.52848461897232 73.98197311570559,18.52839425190427 73.98206784891829,18.528394762165316 73.98206838381115,18.528304395097265 73.98235258331452,18.528305925583965 73.98235204857438,18.52839629266998 73.98244678179609,18.5283968027334 73.9824473164913,18.528306435656365 73.98273151603061,18.528307965577127 73.98273044695458,18.528488699758146 73.98263571367,18.52848818982049 73.9826351790736,18.52857855690651 73.9825404457441,18.52857804692394 73.98254098038544,18.528487679846904 73.98235151383425,18.528486659747017 73.98235097908513,18.528577026824053 73.981782579207,18.528573965365563 73.98178311425256,18.528483598306494 </coordinates>
        </LinearRing>
      </innerBoundaryIs>
      <innerBoundaryIs>
        <LinearRing>
          <coordinates>73.98520311141827,18.526875332326078 73.9852036446133,18.52678496515023 73.98529837703549,18.526785473749396 73.98529784389436,18.526875840925243 73.98520311141827,18.526875332326078 </coordinates>
        </LinearRing>
      </innerBoundaryIs>
      <innerBoundaryIs>
        <LinearRing>
          <coordinates>73.98367938208038,18.52822269510982 73.98358464892158,18.528222185657256 73.98358518300594,18.52813181854429 73.98367991611984,18.528132327987873 73.98367938208038,18.52822269510982 </coordinates>
        </LinearRing>
      </innerBoundaryIs>
      <innerBoundaryIs>
        <LinearRing>
          <coordinates>73.98491571390349,18.52741600920639 73.98491731398268,18.52714490772376 73.98501204659351,18.527145416475637 73.98501257989635,18.52705504930877 73.98510731246228,18.527055558015732 73.98510784571121,18.52696519083988 73.98520257822322,18.526965699492944 73.98520204502819,18.527056066668795 73.98529677759412,18.527056575276944 73.98529731074423,18.526966208101094 73.98577097339418,18.526968750414195 73.98577044049559,18.527059117599027 73.9856757079117,18.527058609224444 73.98567464199773,18.527239343594108 73.98548517663232,18.527238326701205 73.98548570969263,18.527147959525358 73.98539097706382,18.527147451007043 73.98539044395861,18.52723781818289 73.98529571128489,18.527237309619657 73.98529517812578,18.527327676795508 73.98520044540714,18.527327168178378 73.98519991219415,18.527417535345243 73.98510517943059,18.527417026683196 73.98510464616369,18.527507393850065 73.98500991334625,18.52750688513412 73.98501044666705,18.527416517967254 73.98491571390349,18.52741600920639 </coordinates>
        </LinearRing>
      </innerBoundaryIs>
      <innerBoundaryIs>
        <LinearRing>
          <coordinates>73.98367938208038,18.52822269510982 73.98377411525716,18.528223204508485 73.98377358126262,18.528313571630438 73.9836788480499,18.52831306222279 73.98367938208038,18.52822269510982 </coordinates>
        </LinearRing>
      </innerBoundaryIs>
      <innerBoundaryIs>
        <LinearRing>
          <coordinates>73.98491571390349,18.52741600920639 73.98491518053777,18.527506376373257 73.9848204477293,18.527505867558496 73.98482098114893,18.527415500400615 73.98491571390349,18.52741600920639 </coordinates>
        </LinearRing>
      </innerBoundaryIs>
    </Polygon>
    <Polygon>
      <outerBoundaryIs>
        <LinearRing>
          <coordinates>73.98292418898346,18.52776678269378 73.98292365456672,18.527857149797764 73.9828289216235,18.527856639976893 73.98282945609414,18.52776627288189 73.98292418898346,18.52776678269378 </coordinates>
        </LinearRing>
      </outerBoundaryIs>
    </Polygon>
    <Polygon>
      <outerBoundaryIs>
        <LinearRing>
          <coordinates>73.98691574826776,18.525619338708037 73.98682101644745,18.525618830944307 73.98682154874416,18.525528463714558 73.98691628052855,18.525528971469306 73.98691574826776,18.525619338708037 </coordinates>
        </LinearRing>
      </outerBoundaryIs>
    </Polygon>
    <Polygon>
      <outerBoundaryIs>
        <LinearRing>
          <coordinates>73.98785934431956,18.526256984474237 73.98795407652615,18.52625749172593 73.98795354479537,18.52634785898263 73.98785881253488,18.526347351730937 73.98785934431956,18.526256984474237 </coordinates>
        </LinearRing>
      </outerBoundaryIs>
    </Polygon>
  </MultiGeometry>
</Placemark><Placemark>
  <name>1.7-1.8</name>
  <ExtendedData>
    <Data name='count'>
      <value>2</value>
    </Data>
    <Data name='depth_class'>
      <value>2</value>
    </Data>
    <Data name='system:index'>
      <value>+9310+5140</value>
    </Data>
  </ExtendedData>
  <styleUrl>#style_yellow</styleUrl>
  <MultiGeometry>
    <Polygon>
      <outerBoundaryIs>
        <LinearRing>
          <coordinates>73.98720207217899,18.525259392720912 73.9872026042691,18.525169025473197 73.98729733585586,18.525169533030315 73.98729680381066,18.52525990027803 73.98720207217899,18.525259392720912 </coordinates>
        </LinearRing>
      </outerBoundaryIs>
    </Polygon>
    <Polygon>
      <outerBoundaryIs>
        <LinearRing>
          <coordinates>73.98720207217899,18.525259392720912 73.98720154007991,18.525349759968627 73.98710680839433,18.525349252357607 73.98710734053833,18.525258885118877 73.98720207217899,18.525259392720912 </coordinates>
        </LinearRing>
      </outerBoundaryIs>
    </Polygon>
  </MultiGeometry>
</Placemark><Placemark>
  <name>1.7-1.8</name>
  <ExtendedData>
    <Data name='count'>
      <value>1</value>
    </Data>
    <Data name='depth_class'>
      <value>2</value>
    </Data>
    <Data name='system:index'>
      <value>+9313+5139</value>
    </Data>
  </ExtendedData>
  <styleUrl>#style_yellow</styleUrl>
  <Polygon>
    <outerBoundaryIs>
      <LinearRing>
        <coordinates>73.98748573515459,18.525351282505234 73.98748626710096,18.525260915248538 73.9875809987506,18.525261422661924 73.98758046685813,18.525351789918624 73.98748573515459,18.525351282505234 </coordinates>
      </LinearRing>
    </outerBoundaryIs>
  </Polygon>
</Placemark><Placemark>
  <name>1.5-1.6</name>
  <ExtendedData>
    <Data name='count'>
      <value>3</value>
    </Data>
    <Data name='depth_class'>
      <value>0</value>
    </Data>
    <Data name='system:index'>
      <value>+9316+5137</value>
    </Data>
  </ExtendedData>
  <styleUrl>#style_blue</styleUrl>
  <MultiGeometry>
    <Polygon>
      <outerBoundaryIs>
        <LinearRing>
          <coordinates>73.98767413484858,18.525533031800492 73.98757940304621,18.52553252443202 73.98757993495667,18.52544215717532 73.98767466670512,18.525442664552777 73.98767413484858,18.525533031800492 </coordinates>
        </LinearRing>
      </outerBoundaryIs>
    </Polygon>
    <Polygon>
      <outerBoundaryIs>
        <LinearRing>
          <coordinates>73.9877688666599,18.525533539133033 73.98776939846256,18.525443171876333 73.98786413022,18.525443679154975 73.98786359846227,18.52553404641167 73.9877688666599,18.525533539133033 </coordinates>
        </LinearRing>
      </outerBoundaryIs>
    </Polygon>
    <Polygon>
      <outerBoundaryIs>
        <LinearRing>
          <coordinates>73.98767413484858,18.525533031800492 73.9877688666599,18.525533539133033 73.98776833484828,18.52562390638973 73.98767360299203,18.52562339905719 73.98767413484858,18.525533031800492 </coordinates>
        </LinearRing>
      </outerBoundaryIs>
    </Polygon>
  </MultiGeometry>
</Placemark><Placemark>
  <name>1.6-1.7</name>
  <ExtendedData>
    <Data name='count'>
      <value>3</value>
    </Data>
    <Data name='depth_class'>
      <value>1</value>
    </Data>
    <Data name='system:index'>
      <value>+9317+5129</value>
    </Data>
  </ExtendedData>
  <styleUrl>#style_green</styleUrl>
  <MultiGeometry>
    <Polygon>
      <outerBoundaryIs>
        <LinearRing>
          <coordinates>73.98785934431956,18.526256984474237 73.98785987609526,18.52616661721754 73.98795460825694,18.526167124469232 73.98795407652615,18.52625749172593 73.98785934431956,18.526256984474237 </coordinates>
        </LinearRing>
      </outerBoundaryIs>
    </Polygon>
    <Polygon>
      <outerBoundaryIs>
        <LinearRing>
          <coordinates>73.98785934431956,18.526256984474237 73.98785881253488,18.526347351730937 73.98766934802286,18.52634633707484 73.98766987990636,18.526255969827126 73.98785934431956,18.526256984474237 </coordinates>
        </LinearRing>
      </outerBoundaryIs>
    </Polygon>
  </MultiGeometry>
</Placemark><Placemark>
  <name>1.5-1.6</name>
  <ExtendedData>
    <Data name='count'>
      <value>1</value>
    </Data>
    <Data name='depth_class'>
      <value>0</value>
    </Data>
    <Data name='system:index'>
      <value>+9318+5142</value>
    </Data>
  </ExtendedData>
  <styleUrl>#style_blue</styleUrl>
  <Polygon>
    <outerBoundaryIs>
      <LinearRing>
        <coordinates>73.98796098876582,18.52508271731699 73.98796152046067,18.52499235005131 73.98805625197556,18.524992857222152 73.98805572033461,18.525083224487833 73.98796098876582,18.52508271731699 </coordinates>
      </LinearRing>
    </outerBoundaryIs>
  </Polygon>
</Placemark><Placemark>
  <name>1.7-1.8</name>
  <ExtendedData>
    <Data name='count'>
      <value>16</value>
    </Data>
    <Data name='depth_class'>
      <value>2</value>
    </Data>
    <Data name='system:index'>
      <value>+9321+5140</value>
    </Data>
  </ExtendedData>
  <styleUrl>#style_yellow</styleUrl>
  <MultiGeometry>
    <Polygon>
      <outerBoundaryIs>
        <LinearRing>
          <coordinates>73.98824412038792,18.525264973244102 73.98824465193006,18.52517460596944 73.98833938355276,18.52517511299655 73.98833885205553,18.525265480280197 73.98824412038792,18.525264973244102 </coordinates>
        </LinearRing>
      </outerBoundaryIs>
    </Polygon>
    <Polygon>
      <outerBoundaryIs>
        <LinearRing>
          <coordinates>73.98843092645262,18.525717823653682 73.98852565838075,18.52571833060893 73.98852512696438,18.525808697883594 73.98843039499134,18.52580819092835 73.98843092645262,18.525717823653682 </coordinates>
        </LinearRing>
      </outerBoundaryIs>
    </Polygon>
    <Polygon>
      <outerBoundaryIs>
        <LinearRing>
          <coordinates>73.98824412038792,18.525264973244102 73.98824358883681,18.525355340518768 73.9884330522888,18.52535635454604 73.9884319893752,18.525537089104354 73.98833725754591,18.52553658210419 73.98833672603969,18.525626949378854 73.98843145791392,18.52562745637902 73.98843092645262,18.525717823653682 73.98824146260537,18.52571680959946 73.98824199416548,18.525626442333778 73.98814726230025,18.5256259352348 73.98814832551028,18.525445200703437 73.98805359374386,18.525444693568527 73.98805465704373,18.52526395902818 73.98824412038792,18.525264973244102 </coordinates>
        </LinearRing>
      </outerBoundaryIs>
    </Polygon>
    <Polygon>
      <outerBoundaryIs>
        <LinearRing>
          <coordinates>73.9884319893752,18.525537089104354 73.98852672120451,18.52553759605062 73.98852618979711,18.52562796332528 73.98843145791392,18.52562745637902 73.9884319893752,18.525537089104354 </coordinates>
        </LinearRing>
      </outerBoundaryIs>
    </Polygon>
  </MultiGeometry>
</Placemark><Placemark>
  <name>1.6-1.7</name>
  <ExtendedData>
    <Data name='count'>
      <value>230</value>
    </Data>
    <Data name='depth_class'>
      <value>1</value>
    </Data>
    <Data name='system:index'>
      <value>+9322+5148</value>
    </Data>
  </ExtendedData>
  <styleUrl>#style_green</styleUrl>
  <MultiGeometry>
    <Polygon>
      <outerBoundaryIs>
        <LinearRing>
          <coordinates>73.9881440725803,18.526168138828886 73.98814354094833,18.526258506094567 73.98804880873274,18.526257998932707 73.98804934041861,18.526167631676007 73.9881440725803,18.526168138828886 </coordinates>
        </LinearRing>
      </outerBoundaryIs>
    </Polygon>
    <Polygon>
      <outerBoundaryIs>
        <LinearRing>
          <coordinates>73.98834310394346,18.524542542037967 73.98834363542272,18.52445217474534 73.98843836665016,18.52445268170957 73.9884378352248,18.524543049002197 73.98834310394346,18.524542542037967 </coordinates>
        </LinearRing>
      </outerBoundaryIs>
    </Polygon>
    <Polygon>
      <outerBoundaryIs>
        <LinearRing>
          <coordinates>73.98824784114694,18.524632402303485 73.9882473096138,18.52472276957815 73.98843677237409,18.524723783569495 73.98843730379944,18.524633416285845 73.9886267664699,18.524634430079562 73.98862729779644,18.52454406278693 73.9888167603681,18.524545076392 73.98881569791264,18.52472581098624 73.98891042931075,18.52472631771691 73.98890989812794,18.524816685018525 73.98900462957097,18.524817191704276 73.98900356729517,18.524997926307503 73.989098298846,18.524998432957325 73.98909617445612,18.525359902145812 73.98919090620457,18.5253604087597 73.98918984409048,18.525541143353944 73.98900038039594,18.525540130081254 73.98899984923109,18.525630497373886 73.98890511733892,18.525629990661184 73.98890458612915,18.52572035794483 73.98880985418307,18.525719851178227 73.98880932291941,18.52581021847086 73.9886198589464,18.525809204793926 73.98861932757494,18.52589957206859 73.988524595548,18.52589906515826 73.98852406412264,18.525989432432922 73.9884293320508,18.525988925477677 73.98842880057154,18.526079292743358 73.98823933632903,18.526078278671164 73.98823880475096,18.52616864594583 73.9881440725803,18.526168138828886 73.98814566744925,18.525897037040824 73.98795620342233,18.52589602269914 73.98795673514414,18.52580565543346 73.98786200318008,18.52580514819075 73.98786147141337,18.52589551544745 73.98757727540443,18.52589399343186 73.98757674348501,18.525984360688557 73.98738727939521,18.525983345762967 73.98738674736798,18.526073713010682 73.98719728318835,18.526072697896446 73.9871967510713,18.526163065126195 73.98710201893655,18.52616255749721 73.98710148675661,18.526252924726958 73.98700675457697,18.52625241705306 73.98700728680183,18.52616204982331 73.98681782255034,18.526161034322797 73.986818354874,18.526070667093048 73.98691308694585,18.526071174865763 73.98691361921563,18.525980807636014 73.98700835124257,18.52598131535483 73.98700941568329,18.52580058088635 73.9871041476114,18.52580108856025 73.98710467977338,18.525710721321516 73.98719941165659,18.525711228932536 73.98719887954852,18.52580159618025 73.98729361148561,18.52580210374635 73.98729414354877,18.52571173650762 73.98738887544096,18.525712244028806 73.98738940745021,18.52562187678109 73.98729467561193,18.525621369259905 73.98729573972028,18.52544063477346 73.98710627624133,18.52543961959634 73.98710574408835,18.525529986844056 73.98701101230395,18.525529479179138 73.98701048009707,18.52561984641787 73.98691574826776,18.525619338708037 73.98691628052855,18.525528971469306 73.98682154874416,18.525528463714558 73.98682101644745,18.525618830944307 73.98672628461814,18.52561832314464 73.98672734932836,18.525437588685147 73.98682208104987,18.52543809648481 73.98682261334659,18.52534772925506 73.98701207670875,18.525348744701674 73.98701260890667,18.525258377462944 73.98710734053833,18.525258885118877 73.98710680839433,18.525349252357607 73.98720154007991,18.525349759968627 73.98720207217899,18.525259392720912 73.98729680381066,18.52525990027803 73.98729733585586,18.525169533030315 73.98748679904735,18.525170548000823 73.98748733099373,18.525080180744123 73.98758206253557,18.525080688148527 73.98758259442805,18.52499032089183 73.98777205743987,18.524991335565893 73.98777258922455,18.524900968300212 73.98786732068554,18.52490147556089 73.98786785241633,18.524811108295207 73.98805731524848,18.524812122672824 73.98805784688045,18.52472175539816 73.98815257824263,18.524722262515105 73.9881531098207,18.52463189524044 73.98824784114694,18.524632402303485 </coordinates>
        </LinearRing>
      </outerBoundaryIs>
      <innerBoundaryIs>
        <LinearRing>
          <coordinates>73.98738887544096,18.525712244028806 73.98748360733315,18.525712751505075 73.9874830753688,18.52580311875279 73.98738834343169,18.52580261127652 73.98738887544096,18.525712244028806 </coordinates>
        </LinearRing>
      </innerBoundaryIs>
      <innerBoundaryIs>
        <LinearRing>
          <coordinates>73.98814566744925,18.525897037040824 73.98814619907223,18.525806669775143 73.98824093103629,18.52580717687412 73.98824039947618,18.525897544139802 73.98814566744925,18.525897037040824 </coordinates>
        </LinearRing>
      </innerBoundaryIs>
      <innerBoundaryIs>
        <LinearRing>
          <coordinates>73.98900038039594,18.525540130081254 73.98890564854867,18.52553962336855 73.98890617975843,18.52544925607592 73.9890009115518,18.52544976278862 73.98900038039594,18.525540130081254 </coordinates>
        </LinearRing>
      </innerBoundaryIs>
      <innerBoundaryIs>
        <LinearRing>
          <coordinates>73.98748573515459,18.525351282505234 73.98748626710096,18.525260915248538 73.9875809987506,18.525261422661924 73.98758046685813,18.525351789918624 73.98748573515459,18.525351282505234 </coordinates>
        </LinearRing>
      </innerBoundaryIs>
      <innerBoundaryIs>
        <LinearRing>
          <coordinates>73.98796098876582,18.52508271731699 73.98796152046067,18.52499235005131 73.98805625197556,18.524992857222152 73.98805572033461,18.525083224487833 73.98796098876582,18.52508271731699 </coordinates>
        </LinearRing>
      </innerBoundaryIs>
      <innerBoundaryIs>
        <LinearRing>
          <coordinates>73.98862517247231,18.52490553194847 73.98843570950541,18.52490451813679 73.98843624093975,18.524814150853143 73.98862570380784,18.524815164664822 73.98862517247231,18.52490553194847 </coordinates>
        </LinearRing>
      </innerBoundaryIs>
      <innerBoundaryIs>
        <LinearRing>
          <coordinates>73.98824412038792,18.525264973244102 73.98824465193006,18.52517460596944 73.98833938355276,18.52517511299655 73.98833885205553,18.525265480280197 73.98824412038792,18.525264973244102 </coordinates>
        </LinearRing>
      </innerBoundaryIs>
      <innerBoundaryIs>
        <LinearRing>
          <coordinates>73.98767413484858,18.525533031800492 73.98757940304621,18.52553252443202 73.98757993495667,18.52544215717532 73.98767466670512,18.525442664552777 73.98767413484858,18.525533031800492 </coordinates>
        </LinearRing>
      </innerBoundaryIs>
      <innerBoundaryIs>
        <LinearRing>
          <coordinates>73.9877688666599,18.525533539133033 73.98776939846256,18.525443171876333 73.98786413022,18.525443679154975 73.98786359846227,18.52553404641167 73.9877688666599,18.525533539133033 </coordinates>
        </LinearRing>
      </innerBoundaryIs>
      <innerBoundaryIs>
        <LinearRing>
          <coordinates>73.98852937820553,18.525085759641364 73.9885288468161,18.52517612692501 73.98843411518443,18.52517561998773 73.98843464662775,18.525085252704084 73.98852937820553,18.525085759641364 </coordinates>
        </LinearRing>
      </innerBoundaryIs>
      <innerBoundaryIs>
        <LinearRing>
          <coordinates>73.98843092645262,18.525717823653682 73.98852565838075,18.52571833060893 73.98852512696438,18.525808697883594 73.98843039499134,18.52580819092835 73.98843092645262,18.525717823653682 </coordinates>
        </LinearRing>
      </innerBoundaryIs>
      <innerBoundaryIs>
        <LinearRing>
          <coordinates>73.98862410979228,18.525086266524745 73.98871884137904,18.525086773363213 73.98871831007945,18.525177140655845 73.98862357844777,18.525176633817377 73.98862410979228,18.525086266524745 </coordinates>
        </LinearRing>
      </innerBoundaryIs>
      <innerBoundaryIs>
        <LinearRing>
          <coordinates>73.9877688666599,18.525533539133033 73.98776833484828,18.52562390638973 73.98767360299203,18.52562339905719 73.98767413484858,18.525533031800492 73.9877688666599,18.525533539133033 </coordinates>
        </LinearRing>
      </innerBoundaryIs>
      <innerBoundaryIs>
        <LinearRing>
          <coordinates>73.98843092645262,18.525717823653682 73.98824146260537,18.52571680959946 73.98824199416548,18.525626442333778 73.98814726230025,18.5256259352348 73.98814832551028,18.525445200703437 73.98805359374386,18.525444693568527 73.98805465704373,18.52526395902818 73.98824412038792,18.525264973244102 73.98824358883681,18.525355340518768 73.9884330522888,18.52535635454604 73.9884319893752,18.525537089104354 73.98852672120451,18.52553759605062 73.98852618979711,18.52562796332528 73.98843145791392,18.52562745637902 73.98843092645262,18.525717823653682 </coordinates>
        </LinearRing>
      </innerBoundaryIs>
      <innerBoundaryIs>
        <LinearRing>
          <coordinates>73.9886246411278,18.524995899241098 73.98862517247231,18.52490553194847 73.98871990396026,18.524906038786934 73.98871937266965,18.524996406079566 73.9886246411278,18.524995899241098 </coordinates>
        </LinearRing>
      </innerBoundaryIs>
      <innerBoundaryIs>
        <LinearRing>
          <coordinates>73.98852937820553,18.525085759641364 73.98852990959494,18.524995392357717 73.9886246411278,18.524995899241098 73.98862410979228,18.525086266524745 73.98852937820553,18.525085759641364 </coordinates>
        </LinearRing>
      </innerBoundaryIs>
    </Polygon>
    <Polygon>
      <outerBoundaryIs>
        <LinearRing>
          <coordinates>73.98843145791392,18.52562745637902 73.98833672603969,18.525626949378854 73.98833725754591,18.52553658210419 73.9884319893752,18.525537089104354 73.98843145791392,18.52562745637902 </coordinates>
        </LinearRing>
      </outerBoundaryIs>
    </Polygon>
    <Polygon>
      <outerBoundaryIs>
        <LinearRing>
          <coordinates>73.98682101644745,18.525618830944307 73.98691574826776,18.525619338708037 73.98691521600698,18.525709705937786 73.98682048413275,18.525709198183037 73.98682101644745,18.525618830944307 </coordinates>
        </LinearRing>
      </outerBoundaryIs>
    </Polygon>
    <Polygon>
      <outerBoundaryIs>
        <LinearRing>
          <coordinates>73.98834310394346,18.524542542037967 73.9883425724732,18.524632909321614 73.98824784114694,18.524632402303485 73.98824837267112,18.524542035019838 73.98834310394346,18.524542542037967 </coordinates>
        </LinearRing>
      </outerBoundaryIs>
    </Polygon>
  </MultiGeometry>
</Placemark><Placemark>
  <name>1.5-1.6</name>
  <ExtendedData>
    <Data name='count'>
      <value>6</value>
    </Data>
    <Data name='depth_class'>
      <value>0</value>
    </Data>
    <Data name='system:index'>
      <value>+9324+5144</value>
    </Data>
  </ExtendedData>
  <styleUrl>#style_blue</styleUrl>
  <MultiGeometry>
    <Polygon>
      <outerBoundaryIs>
        <LinearRing>
          <coordinates>73.98852937820553,18.525085759641364 73.9885288468161,18.52517612692501 73.98843411518443,18.52517561998773 73.98843464662775,18.525085252704084 73.98852937820553,18.525085759641364 </coordinates>
        </LinearRing>
      </outerBoundaryIs>
    </Polygon>
    <Polygon>
      <outerBoundaryIs>
        <LinearRing>
          <coordinates>73.98862410979228,18.525086266524745 73.98871884137904,18.525086773363213 73.98871831007945,18.525177140655845 73.98862357844777,18.525176633817377 73.98862410979228,18.525086266524745 </coordinates>
        </LinearRing>
      </outerBoundaryIs>
    </Polygon>
    <Polygon>
      <outerBoundaryIs>
        <LinearRing>
          <coordinates>73.98862517247231,18.52490553194847 73.98843570950541,18.52490451813679 73.98843624093975,18.524814150853143 73.98862570380784,18.524815164664822 73.98862517247231,18.52490553194847 </coordinates>
        </LinearRing>
      </outerBoundaryIs>
    </Polygon>
    <Polygon>
      <outerBoundaryIs>
        <LinearRing>
          <coordinates>73.9886246411278,18.524995899241098 73.98862410979228,18.525086266524745 73.98852937820553,18.525085759641364 73.98852990959494,18.524995392357717 73.9886246411278,18.524995899241098 </coordinates>
        </LinearRing>
      </outerBoundaryIs>
    </Polygon>
    <Polygon>
      <outerBoundaryIs>
        <LinearRing>
          <coordinates>73.98862517247231,18.52490553194847 73.98871990396026,18.524906038786934 73.98871937266965,18.524996406079566 73.9886246411278,18.524995899241098 73.98862517247231,18.52490553194847 </coordinates>
        </LinearRing>
      </outerBoundaryIs>
    </Polygon>
  </MultiGeometry>
</Placemark><Placemark>
  <name>1.5-1.6</name>
  <ExtendedData>
    <Data name='count'>
      <value>7</value>
    </Data>
    <Data name='depth_class'>
      <value>0</value>
    </Data>
    <Data name='system:index'>
      <value>+9324+5148</value>
    </Data>
  </ExtendedData>
  <styleUrl>#style_blue</styleUrl>
  <Polygon>
    <outerBoundaryIs>
      <LinearRing>
        <coordinates>73.9882473096138,18.52472276957815 73.98824784114694,18.524632402303485 73.9883425724732,18.524632909321614 73.98834310394346,18.524542542037967 73.9884378352248,18.524543049002197 73.98843836665016,18.52445268170957 73.98862782911401,18.524453695503283 73.9886267664699,18.524634430079562 73.98843730379944,18.524633416285845 73.98843677237409,18.524723783569495 73.9882473096138,18.52472276957815 </coordinates>
      </LinearRing>
    </outerBoundaryIs>
  </Polygon>
</Placemark><Placemark>
  <name>1.5-1.6</name>
  <ExtendedData>
    <Data name='count'>
      <value>2</value>
    </Data>
    <Data name='depth_class'>
      <value>0</value>
    </Data>
    <Data name='system:index'>
      <value>+9328+5137</value>
    </Data>
  </ExtendedData>
  <styleUrl>#style_blue</styleUrl>
  <MultiGeometry>
    <Polygon>
      <outerBoundaryIs>
        <LinearRing>
          <coordinates>73.98900038039594,18.525540130081254 73.9890951122432,18.525540636740057 73.98909458113226,18.52563100404167 73.98899984923109,18.525630497373886 73.98900038039594,18.525540130081254 </coordinates>
        </LinearRing>
      </outerBoundaryIs>
    </Polygon>
    <Polygon>
      <outerBoundaryIs>
        <LinearRing>
          <coordinates>73.98900038039594,18.525540130081254 73.98890564854867,18.52553962336855 73.98890617975843,18.52544925607592 73.9890009115518,18.52544976278862 73.98900038039594,18.525540130081254 </coordinates>
        </LinearRing>
      </outerBoundaryIs>
    </Polygon>
  </MultiGeometry>
</Placemark><Placemark>
  <name>1.7-1.8</name>
  <ExtendedData>
    <Data name='count'>
      <value>7</value>
    </Data>
    <Data name='depth_class'>
      <value>2</value>
    </Data>
    <Data name='system:index'>
      <value>+9330+5141</value>
    </Data>
  </ExtendedData>
  <styleUrl>#style_yellow</styleUrl>
  <Polygon>
    <outerBoundaryIs>
      <LinearRing>
        <coordinates>73.98909617445612,18.525359902145812 73.98909776775302,18.525088800249954 73.98919249935774,18.52508930685486 73.98919196830968,18.525179674156472 73.98928669995932,18.52518018071646 73.98928457594674,18.525541649922918 73.98918984409048,18.525541143353944 73.98919090620457,18.5253604087597 73.98909617445612,18.525359902145812 </coordinates>
      </LinearRing>
    </outerBoundaryIs>
  </Polygon>
</Placemark><Placemark>
  <name>1.8-1.9</name>
  <ExtendedData>
    <Data name='count'>
      <value>18</value>
    </Data>
    <Data name='depth_class'>
      <value>3</value>
    </Data>
    <Data name='system:index'>
      <value>+9330+5152</value>
    </Data>
  </ExtendedData>
  <styleUrl>#style_orange</styleUrl>
  <Polygon>
    <outerBoundaryIs>
      <LinearRing>
        <coordinates>73.98910254747305,18.524275494517465 73.98910360960511,18.524094759905253 73.98919834066187,18.524095266474227 73.98919780964974,18.524185633784825 73.98938727186206,18.524186646797002 73.98938674094875,18.524277014116585 73.98948147211328,18.524277520550807 73.98948094124489,18.524367887870387 73.98957567245435,18.524368394259696 73.98957514163986,18.524458761579275 73.98966987290322,18.52445926792367 73.98966828056751,18.524730369891394 73.98957354915143,18.524729863538017 73.9895740799839,18.524639496218438 73.98947934861273,18.524638989820144 73.9894798794991,18.524548622500564 73.98929041687356,18.524547609569233 73.98929094784975,18.524457242249653 73.98919621659537,18.524456735716615 73.98919727862862,18.52427600109542 73.98910254747305,18.524275494517465 </coordinates>
      </LinearRing>
    </outerBoundaryIs>
  </Polygon>
</Placemark><Placemark>
  <name>1.6-1.7</name>
  <ExtendedData>
    <Data name='count'>
      <value>1</value>
    </Data>
    <Data name='depth_class'>
      <value>1</value>
    </Data>
    <Data name='system:index'>
      <value>+9336+5156</value>
    </Data>
  </ExtendedData>
  <styleUrl>#style_green</styleUrl>
  <Polygon>
    <outerBoundaryIs>
      <LinearRing>
        <coordinates>73.98967358825439,18.523826696650676 73.98967411900601,18.523736329322112 73.98976884987411,18.523736835603625 73.98976831917639,18.52382720293219 73.98967358825439,18.523826696650676 </coordinates>
      </LinearRing>
    </outerBoundaryIs>
  </Polygon>
</Placemark><Placemark>
  <name>1.6-1.7</name>
  <ExtendedData>
    <Data name='count'>
      <value>1</value>
    </Data>
    <Data name='depth_class'>
      <value>1</value>
    </Data>
    <Data name='system:index'>
      <value>+9336+5160</value>
    </Data>
  </ExtendedData>
  <styleUrl>#style_green</styleUrl>
  <Polygon>
    <outerBoundaryIs>
      <LinearRing>
        <coordinates>73.98967571123391,18.523465227336423 73.98967624197655,18.523374859998878 73.989770972656,18.523375366271406 73.98977044195829,18.52346573359997 73.98967571123391,18.523465227336423 </coordinates>
      </LinearRing>
    </outerBoundaryIs>
  </Polygon>
</Placemark><Placemark>
  <name>1.7-1.8</name>
  <ExtendedData>
    <Data name='count'>
      <value>105</value>
    </Data>
    <Data name='depth_class'>
      <value>2</value>
    </Data>
    <Data name='system:index'>
      <value>+9337+5160</value>
    </Data>
  </ExtendedData>
  <styleUrl>#style_yellow</styleUrl>
  <Polygon>
    <outerBoundaryIs>
      <LinearRing>
        <coordinates>73.98919780964974,18.524185633784825 73.98919940267714,18.523914531853034 73.98938886459302,18.523915544847245 73.98938780277537,18.524096279477423 73.98967199598157,18.524097798636365 73.98967305749379,18.52391706397924 73.98976778846969,18.52391757026075 73.98976884987411,18.523736835603625 73.98967411900601,18.523736329322112 73.98967571123391,18.523465227336423 73.98977044195829,18.52346573359997 73.989770972656,18.523375366271406 73.98986570332649,18.523375872490035 73.98986464204783,18.523556607165126 73.9899593728261,18.52355711333884 73.98995778102939,18.52382821535148 73.99005251196037,18.52382872148926 73.99005198140638,18.523919088826805 73.99024144338514,18.52392010096762 73.99023985199267,18.524191202998225 73.98995565858884,18.524189684692683 73.98995512797197,18.524280052021243 73.98986039679843,18.524279545820583 73.98986092746023,18.52418917849202 73.98967146521197,18.524188165955945 73.98967093445137,18.52427853328451 73.98976566561592,18.524279039575003 73.9897640734509,18.52455014155171 73.98985880477714,18.524550647806272 73.98985827409739,18.524641015134836 73.99014246823783,18.524642533620042 73.99014299876487,18.524552166282493 73.99023773010909,18.52455267234841 73.99023879105536,18.52437193767332 73.99033352230076,18.524372443685333 73.99033405272,18.524282076347788 73.99042878391151,18.524282582305904 73.99042984465117,18.524101847612847 73.99061930684553,18.52410285938535 73.99061983711206,18.52401249203882 73.99071456815983,18.524012997844224 73.99071562857611,18.5238322631332 73.99090509050096,18.52383327460926 73.99090615070165,18.52365253988027 73.99100088156975,18.52365304554194 73.9910014116117,18.523562678168464 73.99138033490446,18.523564700321085 73.99137980505117,18.523655067703547 73.99119034330596,18.523654056712576 73.99118981335384,18.523744424086054 73.99109508243184,18.523743918514214 73.99109455242582,18.52383428588769 73.9909998214589,18.523833780270934 73.99099876133907,18.524014514999926 73.99080929921658,18.5240135036137 73.99080876905785,18.52410387096921 73.9907140379472,18.52410336519974 73.99071297751296,18.524284099910762 73.99052351511199,18.524283088219107 73.99052298478257,18.524373455565637 73.99042825353717,18.524372949652435 73.99042666240521,18.52464405168304 73.99033193101609,18.524643545706958 73.99033140057888,18.524733913044503 73.99023666914483,18.524733407023504 73.99023560816262,18.524914141689614 73.99014087662975,18.524913635614713 73.99014034608476,18.525004002943277 73.98995088292021,18.52500299064975 73.98995141356404,18.524912623321185 73.98976195051628,18.524911610839013 73.98976248124994,18.524821243519433 73.98966774977995,18.524820737210973 73.98966987290322,18.52445926792367 73.98957514163986,18.524458761579275 73.98957567245435,18.524368394259696 73.98948094124489,18.524367887870387 73.98948147211328,18.524277520550807 73.98938674094875,18.524277014116585 73.98938727186206,18.524186646797002 73.98919780964974,18.524185633784825 </coordinates>
      </LinearRing>
    </outerBoundaryIs>
  </Polygon>
</Placemark><Placemark>
  <name>1.8-1.9</name>
  <ExtendedData>
    <Data name='count'>
      <value>2</value>
    </Data>
    <Data name='depth_class'>
      <value>3</value>
    </Data>
    <Data name='system:index'>
      <value>+9338+5143</value>
    </Data>
  </ExtendedData>
  <styleUrl>#style_orange</styleUrl>
  <Polygon>
    <outerBoundaryIs>
      <LinearRing>
        <coordinates>73.98976141977364,18.525001978158592 73.98976195051628,18.524911610839013 73.98995141356404,18.524912623321185 73.98995088292021,18.52500299064975 73.98976141977364,18.525001978158592 </coordinates>
      </LinearRing>
    </outerBoundaryIs>
  </Polygon>
</Placemark><Placemark>
  <name>1.7-1.8</name>
  <ExtendedData>
    <Data name='count'>
      <value>1</value>
    </Data>
    <Data name='depth_class'>
      <value>2</value>
    </Data>
    <Data name='system:index'>
      <value>+9341+5159</value>
    </Data>
  </ExtendedData>
  <styleUrl>#style_yellow</styleUrl>
  <Polygon>
    <outerBoundaryIs>
      <LinearRing>
        <coordinates>73.99014883440061,18.52355812555152 73.99014936489172,18.52346775821397 73.99024409563407,18.523468264243956 73.99024356518788,18.523558631590486 73.99014883440061,18.52355812555152 </coordinates>
      </LinearRing>
    </outerBoundaryIs>
  </Polygon>
</Placemark><Placemark>
  <name>1.8-1.9</name>
  <ExtendedData>
    <Data name='count'>
      <value>4</value>
    </Data>
    <Data name='depth_class'>
      <value>3</value>
    </Data>
    <Data name='system:index'>
      <value>+9345+5150</value>
    </Data>
  </ExtendedData>
  <styleUrl>#style_orange</styleUrl>
  <Polygon>
    <outerBoundaryIs>
      <LinearRing>
        <coordinates>73.99042719278853,18.52455368433651 73.99042825353717,18.524372949652435 73.99052298478257,18.524373455565637 73.99052351511199,18.524283088219107 73.99061824631248,18.524283594087393 73.99061718576145,18.524464328789435 73.99052245446215,18.524463822912168 73.99052192413274,18.524554190258694 73.99042719278853,18.52455368433651 </coordinates>
      </LinearRing>
    </outerBoundaryIs>
  </Polygon>
</Placemark><Placemark>
  <name>1.5-1.6</name>
  <ExtendedData>
    <Data name='count'>
      <value>3</value>
    </Data>
    <Data name='depth_class'>
      <value>0</value>
    </Data>
    <Data name='system:index'>
      <value>+9345+5157</value>
    </Data>
  </ExtendedData>
  <styleUrl>#style_blue</styleUrl>
  <MultiGeometry>
    <Polygon>
      <outerBoundaryIs>
        <LinearRing>
          <coordinates>73.99052616666921,18.52383125147748 73.99062089762715,18.523831757327795 73.9906203673696,18.52392212468331 73.99052563636675,18.523921618824005 73.99052616666921,18.52383125147748 </coordinates>
        </LinearRing>
      </outerBoundaryIs>
    </Polygon>
    <Polygon>
      <outerBoundaryIs>
        <LinearRing>
          <coordinates>73.99052669698067,18.523740884121963 73.99052722727414,18.523650516766452 73.99062195813326,18.52365102261677 73.99062142787571,18.523741389972283 73.99052669698067,18.523740884121963 </coordinates>
        </LinearRing>
      </outerBoundaryIs>
    </Polygon>
    <Polygon>
      <outerBoundaryIs>
        <LinearRing>
          <coordinates>73.99052669698067,18.523740884121963 73.99052616666921,18.52383125147748 73.99043143572925,18.523830745573257 73.99043196607661,18.52374037822673 73.99052669698067,18.523740884121963 </coordinates>
        </LinearRing>
      </outerBoundaryIs>
    </Polygon>
  </MultiGeometry>
</Placemark><Placemark>
  <name>1.5-1.6</name>
  <ExtendedData>
    <Data name='count'>
      <value>3</value>
    </Data>
    <Data name='depth_class'>
      <value>0</value>
    </Data>
    <Data name='system:index'>
      <value>+9346+5169</value>
    </Data>
  </ExtendedData>
  <styleUrl>#style_blue</styleUrl>
  <Polygon>
    <outerBoundaryIs>
      <LinearRing>
        <coordinates>73.99053306038562,18.522656475828864 73.99053359065215,18.522566108464368 73.99072305115767,18.522567120048226 73.99072199083122,18.5227478547862 73.99062726047516,18.522747349007744 73.99062779068778,18.52265698164325 73.99053306038562,18.522656475828864 </coordinates>
      </LinearRing>
    </outerBoundaryIs>
  </Polygon>
</Placemark><Placemark>
  <name>1.5-1.6</name>
  <ExtendedData>
    <Data name='count'>
      <value>3</value>
    </Data>
    <Data name='depth_class'>
      <value>0</value>
    </Data>
    <Data name='system:index'>
      <value>+9347+5163</value>
    </Data>
  </ExtendedData>
  <styleUrl>#style_blue</styleUrl>
  <Polygon>
    <outerBoundaryIs>
      <LinearRing>
        <coordinates>73.99071880976206,18.523290058973174 73.99071987012444,18.523109324253166 73.99081460068712,18.523109829986705 73.99081407055533,18.5232001973512 73.99090880116293,18.523200703048808 73.99090827107607,18.523291070413304 73.99071880976206,18.523290058973174 </coordinates>
      </LinearRing>
    </outerBoundaryIs>
  </Polygon>
</Placemark><Placemark>
  <name>1.8-1.9</name>
  <ExtendedData>
    <Data name='count'>
      <value>4</value>
    </Data>
    <Data name='depth_class'>
      <value>3</value>
    </Data>
    <Data name='system:index'>
      <value>+9348+5153</value>
    </Data>
  </ExtendedData>
  <styleUrl>#style_orange</styleUrl>
  <Polygon>
    <outerBoundaryIs>
      <LinearRing>
        <coordinates>73.99071297751296,18.524284099910762 73.9907140379472,18.52410336519974 73.99080876905785,18.52410387096921 73.99080929921658,18.5240135036137 73.99090403028232,18.524014009329267 73.99090297004571,18.52419474404928 73.99080823889014,18.52419423832472 73.99080770872243,18.524284605680233 73.99071297751296,18.524284099910762 </coordinates>
      </LinearRing>
    </outerBoundaryIs>
  </Polygon>
</Placemark><Placemark>
  <name>1.8-1.9</name>
  <ExtendedData>
    <Data name='count'>
      <value>3</value>
    </Data>
    <Data name='depth_class'>
      <value>3</value>
    </Data>
    <Data name='system:index'>
      <value>+9352+5157</value>
    </Data>
  </ExtendedData>
  <styleUrl>#style_orange</styleUrl>
  <MultiGeometry>
    <Polygon>
      <outerBoundaryIs>
        <LinearRing>
          <coordinates>73.99109455242582,18.52383428588769 73.9910940224198,18.523924653252188 73.99099929139899,18.52392414763543 73.9909998214589,18.523833780270934 73.99109455242582,18.52383428588769 </coordinates>
        </LinearRing>
      </outerBoundaryIs>
    </Polygon>
    <Polygon>
      <outerBoundaryIs>
        <LinearRing>
          <coordinates>73.99118981335384,18.523744424086054 73.99119034330596,18.523654056712576 73.99128507417407,18.52365456223052 73.99128454427586,18.523744929603996 73.99118981335384,18.523744424086054 </coordinates>
        </LinearRing>
      </outerBoundaryIs>
    </Polygon>
    <Polygon>
      <outerBoundaryIs>
        <LinearRing>
          <coordinates>73.99118981335384,18.523744424086054 73.99118928339274,18.523834791459535 73.99109455242582,18.52383428588769 73.99109508243184,18.523743918514214 73.99118981335384,18.523744424086054 </coordinates>
        </LinearRing>
      </outerBoundaryIs>
    </Polygon>
  </MultiGeometry>
</Placemark><Placemark>
  <name>1.5-1.6</name>
  <ExtendedData>
    <Data name='count'>
      <value>1</value>
    </Data>
    <Data name='depth_class'>
      <value>0</value>
    </Data>
    <Data name='system:index'>
      <value>+9352+5164</value>
    </Data>
  </ExtendedData>
  <styleUrl>#style_blue</styleUrl>
  <Polygon>
    <outerBoundaryIs>
      <LinearRing>
        <coordinates>73.9911935229558,18.52311185246272 73.99119405288995,18.52302148508924 73.99128878340771,18.523021990589218 73.99128825352746,18.523112357962695 73.9911935229558,18.52311185246272 </coordinates>
      </LinearRing>
    </outerBoundaryIs>
  </Polygon>
</Placemark><Placemark>
  <name>1.5-1.6</name>
  <ExtendedData>
    <Data name='count'>
      <value>1</value>
    </Data>
    <Data name='depth_class'>
      <value>0</value>
    </Data>
    <Data name='system:index'>
      <value>+9352+5168</value>
    </Data>
  </ExtendedData>
  <styleUrl>#style_blue</styleUrl>
  <Polygon>
    <outerBoundaryIs>
      <LinearRing>
        <coordinates>73.99119564266546,18.522750382950836 73.99119617258164,18.522660015568373 73.99129090290178,18.522660521059368 73.99129037303949,18.52275088844183 73.99119564266546,18.522750382950836 </coordinates>
      </LinearRing>
    </outerBoundaryIs>
  </Polygon>
</Placemark><Placemark>
  <name>1.5-1.6</name>
  <ExtendedData>
    <Data name='count'>
      <value>1</value>
    </Data>
    <Data name='depth_class'>
      <value>0</value>
    </Data>
    <Data name='system:index'>
      <value>+9353+5166</value>
    </Data>
  </ExtendedData>
  <styleUrl>#style_blue</styleUrl>
  <Polygon>
    <outerBoundaryIs>
      <LinearRing>
        <coordinates>73.99128931328796,18.522931623206755 73.99128984316822,18.522841255824293 73.99138457359615,18.52284176127037 73.9913840437698,18.522932128652833 73.99128931328796,18.522931623206755 </coordinates>
      </LinearRing>
    </outerBoundaryIs>
  </Polygon>
</Placemark><Placemark>
  <name>1.6-1.7</name>
  <ExtendedData>
    <Data name='count'>
      <value>255</value>
    </Data>
    <Data name='depth_class'>
      <value>1</value>
    </Data>
    <Data name='system:index'>
      <value>+9353+5177</value>
    </Data>
  </ExtendedData>
  <styleUrl>#style_green</styleUrl>
  <Polygon>
    <outerBoundaryIs>
      <LinearRing>
        <coordinates>73.98967093445137,18.52427853328451 73.98967146521197,18.524188165955945 73.98986092746023,18.52418917849202 73.98986039679843,18.524279545820583 73.98995512797197,18.524280052021243 73.98995565858884,18.524189684692683 73.99023985199267,18.524191202998225 73.99024144338514,18.52392010096762 73.99005198140638,18.523919088826805 73.99005251196037,18.52382872148926 73.98995778102939,18.52382821535148 73.9899593728261,18.52355711333884 73.98986464204783,18.523556607165126 73.98986570332649,18.523375872490035 73.99024462607127,18.523377896897426 73.9902456869457,18.523197162195384 73.99034041753532,18.52319766818045 73.99034094791864,18.52310730082494 73.99043567847232,18.523107806747124 73.99043779976303,18.52274633731609 73.9905325301191,18.522746843184375 73.99053306038562,18.522656475828864 73.99062779068778,18.52265698164325 73.99062726047516,18.522747349007744 73.99072199083122,18.5227478547862 73.99072305115767,18.522567120048226 73.99062832090041,18.522566614278755 73.99062885111304,18.52247624691426 73.99072358132538,18.522476752674745 73.99072411148411,18.522386385310252 73.99091357180997,18.52238739669648 73.99091410186091,18.522297029314018 73.99110356209694,18.5222980405116 73.99110409205804,18.522207673129138 73.99119882212663,18.52220817864708 73.99119988192308,18.522027443873174 73.99110515195329,18.522026938355232 73.99110568189643,18.52193657097277 73.99129514174618,18.521937581954756 73.99129567159049,18.521847214563312 73.99139040147045,18.521847719973454 73.99138987168003,18.521938087373883 73.99148460161389,18.521938592739115 73.99148407186838,18.522028960139544 73.99138934188962,18.52202845476533 73.99138775248241,18.522299556939664 73.99129302235093,18.522299051511553 73.99129249249762,18.522389418894015 73.99148195285942,18.522390429714306 73.9914824826139,18.52230006232286 73.99167194289484,18.52230107294552 73.99167141323018,18.52239144034595 73.99176614342456,18.522391945585415 73.99176508420304,18.522572680386272 73.99157562361667,18.52257166984446 73.99157615333523,18.52248130244403 73.99148142309593,18.52248079710575 73.991480363569,18.52266153188864 73.99138563323089,18.52266102649646 73.99138510341352,18.522751393878924 73.99147983379653,18.522751899280088 73.99147930402408,18.52284226666255 73.99166876489791,18.522843277321144 73.99166982423621,18.522662542529268 73.99195401526848,18.522664058139867 73.99195454478941,18.52257369073944 73.99204927509157,18.522574195844157 73.9920476866815,18.522845298054424 73.99185822578073,18.522844287782107 73.9918576962059,18.522934655182535 73.99176296571508,18.52293414997002 73.99176190644866,18.523114884761892 73.99166717585902,18.52311437949548 73.9916661164848,18.523295114269384 73.99157138579635,18.523294608958054 73.99157085605982,18.523384976340516 73.99147612532647,18.523384470975287 73.99147559552706,18.52347483835775 73.99138086474879,18.523474332938623 73.99138033490446,18.523564700321085 73.9910014116117,18.523562678168464 73.99100088156975,18.52365304554194 73.99090615070165,18.52365253988027 73.99090509050096,18.52383327460926 73.99071562857611,18.5238322631332 73.99071456815983,18.524012997844224 73.99061983711206,18.52401249203882 73.99061930684553,18.52410285938535 73.99042984465117,18.524101847612847 73.99042878391151,18.524282582305904 73.99033405272,18.524282076347788 73.99033352230076,18.524372443685333 73.99023879105536,18.52437193767332 73.99023773010909,18.52455267234841 73.99014299876487,18.524552166282493 73.99014246823783,18.524642533620042 73.98985827409739,18.524641015134836 73.98985880477714,18.524550647806272 73.9897640734509,18.52455014155171 73.98976566561592,18.524279039575003 73.98967093445137,18.52427853328451 </coordinates>
      </LinearRing>
    </outerBoundaryIs>
    <innerBoundaryIs>
      <LinearRing>
        <coordinates>73.99014883440061,18.52355812555152 73.99014936489172,18.52346775821397 73.99024409563407,18.523468264243956 73.99024356518788,18.523558631590486 73.99014883440061,18.52355812555152 </coordinates>
      </LinearRing>
    </innerBoundaryIs>
    <innerBoundaryIs>
      <LinearRing>
        <coordinates>73.99071880976206,18.523290058973174 73.99071987012444,18.523109324253166 73.99081460068712,18.523109829986705 73.99081407055533,18.5232001973512 73.99090880116293,18.523200703048808 73.99090827107607,18.523291070413304 73.99071880976206,18.523290058973174 </coordinates>
      </LinearRing>
    </innerBoundaryIs>
    <innerBoundaryIs>
      <LinearRing>
        <coordinates>73.9911935229558,18.52311185246272 73.99119405288995,18.52302148508924 73.99128878340771,18.523021990589218 73.99128825352746,18.523112357962695 73.9911935229558,18.52311185246272 </coordinates>
      </LinearRing>
    </innerBoundaryIs>
    <innerBoundaryIs>
      <LinearRing>
        <coordinates>73.99119564266546,18.522750382950836 73.99119617258164,18.522660015568373 73.99129090290178,18.522660521059368 73.99129037303949,18.52275088844183 73.99119564266546,18.522750382950836 </coordinates>
      </LinearRing>
    </innerBoundaryIs>
    <innerBoundaryIs>
      <LinearRing>
        <coordinates>73.99128931328796,18.522931623206755 73.99128984316822,18.522841255824293 73.99138457359615,18.52284176127037 73.9913840437698,18.522932128652833 73.99128931328796,18.522931623206755 </coordinates>
      </LinearRing>
    </innerBoundaryIs>
    <innerBoundaryIs>
      <LinearRing>
        <coordinates>73.99052616666921,18.52383125147748 73.99062089762715,18.523831757327795 73.9906203673696,18.52392212468331 73.99052563636675,18.523921618824005 73.99052616666921,18.52383125147748 </coordinates>
      </LinearRing>
    </innerBoundaryIs>
    <innerBoundaryIs>
      <LinearRing>
        <coordinates>73.99052669698067,18.523740884121963 73.99052722727414,18.523650516766452 73.99062195813326,18.52365102261677 73.99062142787571,18.523741389972283 73.99052669698067,18.523740884121963 </coordinates>
      </LinearRing>
    </innerBoundaryIs>
    <innerBoundaryIs>
      <LinearRing>
        <coordinates>73.99138245427277,18.52320323080022 73.9913813945931,18.52338396556514 73.99119193314435,18.52338295459214 73.99119299302164,18.52320221984518 73.99138245427277,18.52320323080022 </coordinates>
      </LinearRing>
    </innerBoundaryIs>
    <innerBoundaryIs>
      <LinearRing>
        <coordinates>73.99138245427277,18.52320323080022 73.9913829841081,18.523112863417758 73.99147771468876,18.5231133688279 73.99147718490731,18.523203736210363 73.99138245427277,18.52320323080022 </coordinates>
      </LinearRing>
    </innerBoundaryIs>
    <innerBoundaryIs>
      <LinearRing>
        <coordinates>73.99052616666921,18.52383125147748 73.99043143572925,18.523830745573257 73.99043196607661,18.52374037822673 73.99052669698067,18.523740884121963 73.99052616666921,18.52383125147748 </coordinates>
      </LinearRing>
    </innerBoundaryIs>
  </Polygon>
</Placemark><Placemark>
  <name>1.5-1.6</name>
  <ExtendedData>
    <Data name='count'>
      <value>5</value>
    </Data>
    <Data name='depth_class'>
      <value>0</value>
    </Data>
    <Data name='system:index'>
      <value>+9354+5163</value>
    </Data>
  </ExtendedData>
  <styleUrl>#style_blue</styleUrl>
  <MultiGeometry>
    <Polygon>
      <outerBoundaryIs>
        <LinearRing>
          <coordinates>73.99138245427277,18.52320323080022 73.9913829841081,18.523112863417758 73.99147771468876,18.5231133688279 73.99147718490731,18.523203736210363 73.99138245427277,18.52320323080022 </coordinates>
        </LinearRing>
      </outerBoundaryIs>
    </Polygon>
    <Polygon>
      <outerBoundaryIs>
        <LinearRing>
          <coordinates>73.99138245427277,18.52320323080022 73.9913813945931,18.52338396556514 73.99119193314435,18.52338295459214 73.99119299302164,18.52320221984518 73.99138245427277,18.52320323080022 </coordinates>
        </LinearRing>
      </outerBoundaryIs>
    </Polygon>
  </MultiGeometry>
</Placemark><Placemark>
  <name>1.5-1.6</name>
  <ExtendedData>
    <Data name='count'>
      <value>2</value>
    </Data>
    <Data name='depth_class'>
      <value>0</value>
    </Data>
    <Data name='system:index'>
      <value>+9359+5166</value>
    </Data>
  </ExtendedData>
  <styleUrl>#style_blue</styleUrl>
  <MultiGeometry>
    <Polygon>
      <outerBoundaryIs>
        <LinearRing>
          <coordinates>73.9918576962059,18.522934655182535 73.99185822578073,18.522844287782107 73.99195295622663,18.522844792940724 73.99195242669671,18.522935160341152 73.9918576962059,18.522934655182535 </coordinates>
        </LinearRing>
      </outerBoundaryIs>
    </Polygon>
    <Polygon>
      <outerBoundaryIs>
        <LinearRing>
          <coordinates>73.9918576962059,18.522934655182535 73.9918571666221,18.523025022573982 73.99176243607738,18.523024517361463 73.99176296571508,18.52293414997002 73.9918576962059,18.522934655182535 </coordinates>
        </LinearRing>
      </outerBoundaryIs>
    </Polygon>
  </MultiGeometry>
</Placemark><Placemark>
  <name>1.6-1.7</name>
  <ExtendedData>
    <Data name='count'>
      <value>6</value>
    </Data>
    <Data name='depth_class'>
      <value>1</value>
    </Data>
    <Data name='system:index'>
      <value>+9360+5181</value>
    </Data>
  </ExtendedData>
  <styleUrl>#style_green</styleUrl>
  <Polygon>
    <outerBoundaryIs>
      <LinearRing>
        <coordinates>73.99186511000194,18.521669511531623 73.99186616907075,18.521488776703816 73.99205562847133,18.52148978690427 73.99205509904024,18.521580154313682 73.99214982879444,18.521580659346533 73.99214929940825,18.521671026764928 73.99205456960914,18.521670521732077 73.99205404016907,18.52176088915047 73.99195931031606,18.521760384063718 73.99195983980105,18.521670016654305 73.99186511000194,18.521669511531623 </coordinates>
      </LinearRing>
    </outerBoundaryIs>
  </Polygon>
</Placemark><Placemark>
  <name>1.7-1.8</name>
  <ExtendedData>
    <Data name='count'>
      <value>186</value>
    </Data>
    <Data name='depth_class'>
      <value>2</value>
    </Data>
    <Data name='system:index'>
      <value>+9361+5188</value>
    </Data>
  </ExtendedData>
  <styleUrl>#style_yellow</styleUrl>
  <Polygon>
    <outerBoundaryIs>
      <LinearRing>
        <coordinates>73.99129249249762,18.522389418894015 73.99129302235093,18.522299051511553 73.99138775248241,18.522299556939664 73.99138934188962,18.52202845476533 73.99148407186838,18.522028960139544 73.99148460161389,18.521938592739115 73.99138987168003,18.521938087373883 73.99139410993155,18.521215148188425 73.99148883947015,18.52121565354467 73.99149095831743,18.520854183916008 73.99215406376709,18.520857719972426 73.99215353440786,18.52094808739082 73.99262718149001,18.520950611737618 73.99262665238231,18.52104097917398 73.99272138185802,18.521041483901403 73.99271979464271,18.52131258621947 73.99262506501428,18.52131208148306 73.99262453588861,18.52140244891044 73.99252980621527,18.521401944129114 73.9925292770357,18.521492311556493 73.99262400675396,18.5214928163468 73.99262294848467,18.52167355121054 73.99243348885051,18.521672541576024 73.99243295960805,18.521762909003403 73.99214877002207,18.521761394183322 73.9921482406359,18.521851761601717 73.9922429705428,18.521852266589654 73.99224244120154,18.52194263400805 73.99214771124073,18.52194212901113 73.99214612303727,18.52221323125733 73.99205139293274,18.52221272620651 73.99205033401665,18.522393461025334 73.99214506422,18.52239396607615 73.99214559363313,18.522303598666742 73.99224032379156,18.522304103672646 73.99224138250105,18.522123368835857 73.99233611256066,18.52212387378786 73.99233664185702,18.522033506369464 73.99243137187172,18.52203401126757 73.99242978411742,18.522305113531736 73.99233505395,18.522304608624648 73.9923345246357,18.522394976043042 73.99223979443234,18.522394471082055 73.99223926506413,18.52248483850045 73.99214453480687,18.522484333485565 73.9921429465585,18.522755435713798 73.99204821614853,18.522754930653996 73.99204927509157,18.522574195844157 73.99195454478941,18.52257369073944 73.99195401526848,18.522664058139867 73.99166982423621,18.522662542529268 73.99167035390985,18.522572175137825 73.99176508420304,18.522572680386272 73.99176614342456,18.522391945585415 73.99167141323018,18.52239144034595 73.99167194289484,18.52230107294552 73.9914824826139,18.52230006232286 73.99148195285942,18.522390429714306 73.99129249249762,18.522389418894015 </coordinates>
      </LinearRing>
    </outerBoundaryIs>
    <innerBoundaryIs>
      <LinearRing>
        <coordinates>73.99186511000194,18.521669511531623 73.99186616907075,18.521488776703816 73.99205562847133,18.52148978690427 73.99205509904024,18.521580154313682 73.99214982879444,18.521580659346533 73.99214929940825,18.521671026764928 73.99205456960914,18.521670521732077 73.99205404016907,18.52176088915047 73.99195931031606,18.521760384063718 73.99195983980105,18.521670016654305 73.99186511000194,18.521669511531623 </coordinates>
      </LinearRing>
    </innerBoundaryIs>
    <innerBoundaryIs>
      <LinearRing>
        <coordinates>73.99205721674666,18.521218684649085 73.99205774616877,18.52112831723069 73.99215247567143,18.521128822245576 73.99215300503965,18.5210384548182 73.99224773450639,18.521038959788168 73.99224667586877,18.521219694633942 73.99205721674666,18.521218684649085 </coordinates>
      </LinearRing>
    </innerBoundaryIs>
  </Polygon>
</Placemark><Placemark>
  <name>1.6-1.7</name>
  <ExtendedData>
    <Data name='count'>
      <value>3</value>
    </Data>
    <Data name='depth_class'>
      <value>1</value>
    </Data>
    <Data name='system:index'>
      <value>+9362+5186</value>
    </Data>
  </ExtendedData>
  <styleUrl>#style_green</styleUrl>
  <Polygon>
    <outerBoundaryIs>
      <LinearRing>
        <coordinates>73.99205721674666,18.521218684649085 73.99205774616877,18.52112831723069 73.99215247567143,18.521128822245576 73.99215300503965,18.5210384548182 73.99224773450639,18.521038959788168 73.99224667586877,18.521219694633942 73.99205721674666,18.521218684649085 </coordinates>
      </LinearRing>
    </outerBoundaryIs>
  </Polygon>
</Placemark><Placemark>
  <name>1.6-1.7</name>
  <ExtendedData>
    <Data name='count'>
      <value>2</value>
    </Data>
    <Data name='depth_class'>
      <value>1</value>
    </Data>
    <Data name='system:index'>
      <value>+9363+5171</value>
    </Data>
  </ExtendedData>
  <styleUrl>#style_green</styleUrl>
  <MultiGeometry>
    <Polygon>
      <outerBoundaryIs>
        <LinearRing>
          <coordinates>73.99223926506413,18.52248483850045 73.99223979443234,18.522394471082055 73.9923345246357,18.522394976043042 73.99233399533036,18.522485343461437 73.99223926506413,18.52248483850045 </coordinates>
        </LinearRing>
      </outerBoundaryIs>
    </Polygon>
    <Polygon>
      <outerBoundaryIs>
        <LinearRing>
          <coordinates>73.99223926506413,18.52248483850045 73.99223873570489,18.522575205909863 73.99214400539374,18.522574700894975 73.99214453480687,18.522484333485565 73.99223926506413,18.52248483850045 </coordinates>
        </LinearRing>
      </outerBoundaryIs>
    </Polygon>
  </MultiGeometry>
</Placemark><Placemark>
  <name>1.6-1.7</name>
  <ExtendedData>
    <Data name='count'>
      <value>16</value>
    </Data>
    <Data name='depth_class'>
      <value>1</value>
    </Data>
    <Data name='system:index'>
      <value>+9365+5179</value>
    </Data>
  </ExtendedData>
  <styleUrl>#style_green</styleUrl>
  <Polygon>
    <outerBoundaryIs>
      <LinearRing>
        <coordinates>73.99205033401665,18.522393461025334 73.99205139293274,18.52221272620651 73.99214612303727,18.52221323125733 73.99214771124073,18.52194212901113 73.99224244120154,18.52194263400805 73.9922429705428,18.521852266589654 73.9921482406359,18.521851761601717 73.99214877002207,18.521761394183322 73.99243295960805,18.521762909003403 73.99243348885051,18.521672541576024 73.99252821866759,18.521673046420233 73.99252716029048,18.521853781274988 73.99243243036561,18.521853276421798 73.99243137187172,18.52203401126757 73.99233664185702,18.522033506369464 73.99233611256066,18.52212387378786 73.99224138250105,18.522123368835857 73.99224032379156,18.522304103672646 73.99214559363313,18.522303598666742 73.99214506422,18.52239396607615 73.99205033401665,18.522393461025334 </coordinates>
      </LinearRing>
    </outerBoundaryIs>
  </Polygon>
</Placemark><Placemark>
  <name>1.6-1.7</name>
  <ExtendedData>
    <Data name='count'>
      <value>1</value>
    </Data>
    <Data name='depth_class'>
      <value>1</value>
    </Data>
    <Data name='system:index'>
      <value>+9366+5182</value>
    </Data>
  </ExtendedData>
  <styleUrl>#style_green</styleUrl>
  <Polygon>
    <outerBoundaryIs>
      <LinearRing>
        <coordinates>73.9925292770357,18.521492311556493 73.99252980621527,18.521401944129114 73.99262453588861,18.52140244891044 73.99262400675396,18.5214928163468 73.9925292770357,18.521492311556493 </coordinates>
      </LinearRing>
    </outerBoundaryIs>
  </Polygon>
</Placemark><Placemark>
  <name>1.6-1.7</name>
  <ExtendedData>
    <Data name='count'>
      <value>1</value>
    </Data>
    <Data name='depth_class'>
      <value>1</value>
    </Data>
    <Data name='system:index'>
      <value>+9367+5187</value>
    </Data>
  </ExtendedData>
  <styleUrl>#style_green</styleUrl>
  <Polygon>
    <outerBoundaryIs>
      <LinearRing>
        <coordinates>73.99262665238231,18.52104097917398 73.99262718149001,18.520950611737618 73.9927219109208,18.52095111645606 73.99272138185802,18.521041483901403 73.99262665238231,18.52104097917398 </coordinates>
      </LinearRing>
    </outerBoundaryIs>
  </Polygon>
</Placemark>
</Document>
</kml>