<?xml version="1.0" encoding="UTF-8"?>
<kml xmlns="http://www.opengis.net/kml/2.2" xmlns:gx="http://www.google.com/kml/ext/2.2">
    <Document id="1324">
        <name>1786697404249_NDWI_Class_2026-05-01_2026-05-31</name>
        <Folder id="1325">
            <Style id="1332">
                <LineStyle id="1334">
                    <color>ff0000FF</color>
                    <colorMode>normal</colorMode>
                    <width>1.5</width>
                </LineStyle>
                <PolyStyle id="1333">
                    <color>ff0000FF</color>
                    <colorMode>normal</colorMode>
                    <fill>1</fill>
                    <outline>1</outline>
                </PolyStyle>
            </Style>
            <Style id="1341">
                <LineStyle id="1343">
                    <color>ff0000FF</color>
                    <colorMode>normal</colorMode>
                    <width>1.5</width>
                </LineStyle>
                <PolyStyle id="1342">
                    <color>ff0000FF</color>
                    <colorMode>normal</colorMode>
                    <fill>1</fill>
                    <outline>1</outline>
                </PolyStyle>
            </Style>
            <name>Class 1</name>
            <Placemark id="1327">
                <name>Class 1 - 1</name>
                <styleUrl>#1332</styleUrl>
                <Polygon id="1326">
                    <outerBoundaryIs>
                        <LinearRing id="1330">
                            <coordinates>73.9506616616452,18.5455393775907,0.0 73.9506616616452,18.545269883005464,0.0 73.95093115623044,18.545269883005464,0.0 73.95093115623044,18.5455393775907,0.0 73.9506616616452,18.5455393775907,0.0</coordinates>
                        </LinearRing>
                    </outerBoundaryIs>
                </Polygon>
            </Placemark>
            <Placemark id="1336">
                <name>Class 1 - 2</name>
                <styleUrl>#1341</styleUrl>
                <Polygon id="1335">
                    <outerBoundaryIs>
                        <LinearRing id="1339">
                            <coordinates>73.95712953169087,18.54742583968735,0.0 73.95712953169087,18.547156345102113,0.0 73.95578205876468,18.547156345102113,0.0 73.95578205876468,18.546886850516877,0.0 73.9544345858385,18.546886850516877,0.0 73.9544345858385,18.54661735593164,0.0 73.95120065081566,18.54661735593164,0.0 73.95120065081566,18.546347861346405,0.0 73.94554126452572,18.546347861346405,0.0 73.94554126452572,18.54607836676117,0.0 73.94500227535525,18.54607836676117,0.0 73.94500227535525,18.545808872175936,0.0 73.94446328618477,18.545808872175936,0.0 73.94446328618477,18.5455393775907,0.0 73.94419379159955,18.5455393775907,0.0 73.94419379159955,18.545269883005464,0.0 73.94365480242907,18.545269883005464,0.0 73.94365480242907,18.545000388420227,0.0 73.94338530784383,18.545000388420227,0.0 73.94338530784383,18.54473089383499,0.0 73.94284631867336,18.54473089383499,0.0 73.94284631867336,18.54419190466452,0.0 73.94257682408812,18.54419190466452,0.0 73.94257682408812,18.543922410079283,0.0 73.94230732950288,18.543922410079283,0.0 73.94230732950288,18.54338342090881,0.0 73.94203783491766,18.54338342090881,0.0 73.94203783491766,18.54284443173834,0.0 73.94176834033242,18.54284443173834,0.0 73.94176834033242,18.54230544256787,0.0 73.94149884574718,18.54230544256787,0.0 73.94149884574718,18.541766453397397,0.0 73.94122935116195,18.541766453397397,0.0 73.94122935116195,18.541227464226925,0.0 73.94095985657671,18.541227464226925,0.0 73.94095985657671,18.540688475056452,0.0 73.94069036199147,18.540688475056452,0.0 73.94069036199147,18.54014948588598,0.0 73.94042086740623,18.54014948588598,0.0 73.94042086740623,18.539341002130275,0.0 73.940151372821,18.539341002130275,0.0 73.940151372821,18.538802012959803,0.0 73.93988187823577,18.538802012959803,0.0 73.93988187823577,18.53826302378933,0.0 73.93961238365053,18.53826302378933,0.0 73.93961238365053,18.537993529204094,0.0 73.93934288906529,18.537993529204094,0.0 73.93934288906529,18.537724034618858,0.0 73.93907339448006,18.537724034618858,0.0 73.93907339448006,18.53745454003362,0.0 73.93880389989482,18.53745454003362,0.0 73.93880389989482,18.537185045448386,0.0 73.93853440530958,18.537185045448386,0.0 73.93853440530958,18.53691555086315,0.0 73.93556996487199,18.53691555086315,0.0 73.93556996487199,18.537185045448386,0.0 73.93503097570152,18.537185045448386,0.0 73.93503097570152,18.53745454003362,0.0 73.93449198653104,18.53745454003362,0.0 73.93449198653104,18.537185045448386,0.0 73.9334140081901,18.537185045448386,0.0 73.9334140081901,18.53691555086315,0.0 73.93314451360487,18.53691555086315,0.0 73.93314451360487,18.537185045448386,0.0 73.93179704067869,18.537185045448386,0.0 73.93179704067869,18.53745454003362,0.0 73.93071906233774,18.53745454003362,0.0 73.93071906233774,18.537724034618858,0.0 73.92991057858204,18.537724034618858,0.0 73.92991057858204,18.537993529204094,0.0 73.92937158941157,18.537993529204094,0.0 73.92937158941157,18.53826302378933,0.0 73.9288326002411,18.53826302378933,0.0 73.9288326002411,18.538532518374566,0.0 73.92802411648539,18.538532518374566,0.0 73.92802411648539,18.538802012959803,0.0 73.92694613814444,18.538802012959803,0.0 73.92694613814444,18.53907150754504,0.0 73.92532917063303,18.53907150754504,0.0 73.92532917063303,18.539341002130275,0.0 73.92371220312161,18.539341002130275,0.0 73.92371220312161,18.53961049671551,0.0 73.9220952356102,18.53961049671551,0.0 73.9220952356102,18.539879991300747,0.0 73.92020877351355,18.539879991300747,0.0 73.92020877351355,18.54014948588598,0.0 73.91643584932025,18.54014948588598,0.0 73.91643584932025,18.540418980471216,0.0 73.91481888180883,18.540418980471216,0.0 73.91481888180883,18.540688475056452,0.0 73.91320191429742,18.540688475056452,0.0 73.91320191429742,18.54095796964169,0.0 73.91185444137123,18.54095796964169,0.0 73.91185444137123,18.541227464226925,0.0 73.91104595761553,18.541227464226925,0.0 73.91104595761553,18.54149695881216,0.0 73.90915949551888,18.54149695881216,0.0 73.90915949551888,18.541766453397397,0.0 73.90673404425175,18.541766453397397,0.0 73.90673404425175,18.542035947982633,0.0 73.90296112005845,18.542035947982633,0.0 73.90296112005845,18.54230544256787,0.0 73.90080516337656,18.54230544256787,0.0 73.90080516337656,18.542574937153105,0.0 73.89918819586515,18.542574937153105,0.0 73.89918819586515,18.54284443173834,0.0 73.89784072293897,18.54284443173834,0.0 73.89784072293897,18.543113926323574,0.0 73.8964932500128,18.543113926323574,0.0 73.8964932500128,18.54338342090881,0.0 73.89541527167185,18.54338342090881,0.0 73.89541527167185,18.543652915494047,0.0 73.8943372933309,18.543652915494047,0.0 73.8943372933309,18.543922410079283,0.0 73.8935288095752,18.543922410079283,0.0 73.8935288095752,18.54419190466452,0.0 73.89245083123426,18.54419190466452,0.0 73.89245083123426,18.544461399249755,0.0 73.89083386372285,18.544461399249755,0.0 73.89083386372285,18.54473089383499,0.0 73.88948639079666,18.54473089383499,0.0 73.88948639079666,18.544461399249755,0.0 73.88463548826242,18.544461399249755,0.0 73.88463548826242,18.54419190466452,0.0 73.883018520751,18.54419190466452,0.0 73.883018520751,18.543922410079283,0.0 73.88113205865434,18.543922410079283,0.0 73.88113205865434,18.543652915494047,0.0 73.87978458572817,18.543652915494047,0.0 73.87978458572817,18.54338342090881,0.0 73.87870660738723,18.54338342090881,0.0 73.87870660738723,18.543113926323574,0.0 73.87762862904628,18.543113926323574,0.0 73.87762862904628,18.54284443173834,0.0 73.87655065070534,18.54284443173834,0.0 73.87655065070534,18.542574937153105,0.0 73.87574216694964,18.542574937153105,0.0 73.87574216694964,18.54230544256787,0.0 73.87493368319393,18.54230544256787,0.0 73.87493368319393,18.542035947982633,0.0 73.87412519943821,18.542035947982633,0.0 73.87412519943821,18.541766453397397,0.0 73.8733167156825,18.541766453397397,0.0 73.8733167156825,18.54149695881216,0.0 73.87277772651204,18.54149695881216,0.0 73.87277772651204,18.541227464226925,0.0 73.87196924275634,18.541227464226925,0.0 73.87196924275634,18.54095796964169,0.0 73.87116075900062,18.54095796964169,0.0 73.87116075900062,18.540688475056452,0.0 73.87062176983015,18.540688475056452,0.0 73.87062176983015,18.540418980471216,0.0 73.86981328607445,18.540418980471216,0.0 73.86981328607445,18.54014948588598,0.0 73.86900480231874,18.54014948588598,0.0 73.86900480231874,18.539879991300747,0.0 73.86819631856302,18.539879991300747,0.0 73.86819631856302,18.53961049671551,0.0 73.86738783480732,18.53961049671551,0.0 73.86738783480732,18.539341002130275,0.0 73.86657935105161,18.539341002130275,0.0 73.86657935105161,18.53907150754504,0.0 73.86630985646637,18.53907150754504,0.0 73.86630985646637,18.538802012959803,0.0 73.86577086729591,18.538802012959803,0.0 73.86577086729591,18.538532518374566,0.0 73.86550137271067,18.538532518374566,0.0 73.86550137271067,18.53826302378933,0.0 73.8649623835402,18.53826302378933,0.0 73.8649623835402,18.537993529204094,0.0 73.86469288895496,18.537993529204094,0.0 73.86469288895496,18.537724034618858,0.0 73.86415389978448,18.537724034618858,0.0 73.86415389978448,18.53745454003362,0.0 73.86388440519926,18.53745454003362,0.0 73.86388440519926,18.537185045448386,0.0 73.86361491061402,18.537185045448386,0.0 73.86361491061402,18.53691555086315,0.0 73.86334541602878,18.53691555086315,0.0 73.86334541602878,18.53637656169268,0.0 73.86307592144355,18.53637656169268,0.0 73.86307592144355,18.536107067107444,0.0 73.86280642685831,18.536107067107444,0.0 73.86280642685831,18.535568077936972,0.0 73.86253693227307,18.535568077936972,0.0 73.86253693227307,18.5350290887665,0.0 73.86226743768783,18.5350290887665,0.0 73.86226743768783,18.534490099596027,0.0 73.86199794310261,18.534490099596027,0.0 73.86199794310261,18.533951110425555,0.0 73.86172844851737,18.533951110425555,0.0 73.86172844851737,18.533412121255086,0.0 73.86145895393213,18.533412121255086,0.0 73.86145895393213,18.53314262666985,0.0 73.86118945934689,18.53314262666985,0.0 73.86118945934689,18.532873132084614,0.0 73.86091996476166,18.532873132084614,0.0 73.86091996476166,18.532603637499378,0.0 73.86038097559118,18.532603637499378,0.0 73.86038097559118,18.53233414291414,0.0 73.85984198642072,18.53233414291414,0.0 73.85984198642072,18.532064648328905,0.0 73.85903350266501,18.532064648328905,0.0 73.85903350266501,18.53179515374367,0.0 73.85849451349453,18.53179515374367,0.0 73.85849451349453,18.532064648328905,0.0 73.85768602973883,18.532064648328905,0.0 73.85768602973883,18.53233414291414,0.0 73.85714704056836,18.53233414291414,0.0 73.85714704056836,18.532603637499378,0.0 73.85687754598312,18.532603637499378,0.0 73.85687754598312,18.532873132084614,0.0 73.85660805139788,18.532873132084614,0.0 73.85660805139788,18.53314262666985,0.0 73.85633855681264,18.53314262666985,0.0 73.85633855681264,18.533412121255086,0.0 73.85553007305694,18.533412121255086,0.0 73.85553007305694,18.53314262666985,0.0 73.85579956764218,18.53314262666985,0.0 73.85579956764218,18.532873132084614,0.0 73.85472158930123,18.532873132084614,0.0 73.85472158930123,18.532603637499378,0.0 73.85499108388647,18.532603637499378,0.0 73.85499108388647,18.532064648328905,0.0 73.8552605784717,18.532064648328905,0.0 73.8552605784717,18.53179515374367,0.0 73.85579956764218,18.53179515374367,0.0 73.85579956764218,18.531525659158433,0.0 73.85633855681264,18.531525659158433,0.0 73.85633855681264,18.531256164573197,0.0 73.85660805139788,18.531256164573197,0.0 73.85660805139788,18.53098666998796,0.0 73.85714704056836,18.53098666998796,0.0 73.85714704056836,18.530717175402728,0.0 73.85768602973883,18.530717175402728,0.0 73.85768602973883,18.530447680817492,0.0 73.85795552432407,18.530447680817492,0.0 73.85795552432407,18.530178186232256,0.0 73.85876400807977,18.530178186232256,0.0 73.85876400807977,18.52990869164702,0.0 73.85930299725024,18.52990869164702,0.0 73.85930299725024,18.529639197061783,0.0 73.86118945934689,18.529639197061783,0.0 73.86118945934689,18.530717175402728,0.0 73.86145895393213,18.530717175402728,0.0 73.86145895393213,18.531256164573197,0.0 73.86172844851737,18.531256164573197,0.0 73.86172844851737,18.531525659158433,0.0 73.86199794310261,18.531525659158433,0.0 73.86199794310261,18.53179515374367,0.0 73.86226743768783,18.53179515374367,0.0 73.86226743768783,18.532064648328905,0.0 73.86253693227307,18.532064648328905,0.0 73.86253693227307,18.53233414291414,0.0 73.86280642685831,18.53233414291414,0.0 73.86280642685831,18.532603637499378,0.0 73.86307592144355,18.532603637499378,0.0 73.86307592144355,18.532873132084614,0.0 73.8649623835402,18.532873132084614,0.0 73.8649623835402,18.532603637499378,0.0 73.86550137271067,18.532603637499378,0.0 73.86550137271067,18.532873132084614,0.0 73.86604036188115,18.532873132084614,0.0 73.86604036188115,18.53314262666985,0.0 73.86657935105161,18.53314262666985,0.0 73.86657935105161,18.533412121255086,0.0 73.86684884563685,18.533412121255086,0.0 73.86684884563685,18.533951110425555,0.0 73.86711834022208,18.533951110425555,0.0 73.86711834022208,18.53422060501079,0.0 73.86738783480732,18.53422060501079,0.0 73.86738783480732,18.534490099596027,0.0 73.86765732939256,18.534490099596027,0.0 73.86765732939256,18.534759594181264,0.0 73.8679268239778,18.534759594181264,0.0 73.8679268239778,18.535298583351736,0.0 73.86819631856302,18.535298583351736,0.0 73.86819631856302,18.535568077936972,0.0 73.86846581314826,18.535568077936972,0.0 73.86846581314826,18.536107067107444,0.0 73.8687353077335,18.536107067107444,0.0 73.8687353077335,18.53637656169268,0.0 73.86900480231874,18.53637656169268,0.0 73.86900480231874,18.53691555086315,0.0 73.86927429690397,18.53691555086315,0.0 73.86927429690397,18.537185045448386,0.0 73.8695437914892,18.537185045448386,0.0 73.8695437914892,18.53745454003362,0.0 73.86981328607445,18.53745454003362,0.0 73.86981328607445,18.537724034618858,0.0 73.87008278065967,18.537724034618858,0.0 73.87008278065967,18.537993529204094,0.0 73.87035227524491,18.537993529204094,0.0 73.87035227524491,18.53826302378933,0.0 73.87089126441539,18.53826302378933,0.0 73.87089126441539,18.538532518374566,0.0 73.87116075900062,18.538532518374566,0.0 73.87116075900062,18.538802012959803,0.0 73.87143025358586,18.538802012959803,0.0 73.87143025358586,18.53907150754504,0.0 73.87196924275634,18.53907150754504,0.0 73.87196924275634,18.539341002130275,0.0 73.8725082319268,18.539341002130275,0.0 73.8725082319268,18.53961049671551,0.0 73.8733167156825,18.53961049671551,0.0 73.8733167156825,18.539879991300747,0.0 73.87385570485299,18.539879991300747,0.0 73.87385570485299,18.54014948588598,0.0 73.87439469402345,18.54014948588598,0.0 73.87439469402345,18.540418980471216,0.0 73.87520317777916,18.540418980471216,0.0 73.87520317777916,18.540688475056452,0.0 73.87601166153486,18.540688475056452,0.0 73.87601166153486,18.54095796964169,0.0 73.87682014529058,18.54095796964169,0.0 73.87682014529058,18.541227464226925,0.0 73.87789812363152,18.541227464226925,0.0 73.87789812363152,18.54149695881216,0.0 73.8792455965577,18.54149695881216,0.0 73.8792455965577,18.541766453397397,0.0 73.88167104782482,18.541766453397397,0.0 73.88167104782482,18.542035947982633,0.0 73.88490498284764,18.542035947982633,0.0 73.88490498284764,18.54230544256787,0.0 73.88786942328525,18.54230544256787,0.0 73.88786942328525,18.542574937153105,0.0 73.89164234747855,18.542574937153105,0.0 73.89164234747855,18.54230544256787,0.0 73.89298982040472,18.54230544256787,0.0 73.89298982040472,18.542035947982633,0.0 73.89406779874567,18.542035947982633,0.0 73.89406779874567,18.541766453397397,0.0 73.89541527167185,18.541766453397397,0.0 73.89541527167185,18.54149695881216,0.0 73.89676274459804,18.54149695881216,0.0 73.89676274459804,18.541227464226925,0.0 73.8981102175242,18.541227464226925,0.0 73.8981102175242,18.54095796964169,0.0 73.89918819586515,18.54095796964169,0.0 73.89918819586515,18.540688475056452,0.0 73.9018831417175,18.540688475056452,0.0 73.9018831417175,18.540418980471216,0.0 73.90835101176317,18.540418980471216,0.0 73.90835101176317,18.54014948588598,0.0 73.90942899010412,18.54014948588598,0.0 73.90942899010412,18.539879991300747,0.0 73.91050696844506,18.539879991300747,0.0 73.91050696844506,18.53961049671551,0.0 73.91158494678601,18.53961049671551,0.0 73.91158494678601,18.539341002130275,0.0 73.91266292512694,18.539341002130275,0.0 73.91266292512694,18.53907150754504,0.0 73.91374090346788,18.53907150754504,0.0 73.91374090346788,18.538802012959803,0.0 73.91481888180883,18.538802012959803,0.0 73.91481888180883,18.538532518374566,0.0 73.91778332224642,18.538532518374566,0.0 73.91778332224642,18.53826302378933,0.0 73.9212867518545,18.53826302378933,0.0 73.9212867518545,18.537993529204094,0.0 73.92398169770685,18.537993529204094,0.0 73.92398169770685,18.537724034618858,0.0 73.92532917063303,18.537724034618858,0.0 73.92532917063303,18.53745454003362,0.0 73.92613765438874,18.53745454003362,0.0 73.92613765438874,18.537185045448386,0.0 73.92694613814444,18.537185045448386,0.0 73.92694613814444,18.53691555086315,0.0 73.92775462190015,18.53691555086315,0.0 73.92775462190015,18.536646056277917,0.0 73.92856310565585,18.536646056277917,0.0 73.92856310565585,18.53637656169268,0.0 73.92937158941157,18.53637656169268,0.0 73.92937158941157,18.536107067107444,0.0 73.9304495677525,18.536107067107444,0.0 73.9304495677525,18.535837572522208,0.0 73.93152754609345,18.535837572522208,0.0 73.93152754609345,18.535568077936972,0.0 73.9326055244344,18.535568077936972,0.0 73.9326055244344,18.535298583351736,0.0 73.9334140081901,18.535298583351736,0.0 73.9334140081901,18.5350290887665,0.0 73.93422249194582,18.5350290887665,0.0 73.93422249194582,18.534759594181264,0.0 73.93476148111628,18.534759594181264,0.0 73.93476148111628,18.534490099596027,0.0 73.93556996487199,18.534490099596027,0.0 73.93556996487199,18.53422060501079,0.0 73.93637844862769,18.53422060501079,0.0 73.93637844862769,18.534490099596027,0.0 73.93745642696864,18.534490099596027,0.0 73.93745642696864,18.534759594181264,0.0 73.93880389989482,18.534759594181264,0.0 73.93880389989482,18.5350290887665,0.0 73.93934288906529,18.5350290887665,0.0 73.93934288906529,18.535298583351736,0.0 73.93988187823577,18.535298583351736,0.0 73.93988187823577,18.535568077936972,0.0 73.94042086740623,18.535568077936972,0.0 73.94042086740623,18.535837572522208,0.0 73.94069036199147,18.535837572522208,0.0 73.94069036199147,18.536107067107444,0.0 73.94095985657671,18.536107067107444,0.0 73.94095985657671,18.536646056277917,0.0 73.94122935116195,18.536646056277917,0.0 73.94122935116195,18.537185045448386,0.0 73.94149884574718,18.537185045448386,0.0 73.94149884574718,18.537724034618858,0.0 73.94176834033242,18.537724034618858,0.0 73.94176834033242,18.53826302378933,0.0 73.94203783491766,18.53826302378933,0.0 73.94203783491766,18.538802012959803,0.0 73.94230732950288,18.538802012959803,0.0 73.94230732950288,18.539341002130275,0.0 73.94257682408812,18.539341002130275,0.0 73.94257682408812,18.539879991300747,0.0 73.94284631867336,18.539879991300747,0.0 73.94284631867336,18.540688475056452,0.0 73.9431158132586,18.540688475056452,0.0 73.9431158132586,18.541227464226925,0.0 73.94338530784383,18.541227464226925,0.0 73.94338530784383,18.54149695881216,0.0 73.94365480242907,18.54149695881216,0.0 73.94365480242907,18.542035947982633,0.0 73.9439242970143,18.542035947982633,0.0 73.9439242970143,18.54230544256787,0.0 73.94419379159955,18.54230544256787,0.0 73.94419379159955,18.54284443173834,0.0 73.94446328618477,18.54284443173834,0.0 73.94446328618477,18.543113926323574,0.0 73.94473278077001,18.543113926323574,0.0 73.94473278077001,18.54338342090881,0.0 73.94527176994048,18.54338342090881,0.0 73.94527176994048,18.543652915494047,0.0 73.94554126452572,18.543652915494047,0.0 73.94554126452572,18.543922410079283,0.0 73.94581075911096,18.543922410079283,0.0 73.94581075911096,18.54419190466452,0.0 73.94634974828142,18.54419190466452,0.0 73.94634974828142,18.544461399249755,0.0 73.9498531778895,18.544461399249755,0.0 73.9498531778895,18.54419190466452,0.0 73.9514701454009,18.54419190466452,0.0 73.9514701454009,18.544461399249755,0.0 73.95254812374185,18.544461399249755,0.0 73.95254812374185,18.54473089383499,0.0 73.95335660749755,18.54473089383499,0.0 73.95335660749755,18.545000388420227,0.0 73.9544345858385,18.545000388420227,0.0 73.9544345858385,18.545269883005464,0.0 73.95551256417944,18.545269883005464,0.0 73.95551256417944,18.5455393775907,0.0 73.95686003710563,18.5455393775907,0.0 73.95686003710563,18.545808872175936,0.0 73.95874649920228,18.545808872175936,0.0 73.95874649920228,18.54607836676117,0.0 73.95955498295798,18.54607836676117,0.0 73.95955498295798,18.545808872175936,0.0 73.95982447754322,18.545808872175936,0.0 73.95982447754322,18.5455393775907,0.0 73.96036346671369,18.5455393775907,0.0 73.96036346671369,18.545269883005464,0.0 73.96090245588417,18.545269883005464,0.0 73.96090245588417,18.545000388420227,0.0 73.96117195046939,18.545000388420227,0.0 73.96117195046939,18.54473089383499,0.0 73.96171093963987,18.54473089383499,0.0 73.96171093963987,18.544461399249755,0.0 73.96198043422511,18.544461399249755,0.0 73.96198043422511,18.54419190466452,0.0 73.96251942339558,18.54419190466452,0.0 73.96251942339558,18.543922410079283,0.0 73.96305841256606,18.543922410079283,0.0 73.96305841256606,18.543652915494047,0.0 73.96332790715128,18.543652915494047,0.0 73.96332790715128,18.54338342090881,0.0 73.96386689632176,18.54338342090881,0.0 73.96386689632176,18.543113926323574,0.0 73.96440588549223,18.543113926323574,0.0 73.96440588549223,18.54284443173834,0.0 73.96548386383317,18.54284443173834,0.0 73.96548386383317,18.542574937153105,0.0 73.96683133675936,18.542574937153105,0.0 73.96683133675936,18.54230544256787,0.0 73.96817880968553,18.54230544256787,0.0 73.96817880968553,18.542035947982633,0.0 73.96925678802647,18.542035947982633,0.0 73.96925678802647,18.541766453397397,0.0 73.96979577719695,18.541766453397397,0.0 73.96979577719695,18.54149695881216,0.0 73.97060426095265,18.54149695881216,0.0 73.97060426095265,18.541227464226925,0.0 73.97114325012312,18.541227464226925,0.0 73.97114325012312,18.54095796964169,0.0 73.9716822392936,18.54095796964169,0.0 73.9716822392936,18.540688475056452,0.0 73.9724907230493,18.540688475056452,0.0 73.9724907230493,18.540418980471216,0.0 73.97276021763454,18.540418980471216,0.0 73.97276021763454,18.54014948588598,0.0 73.97302971221977,18.54014948588598,0.0 73.97302971221977,18.53961049671551,0.0 73.97329920680501,18.53961049671551,0.0 73.97329920680501,18.538802012959803,0.0 73.97356870139025,18.538802012959803,0.0 73.97356870139025,18.537993529204094,0.0 73.97383819597549,18.537993529204094,0.0 73.97383819597549,18.53745454003362,0.0 73.97410769056071,18.53745454003362,0.0 73.97410769056071,18.536646056277917,0.0 73.97437718514595,18.536646056277917,0.0 73.97437718514595,18.536107067107444,0.0 73.9746466797312,18.536107067107444,0.0 73.9746466797312,18.535568077936972,0.0 73.97491617431643,18.535568077936972,0.0 73.97491617431643,18.534759594181264,0.0 73.97518566890166,18.534759594181264,0.0 73.97518566890166,18.53422060501079,0.0 73.9754551634869,18.53422060501079,0.0 73.9754551634869,18.533681615840322,0.0 73.97572465807214,18.533681615840322,0.0 73.97572465807214,18.532873132084614,0.0 73.97599415265736,18.532873132084614,0.0 73.97599415265736,18.53233414291414,0.0 73.9762636472426,18.53233414291414,0.0 73.9762636472426,18.532064648328905,0.0 73.97680263641308,18.532064648328905,0.0 73.97680263641308,18.53179515374367,0.0 73.97707213099831,18.53179515374367,0.0 73.97707213099831,18.531525659158433,0.0 73.97734162558355,18.531525659158433,0.0 73.97734162558355,18.531256164573197,0.0 73.97761112016879,18.531256164573197,0.0 73.97761112016879,18.53098666998796,0.0 73.97788061475403,18.53098666998796,0.0 73.97788061475403,18.530717175402728,0.0 73.97815010933925,18.530717175402728,0.0 73.97815010933925,18.530447680817492,0.0 73.9784196039245,18.530447680817492,0.0 73.9784196039245,18.530178186232256,0.0 73.97868909850973,18.530178186232256,0.0 73.97868909850973,18.52990869164702,0.0 73.97895859309496,18.52990869164702,0.0 73.97895859309496,18.529639197061783,0.0 73.97949758226544,18.529639197061783,0.0 73.97949758226544,18.529369702476547,0.0 73.97976707685068,18.529369702476547,0.0 73.97976707685068,18.52910020789131,0.0 73.98030606602114,18.52910020789131,0.0 73.98030606602114,18.528830713306075,0.0 73.98057556060638,18.528830713306075,0.0 73.98057556060638,18.52856121872084,0.0 73.98084505519162,18.52856121872084,0.0 73.98084505519162,18.528291724135602,0.0 73.98138404436209,18.528291724135602,0.0 73.98138404436209,18.528022229550366,0.0 73.98165353894733,18.528022229550366,0.0 73.98165353894733,18.527752734965134,0.0 73.98219252811779,18.527752734965134,0.0 73.98219252811779,18.527483240379897,0.0 73.98246202270303,18.527483240379897,0.0 73.98246202270303,18.52721374579466,0.0 73.9830010118735,18.52721374579466,0.0 73.9830010118735,18.526944251209425,0.0 73.98354000104398,18.526944251209425,0.0 73.98354000104398,18.52667475662419,0.0 73.98380949562922,18.52667475662419,0.0 73.98380949562922,18.526405262038953,0.0 73.98434848479968,18.526405262038953,0.0 73.98434848479968,18.526135767453717,0.0 73.98488747397015,18.526135767453717,0.0 73.98488747397015,18.52586627286848,0.0 73.98515696855539,18.52586627286848,0.0 73.98515696855539,18.525596778283244,0.0 73.98569595772587,18.525596778283244,0.0 73.98569595772587,18.525327283698008,0.0 73.98623494689633,18.525327283698008,0.0 73.98623494689633,18.525057789112772,0.0 73.98650444148157,18.525057789112772,0.0 73.98650444148157,18.52478829452754,0.0 73.98677393606681,18.52478829452754,0.0 73.98677393606681,18.524518799942303,0.0 73.98731292523728,18.524518799942303,0.0 73.98731292523728,18.524249305357067,0.0 73.98758241982252,18.524249305357067,0.0 73.98758241982252,18.52397981077183,0.0 73.98785191440774,18.52397981077183,0.0 73.98785191440774,18.523710316186595,0.0 73.98839090357822,18.523710316186595,0.0 73.98839090357822,18.52344082160136,0.0 73.98866039816346,18.52344082160136,0.0 73.98866039816346,18.523171327016122,0.0 73.98892989274869,18.523171327016122,0.0 73.98892989274869,18.522901832430886,0.0 73.98946888191917,18.522901832430886,0.0 73.98946888191917,18.52263233784565,0.0 73.9897383765044,18.52263233784565,0.0 73.9897383765044,18.522362843260414,0.0 73.99000787108963,18.522362843260414,0.0 73.99000787108963,18.522093348675178,0.0 73.99027736567487,18.522093348675178,0.0 73.99027736567487,18.52182385408994,0.0 73.99054686026011,18.52182385408994,0.0 73.99054686026011,18.521284864919473,0.0 73.99081635484534,18.521284864919473,0.0 73.99081635484534,18.520745875749,0.0 73.99189433318628,18.520745875749,0.0 73.99189433318628,18.521015370334236,0.0 73.99162483860106,18.521015370334236,0.0 73.99162483860106,18.52155435950471,0.0 73.99108584943058,18.52155435950471,0.0 73.99108584943058,18.522362843260414,0.0 73.99081635484534,18.522362843260414,0.0 73.99081635484534,18.52263233784565,0.0 73.99054686026011,18.52263233784565,0.0 73.99054686026011,18.523171327016122,0.0 73.99027736567487,18.523171327016122,0.0 73.99027736567487,18.52344082160136,0.0 73.99000787108963,18.52344082160136,0.0 73.99000787108963,18.523171327016122,0.0 73.9897383765044,18.523171327016122,0.0 73.9897383765044,18.523710316186595,0.0 73.98919938733393,18.523710316186595,0.0 73.98919938733393,18.52397981077183,0.0 73.98946888191917,18.52397981077183,0.0 73.98946888191917,18.524249305357067,0.0 73.99054686026011,18.524249305357067,0.0 73.99054686026011,18.523710316186595,0.0 73.99108584943058,18.523710316186595,0.0 73.99108584943058,18.523171327016122,0.0 73.99162483860106,18.523171327016122,0.0 73.99162483860106,18.52263233784565,0.0 73.99189433318628,18.52263233784565,0.0 73.99189433318628,18.522093348675178,0.0 73.99216382777152,18.522093348675178,0.0 73.99216382777152,18.52182385408994,0.0 73.99243332235676,18.52182385408994,0.0 73.99243332235676,18.520745875749,0.0 73.99297231152723,18.520745875749,0.0 73.99297231152723,18.521015370334236,0.0 73.9935113006977,18.521015370334236,0.0 73.9935113006977,18.522362843260414,0.0 73.99324180611247,18.522362843260414,0.0 73.99324180611247,18.522901832430886,0.0 73.99297231152723,18.522901832430886,0.0 73.99297231152723,18.523171327016122,0.0 73.992702816942,18.523171327016122,0.0 73.992702816942,18.52344082160136,0.0 73.99243332235676,18.52344082160136,0.0 73.99243332235676,18.523710316186595,0.0 73.99216382777152,18.523710316186595,0.0 73.99216382777152,18.52397981077183,0.0 73.99189433318628,18.52397981077183,0.0 73.99189433318628,18.524249305357067,0.0 73.99135534401582,18.524249305357067,0.0 73.99135534401582,18.524518799942303,0.0 73.99108584943058,18.524518799942303,0.0 73.99108584943058,18.52478829452754,0.0 73.99081635484534,18.52478829452754,0.0 73.99081635484534,18.525057789112772,0.0 73.99054686026011,18.525057789112772,0.0 73.99054686026011,18.525327283698008,0.0 73.99000787108963,18.525327283698008,0.0 73.99000787108963,18.525596778283244,0.0 73.9897383765044,18.525596778283244,0.0 73.9897383765044,18.52586627286848,0.0 73.98919938733393,18.52586627286848,0.0 73.98919938733393,18.526135767453717,0.0 73.98892989274869,18.526135767453717,0.0 73.98892989274869,18.526405262038953,0.0 73.98839090357822,18.526405262038953,0.0 73.98839090357822,18.52667475662419,0.0 73.98812140899298,18.52667475662419,0.0 73.98812140899298,18.526944251209425,0.0 73.98758241982252,18.526944251209425,0.0 73.98758241982252,18.52721374579466,0.0 73.98677393606681,18.52721374579466,0.0 73.98677393606681,18.527483240379897,0.0 73.98623494689633,18.527483240379897,0.0 73.98623494689633,18.527752734965134,0.0 73.98569595772587,18.527752734965134,0.0 73.98569595772587,18.528022229550366,0.0 73.98515696855539,18.528022229550366,0.0 73.98515696855539,18.528291724135602,0.0 73.98488747397015,18.528291724135602,0.0 73.98488747397015,18.52856121872084,0.0 73.98434848479968,18.52856121872084,0.0 73.98434848479968,18.528830713306075,0.0 73.98407899021444,18.528830713306075,0.0 73.98407899021444,18.52910020789131,0.0 73.98327050645874,18.52910020789131,0.0 73.98327050645874,18.529369702476547,0.0 73.98273151728827,18.529369702476547,0.0 73.98273151728827,18.529639197061783,0.0 73.98246202270303,18.529639197061783,0.0 73.98246202270303,18.52990869164702,0.0 73.98192303353255,18.52990869164702,0.0 73.98192303353255,18.530178186232256,0.0 73.98165353894733,18.530178186232256,0.0 73.98165353894733,18.530447680817492,0.0 73.98111454977685,18.530447680817492,0.0 73.98111454977685,18.530717175402728,0.0 73.98084505519162,18.530717175402728,0.0 73.98084505519162,18.53098666998796,0.0 73.98057556060638,18.53098666998796,0.0 73.98057556060638,18.531256164573197,0.0 73.98030606602114,18.531256164573197,0.0 73.98030606602114,18.531525659158433,0.0 73.97949758226544,18.531525659158433,0.0 73.97949758226544,18.53179515374367,0.0 73.9792280876802,18.53179515374367,0.0 73.9792280876802,18.532064648328905,0.0 73.97895859309496,18.532064648328905,0.0 73.97895859309496,18.53233414291414,0.0 73.97868909850973,18.53233414291414,0.0 73.97868909850973,18.532603637499378,0.0 73.9784196039245,18.532603637499378,0.0 73.9784196039245,18.532873132084614,0.0 73.97815010933925,18.532873132084614,0.0 73.97815010933925,18.53314262666985,0.0 73.97788061475403,18.53314262666985,0.0 73.97788061475403,18.533681615840322,0.0 73.97761112016879,18.533681615840322,0.0 73.97761112016879,18.533951110425555,0.0 73.97734162558355,18.533951110425555,0.0 73.97734162558355,18.534490099596027,0.0 73.97707213099831,18.534490099596027,0.0 73.97707213099831,18.534759594181264,0.0 73.97680263641308,18.534759594181264,0.0 73.97680263641308,18.535298583351736,0.0 73.97653314182784,18.535298583351736,0.0 73.97653314182784,18.535837572522208,0.0 73.9762636472426,18.535837572522208,0.0 73.9762636472426,18.536107067107444,0.0 73.97599415265736,18.536107067107444,0.0 73.97599415265736,18.537185045448386,0.0 73.97572465807214,18.537185045448386,0.0 73.97572465807214,18.53826302378933,0.0 73.9754551634869,18.53826302378933,0.0 73.9754551634869,18.539341002130275,0.0 73.97518566890166,18.539341002130275,0.0 73.97518566890166,18.53961049671551,0.0 73.97491617431643,18.53961049671551,0.0 73.97491617431643,18.54014948588598,0.0 73.9746466797312,18.54014948588598,0.0 73.9746466797312,18.540418980471216,0.0 73.97437718514595,18.540418980471216,0.0 73.97437718514595,18.540688475056452,0.0 73.97410769056071,18.540688475056452,0.0 73.97410769056071,18.54095796964169,0.0 73.97356870139025,18.54095796964169,0.0 73.97356870139025,18.54149695881216,0.0 73.97329920680501,18.54149695881216,0.0 73.97329920680501,18.542035947982633,0.0 73.97302971221977,18.542035947982633,0.0 73.97302971221977,18.54230544256787,0.0 73.97276021763454,18.54230544256787,0.0 73.97276021763454,18.542574937153105,0.0 73.97222122846406,18.542574937153105,0.0 73.97222122846406,18.54284443173834,0.0 73.9716822392936,18.54284443173834,0.0 73.9716822392936,18.543113926323574,0.0 73.97114325012312,18.543113926323574,0.0 73.97114325012312,18.54338342090881,0.0 73.97033476636742,18.54338342090881,0.0 73.97033476636742,18.543652915494047,0.0 73.96898729344124,18.543652915494047,0.0 73.96898729344124,18.543922410079283,0.0 73.96763982051506,18.543922410079283,0.0 73.96763982051506,18.54419190466452,0.0 73.96656184217412,18.54419190466452,0.0 73.96656184217412,18.544461399249755,0.0 73.96575335841841,18.544461399249755,0.0 73.96575335841841,18.54473089383499,0.0 73.9649448746627,18.54473089383499,0.0 73.9649448746627,18.545000388420227,0.0 73.96413639090699,18.545000388420227,0.0 73.96413639090699,18.545269883005464,0.0 73.96332790715128,18.545269883005464,0.0 73.96332790715128,18.5455393775907,0.0 73.96305841256606,18.5455393775907,0.0 73.96305841256606,18.545808872175936,0.0 73.96251942339558,18.545808872175936,0.0 73.96251942339558,18.54607836676117,0.0 73.96198043422511,18.54607836676117,0.0 73.96198043422511,18.546347861346405,0.0 73.96171093963987,18.546347861346405,0.0 73.96171093963987,18.54661735593164,0.0 73.96144144505463,18.54661735593164,0.0 73.96144144505463,18.546886850516877,0.0 73.96090245588417,18.546886850516877,0.0 73.96090245588417,18.547156345102113,0.0 73.96063296129893,18.547156345102113,0.0 73.96063296129893,18.54742583968735,0.0 73.95712953169087,18.54742583968735,0.0</coordinates>
                        </LinearRing>
                    </outerBoundaryIs>
                </Polygon>
            </Placemark>
        </Folder>
        <Folder id="1344">
            <Style id="1351">
                <LineStyle id="1353">
                    <color>ff00A5FF</color>
                    <colorMode>normal</colorMode>
                    <width>1.5</width>
                </LineStyle>
                <PolyStyle id="1352">
                    <color>ff00A5FF</color>
                    <colorMode>normal</colorMode>
                    <fill>1</fill>
                    <outline>1</outline>
                </PolyStyle>
            </Style>
            <Style id="1360">
                <LineStyle id="1362">
                    <color>ff00A5FF</color>
                    <colorMode>normal</colorMode>
                    <width>1.5</width>
                </LineStyle>
                <PolyStyle id="1361">
                    <color>ff00A5FF</color>
                    <colorMode>normal</colorMode>
                    <fill>1</fill>
                    <outline>1</outline>
                </PolyStyle>
            </Style>
            <Style id="1369">
                <LineStyle id="1371">
                    <color>ff00A5FF</color>
                    <colorMode>normal</colorMode>
                    <width>1.5</width>
                </LineStyle>
                <PolyStyle id="1370">
                    <color>ff00A5FF</color>
                    <colorMode>normal</colorMode>
                    <fill>1</fill>
                    <outline>1</outline>
                </PolyStyle>
            </Style>
            <Style id="1378">
                <LineStyle id="1380">
                    <color>ff00A5FF</color>
                    <colorMode>normal</colorMode>
                    <width>1.5</width>
                </LineStyle>
                <PolyStyle id="1379">
                    <color>ff00A5FF</color>
                    <colorMode>normal</colorMode>
                    <fill>1</fill>
                    <outline>1</outline>
                </PolyStyle>
            </Style>
            <Style id="1387">
                <LineStyle id="1389">
                    <color>ff00A5FF</color>
                    <colorMode>normal</colorMode>
                    <width>1.5</width>
                </LineStyle>
                <PolyStyle id="1388">
                    <color>ff00A5FF</color>
                    <colorMode>normal</colorMode>
                    <fill>1</fill>
                    <outline>1</outline>
                </PolyStyle>
            </Style>
            <Style id="1396">
                <LineStyle id="1398">
                    <color>ff00A5FF</color>
                    <colorMode>normal</colorMode>
                    <width>1.5</width>
                </LineStyle>
                <PolyStyle id="1397">
                    <color>ff00A5FF</color>
                    <colorMode>normal</colorMode>
                    <fill>1</fill>
                    <outline>1</outline>
                </PolyStyle>
            </Style>
            <Style id="1405">
                <LineStyle id="1407">
                    <color>ff00A5FF</color>
                    <colorMode>normal</colorMode>
                    <width>1.5</width>
                </LineStyle>
                <PolyStyle id="1406">
                    <color>ff00A5FF</color>
                    <colorMode>normal</colorMode>
                    <fill>1</fill>
                    <outline>1</outline>
                </PolyStyle>
            </Style>
            <Style id="1414">
                <LineStyle id="1416">
                    <color>ff00A5FF</color>
                    <colorMode>normal</colorMode>
                    <width>1.5</width>
                </LineStyle>
                <PolyStyle id="1415">
                    <color>ff00A5FF</color>
                    <colorMode>normal</colorMode>
                    <fill>1</fill>
                    <outline>1</outline>
                </PolyStyle>
            </Style>
            <Style id="1423">
                <LineStyle id="1425">
                    <color>ff00A5FF</color>
                    <colorMode>normal</colorMode>
                    <width>1.5</width>
                </LineStyle>
                <PolyStyle id="1424">
                    <color>ff00A5FF</color>
                    <colorMode>normal</colorMode>
                    <fill>1</fill>
                    <outline>1</outline>
                </PolyStyle>
            </Style>
            <Style id="1432">
                <LineStyle id="1434">
                    <color>ff00A5FF</color>
                    <colorMode>normal</colorMode>
                    <width>1.5</width>
                </LineStyle>
                <PolyStyle id="1433">
                    <color>ff00A5FF</color>
                    <colorMode>normal</colorMode>
                    <fill>1</fill>
                    <outline>1</outline>
                </PolyStyle>
            </Style>
            <Style id="1441">
                <LineStyle id="1443">
                    <color>ff00A5FF</color>
                    <colorMode>normal</colorMode>
                    <width>1.5</width>
                </LineStyle>
                <PolyStyle id="1442">
                    <color>ff00A5FF</color>
                    <colorMode>normal</colorMode>
                    <fill>1</fill>
                    <outline>1</outline>
                </PolyStyle>
            </Style>
            <Style id="1450">
                <LineStyle id="1452">
                    <color>ff00A5FF</color>
                    <colorMode>normal</colorMode>
                    <width>1.5</width>
                </LineStyle>
                <PolyStyle id="1451">
                    <color>ff00A5FF</color>
                    <colorMode>normal</colorMode>
                    <fill>1</fill>
                    <outline>1</outline>
                </PolyStyle>
            </Style>
            <Style id="1459">
                <LineStyle id="1461">
                    <color>ff00A5FF</color>
                    <colorMode>normal</colorMode>
                    <width>1.5</width>
                </LineStyle>
                <PolyStyle id="1460">
                    <color>ff00A5FF</color>
                    <colorMode>normal</colorMode>
                    <fill>1</fill>
                    <outline>1</outline>
                </PolyStyle>
            </Style>
            <Style id="1468">
                <LineStyle id="1470">
                    <color>ff00A5FF</color>
                    <colorMode>normal</colorMode>
                    <width>1.5</width>
                </LineStyle>
                <PolyStyle id="1469">
                    <color>ff00A5FF</color>
                    <colorMode>normal</colorMode>
                    <fill>1</fill>
                    <outline>1</outline>
                </PolyStyle>
            </Style>
            <Style id="1477">
                <LineStyle id="1479">
                    <color>ff00A5FF</color>
                    <colorMode>normal</colorMode>
                    <width>1.5</width>
                </LineStyle>
                <PolyStyle id="1478">
                    <color>ff00A5FF</color>
                    <colorMode>normal</colorMode>
                    <fill>1</fill>
                    <outline>1</outline>
                </PolyStyle>
            </Style>
            <Style id="1486">
                <LineStyle id="1488">
                    <color>ff00A5FF</color>
                    <colorMode>normal</colorMode>
                    <width>1.5</width>
                </LineStyle>
                <PolyStyle id="1487">
                    <color>ff00A5FF</color>
                    <colorMode>normal</colorMode>
                    <fill>1</fill>
                    <outline>1</outline>
                </PolyStyle>
            </Style>
            <Style id="1495">
                <LineStyle id="1497">
                    <color>ff00A5FF</color>
                    <colorMode>normal</colorMode>
                    <width>1.5</width>
                </LineStyle>
                <PolyStyle id="1496">
                    <color>ff00A5FF</color>
                    <colorMode>normal</colorMode>
                    <fill>1</fill>
                    <outline>1</outline>
                </PolyStyle>
            </Style>
            <Style id="1504">
                <LineStyle id="1506">
                    <color>ff00A5FF</color>
                    <colorMode>normal</colorMode>
                    <width>1.5</width>
                </LineStyle>
                <PolyStyle id="1505">
                    <color>ff00A5FF</color>
                    <colorMode>normal</colorMode>
                    <fill>1</fill>
                    <outline>1</outline>
                </PolyStyle>
            </Style>
            <Style id="1513">
                <LineStyle id="1515">
                    <color>ff00A5FF</color>
                    <colorMode>normal</colorMode>
                    <width>1.5</width>
                </LineStyle>
                <PolyStyle id="1514">
                    <color>ff00A5FF</color>
                    <colorMode>normal</colorMode>
                    <fill>1</fill>
                    <outline>1</outline>
                </PolyStyle>
            </Style>
            <Style id="1522">
                <LineStyle id="1524">
                    <color>ff00A5FF</color>
                    <colorMode>normal</colorMode>
                    <width>1.5</width>
                </LineStyle>
                <PolyStyle id="1523">
                    <color>ff00A5FF</color>
                    <colorMode>normal</colorMode>
                    <fill>1</fill>
                    <outline>1</outline>
                </PolyStyle>
            </Style>
            <Style id="1531">
                <LineStyle id="1533">
                    <color>ff00A5FF</color>
                    <colorMode>normal</colorMode>
                    <width>1.5</width>
                </LineStyle>
                <PolyStyle id="1532">
                    <color>ff00A5FF</color>
                    <colorMode>normal</colorMode>
                    <fill>1</fill>
                    <outline>1</outline>
                </PolyStyle>
            </Style>
            <Style id="1540">
                <LineStyle id="1542">
                    <color>ff00A5FF</color>
                    <colorMode>normal</colorMode>
                    <width>1.5</width>
                </LineStyle>
                <PolyStyle id="1541">
                    <color>ff00A5FF</color>
                    <colorMode>normal</colorMode>
                    <fill>1</fill>
                    <outline>1</outline>
                </PolyStyle>
            </Style>
            <Style id="1549">
                <LineStyle id="1551">
                    <color>ff00A5FF</color>
                    <colorMode>normal</colorMode>
                    <width>1.5</width>
                </LineStyle>
                <PolyStyle id="1550">
                    <color>ff00A5FF</color>
                    <colorMode>normal</colorMode>
                    <fill>1</fill>
                    <outline>1</outline>
                </PolyStyle>
            </Style>
            <Style id="1558">
                <LineStyle id="1560">
                    <color>ff00A5FF</color>
                    <colorMode>normal</colorMode>
                    <width>1.5</width>
                </LineStyle>
                <PolyStyle id="1559">
                    <color>ff00A5FF</color>
                    <colorMode>normal</colorMode>
                    <fill>1</fill>
                    <outline>1</outline>
                </PolyStyle>
            </Style>
            <Style id="1567">
                <LineStyle id="1569">
                    <color>ff00A5FF</color>
                    <colorMode>normal</colorMode>
                    <width>1.5</width>
                </LineStyle>
                <PolyStyle id="1568">
                    <color>ff00A5FF</color>
                    <colorMode>normal</colorMode>
                    <fill>1</fill>
                    <outline>1</outline>
                </PolyStyle>
            </Style>
            <Style id="1576">
                <LineStyle id="1578">
                    <color>ff00A5FF</color>
                    <colorMode>normal</colorMode>
                    <width>1.5</width>
                </LineStyle>
                <PolyStyle id="1577">
                    <color>ff00A5FF</color>
                    <colorMode>normal</colorMode>
                    <fill>1</fill>
                    <outline>1</outline>
                </PolyStyle>
            </Style>
            <Style id="1585">
                <LineStyle id="1587">
                    <color>ff00A5FF</color>
                    <colorMode>normal</colorMode>
                    <width>1.5</width>
                </LineStyle>
                <PolyStyle id="1586">
                    <color>ff00A5FF</color>
                    <colorMode>normal</colorMode>
                    <fill>1</fill>
                    <outline>1</outline>
                </PolyStyle>
            </Style>
            <Style id="1594">
                <LineStyle id="1596">
                    <color>ff00A5FF</color>
                    <colorMode>normal</colorMode>
                    <width>1.5</width>
                </LineStyle>
                <PolyStyle id="1595">
                    <color>ff00A5FF</color>
                    <colorMode>normal</colorMode>
                    <fill>1</fill>
                    <outline>1</outline>
                </PolyStyle>
            </Style>
            <Style id="1603">
                <LineStyle id="1605">
                    <color>ff00A5FF</color>
                    <colorMode>normal</colorMode>
                    <width>1.5</width>
                </LineStyle>
                <PolyStyle id="1604">
                    <color>ff00A5FF</color>
                    <colorMode>normal</colorMode>
                    <fill>1</fill>
                    <outline>1</outline>
                </PolyStyle>
            </Style>
            <Style id="1612">
                <LineStyle id="1614">
                    <color>ff00A5FF</color>
                    <colorMode>normal</colorMode>
                    <width>1.5</width>
                </LineStyle>
                <PolyStyle id="1613">
                    <color>ff00A5FF</color>
                    <colorMode>normal</colorMode>
                    <fill>1</fill>
                    <outline>1</outline>
                </PolyStyle>
            </Style>
            <Style id="1621">
                <LineStyle id="1623">
                    <color>ff00A5FF</color>
                    <colorMode>normal</colorMode>
                    <width>1.5</width>
                </LineStyle>
                <PolyStyle id="1622">
                    <color>ff00A5FF</color>
                    <colorMode>normal</colorMode>
                    <fill>1</fill>
                    <outline>1</outline>
                </PolyStyle>
            </Style>
            <Style id="1630">
                <LineStyle id="1632">
                    <color>ff00A5FF</color>
                    <colorMode>normal</colorMode>
                    <width>1.5</width>
                </LineStyle>
                <PolyStyle id="1631">
                    <color>ff00A5FF</color>
                    <colorMode>normal</colorMode>
                    <fill>1</fill>
                    <outline>1</outline>
                </PolyStyle>
            </Style>
            <Style id="1639">
                <LineStyle id="1641">
                    <color>ff00A5FF</color>
                    <colorMode>normal</colorMode>
                    <width>1.5</width>
                </LineStyle>
                <PolyStyle id="1640">
                    <color>ff00A5FF</color>
                    <colorMode>normal</colorMode>
                    <fill>1</fill>
                    <outline>1</outline>
                </PolyStyle>
            </Style>
            <Style id="1648">
                <LineStyle id="1650">
                    <color>ff00A5FF</color>
                    <colorMode>normal</colorMode>
                    <width>1.5</width>
                </LineStyle>
                <PolyStyle id="1649">
                    <color>ff00A5FF</color>
                    <colorMode>normal</colorMode>
                    <fill>1</fill>
                    <outline>1</outline>
                </PolyStyle>
            </Style>
            <Style id="1657">
                <LineStyle id="1659">
                    <color>ff00A5FF</color>
                    <colorMode>normal</colorMode>
                    <width>1.5</width>
                </LineStyle>
                <PolyStyle id="1658">
                    <color>ff00A5FF</color>
                    <colorMode>normal</colorMode>
                    <fill>1</fill>
                    <outline>1</outline>
                </PolyStyle>
            </Style>
            <Style id="1666">
                <LineStyle id="1668">
                    <color>ff00A5FF</color>
                    <colorMode>normal</colorMode>
                    <width>1.5</width>
                </LineStyle>
                <PolyStyle id="1667">
                    <color>ff00A5FF</color>
                    <colorMode>normal</colorMode>
                    <fill>1</fill>
                    <outline>1</outline>
                </PolyStyle>
            </Style>
            <Style id="1675">
                <LineStyle id="1677">
                    <color>ff00A5FF</color>
                    <colorMode>normal</colorMode>
                    <width>1.5</width>
                </LineStyle>
                <PolyStyle id="1676">
                    <color>ff00A5FF</color>
                    <colorMode>normal</colorMode>
                    <fill>1</fill>
                    <outline>1</outline>
                </PolyStyle>
            </Style>
            <Style id="1684">
                <LineStyle id="1686">
                    <color>ff00A5FF</color>
                    <colorMode>normal</colorMode>
                    <width>1.5</width>
                </LineStyle>
                <PolyStyle id="1685">
                    <color>ff00A5FF</color>
                    <colorMode>normal</colorMode>
                    <fill>1</fill>
                    <outline>1</outline>
                </PolyStyle>
            </Style>
            <Style id="1693">
                <LineStyle id="1695">
                    <color>ff00A5FF</color>
                    <colorMode>normal</colorMode>
                    <width>1.5</width>
                </LineStyle>
                <PolyStyle id="1694">
                    <color>ff00A5FF</color>
                    <colorMode>normal</colorMode>
                    <fill>1</fill>
                    <outline>1</outline>
                </PolyStyle>
            </Style>
            <Style id="1702">
                <LineStyle id="1704">
                    <color>ff00A5FF</color>
                    <colorMode>normal</colorMode>
                    <width>1.5</width>
                </LineStyle>
                <PolyStyle id="1703">
                    <color>ff00A5FF</color>
                    <colorMode>normal</colorMode>
                    <fill>1</fill>
                    <outline>1</outline>
                </PolyStyle>
            </Style>
            <Style id="1711">
                <LineStyle id="1713">
                    <color>ff00A5FF</color>
                    <colorMode>normal</colorMode>
                    <width>1.5</width>
                </LineStyle>
                <PolyStyle id="1712">
                    <color>ff00A5FF</color>
                    <colorMode>normal</colorMode>
                    <fill>1</fill>
                    <outline>1</outline>
                </PolyStyle>
            </Style>
            <Style id="1720">
                <LineStyle id="1722">
                    <color>ff00A5FF</color>
                    <colorMode>normal</colorMode>
                    <width>1.5</width>
                </LineStyle>
                <PolyStyle id="1721">
                    <color>ff00A5FF</color>
                    <colorMode>normal</colorMode>
                    <fill>1</fill>
                    <outline>1</outline>
                </PolyStyle>
            </Style>
            <Style id="1729">
                <LineStyle id="1731">
                    <color>ff00A5FF</color>
                    <colorMode>normal</colorMode>
                    <width>1.5</width>
                </LineStyle>
                <PolyStyle id="1730">
                    <color>ff00A5FF</color>
                    <colorMode>normal</colorMode>
                    <fill>1</fill>
                    <outline>1</outline>
                </PolyStyle>
            </Style>
            <Style id="1738">
                <LineStyle id="1740">
                    <color>ff00A5FF</color>
                    <colorMode>normal</colorMode>
                    <width>1.5</width>
                </LineStyle>
                <PolyStyle id="1739">
                    <color>ff00A5FF</color>
                    <colorMode>normal</colorMode>
                    <fill>1</fill>
                    <outline>1</outline>
                </PolyStyle>
            </Style>
            <Style id="1747">
                <LineStyle id="1749">
                    <color>ff00A5FF</color>
                    <colorMode>normal</colorMode>
                    <width>1.5</width>
                </LineStyle>
                <PolyStyle id="1748">
                    <color>ff00A5FF</color>
                    <colorMode>normal</colorMode>
                    <fill>1</fill>
                    <outline>1</outline>
                </PolyStyle>
            </Style>
            <Style id="1756">
                <LineStyle id="1758">
                    <color>ff00A5FF</color>
                    <colorMode>normal</colorMode>
                    <width>1.5</width>
                </LineStyle>
                <PolyStyle id="1757">
                    <color>ff00A5FF</color>
                    <colorMode>normal</colorMode>
                    <fill>1</fill>
                    <outline>1</outline>
                </PolyStyle>
            </Style>
            <Style id="1765">
                <LineStyle id="1767">
                    <color>ff00A5FF</color>
                    <colorMode>normal</colorMode>
                    <width>1.5</width>
                </LineStyle>
                <PolyStyle id="1766">
                    <color>ff00A5FF</color>
                    <colorMode>normal</colorMode>
                    <fill>1</fill>
                    <outline>1</outline>
                </PolyStyle>
            </Style>
            <Style id="1774">
                <LineStyle id="1776">
                    <color>ff00A5FF</color>
                    <colorMode>normal</colorMode>
                    <width>1.5</width>
                </LineStyle>
                <PolyStyle id="1775">
                    <color>ff00A5FF</color>
                    <colorMode>normal</colorMode>
                    <fill>1</fill>
                    <outline>1</outline>
                </PolyStyle>
            </Style>
            <Style id="1783">
                <LineStyle id="1785">
                    <color>ff00A5FF</color>
                    <colorMode>normal</colorMode>
                    <width>1.5</width>
                </LineStyle>
                <PolyStyle id="1784">
                    <color>ff00A5FF</color>
                    <colorMode>normal</colorMode>
                    <fill>1</fill>
                    <outline>1</outline>
                </PolyStyle>
            </Style>
            <Style id="1792">
                <LineStyle id="1794">
                    <color>ff00A5FF</color>
                    <colorMode>normal</colorMode>
                    <width>1.5</width>
                </LineStyle>
                <PolyStyle id="1793">
                    <color>ff00A5FF</color>
                    <colorMode>normal</colorMode>
                    <fill>1</fill>
                    <outline>1</outline>
                </PolyStyle>
            </Style>
            <Style id="1801">
                <LineStyle id="1803">
                    <color>ff00A5FF</color>
                    <colorMode>normal</colorMode>
                    <width>1.5</width>
                </LineStyle>
                <PolyStyle id="1802">
                    <color>ff00A5FF</color>
                    <colorMode>normal</colorMode>
                    <fill>1</fill>
                    <outline>1</outline>
                </PolyStyle>
            </Style>
            <Style id="1810">
                <LineStyle id="1812">
                    <color>ff00A5FF</color>
                    <colorMode>normal</colorMode>
                    <width>1.5</width>
                </LineStyle>
                <PolyStyle id="1811">
                    <color>ff00A5FF</color>
                    <colorMode>normal</colorMode>
                    <fill>1</fill>
                    <outline>1</outline>
                </PolyStyle>
            </Style>
            <Style id="1819">
                <LineStyle id="1821">
                    <color>ff00A5FF</color>
                    <colorMode>normal</colorMode>
                    <width>1.5</width>
                </LineStyle>
                <PolyStyle id="1820">
                    <color>ff00A5FF</color>
                    <colorMode>normal</colorMode>
                    <fill>1</fill>
                    <outline>1</outline>
                </PolyStyle>
            </Style>
            <Style id="1828">
                <LineStyle id="1830">
                    <color>ff00A5FF</color>
                    <colorMode>normal</colorMode>
                    <width>1.5</width>
                </LineStyle>
                <PolyStyle id="1829">
                    <color>ff00A5FF</color>
                    <colorMode>normal</colorMode>
                    <fill>1</fill>
                    <outline>1</outline>
                </PolyStyle>
            </Style>
            <Style id="1837">
                <LineStyle id="1839">
                    <color>ff00A5FF</color>
                    <colorMode>normal</colorMode>
                    <width>1.5</width>
                </LineStyle>
                <PolyStyle id="1838">
                    <color>ff00A5FF</color>
                    <colorMode>normal</colorMode>
                    <fill>1</fill>
                    <outline>1</outline>
                </PolyStyle>
            </Style>
            <Style id="1846">
                <LineStyle id="1848">
                    <color>ff00A5FF</color>
                    <colorMode>normal</colorMode>
                    <width>1.5</width>
                </LineStyle>
                <PolyStyle id="1847">
                    <color>ff00A5FF</color>
                    <colorMode>normal</colorMode>
                    <fill>1</fill>
                    <outline>1</outline>
                </PolyStyle>
            </Style>
            <Style id="1855">
                <LineStyle id="1857">
                    <color>ff00A5FF</color>
                    <colorMode>normal</colorMode>
                    <width>1.5</width>
                </LineStyle>
                <PolyStyle id="1856">
                    <color>ff00A5FF</color>
                    <colorMode>normal</colorMode>
                    <fill>1</fill>
                    <outline>1</outline>
                </PolyStyle>
            </Style>
            <Style id="1864">
                <LineStyle id="1866">
                    <color>ff00A5FF</color>
                    <colorMode>normal</colorMode>
                    <width>1.5</width>
                </LineStyle>
                <PolyStyle id="1865">
                    <color>ff00A5FF</color>
                    <colorMode>normal</colorMode>
                    <fill>1</fill>
                    <outline>1</outline>
                </PolyStyle>
            </Style>
            <Style id="1873">
                <LineStyle id="1875">
                    <color>ff00A5FF</color>
                    <colorMode>normal</colorMode>
                    <width>1.5</width>
                </LineStyle>
                <PolyStyle id="1874">
                    <color>ff00A5FF</color>
                    <colorMode>normal</colorMode>
                    <fill>1</fill>
                    <outline>1</outline>
                </PolyStyle>
            </Style>
            <Style id="1882">
                <LineStyle id="1884">
                    <color>ff00A5FF</color>
                    <colorMode>normal</colorMode>
                    <width>1.5</width>
                </LineStyle>
                <PolyStyle id="1883">
                    <color>ff00A5FF</color>
                    <colorMode>normal</colorMode>
                    <fill>1</fill>
                    <outline>1</outline>
                </PolyStyle>
            </Style>
            <Style id="1891">
                <LineStyle id="1893">
                    <color>ff00A5FF</color>
                    <colorMode>normal</colorMode>
                    <width>1.5</width>
                </LineStyle>
                <PolyStyle id="1892">
                    <color>ff00A5FF</color>
                    <colorMode>normal</colorMode>
                    <fill>1</fill>
                    <outline>1</outline>
                </PolyStyle>
            </Style>
            <Style id="1900">
                <LineStyle id="1902">
                    <color>ff00A5FF</color>
                    <colorMode>normal</colorMode>
                    <width>1.5</width>
                </LineStyle>
                <PolyStyle id="1901">
                    <color>ff00A5FF</color>
                    <colorMode>normal</colorMode>
                    <fill>1</fill>
                    <outline>1</outline>
                </PolyStyle>
            </Style>
            <Style id="1909">
                <LineStyle id="1911">
                    <color>ff00A5FF</color>
                    <colorMode>normal</colorMode>
                    <width>1.5</width>
                </LineStyle>
                <PolyStyle id="1910">
                    <color>ff00A5FF</color>
                    <colorMode>normal</colorMode>
                    <fill>1</fill>
                    <outline>1</outline>
                </PolyStyle>
            </Style>
            <Style id="1918">
                <LineStyle id="1920">
                    <color>ff00A5FF</color>
                    <colorMode>normal</colorMode>
                    <width>1.5</width>
                </LineStyle>
                <PolyStyle id="1919">
                    <color>ff00A5FF</color>
                    <colorMode>normal</colorMode>
                    <fill>1</fill>
                    <outline>1</outline>
                </PolyStyle>
            </Style>
            <Style id="1927">
                <LineStyle id="1929">
                    <color>ff00A5FF</color>
                    <colorMode>normal</colorMode>
                    <width>1.5</width>
                </LineStyle>
                <PolyStyle id="1928">
                    <color>ff00A5FF</color>
                    <colorMode>normal</colorMode>
                    <fill>1</fill>
                    <outline>1</outline>
                </PolyStyle>
            </Style>
            <Style id="1936">
                <LineStyle id="1938">
                    <color>ff00A5FF</color>
                    <colorMode>normal</colorMode>
                    <width>1.5</width>
                </LineStyle>
                <PolyStyle id="1937">
                    <color>ff00A5FF</color>
                    <colorMode>normal</colorMode>
                    <fill>1</fill>
                    <outline>1</outline>
                </PolyStyle>
            </Style>
            <Style id="1945">
                <LineStyle id="1947">
                    <color>ff00A5FF</color>
                    <colorMode>normal</colorMode>
                    <width>1.5</width>
                </LineStyle>
                <PolyStyle id="1946">
                    <color>ff00A5FF</color>
                    <colorMode>normal</colorMode>
                    <fill>1</fill>
                    <outline>1</outline>
                </PolyStyle>
            </Style>
            <Style id="1954">
                <LineStyle id="1956">
                    <color>ff00A5FF</color>
                    <colorMode>normal</colorMode>
                    <width>1.5</width>
                </LineStyle>
                <PolyStyle id="1955">
                    <color>ff00A5FF</color>
                    <colorMode>normal</colorMode>
                    <fill>1</fill>
                    <outline>1</outline>
                </PolyStyle>
            </Style>
            <Style id="1963">
                <LineStyle id="1965">
                    <color>ff00A5FF</color>
                    <colorMode>normal</colorMode>
                    <width>1.5</width>
                </LineStyle>
                <PolyStyle id="1964">
                    <color>ff00A5FF</color>
                    <colorMode>normal</colorMode>
                    <fill>1</fill>
                    <outline>1</outline>
                </PolyStyle>
            </Style>
            <Style id="1972">
                <LineStyle id="1974">
                    <color>ff00A5FF</color>
                    <colorMode>normal</colorMode>
                    <width>1.5</width>
                </LineStyle>
                <PolyStyle id="1973">
                    <color>ff00A5FF</color>
                    <colorMode>normal</colorMode>
                    <fill>1</fill>
                    <outline>1</outline>
                </PolyStyle>
            </Style>
            <Style id="1981">
                <LineStyle id="1983">
                    <color>ff00A5FF</color>
                    <colorMode>normal</colorMode>
                    <width>1.5</width>
                </LineStyle>
                <PolyStyle id="1982">
                    <color>ff00A5FF</color>
                    <colorMode>normal</colorMode>
                    <fill>1</fill>
                    <outline>1</outline>
                </PolyStyle>
            </Style>
            <Style id="1990">
                <LineStyle id="1992">
                    <color>ff00A5FF</color>
                    <colorMode>normal</colorMode>
                    <width>1.5</width>
                </LineStyle>
                <PolyStyle id="1991">
                    <color>ff00A5FF</color>
                    <colorMode>normal</colorMode>
                    <fill>1</fill>
                    <outline>1</outline>
                </PolyStyle>
            </Style>
            <Style id="1999">
                <LineStyle id="2001">
                    <color>ff00A5FF</color>
                    <colorMode>normal</colorMode>
                    <width>1.5</width>
                </LineStyle>
                <PolyStyle id="2000">
                    <color>ff00A5FF</color>
                    <colorMode>normal</colorMode>
                    <fill>1</fill>
                    <outline>1</outline>
                </PolyStyle>
            </Style>
            <Style id="2008">
                <LineStyle id="2010">
                    <color>ff00A5FF</color>
                    <colorMode>normal</colorMode>
                    <width>1.5</width>
                </LineStyle>
                <PolyStyle id="2009">
                    <color>ff00A5FF</color>
                    <colorMode>normal</colorMode>
                    <fill>1</fill>
                    <outline>1</outline>
                </PolyStyle>
            </Style>
            <Style id="2017">
                <LineStyle id="2019">
                    <color>ff00A5FF</color>
                    <colorMode>normal</colorMode>
                    <width>1.5</width>
                </LineStyle>
                <PolyStyle id="2018">
                    <color>ff00A5FF</color>
                    <colorMode>normal</colorMode>
                    <fill>1</fill>
                    <outline>1</outline>
                </PolyStyle>
            </Style>
            <Style id="2026">
                <LineStyle id="2028">
                    <color>ff00A5FF</color>
                    <colorMode>normal</colorMode>
                    <width>1.5</width>
                </LineStyle>
                <PolyStyle id="2027">
                    <color>ff00A5FF</color>
                    <colorMode>normal</colorMode>
                    <fill>1</fill>
                    <outline>1</outline>
                </PolyStyle>
            </Style>
            <Style id="2035">
                <LineStyle id="2037">
                    <color>ff00A5FF</color>
                    <colorMode>normal</colorMode>
                    <width>1.5</width>
                </LineStyle>
                <PolyStyle id="2036">
                    <color>ff00A5FF</color>
                    <colorMode>normal</colorMode>
                    <fill>1</fill>
                    <outline>1</outline>
                </PolyStyle>
            </Style>
            <name>Class 2</name>
            <Placemark id="1346">
                <name>Class 2 - 1</name>
                <styleUrl>#1351</styleUrl>
                <Polygon id="1345">
                    <outerBoundaryIs>
                        <LinearRing id="1349">
                            <coordinates>73.9582075100318,18.546886850516877,0.0 73.9582075100318,18.54661735593164,0.0 73.95847700461704,18.54661735593164,0.0 73.95847700461704,18.546886850516877,0.0 73.9582075100318,18.546886850516877,0.0</coordinates>
                        </LinearRing>
                    </outerBoundaryIs>
                </Polygon>
            </Placemark>
            <Placemark id="1355">
                <name>Class 2 - 2</name>
                <styleUrl>#1360</styleUrl>
                <Polygon id="1354">
                    <outerBoundaryIs>
                        <LinearRing id="1358">
                            <coordinates>73.96036346671369,18.546886850516877,0.0 73.96036346671369,18.54661735593164,0.0 73.96063296129893,18.54661735593164,0.0 73.96063296129893,18.546886850516877,0.0 73.96036346671369,18.546886850516877,0.0</coordinates>
                        </LinearRing>
                    </outerBoundaryIs>
                </Polygon>
            </Placemark>
            <Placemark id="1364">
                <name>Class 2 - 3</name>
                <styleUrl>#1369</styleUrl>
                <Polygon id="1363">
                    <outerBoundaryIs>
                        <LinearRing id="1367">
                            <coordinates>73.95928548837274,18.54661735593164,0.0 73.95928548837274,18.546347861346405,0.0 73.96009397212846,18.546347861346405,0.0 73.96009397212846,18.54607836676117,0.0 73.96036346671369,18.54607836676117,0.0 73.96036346671369,18.545808872175936,0.0 73.96063296129893,18.545808872175936,0.0 73.96063296129893,18.546347861346405,0.0 73.96036346671369,18.546347861346405,0.0 73.96036346671369,18.54661735593164,0.0 73.95928548837274,18.54661735593164,0.0</coordinates>
                        </LinearRing>
                    </outerBoundaryIs>
                </Polygon>
            </Placemark>
            <Placemark id="1373">
                <name>Class 2 - 4</name>
                <styleUrl>#1378</styleUrl>
                <Polygon id="1372">
                    <outerBoundaryIs>
                        <LinearRing id="1376">
                            <coordinates>73.95497357500898,18.54607836676117,0.0 73.95497357500898,18.545808872175936,0.0 73.95551256417944,18.545808872175936,0.0 73.95551256417944,18.54607836676117,0.0 73.95497357500898,18.54607836676117,0.0</coordinates>
                        </LinearRing>
                    </outerBoundaryIs>
                </Polygon>
            </Placemark>
            <Placemark id="1382">
                <name>Class 2 - 5</name>
                <styleUrl>#1387</styleUrl>
                <Polygon id="1381">
                    <outerBoundaryIs>
                        <LinearRing id="1385">
                            <coordinates>73.95389559666803,18.545808872175936,0.0 73.95389559666803,18.5455393775907,0.0 73.95416509125327,18.5455393775907,0.0 73.95416509125327,18.545808872175936,0.0 73.95389559666803,18.545808872175936,0.0</coordinates>
                        </LinearRing>
                    </outerBoundaryIs>
                </Polygon>
            </Placemark>
            <Placemark id="1391">
                <name>Class 2 - 6</name>
                <styleUrl>#1396</styleUrl>
                <Polygon id="1390">
                    <outerBoundaryIs>
                        <LinearRing id="1394">
                            <coordinates>73.96144144505463,18.545808872175936,0.0 73.96144144505463,18.5455393775907,0.0 73.96171093963987,18.5455393775907,0.0 73.96171093963987,18.545808872175936,0.0 73.96144144505463,18.545808872175936,0.0</coordinates>
                        </LinearRing>
                    </outerBoundaryIs>
                </Polygon>
            </Placemark>
            <Placemark id="1400">
                <name>Class 2 - 7</name>
                <styleUrl>#1405</styleUrl>
                <Polygon id="1399">
                    <outerBoundaryIs>
                        <LinearRing id="1403">
                            <coordinates>73.95227862915661,18.54607836676117,0.0 73.95227862915661,18.545808872175936,0.0 73.95173963998614,18.545808872175936,0.0 73.95173963998614,18.5455393775907,0.0 73.95200913457138,18.5455393775907,0.0 73.95200913457138,18.545269883005464,0.0 73.95227862915661,18.545269883005464,0.0 73.95227862915661,18.5455393775907,0.0 73.95254812374185,18.5455393775907,0.0 73.95254812374185,18.545269883005464,0.0 73.95308711291233,18.545269883005464,0.0 73.95308711291233,18.5455393775907,0.0 73.95335660749755,18.5455393775907,0.0 73.95335660749755,18.545808872175936,0.0 73.95254812374185,18.545808872175936,0.0 73.95254812374185,18.54607836676117,0.0 73.95227862915661,18.54607836676117,0.0</coordinates>
                        </LinearRing>
                    </outerBoundaryIs>
                </Polygon>
            </Placemark>
            <Placemark id="1409">
                <name>Class 2 - 8</name>
                <styleUrl>#1414</styleUrl>
                <Polygon id="1408">
                    <outerBoundaryIs>
                        <LinearRing id="1412">
                            <coordinates>73.95335660749755,18.5455393775907,0.0 73.95335660749755,18.545269883005464,0.0 73.9536261020828,18.545269883005464,0.0 73.9536261020828,18.5455393775907,0.0 73.95335660749755,18.5455393775907,0.0</coordinates>
                        </LinearRing>
                    </outerBoundaryIs>
                </Polygon>
            </Placemark>
            <Placemark id="1418">
                <name>Class 2 - 9</name>
                <styleUrl>#1423</styleUrl>
                <Polygon id="1417">
                    <outerBoundaryIs>
                        <LinearRing id="1421">
                            <coordinates>73.9460802536962,18.5455393775907,0.0 73.9460802536962,18.545000388420227,0.0 73.94634974828142,18.545000388420227,0.0 73.94634974828142,18.5455393775907,0.0 73.9460802536962,18.5455393775907,0.0</coordinates>
                        </LinearRing>
                    </outerBoundaryIs>
                </Polygon>
            </Placemark>
            <Placemark id="1427">
                <name>Class 2 - 10</name>
                <styleUrl>#1432</styleUrl>
                <Polygon id="1426">
                    <outerBoundaryIs>
                        <LinearRing id="1430">
                            <coordinates>73.9498531778895,18.54607836676117,0.0 73.9498531778895,18.545808872175936,0.0 73.94634974828142,18.545808872175936,0.0 73.94634974828142,18.5455393775907,0.0 73.9468887374519,18.5455393775907,0.0 73.9468887374519,18.545269883005464,0.0 73.94661924286666,18.545269883005464,0.0 73.94661924286666,18.545000388420227,0.0 73.94958368330425,18.545000388420227,0.0 73.94958368330425,18.54473089383499,0.0 73.9506616616452,18.54473089383499,0.0 73.9506616616452,18.545000388420227,0.0 73.95093115623044,18.545000388420227,0.0 73.95093115623044,18.545269883005464,0.0 73.95120065081566,18.545269883005464,0.0 73.95120065081566,18.54607836676117,0.0 73.95093115623044,18.54607836676117,0.0 73.95093115623044,18.545808872175936,0.0 73.9506616616452,18.545808872175936,0.0 73.9506616616452,18.54607836676117,0.0 73.9498531778895,18.54607836676117,0.0</coordinates>
                        </LinearRing>
                    </outerBoundaryIs>
                </Polygon>
            </Placemark>
            <Placemark id="1436">
                <name>Class 2 - 11</name>
                <styleUrl>#1441</styleUrl>
                <Polygon id="1435">
                    <outerBoundaryIs>
                        <LinearRing id="1439">
                            <coordinates>73.96171093963987,18.545269883005464,0.0 73.96171093963987,18.545000388420227,0.0 73.96198043422511,18.545000388420227,0.0 73.96198043422511,18.54473089383499,0.0 73.96224992881034,18.54473089383499,0.0 73.96224992881034,18.545000388420227,0.0 73.96251942339558,18.545000388420227,0.0 73.96251942339558,18.545269883005464,0.0 73.96171093963987,18.545269883005464,0.0</coordinates>
                        </LinearRing>
                    </outerBoundaryIs>
                </Polygon>
            </Placemark>
            <Placemark id="1445">
                <name>Class 2 - 12</name>
                <styleUrl>#1450</styleUrl>
                <Polygon id="1444">
                    <outerBoundaryIs>
                        <LinearRing id="1448">
                            <coordinates>73.96251942339558,18.54473089383499,0.0 73.96251942339558,18.544461399249755,0.0 73.96305841256606,18.544461399249755,0.0 73.96305841256606,18.54473089383499,0.0 73.96251942339558,18.54473089383499,0.0</coordinates>
                        </LinearRing>
                    </outerBoundaryIs>
                </Polygon>
            </Placemark>
            <Placemark id="1454">
                <name>Class 2 - 13</name>
                <styleUrl>#1459</styleUrl>
                <Polygon id="1453">
                    <outerBoundaryIs>
                        <LinearRing id="1457">
                            <coordinates>73.96332790715128,18.54473089383499,0.0 73.96332790715128,18.544461399249755,0.0 73.96359740173652,18.544461399249755,0.0 73.96359740173652,18.54473089383499,0.0 73.96332790715128,18.54473089383499,0.0</coordinates>
                        </LinearRing>
                    </outerBoundaryIs>
                </Polygon>
            </Placemark>
            <Placemark id="1463">
                <name>Class 2 - 14</name>
                <styleUrl>#1468</styleUrl>
                <Polygon id="1462">
                    <outerBoundaryIs>
                        <LinearRing id="1466">
                            <coordinates>73.96305841256606,18.544461399249755,0.0 73.96305841256606,18.54419190466452,0.0 73.96332790715128,18.54419190466452,0.0 73.96332790715128,18.544461399249755,0.0 73.96305841256606,18.544461399249755,0.0</coordinates>
                        </LinearRing>
                    </outerBoundaryIs>
                </Polygon>
            </Placemark>
            <Placemark id="1472">
                <name>Class 2 - 15</name>
                <styleUrl>#1477</styleUrl>
                <Polygon id="1471">
                    <outerBoundaryIs>
                        <LinearRing id="1475">
                            <coordinates>73.88813891787048,18.54419190466452,0.0 73.88813891787048,18.543922410079283,0.0 73.88840841245572,18.543922410079283,0.0 73.88840841245572,18.54419190466452,0.0 73.88813891787048,18.54419190466452,0.0</coordinates>
                        </LinearRing>
                    </outerBoundaryIs>
                </Polygon>
            </Placemark>
            <Placemark id="1481">
                <name>Class 2 - 16</name>
                <styleUrl>#1486</styleUrl>
                <Polygon id="1480">
                    <outerBoundaryIs>
                        <LinearRing id="1484">
                            <coordinates>73.89029487455237,18.54419190466452,0.0 73.89029487455237,18.543922410079283,0.0 73.8905643691376,18.543922410079283,0.0 73.8905643691376,18.54419190466452,0.0 73.89029487455237,18.54419190466452,0.0</coordinates>
                        </LinearRing>
                    </outerBoundaryIs>
                </Polygon>
            </Placemark>
            <Placemark id="1490">
                <name>Class 2 - 17</name>
                <styleUrl>#1495</styleUrl>
                <Polygon id="1489">
                    <outerBoundaryIs>
                        <LinearRing id="1493">
                            <coordinates>73.94527176994048,18.5455393775907,0.0 73.94527176994048,18.545269883005464,0.0 73.94500227535525,18.545269883005464,0.0 73.94500227535525,18.545000388420227,0.0 73.94473278077001,18.545000388420227,0.0 73.94473278077001,18.54473089383499,0.0 73.94446328618477,18.54473089383499,0.0 73.94446328618477,18.54419190466452,0.0 73.94419379159955,18.54419190466452,0.0 73.94419379159955,18.543922410079283,0.0 73.94473278077001,18.543922410079283,0.0 73.94473278077001,18.54419190466452,0.0 73.94527176994048,18.54419190466452,0.0 73.94527176994048,18.544461399249755,0.0 73.94554126452572,18.544461399249755,0.0 73.94554126452572,18.545000388420227,0.0 73.94581075911096,18.545000388420227,0.0 73.94581075911096,18.5455393775907,0.0 73.94527176994048,18.5455393775907,0.0</coordinates>
                        </LinearRing>
                    </outerBoundaryIs>
                </Polygon>
            </Placemark>
            <Placemark id="1499">
                <name>Class 2 - 18</name>
                <styleUrl>#1504</styleUrl>
                <Polygon id="1498">
                    <outerBoundaryIs>
                        <LinearRing id="1502">
                            <coordinates>73.96359740173652,18.54419190466452,0.0 73.96359740173652,18.543922410079283,0.0 73.96386689632176,18.543922410079283,0.0 73.96386689632176,18.543652915494047,0.0 73.96440588549223,18.543652915494047,0.0 73.96440588549223,18.543922410079283,0.0 73.96413639090699,18.543922410079283,0.0 73.96413639090699,18.54419190466452,0.0 73.96359740173652,18.54419190466452,0.0</coordinates>
                        </LinearRing>
                    </outerBoundaryIs>
                </Polygon>
            </Placemark>
            <Placemark id="1508">
                <name>Class 2 - 19</name>
                <styleUrl>#1513</styleUrl>
                <Polygon id="1507">
                    <outerBoundaryIs>
                        <LinearRing id="1511">
                            <coordinates>73.88517447743288,18.543922410079283,0.0 73.88517447743288,18.54338342090881,0.0 73.88706093952953,18.54338342090881,0.0 73.88706093952953,18.543652915494047,0.0 73.88759992870001,18.543652915494047,0.0 73.88759992870001,18.543922410079283,0.0 73.88598296118859,18.543922410079283,0.0 73.88598296118859,18.543652915494047,0.0 73.88571346660336,18.543652915494047,0.0 73.88571346660336,18.543922410079283,0.0 73.88517447743288,18.543922410079283,0.0</coordinates>
                        </LinearRing>
                    </outerBoundaryIs>
                </Polygon>
            </Placemark>
            <Placemark id="1517">
                <name>Class 2 - 20</name>
                <styleUrl>#1522</styleUrl>
                <Polygon id="1516">
                    <outerBoundaryIs>
                        <LinearRing id="1520">
                            <coordinates>73.88948639079666,18.54419190466452,0.0 73.88948639079666,18.543922410079283,0.0 73.88867790704096,18.543922410079283,0.0 73.88867790704096,18.543652915494047,0.0 73.88948639079666,18.543652915494047,0.0 73.88948639079666,18.54338342090881,0.0 73.8897558853819,18.54338342090881,0.0 73.8897558853819,18.54419190466452,0.0 73.88948639079666,18.54419190466452,0.0</coordinates>
                        </LinearRing>
                    </outerBoundaryIs>
                </Polygon>
            </Placemark>
            <Placemark id="1526">
                <name>Class 2 - 21</name>
                <styleUrl>#1531</styleUrl>
                <Polygon id="1525">
                    <outerBoundaryIs>
                        <LinearRing id="1529">
                            <coordinates>73.88840841245572,18.543652915494047,0.0 73.88840841245572,18.54338342090881,0.0 73.88867790704096,18.54338342090881,0.0 73.88867790704096,18.543652915494047,0.0 73.88840841245572,18.543652915494047,0.0</coordinates>
                        </LinearRing>
                    </outerBoundaryIs>
                </Polygon>
            </Placemark>
            <Placemark id="1535">
                <name>Class 2 - 22</name>
                <styleUrl>#1540</styleUrl>
                <Polygon id="1534">
                    <outerBoundaryIs>
                        <LinearRing id="1538">
                            <coordinates>73.96467538007747,18.543652915494047,0.0 73.96467538007747,18.54338342090881,0.0 73.96521436924793,18.54338342090881,0.0 73.96521436924793,18.543652915494047,0.0 73.96467538007747,18.543652915494047,0.0</coordinates>
                        </LinearRing>
                    </outerBoundaryIs>
                </Polygon>
            </Placemark>
            <Placemark id="1544">
                <name>Class 2 - 23</name>
                <styleUrl>#1549</styleUrl>
                <Polygon id="1543">
                    <outerBoundaryIs>
                        <LinearRing id="1547">
                            <coordinates>73.96575335841841,18.543922410079283,0.0 73.96575335841841,18.543652915494047,0.0 73.96548386383317,18.543652915494047,0.0 73.96548386383317,18.54338342090881,0.0 73.96602285300365,18.54338342090881,0.0 73.96602285300365,18.543922410079283,0.0 73.96575335841841,18.543922410079283,0.0</coordinates>
                        </LinearRing>
                    </outerBoundaryIs>
                </Polygon>
            </Placemark>
            <Placemark id="1553">
                <name>Class 2 - 24</name>
                <styleUrl>#1558</styleUrl>
                <Polygon id="1552">
                    <outerBoundaryIs>
                        <LinearRing id="1556">
                            <coordinates>73.96656184217412,18.543652915494047,0.0 73.96656184217412,18.54338342090881,0.0 73.96710083134458,18.54338342090881,0.0 73.96710083134458,18.543652915494047,0.0 73.96656184217412,18.543652915494047,0.0</coordinates>
                        </LinearRing>
                    </outerBoundaryIs>
                </Polygon>
            </Placemark>
            <Placemark id="1562">
                <name>Class 2 - 25</name>
                <styleUrl>#1567</styleUrl>
                <Polygon id="1561">
                    <outerBoundaryIs>
                        <LinearRing id="1565">
                            <coordinates>73.88463548826242,18.54338342090881,0.0 73.88463548826242,18.543113926323574,0.0 73.88490498284764,18.543113926323574,0.0 73.88490498284764,18.54338342090881,0.0 73.88463548826242,18.54338342090881,0.0</coordinates>
                        </LinearRing>
                    </outerBoundaryIs>
                </Polygon>
            </Placemark>
            <Placemark id="1571">
                <name>Class 2 - 26</name>
                <styleUrl>#1576</styleUrl>
                <Polygon id="1570">
                    <outerBoundaryIs>
                        <LinearRing id="1574">
                            <coordinates>73.96521436924793,18.54338342090881,0.0 73.96521436924793,18.543113926323574,0.0 73.96548386383317,18.543113926323574,0.0 73.96548386383317,18.54338342090881,0.0 73.96521436924793,18.54338342090881,0.0</coordinates>
                        </LinearRing>
                    </outerBoundaryIs>
                </Polygon>
            </Placemark>
            <Placemark id="1580">
                <name>Class 2 - 27</name>
                <styleUrl>#1585</styleUrl>
                <Polygon id="1579">
                    <outerBoundaryIs>
                        <LinearRing id="1583">
                            <coordinates>73.96602285300365,18.54338342090881,0.0 73.96602285300365,18.543113926323574,0.0 73.96656184217412,18.543113926323574,0.0 73.96656184217412,18.54338342090881,0.0 73.96602285300365,18.54338342090881,0.0</coordinates>
                        </LinearRing>
                    </outerBoundaryIs>
                </Polygon>
            </Placemark>
            <Placemark id="1589">
                <name>Class 2 - 28</name>
                <styleUrl>#1594</styleUrl>
                <Polygon id="1588">
                    <outerBoundaryIs>
                        <LinearRing id="1592">
                            <coordinates>73.96763982051506,18.543113926323574,0.0 73.96763982051506,18.54284443173834,0.0 73.96817880968553,18.54284443173834,0.0 73.96817880968553,18.543113926323574,0.0 73.96763982051506,18.543113926323574,0.0</coordinates>
                        </LinearRing>
                    </outerBoundaryIs>
                </Polygon>
            </Placemark>
            <Placemark id="1598">
                <name>Class 2 - 29</name>
                <styleUrl>#1603</styleUrl>
                <Polygon id="1597">
                    <outerBoundaryIs>
                        <LinearRing id="1601">
                            <coordinates>73.96844830427077,18.543113926323574,0.0 73.96844830427077,18.54284443173834,0.0 73.968717798856,18.54284443173834,0.0 73.968717798856,18.543113926323574,0.0 73.96844830427077,18.543113926323574,0.0</coordinates>
                        </LinearRing>
                    </outerBoundaryIs>
                </Polygon>
            </Placemark>
            <Placemark id="1607">
                <name>Class 2 - 30</name>
                <styleUrl>#1612</styleUrl>
                <Polygon id="1606">
                    <outerBoundaryIs>
                        <LinearRing id="1610">
                            <coordinates>73.89245083123426,18.543652915494047,0.0 73.89245083123426,18.54338342090881,0.0 73.89218133664902,18.54338342090881,0.0 73.89218133664902,18.543113926323574,0.0 73.89298982040472,18.543113926323574,0.0 73.89298982040472,18.54284443173834,0.0 73.89379830416044,18.54284443173834,0.0 73.89379830416044,18.542574937153105,0.0 73.8943372933309,18.542574937153105,0.0 73.8943372933309,18.54284443173834,0.0 73.89460678791615,18.54284443173834,0.0 73.89460678791615,18.543113926323574,0.0 73.89406779874567,18.543113926323574,0.0 73.89406779874567,18.54338342090881,0.0 73.89325931498996,18.54338342090881,0.0 73.89325931498996,18.543652915494047,0.0 73.89245083123426,18.543652915494047,0.0</coordinates>
                        </LinearRing>
                    </outerBoundaryIs>
                </Polygon>
            </Placemark>
            <Placemark id="1616">
                <name>Class 2 - 31</name>
                <styleUrl>#1621</styleUrl>
                <Polygon id="1615">
                    <outerBoundaryIs>
                        <LinearRing id="1619">
                            <coordinates>73.96898729344124,18.54284443173834,0.0 73.96898729344124,18.542574937153105,0.0 73.96925678802647,18.542574937153105,0.0 73.96925678802647,18.54284443173834,0.0 73.96898729344124,18.54284443173834,0.0</coordinates>
                        </LinearRing>
                    </outerBoundaryIs>
                </Polygon>
            </Placemark>
            <Placemark id="1625">
                <name>Class 2 - 32</name>
                <styleUrl>#1630</styleUrl>
                <Polygon id="1624">
                    <outerBoundaryIs>
                        <LinearRing id="1628">
                            <coordinates>73.89837971210945,18.542035947982633,0.0 73.89837971210945,18.541766453397397,0.0 73.89864920669469,18.541766453397397,0.0 73.89864920669469,18.542035947982633,0.0 73.89837971210945,18.542035947982633,0.0</coordinates>
                        </LinearRing>
                    </outerBoundaryIs>
                </Polygon>
            </Placemark>
            <Placemark id="1634">
                <name>Class 2 - 33</name>
                <styleUrl>#1639</styleUrl>
                <Polygon id="1633">
                    <outerBoundaryIs>
                        <LinearRing id="1637">
                            <coordinates>73.9708737555379,18.542035947982633,0.0 73.9708737555379,18.541766453397397,0.0 73.97141274470836,18.541766453397397,0.0 73.97141274470836,18.542035947982633,0.0 73.9708737555379,18.542035947982633,0.0</coordinates>
                        </LinearRing>
                    </outerBoundaryIs>
                </Polygon>
            </Placemark>
            <Placemark id="1643">
                <name>Class 2 - 34</name>
                <styleUrl>#1648</styleUrl>
                <Polygon id="1642">
                    <outerBoundaryIs>
                        <LinearRing id="1646">
                            <coordinates>73.89622375542756,18.542574937153105,0.0 73.89622375542756,18.542035947982633,0.0 73.8973017337685,18.542035947982633,0.0 73.8973017337685,18.541766453397397,0.0 73.89757122835374,18.541766453397397,0.0 73.89757122835374,18.54149695881216,0.0 73.8981102175242,18.54149695881216,0.0 73.8981102175242,18.541766453397397,0.0 73.89784072293897,18.541766453397397,0.0 73.89784072293897,18.54230544256787,0.0 73.89757122835374,18.54230544256787,0.0 73.89757122835374,18.542574937153105,0.0 73.89622375542756,18.542574937153105,0.0</coordinates>
                        </LinearRing>
                    </outerBoundaryIs>
                </Polygon>
            </Placemark>
            <Placemark id="1652">
                <name>Class 2 - 35</name>
                <styleUrl>#1657</styleUrl>
                <Polygon id="1651">
                    <outerBoundaryIs>
                        <LinearRing id="1655">
                            <coordinates>73.97141274470836,18.541766453397397,0.0 73.97141274470836,18.54149695881216,0.0 73.9716822392936,18.54149695881216,0.0 73.9716822392936,18.541766453397397,0.0 73.97141274470836,18.541766453397397,0.0</coordinates>
                        </LinearRing>
                    </outerBoundaryIs>
                </Polygon>
            </Placemark>
            <Placemark id="1661">
                <name>Class 2 - 36</name>
                <styleUrl>#1666</styleUrl>
                <Polygon id="1660">
                    <outerBoundaryIs>
                        <LinearRing id="1664">
                            <coordinates>73.97195173387884,18.541766453397397,0.0 73.97195173387884,18.54149695881216,0.0 73.97222122846406,18.54149695881216,0.0 73.97222122846406,18.541766453397397,0.0 73.97195173387884,18.541766453397397,0.0</coordinates>
                        </LinearRing>
                    </outerBoundaryIs>
                </Polygon>
            </Placemark>
            <Placemark id="1670">
                <name>Class 2 - 37</name>
                <styleUrl>#1675</styleUrl>
                <Polygon id="1669">
                    <outerBoundaryIs>
                        <LinearRing id="1673">
                            <coordinates>73.88086256406912,18.54338342090881,0.0 73.88086256406912,18.543113926323574,0.0 73.8800540803134,18.543113926323574,0.0 73.8800540803134,18.54284443173834,0.0 73.87789812363152,18.54284443173834,0.0 73.87789812363152,18.542574937153105,0.0 73.87735913446105,18.542574937153105,0.0 73.87735913446105,18.54230544256787,0.0 73.87682014529058,18.54230544256787,0.0 73.87682014529058,18.542035947982633,0.0 73.87520317777916,18.542035947982633,0.0 73.87520317777916,18.541766453397397,0.0 73.87493368319393,18.541766453397397,0.0 73.87493368319393,18.54149695881216,0.0 73.87466418860869,18.54149695881216,0.0 73.87466418860869,18.541227464226925,0.0 73.87493368319393,18.541227464226925,0.0 73.87493368319393,18.54095796964169,0.0 73.87520317777916,18.54095796964169,0.0 73.87520317777916,18.541227464226925,0.0 73.87601166153486,18.541227464226925,0.0 73.87601166153486,18.54149695881216,0.0 73.8770896398758,18.54149695881216,0.0 73.8770896398758,18.541766453397397,0.0 73.87789812363152,18.541766453397397,0.0 73.87789812363152,18.542035947982633,0.0 73.87843711280199,18.542035947982633,0.0 73.87843711280199,18.54230544256787,0.0 73.88032357489864,18.54230544256787,0.0 73.88032357489864,18.542574937153105,0.0 73.88086256406912,18.542574937153105,0.0 73.88086256406912,18.54230544256787,0.0 73.88113205865434,18.54230544256787,0.0 73.88113205865434,18.54284443173834,0.0 73.88274902616577,18.54284443173834,0.0 73.88274902616577,18.54338342090881,0.0 73.88086256406912,18.54338342090881,0.0</coordinates>
                        </LinearRing>
                    </outerBoundaryIs>
                </Polygon>
            </Placemark>
            <Placemark id="1679">
                <name>Class 2 - 38</name>
                <styleUrl>#1684</styleUrl>
                <Polygon id="1678">
                    <outerBoundaryIs>
                        <LinearRing id="1682">
                            <coordinates>73.90053566879133,18.54149695881216,0.0 73.90053566879133,18.541227464226925,0.0 73.90134415254704,18.541227464226925,0.0 73.90134415254704,18.54095796964169,0.0 73.90376960381415,18.54095796964169,0.0 73.90376960381415,18.541227464226925,0.0 73.9040390983994,18.541227464226925,0.0 73.9040390983994,18.54149695881216,0.0 73.90053566879133,18.54149695881216,0.0</coordinates>
                        </LinearRing>
                    </outerBoundaryIs>
                </Polygon>
            </Placemark>
            <Placemark id="1688">
                <name>Class 2 - 39</name>
                <styleUrl>#1693</styleUrl>
                <Polygon id="1687">
                    <outerBoundaryIs>
                        <LinearRing id="1691">
                            <coordinates>73.87385570485299,18.541227464226925,0.0 73.87385570485299,18.54095796964169,0.0 73.87466418860869,18.54095796964169,0.0 73.87466418860869,18.541227464226925,0.0 73.87385570485299,18.541227464226925,0.0</coordinates>
                        </LinearRing>
                    </outerBoundaryIs>
                </Polygon>
            </Placemark>
            <Placemark id="1697">
                <name>Class 2 - 40</name>
                <styleUrl>#1702</styleUrl>
                <Polygon id="1696">
                    <outerBoundaryIs>
                        <LinearRing id="1700">
                            <coordinates>73.9724907230493,18.541227464226925,0.0 73.9724907230493,18.54095796964169,0.0 73.97302971221977,18.54095796964169,0.0 73.97302971221977,18.541227464226925,0.0 73.9724907230493,18.541227464226925,0.0</coordinates>
                        </LinearRing>
                    </outerBoundaryIs>
                </Polygon>
            </Placemark>
            <Placemark id="1706">
                <name>Class 2 - 41</name>
                <styleUrl>#1711</styleUrl>
                <Polygon id="1705">
                    <outerBoundaryIs>
                        <LinearRing id="1709">
                            <coordinates>73.94203783491766,18.541766453397397,0.0 73.94203783491766,18.54149695881216,0.0 73.94176834033242,18.54149695881216,0.0 73.94176834033242,18.541227464226925,0.0 73.94149884574718,18.541227464226925,0.0 73.94149884574718,18.54095796964169,0.0 73.94176834033242,18.54095796964169,0.0 73.94176834033242,18.540688475056452,0.0 73.94257682408812,18.540688475056452,0.0 73.94257682408812,18.541227464226925,0.0 73.94284631867336,18.541227464226925,0.0 73.94284631867336,18.541766453397397,0.0 73.94203783491766,18.541766453397397,0.0</coordinates>
                        </LinearRing>
                    </outerBoundaryIs>
                </Polygon>
            </Placemark>
            <Placemark id="1715">
                <name>Class 2 - 42</name>
                <styleUrl>#1720</styleUrl>
                <Polygon id="1714">
                    <outerBoundaryIs>
                        <LinearRing id="1718">
                            <coordinates>73.9048475821551,18.54149695881216,0.0 73.9048475821551,18.54095796964169,0.0 73.90727303342223,18.54095796964169,0.0 73.90727303342223,18.540688475056452,0.0 73.90969848468934,18.540688475056452,0.0 73.90969848468934,18.540418980471216,0.0 73.90996797927458,18.540418980471216,0.0 73.90996797927458,18.54095796964169,0.0 73.90969848468934,18.54095796964169,0.0 73.90969848468934,18.541227464226925,0.0 73.90942899010412,18.541227464226925,0.0 73.90942899010412,18.54095796964169,0.0 73.90862050634841,18.54095796964169,0.0 73.90862050634841,18.541227464226925,0.0 73.90835101176317,18.541227464226925,0.0 73.90835101176317,18.54095796964169,0.0 73.9078120225927,18.54095796964169,0.0 73.9078120225927,18.541227464226925,0.0 73.90592556049604,18.541227464226925,0.0 73.90592556049604,18.54149695881216,0.0 73.9048475821551,18.54149695881216,0.0</coordinates>
                        </LinearRing>
                    </outerBoundaryIs>
                </Polygon>
            </Placemark>
            <Placemark id="1724">
                <name>Class 2 - 43</name>
                <styleUrl>#1729</styleUrl>
                <Polygon id="1723">
                    <outerBoundaryIs>
                        <LinearRing id="1727">
                            <coordinates>73.87304722109727,18.54095796964169,0.0 73.87304722109727,18.540688475056452,0.0 73.87277772651204,18.540688475056452,0.0 73.87277772651204,18.540418980471216,0.0 73.87358621026775,18.540418980471216,0.0 73.87358621026775,18.540688475056452,0.0 73.87385570485299,18.540688475056452,0.0 73.87385570485299,18.54095796964169,0.0 73.87304722109727,18.54095796964169,0.0</coordinates>
                        </LinearRing>
                    </outerBoundaryIs>
                </Polygon>
            </Placemark>
            <Placemark id="1733">
                <name>Class 2 - 44</name>
                <styleUrl>#1738</styleUrl>
                <Polygon id="1732">
                    <outerBoundaryIs>
                        <LinearRing id="1736">
                            <coordinates>73.91023747385982,18.540688475056452,0.0 73.91023747385982,18.540418980471216,0.0 73.91050696844506,18.540418980471216,0.0 73.91050696844506,18.540688475056452,0.0 73.91023747385982,18.540688475056452,0.0</coordinates>
                        </LinearRing>
                    </outerBoundaryIs>
                </Polygon>
            </Placemark>
            <Placemark id="1742">
                <name>Class 2 - 45</name>
                <styleUrl>#1747</styleUrl>
                <Polygon id="1741">
                    <outerBoundaryIs>
                        <LinearRing id="1745">
                            <coordinates>73.8725082319268,18.540418980471216,0.0 73.8725082319268,18.54014948588598,0.0 73.87277772651204,18.54014948588598,0.0 73.87277772651204,18.540418980471216,0.0 73.8725082319268,18.540418980471216,0.0</coordinates>
                        </LinearRing>
                    </outerBoundaryIs>
                </Polygon>
            </Placemark>
            <Placemark id="1751">
                <name>Class 2 - 46</name>
                <styleUrl>#1756</styleUrl>
                <Polygon id="1750">
                    <outerBoundaryIs>
                        <LinearRing id="1754">
                            <coordinates>73.94149884574718,18.540418980471216,0.0 73.94149884574718,18.54014948588598,0.0 73.94176834033242,18.54014948588598,0.0 73.94176834033242,18.540418980471216,0.0 73.94149884574718,18.540418980471216,0.0</coordinates>
                        </LinearRing>
                    </outerBoundaryIs>
                </Polygon>
            </Placemark>
            <Placemark id="1760">
                <name>Class 2 - 47</name>
                <styleUrl>#1765</styleUrl>
                <Polygon id="1759">
                    <outerBoundaryIs>
                        <LinearRing id="1763">
                            <coordinates>73.94203783491766,18.540418980471216,0.0 73.94203783491766,18.539879991300747,0.0 73.94230732950288,18.539879991300747,0.0 73.94230732950288,18.540418980471216,0.0 73.94203783491766,18.540418980471216,0.0</coordinates>
                        </LinearRing>
                    </outerBoundaryIs>
                </Polygon>
            </Placemark>
            <Placemark id="1769">
                <name>Class 2 - 48</name>
                <styleUrl>#1774</styleUrl>
                <Polygon id="1768">
                    <outerBoundaryIs>
                        <LinearRing id="1772">
                            <coordinates>73.87143025358586,18.540418980471216,0.0 73.87143025358586,18.54014948588598,0.0 73.87089126441539,18.54014948588598,0.0 73.87089126441539,18.53961049671551,0.0 73.87143025358586,18.53961049671551,0.0 73.87143025358586,18.539879991300747,0.0 73.87196924275634,18.539879991300747,0.0 73.87196924275634,18.54014948588598,0.0 73.87223873734156,18.54014948588598,0.0 73.87223873734156,18.540418980471216,0.0 73.87143025358586,18.540418980471216,0.0</coordinates>
                        </LinearRing>
                    </outerBoundaryIs>
                </Polygon>
            </Placemark>
            <Placemark id="1778">
                <name>Class 2 - 49</name>
                <styleUrl>#1783</styleUrl>
                <Polygon id="1777">
                    <outerBoundaryIs>
                        <LinearRing id="1781">
                            <coordinates>73.91185444137123,18.54014948588598,0.0 73.91185444137123,18.539879991300747,0.0 73.91239343054171,18.539879991300747,0.0 73.91239343054171,18.53961049671551,0.0 73.91427989263836,18.53961049671551,0.0 73.91427989263836,18.539879991300747,0.0 73.91401039805312,18.539879991300747,0.0 73.91401039805312,18.54014948588598,0.0 73.91185444137123,18.54014948588598,0.0</coordinates>
                        </LinearRing>
                    </outerBoundaryIs>
                </Polygon>
            </Placemark>
            <Placemark id="1787">
                <name>Class 2 - 50</name>
                <styleUrl>#1792</styleUrl>
                <Polygon id="1786">
                    <outerBoundaryIs>
                        <LinearRing id="1790">
                            <coordinates>73.91508837639407,18.539879991300747,0.0 73.91508837639407,18.53961049671551,0.0 73.91562736556453,18.53961049671551,0.0 73.91562736556453,18.539879991300747,0.0 73.91508837639407,18.539879991300747,0.0</coordinates>
                        </LinearRing>
                    </outerBoundaryIs>
                </Polygon>
            </Placemark>
            <Placemark id="1796">
                <name>Class 2 - 51</name>
                <styleUrl>#1801</styleUrl>
                <Polygon id="1795">
                    <outerBoundaryIs>
                        <LinearRing id="1799">
                            <coordinates>73.94149884574718,18.539879991300747,0.0 73.94149884574718,18.539341002130275,0.0 73.94203783491766,18.539341002130275,0.0 73.94203783491766,18.539879991300747,0.0 73.94149884574718,18.539879991300747,0.0</coordinates>
                        </LinearRing>
                    </outerBoundaryIs>
                </Polygon>
            </Placemark>
            <Placemark id="1805">
                <name>Class 2 - 52</name>
                <styleUrl>#1810</styleUrl>
                <Polygon id="1804">
                    <outerBoundaryIs>
                        <LinearRing id="1808">
                            <coordinates>73.91562736556453,18.53961049671551,0.0 73.91562736556453,18.539341002130275,0.0 73.91589686014977,18.539341002130275,0.0 73.91589686014977,18.53961049671551,0.0 73.91562736556453,18.53961049671551,0.0</coordinates>
                        </LinearRing>
                    </outerBoundaryIs>
                </Polygon>
            </Placemark>
            <Placemark id="1814">
                <name>Class 2 - 53</name>
                <styleUrl>#1819</styleUrl>
                <Polygon id="1813">
                    <outerBoundaryIs>
                        <LinearRing id="1817">
                            <coordinates>73.91724433307596,18.539341002130275,0.0 73.91724433307596,18.53907150754504,0.0 73.9175138276612,18.53907150754504,0.0 73.9175138276612,18.539341002130275,0.0 73.91724433307596,18.539341002130275,0.0</coordinates>
                        </LinearRing>
                    </outerBoundaryIs>
                </Polygon>
            </Placemark>
            <Placemark id="1823">
                <name>Class 2 - 54</name>
                <styleUrl>#1828</styleUrl>
                <Polygon id="1822">
                    <outerBoundaryIs>
                        <LinearRing id="1826">
                            <coordinates>73.91859180600213,18.539341002130275,0.0 73.91859180600213,18.53907150754504,0.0 73.91993927892831,18.53907150754504,0.0 73.91993927892831,18.538802012959803,0.0 73.9212867518545,18.538802012959803,0.0 73.9212867518545,18.538532518374566,0.0 73.92155624643972,18.538532518374566,0.0 73.92155624643972,18.538802012959803,0.0 73.92263422478067,18.538802012959803,0.0 73.92263422478067,18.538532518374566,0.0 73.92344270853638,18.538532518374566,0.0 73.92344270853638,18.53907150754504,0.0 73.92074776268402,18.53907150754504,0.0 73.92074776268402,18.539341002130275,0.0 73.91859180600213,18.539341002130275,0.0</coordinates>
                        </LinearRing>
                    </outerBoundaryIs>
                </Polygon>
            </Placemark>
            <Placemark id="1832">
                <name>Class 2 - 55</name>
                <styleUrl>#1837</styleUrl>
                <Polygon id="1831">
                    <outerBoundaryIs>
                        <LinearRing id="1835">
                            <coordinates>73.92371220312161,18.53907150754504,0.0 73.92371220312161,18.538532518374566,0.0 73.92425119229209,18.538532518374566,0.0 73.92425119229209,18.53826302378933,0.0 73.9250596760478,18.53826302378933,0.0 73.9250596760478,18.537993529204094,0.0 73.92532917063303,18.537993529204094,0.0 73.92532917063303,18.53826302378933,0.0 73.9258681598035,18.53826302378933,0.0 73.9258681598035,18.537993529204094,0.0 73.92640714897398,18.537993529204094,0.0 73.92640714897398,18.537724034618858,0.0 73.92694613814444,18.537724034618858,0.0 73.92694613814444,18.537993529204094,0.0 73.9266766435592,18.537993529204094,0.0 73.9266766435592,18.53826302378933,0.0 73.92640714897398,18.53826302378933,0.0 73.92640714897398,18.538532518374566,0.0 73.92559866521826,18.538532518374566,0.0 73.92559866521826,18.538802012959803,0.0 73.92452068687732,18.538802012959803,0.0 73.92452068687732,18.53907150754504,0.0 73.92371220312161,18.53907150754504,0.0</coordinates>
                        </LinearRing>
                    </outerBoundaryIs>
                </Polygon>
            </Placemark>
            <Placemark id="1841">
                <name>Class 2 - 56</name>
                <styleUrl>#1846</styleUrl>
                <Polygon id="1840">
                    <outerBoundaryIs>
                        <LinearRing id="1844">
                            <coordinates>73.97437718514595,18.53907150754504,0.0 73.97437718514595,18.53826302378933,0.0 73.9746466797312,18.53826302378933,0.0 73.9746466797312,18.537724034618858,0.0 73.97491617431643,18.537724034618858,0.0 73.97491617431643,18.538532518374566,0.0 73.9746466797312,18.538532518374566,0.0 73.9746466797312,18.53907150754504,0.0 73.97437718514595,18.53907150754504,0.0</coordinates>
                        </LinearRing>
                    </outerBoundaryIs>
                </Polygon>
            </Placemark>
            <Placemark id="1850">
                <name>Class 2 - 57</name>
                <styleUrl>#1855</styleUrl>
                <Polygon id="1849">
                    <outerBoundaryIs>
                        <LinearRing id="1853">
                            <coordinates>73.92694613814444,18.53826302378933,0.0 73.92694613814444,18.537993529204094,0.0 73.92721563272968,18.537993529204094,0.0 73.92721563272968,18.537724034618858,0.0 73.92748512731491,18.537724034618858,0.0 73.92748512731491,18.53826302378933,0.0 73.92694613814444,18.53826302378933,0.0</coordinates>
                        </LinearRing>
                    </outerBoundaryIs>
                </Polygon>
            </Placemark>
            <Placemark id="1859">
                <name>Class 2 - 58</name>
                <styleUrl>#1864</styleUrl>
                <Polygon id="1858">
                    <outerBoundaryIs>
                        <LinearRing id="1862">
                            <coordinates>73.92775462190015,18.537993529204094,0.0 73.92775462190015,18.53745454003362,0.0 73.92829361107063,18.53745454003362,0.0 73.92829361107063,18.537993529204094,0.0 73.92775462190015,18.537993529204094,0.0</coordinates>
                        </LinearRing>
                    </outerBoundaryIs>
                </Polygon>
            </Placemark>
            <Placemark id="1868">
                <name>Class 2 - 59</name>
                <styleUrl>#1873</styleUrl>
                <Polygon id="1867">
                    <outerBoundaryIs>
                        <LinearRing id="1871">
                            <coordinates>73.94095985657671,18.539341002130275,0.0 73.94095985657671,18.538532518374566,0.0 73.94069036199147,18.538532518374566,0.0 73.94069036199147,18.53826302378933,0.0 73.94042086740623,18.53826302378933,0.0 73.94042086740623,18.537185045448386,0.0 73.94095985657671,18.537185045448386,0.0 73.94095985657671,18.53826302378933,0.0 73.94149884574718,18.53826302378933,0.0 73.94149884574718,18.539341002130275,0.0 73.94095985657671,18.539341002130275,0.0</coordinates>
                        </LinearRing>
                    </outerBoundaryIs>
                </Polygon>
            </Placemark>
            <Placemark id="1877">
                <name>Class 2 - 60</name>
                <styleUrl>#1882</styleUrl>
                <Polygon id="1876">
                    <outerBoundaryIs>
                        <LinearRing id="1880">
                            <coordinates>73.97491617431643,18.53745454003362,0.0 73.97491617431643,18.53691555086315,0.0 73.97518566890166,18.53691555086315,0.0 73.97518566890166,18.53745454003362,0.0 73.97491617431643,18.53745454003362,0.0</coordinates>
                        </LinearRing>
                    </outerBoundaryIs>
                </Polygon>
            </Placemark>
            <Placemark id="1886">
                <name>Class 2 - 61</name>
                <styleUrl>#1891</styleUrl>
                <Polygon id="1885">
                    <outerBoundaryIs>
                        <LinearRing id="1889">
                            <coordinates>73.86469288895496,18.537185045448386,0.0 73.86469288895496,18.53691555086315,0.0 73.86523187812543,18.53691555086315,0.0 73.86523187812543,18.537185045448386,0.0 73.86469288895496,18.537185045448386,0.0</coordinates>
                        </LinearRing>
                    </outerBoundaryIs>
                </Polygon>
            </Placemark>
            <Placemark id="1895">
                <name>Class 2 - 62</name>
                <styleUrl>#1900</styleUrl>
                <Polygon id="1894">
                    <outerBoundaryIs>
                        <LinearRing id="1898">
                            <coordinates>73.92856310565585,18.537724034618858,0.0 73.92856310565585,18.537185045448386,0.0 73.9296410839968,18.537185045448386,0.0 73.9296410839968,18.53691555086315,0.0 73.92991057858204,18.53691555086315,0.0 73.92991057858204,18.536646056277917,0.0 73.9304495677525,18.536646056277917,0.0 73.9304495677525,18.53637656169268,0.0 73.93098855692298,18.53637656169268,0.0 73.93098855692298,18.536646056277917,0.0 73.93125805150822,18.536646056277917,0.0 73.93125805150822,18.53637656169268,0.0 73.93152754609345,18.53637656169268,0.0 73.93152754609345,18.536107067107444,0.0 73.93368350277534,18.536107067107444,0.0 73.93368350277534,18.536646056277917,0.0 73.93206653526393,18.536646056277917,0.0 73.93206653526393,18.53691555086315,0.0 73.93179704067869,18.53691555086315,0.0 73.93179704067869,18.536646056277917,0.0 73.93152754609345,18.536646056277917,0.0 73.93152754609345,18.53691555086315,0.0 73.93098855692298,18.53691555086315,0.0 73.93098855692298,18.537185045448386,0.0 73.93018007316728,18.537185045448386,0.0 73.93018007316728,18.53745454003362,0.0 73.9296410839968,18.53745454003362,0.0 73.9296410839968,18.537724034618858,0.0 73.92856310565585,18.537724034618858,0.0</coordinates>
                        </LinearRing>
                    </outerBoundaryIs>
                </Polygon>
            </Placemark>
            <Placemark id="1904">
                <name>Class 2 - 63</name>
                <styleUrl>#1909</styleUrl>
                <Polygon id="1903">
                    <outerBoundaryIs>
                        <LinearRing id="1907">
                            <coordinates>73.97491617431643,18.536646056277917,0.0 73.97491617431643,18.536107067107444,0.0 73.97518566890166,18.536107067107444,0.0 73.97518566890166,18.536646056277917,0.0 73.97491617431643,18.536646056277917,0.0</coordinates>
                        </LinearRing>
                    </outerBoundaryIs>
                </Polygon>
            </Placemark>
            <Placemark id="1913">
                <name>Class 2 - 64</name>
                <styleUrl>#1918</styleUrl>
                <Polygon id="1912">
                    <outerBoundaryIs>
                        <LinearRing id="1916">
                            <coordinates>73.93961238365053,18.537185045448386,0.0 73.93961238365053,18.53691555086315,0.0 73.93934288906529,18.53691555086315,0.0 73.93934288906529,18.536646056277917,0.0 73.93880389989482,18.536646056277917,0.0 73.93880389989482,18.53637656169268,0.0 73.93799541613912,18.53637656169268,0.0 73.93799541613912,18.536107067107444,0.0 73.93556996487199,18.536107067107444,0.0 73.93556996487199,18.53637656169268,0.0 73.93530047028676,18.53637656169268,0.0 73.93530047028676,18.536646056277917,0.0 73.93476148111628,18.536646056277917,0.0 73.93476148111628,18.53637656169268,0.0 73.93395299736058,18.53637656169268,0.0 73.93395299736058,18.535837572522208,0.0 73.93422249194582,18.535837572522208,0.0 73.93422249194582,18.536107067107444,0.0 73.93476148111628,18.536107067107444,0.0 73.93476148111628,18.535568077936972,0.0 73.93530047028676,18.535568077936972,0.0 73.93530047028676,18.535298583351736,0.0 73.93583945945723,18.535298583351736,0.0 73.93583945945723,18.5350290887665,0.0 73.93637844862769,18.5350290887665,0.0 73.93637844862769,18.535298583351736,0.0 73.93745642696864,18.535298583351736,0.0 73.93745642696864,18.535568077936972,0.0 73.93799541613912,18.535568077936972,0.0 73.93799541613912,18.535298583351736,0.0 73.93826491072436,18.535298583351736,0.0 73.93826491072436,18.535568077936972,0.0 73.93907339448006,18.535568077936972,0.0 73.93907339448006,18.535837572522208,0.0 73.93961238365053,18.535837572522208,0.0 73.93961238365053,18.536107067107444,0.0 73.93988187823577,18.536107067107444,0.0 73.93988187823577,18.53637656169268,0.0 73.940151372821,18.53637656169268,0.0 73.940151372821,18.536646056277917,0.0 73.94042086740623,18.536646056277917,0.0 73.94042086740623,18.537185045448386,0.0 73.93961238365053,18.537185045448386,0.0</coordinates>
                        </LinearRing>
                    </outerBoundaryIs>
                </Polygon>
            </Placemark>
            <Placemark id="1922">
                <name>Class 2 - 65</name>
                <styleUrl>#1927</styleUrl>
                <Polygon id="1921">
                    <outerBoundaryIs>
                        <LinearRing id="1925">
                            <coordinates>73.9754551634869,18.535298583351736,0.0 73.9754551634869,18.5350290887665,0.0 73.97572465807214,18.5350290887665,0.0 73.97572465807214,18.535298583351736,0.0 73.9754551634869,18.535298583351736,0.0</coordinates>
                        </LinearRing>
                    </outerBoundaryIs>
                </Polygon>
            </Placemark>
            <Placemark id="1931">
                <name>Class 2 - 66</name>
                <styleUrl>#1936</styleUrl>
                <Polygon id="1930">
                    <outerBoundaryIs>
                        <LinearRing id="1934">
                            <coordinates>73.97599415265736,18.534759594181264,0.0 73.97599415265736,18.534490099596027,0.0 73.9762636472426,18.534490099596027,0.0 73.9762636472426,18.534759594181264,0.0 73.97599415265736,18.534759594181264,0.0</coordinates>
                        </LinearRing>
                    </outerBoundaryIs>
                </Polygon>
            </Placemark>
            <Placemark id="1940">
                <name>Class 2 - 67</name>
                <styleUrl>#1945</styleUrl>
                <Polygon id="1939">
                    <outerBoundaryIs>
                        <LinearRing id="1943">
                            <coordinates>73.86280642685831,18.533951110425555,0.0 73.86280642685831,18.533681615840322,0.0 73.86253693227307,18.533681615840322,0.0 73.86253693227307,18.533412121255086,0.0 73.86307592144355,18.533412121255086,0.0 73.86307592144355,18.533951110425555,0.0 73.86280642685831,18.533951110425555,0.0</coordinates>
                        </LinearRing>
                    </outerBoundaryIs>
                </Polygon>
            </Placemark>
            <Placemark id="1949">
                <name>Class 2 - 68</name>
                <styleUrl>#1954</styleUrl>
                <Polygon id="1948">
                    <outerBoundaryIs>
                        <LinearRing id="1952">
                            <coordinates>73.9762636472426,18.53422060501079,0.0 73.9762636472426,18.533412121255086,0.0 73.97653314182784,18.533412121255086,0.0 73.97653314182784,18.532873132084614,0.0 73.97707213099831,18.532873132084614,0.0 73.97707213099831,18.53314262666985,0.0 73.97734162558355,18.53314262666985,0.0 73.97734162558355,18.533412121255086,0.0 73.97680263641308,18.533412121255086,0.0 73.97680263641308,18.533681615840322,0.0 73.97653314182784,18.533681615840322,0.0 73.97653314182784,18.53422060501079,0.0 73.9762636472426,18.53422060501079,0.0</coordinates>
                        </LinearRing>
                    </outerBoundaryIs>
                </Polygon>
            </Placemark>
            <Placemark id="1958">
                <name>Class 2 - 69</name>
                <styleUrl>#1963</styleUrl>
                <Polygon id="1957">
                    <outerBoundaryIs>
                        <LinearRing id="1961">
                            <coordinates>73.85499108388647,18.53314262666985,0.0 73.85499108388647,18.532873132084614,0.0 73.85579956764218,18.532873132084614,0.0 73.85579956764218,18.53314262666985,0.0 73.85499108388647,18.53314262666985,0.0</coordinates>
                        </LinearRing>
                    </outerBoundaryIs>
                </Polygon>
            </Placemark>
            <Placemark id="1967">
                <name>Class 2 - 70</name>
                <styleUrl>#1972</styleUrl>
                <Polygon id="1966">
                    <outerBoundaryIs>
                        <LinearRing id="1970">
                            <coordinates>73.86145895393213,18.532603637499378,0.0 73.86145895393213,18.532064648328905,0.0 73.86172844851737,18.532064648328905,0.0 73.86172844851737,18.53233414291414,0.0 73.86199794310261,18.53233414291414,0.0 73.86199794310261,18.532603637499378,0.0 73.86145895393213,18.532603637499378,0.0</coordinates>
                        </LinearRing>
                    </outerBoundaryIs>
                </Polygon>
            </Placemark>
            <Placemark id="1976">
                <name>Class 2 - 71</name>
                <styleUrl>#1981</styleUrl>
                <Polygon id="1975">
                    <outerBoundaryIs>
                        <LinearRing id="1979">
                            <coordinates>73.85633855681264,18.53233414291414,0.0 73.85633855681264,18.53179515374367,0.0 73.85660805139788,18.53179515374367,0.0 73.85660805139788,18.531525659158433,0.0 73.85687754598312,18.531525659158433,0.0 73.85687754598312,18.531256164573197,0.0 73.8582250189093,18.531256164573197,0.0 73.8582250189093,18.53098666998796,0.0 73.85876400807977,18.53098666998796,0.0 73.85876400807977,18.531256164573197,0.0 73.85903350266501,18.531256164573197,0.0 73.85903350266501,18.53098666998796,0.0 73.85957249183548,18.53098666998796,0.0 73.85957249183548,18.531256164573197,0.0 73.86065047017642,18.531256164573197,0.0 73.86065047017642,18.53098666998796,0.0 73.86091996476166,18.53098666998796,0.0 73.86091996476166,18.531525659158433,0.0 73.86118945934689,18.531525659158433,0.0 73.86118945934689,18.53179515374367,0.0 73.86145895393213,18.53179515374367,0.0 73.86145895393213,18.532064648328905,0.0 73.86065047017642,18.532064648328905,0.0 73.86065047017642,18.53179515374367,0.0 73.86011148100596,18.53179515374367,0.0 73.86011148100596,18.531525659158433,0.0 73.85768602973883,18.531525659158433,0.0 73.85768602973883,18.53179515374367,0.0 73.85687754598312,18.53179515374367,0.0 73.85687754598312,18.532064648328905,0.0 73.85660805139788,18.532064648328905,0.0 73.85660805139788,18.53233414291414,0.0 73.85633855681264,18.53233414291414,0.0</coordinates>
                        </LinearRing>
                    </outerBoundaryIs>
                </Polygon>
            </Placemark>
            <Placemark id="1985">
                <name>Class 2 - 72</name>
                <styleUrl>#1990</styleUrl>
                <Polygon id="1984">
                    <outerBoundaryIs>
                        <LinearRing id="1988">
                            <coordinates>73.97868909850973,18.53098666998796,0.0 73.97868909850973,18.530717175402728,0.0 73.97895859309496,18.530717175402728,0.0 73.97895859309496,18.53098666998796,0.0 73.97868909850973,18.53098666998796,0.0</coordinates>
                        </LinearRing>
                    </outerBoundaryIs>
                </Polygon>
            </Placemark>
            <Placemark id="1994">
                <name>Class 2 - 73</name>
                <styleUrl>#1999</styleUrl>
                <Polygon id="1993">
                    <outerBoundaryIs>
                        <LinearRing id="1997">
                            <coordinates>73.97976707685068,18.530178186232256,0.0 73.97976707685068,18.52990869164702,0.0 73.9800365714359,18.52990869164702,0.0 73.9800365714359,18.530178186232256,0.0 73.97976707685068,18.530178186232256,0.0</coordinates>
                        </LinearRing>
                    </outerBoundaryIs>
                </Polygon>
            </Placemark>
            <Placemark id="2003">
                <name>Class 2 - 74</name>
                <styleUrl>#2008</styleUrl>
                <Polygon id="2002">
                    <outerBoundaryIs>
                        <LinearRing id="2006">
                            <coordinates>73.98030606602114,18.52990869164702,0.0 73.98030606602114,18.529369702476547,0.0 73.98084505519162,18.529369702476547,0.0 73.98084505519162,18.52910020789131,0.0 73.98111454977685,18.52910020789131,0.0 73.98111454977685,18.529369702476547,0.0 73.98138404436209,18.529369702476547,0.0 73.98138404436209,18.529639197061783,0.0 73.98057556060638,18.529639197061783,0.0 73.98057556060638,18.52990869164702,0.0 73.98030606602114,18.52990869164702,0.0</coordinates>
                        </LinearRing>
                    </outerBoundaryIs>
                </Polygon>
            </Placemark>
            <Placemark id="2012">
                <name>Class 2 - 75</name>
                <styleUrl>#2017</styleUrl>
                <Polygon id="2011">
                    <outerBoundaryIs>
                        <LinearRing id="2015">
                            <coordinates>73.98138404436209,18.529369702476547,0.0 73.98138404436209,18.52856121872084,0.0 73.98219252811779,18.52856121872084,0.0 73.98219252811779,18.528022229550366,0.0 73.98273151728827,18.528022229550366,0.0 73.98273151728827,18.527752734965134,0.0 73.98327050645874,18.527752734965134,0.0 73.98327050645874,18.527483240379897,0.0 73.98380949562922,18.527483240379897,0.0 73.98380949562922,18.52721374579466,0.0 73.98407899021444,18.52721374579466,0.0 73.98407899021444,18.526944251209425,0.0 73.98515696855539,18.526944251209425,0.0 73.98515696855539,18.52667475662419,0.0 73.98542646314063,18.52667475662419,0.0 73.98542646314063,18.526405262038953,0.0 73.98596545231109,18.526405262038953,0.0 73.98596545231109,18.526944251209425,0.0 73.98569595772587,18.526944251209425,0.0 73.98569595772587,18.52721374579466,0.0 73.98515696855539,18.52721374579466,0.0 73.98515696855539,18.527483240379897,0.0 73.98461797938492,18.527483240379897,0.0 73.98461797938492,18.527752734965134,0.0 73.98434848479968,18.527752734965134,0.0 73.98434848479968,18.528022229550366,0.0 73.98380949562922,18.528022229550366,0.0 73.98380949562922,18.528291724135602,0.0 73.98327050645874,18.528291724135602,0.0 73.98327050645874,18.52856121872084,0.0 73.98273151728827,18.52856121872084,0.0 73.98273151728827,18.528830713306075,0.0 73.98246202270303,18.528830713306075,0.0 73.98246202270303,18.52910020789131,0.0 73.98165353894733,18.52910020789131,0.0 73.98165353894733,18.529369702476547,0.0 73.98138404436209,18.529369702476547,0.0</coordinates>
                        </LinearRing>
                    </outerBoundaryIs>
                </Polygon>
            </Placemark>
            <Placemark id="2021">
                <name>Class 2 - 76</name>
                <styleUrl>#2026</styleUrl>
                <Polygon id="2020">
                    <outerBoundaryIs>
                        <LinearRing id="2024">
                            <coordinates>73.98623494689633,18.526944251209425,0.0 73.98623494689633,18.526135767453717,0.0 73.98650444148157,18.526135767453717,0.0 73.98650444148157,18.525596778283244,0.0 73.98731292523728,18.525596778283244,0.0 73.98731292523728,18.52586627286848,0.0 73.98758241982252,18.52586627286848,0.0 73.98758241982252,18.526405262038953,0.0 73.98704343065204,18.526405262038953,0.0 73.98704343065204,18.52667475662419,0.0 73.98650444148157,18.52667475662419,0.0 73.98650444148157,18.526944251209425,0.0 73.98623494689633,18.526944251209425,0.0</coordinates>
                        </LinearRing>
                    </outerBoundaryIs>
                </Polygon>
            </Placemark>
            <Placemark id="2030">
                <name>Class 2 - 77</name>
                <styleUrl>#2035</styleUrl>
                <Polygon id="2029">
                    <outerBoundaryIs>
                        <LinearRing id="2033">
                            <coordinates>73.98946888191917,18.524249305357067,0.0 73.98946888191917,18.52397981077183,0.0 73.98919938733393,18.52397981077183,0.0 73.98919938733393,18.523710316186595,0.0 73.9897383765044,18.523710316186595,0.0 73.9897383765044,18.523171327016122,0.0 73.99000787108963,18.523171327016122,0.0 73.99000787108963,18.52344082160136,0.0 73.99027736567487,18.52344082160136,0.0 73.99027736567487,18.523171327016122,0.0 73.99054686026011,18.523171327016122,0.0 73.99054686026011,18.52263233784565,0.0 73.99081635484534,18.52263233784565,0.0 73.99081635484534,18.522362843260414,0.0 73.99108584943058,18.522362843260414,0.0 73.99108584943058,18.52155435950471,0.0 73.99162483860106,18.52155435950471,0.0 73.99162483860106,18.521015370334236,0.0 73.99189433318628,18.521015370334236,0.0 73.99189433318628,18.520745875749,0.0 73.99243332235676,18.520745875749,0.0 73.99243332235676,18.52182385408994,0.0 73.99216382777152,18.52182385408994,0.0 73.99216382777152,18.522093348675178,0.0 73.99189433318628,18.522093348675178,0.0 73.99189433318628,18.52263233784565,0.0 73.99162483860106,18.52263233784565,0.0 73.99162483860106,18.523171327016122,0.0 73.99108584943058,18.523171327016122,0.0 73.99108584943058,18.523710316186595,0.0 73.99054686026011,18.523710316186595,0.0 73.99054686026011,18.524249305357067,0.0 73.98946888191917,18.524249305357067,0.0</coordinates>
                        </LinearRing>
                    </outerBoundaryIs>
                </Polygon>
            </Placemark>
        </Folder>
    </Document>
</kml>
