{"type":"FeatureCollection","name":"Bank erosion hotspot heat samples","period":"2016-2026","note":"Point density for MapLibre heatmap. Sampled every 2 px from the classed GroundOverlay; class 0 omitted. Not a surveyed bank line.","stride_px":2,"counts":{"1":2272,"2":212,"3":0,"4":0},"features":[{"type":"Feature","properties":{"class":1,"weight":0.25},"geometry":{"type":"Point","coordinates":[73.959319,18.547123]}},{"type":"Feature","properties":{"class":1,"weight":0.25},"geometry":{"type":"Point","coordinates":[73.959454,18.547123]}},{"type":"Feature","properties":{"class":1,"weight":0.25},"geometry":{"type":"Point","coordinates":[73.959589,18.547123]}},{"type":"Feature","properties":{"class":1,"weight":0.25},"geometry":{"type":"Point","coordinates":[73.959723,18.547123]}},{"type":"Feature","properties":{"class":1,"weight":0.25},"geometry":{"type":"Point","coordinates":[73.959319,18.546988]}},{"type":"Feature","properties":{"class":1,"weight":0.25},"geometry":{"type":"Point","coordinates":[73.959454,18.546988]}},{"type":"Feature","properties":{"class":1,"weight":0.25},"geometry":{"type":"Point","coordinates":[73.959589,18.546988]}},{"type":"Feature","properties":{"class":1,"weight":0.25},"geometry":{"type":"Point","coordinates":[73.959723,18.546988]}},{"type":"Feature","properties":{"class":1,"weight":0.25},"geometry":{"type":"Point","coordinates":[73.959319,18.546853]}},{"type":"Feature","properties":{"class":1,"weight":0.25},"geometry":{"type":"Point","coordinates":[73.959454,18.546853]}},{"type":"Feature","properties":{"class":1,"weight":0.25},"geometry":{"type":"Point","coordinates":[73.960397,18.546853]}},{"type":"Feature","properties":{"class":1,"weight":0.25},"geometry":{"type":"Point","coordinates":[73.960532,18.546853]}},{"type":"Feature","properties":{"class":1,"weight":0.25},"geometry":{"type":"Point","coordinates":[73.959319,18.546718]}},{"type":"Feature","properties":{"class":1,"weight":0.25},"geometry":{"type":"Point","coordinates":[73.959454,18.546718]}},{"type":"Feature","properties":{"class":1,"weight":0.25},"geometry":{"type":"Point","coordinates":[73.960397,18.546718]}},{"type":"Feature","properties":{"class":1,"weight":0.25},"geometry":{"type":"Point","coordinates":[73.960532,18.546718]}},{"type":"Feature","properties":{"class":1,"weight":0.25},"geometry":{"type":"Point","coordinates":[73.955816,18.546584]}},{"type":"Feature","properties":{"class":1,"weight":0.25},"geometry":{"type":"Point","coordinates":[73.95595,18.546584]}},{"type":"Feature","properties":{"class":1,"weight":0.25},"geometry":{"type":"Point","coordinates":[73.955816,18.546449]}},{"type":"Feature","properties":{"class":1,"weight":0.25},"geometry":{"type":"Point","coordinates":[73.95595,18.546449]}},{"type":"Feature","properties":{"class":1,"weight":0.25},"geometry":{"type":"Point","coordinates":[73.949617,18.546045]}},{"type":"Feature","properties":{"class":1,"weight":0.25},"geometry":{"type":"Point","coordinates":[73.949752,18.546045]}},{"type":"Feature","properties":{"class":1,"weight":0.25},"geometry":{"type":"Point","coordinates":[73.949887,18.546045]}},{"type":"Feature","properties":{"class":1,"weight":0.25},"geometry":{"type":"Point","coordinates":[73.950022,18.546045]}},{"type":"Feature","properties":{"class":1,"weight":0.25},"geometry":{"type":"Point","coordinates":[73.950156,18.546045]}},{"type":"Feature","properties":{"class":1,"weight":0.25},"geometry":{"type":"Point","coordinates":[73.950291,18.546045]}},{"type":"Feature","properties":{"class":1,"weight":0.25},"geometry":{"type":"Point","coordinates":[73.950426,18.546045]}},{"type":"Feature","properties":{"class":1,"weight":0.25},"geometry":{"type":"Point","coordinates":[73.950561,18.546045]}},{"type":"Feature","properties":{"class":1,"weight":0.25},"geometry":{"type":"Point","coordinates":[73.950695,18.546045]}},{"type":"Feature","properties":{"class":1,"weight":0.25},"geometry":{"type":"Point","coordinates":[73.95083,18.546045]}},{"type":"Feature","properties":{"class":1,"weight":0.25},"geometry":{"type":"Point","coordinates":[73.951504,18.546045]}},{"type":"Feature","properties":{"class":1,"weight":0.25},"geometry":{"type":"Point","coordinates":[73.951639,18.546045]}},{"type":"Feature","properties":{"class":1,"weight":0.25},"geometry":{"type":"Point","coordinates":[73.951773,18.546045]}},{"type":"Feature","properties":{"class":1,"weight":0.25},"geometry":{"type":"Point","coordinates":[73.951908,18.546045]}},{"type":"Feature","properties":{"class":1,"weight":0.25},"geometry":{"type":"Point","coordinates":[73.952312,18.546045]}},{"type":"Feature","properties":{"class":1,"weight":0.25},"geometry":{"type":"Point","coordinates":[73.952447,18.546045]}},{"type":"Feature","properties":{"class":1,"weight":0.25},"geometry":{"type":"Point","coordinates":[73.952851,18.546045]}},{"type":"Feature","properties":{"class":1,"weight":0.25},"geometry":{"type":"Point","coordinates":[73.952986,18.546045]}},{"type":"Feature","properties":{"class":1,"weight":0.25},"geometry":{"type":"Point","coordinates":[73.953929,18.546045]}},{"type":"Feature","properties":{"class":1,"weight":0.25},"geometry":{"type":"Point","coordinates":[73.954064,18.546045]}},{"type":"Feature","properties":{"class":2,"weight":0.5},"geometry":{"type":"Point","coordinates":[73.960667,18.546045]}},{"type":"Feature","properties":{"class":2,"weight":0.5},"geometry":{"type":"Point","coordinates":[73.960801,18.546045]}},{"type":"Feature","properties":{"class":1,"weight":0.25},"geometry":{"type":"Point","coordinates":[73.961206,18.546045]}},{"type":"Feature","properties":{"class":1,"weight":0.25},"geometry":{"type":"Point","coordinates":[73.96134,18.546045]}},{"type":"Feature","properties":{"class":1,"weight":0.25},"geometry":{"type":"Point","coordinates":[73.961475,18.546045]}},{"type":"Feature","properties":{"class":1,"weight":0.25},"geometry":{"type":"Point","coordinates":[73.96161,18.546045]}},{"type":"Feature","properties":{"class":1,"weight":0.25},"geometry":{"type":"Point","coordinates":[73.949617,18.54591]}},{"type":"Feature","properties":{"class":1,"weight":0.25},"geometry":{"type":"Point","coordinates":[73.949752,18.54591]}},{"type":"Feature","properties":{"class":1,"weight":0.25},"geometry":{"type":"Point","coordinates":[73.949887,18.54591]}},{"type":"Feature","properties":{"class":1,"weight":0.25},"geometry":{"type":"Point","coordinates":[73.950022,18.54591]}},{"type":"Feature","properties":{"class":1,"weight":0.25},"geometry":{"type":"Point","coordinates":[73.950156,18.54591]}},{"type":"Feature","properties":{"class":1,"weight":0.25},"geometry":{"type":"Point","coordinates":[73.950291,18.54591]}},{"type":"Feature","properties":{"class":1,"weight":0.25},"geometry":{"type":"Point","coordinates":[73.950426,18.54591]}},{"type":"Feature","properties":{"class":1,"weight":0.25},"geometry":{"type":"Point","coordinates":[73.950561,18.54591]}},{"type":"Feature","properties":{"class":1,"weight":0.25},"geometry":{"type":"Point","coordinates":[73.950695,18.54591]}},{"type":"Feature","properties":{"class":1,"weight":0.25},"geometry":{"type":"Point","coordinates":[73.95083,18.54591]}},{"type":"Feature","properties":{"class":1,"weight":0.25},"geometry":{"type":"Point","coordinates":[73.951504,18.54591]}},{"type":"Feature","properties":{"class":1,"weight":0.25},"geometry":{"type":"Point","coordinates":[73.951639,18.54591]}},{"type":"Feature","properties":{"class":1,"weight":0.25},"geometry":{"type":"Point","coordinates":[73.951773,18.54591]}},{"type":"Feature","properties":{"class":1,"weight":0.25},"geometry":{"type":"Point","coordinates":[73.951908,18.54591]}},{"type":"Feature","properties":{"class":1,"weight":0.25},"geometry":{"type":"Point","coordinates":[73.952312,18.54591]}},{"type":"Feature","properties":{"class":1,"weight":0.25},"geometry":{"type":"Point","coordinates":[73.952447,18.54591]}},{"type":"Feature","properties":{"class":1,"weight":0.25},"geometry":{"type":"Point","coordinates":[73.952851,18.54591]}},{"type":"Feature","properties":{"class":1,"weight":0.25},"geometry":{"type":"Point","coordinates":[73.952986,18.54591]}},{"type":"Feature","properties":{"class":1,"weight":0.25},"geometry":{"type":"Point","coordinates":[73.953929,18.54591]}},{"type":"Feature","properties":{"class":1,"weight":0.25},"geometry":{"type":"Point","coordinates":[73.954064,18.54591]}},{"type":"Feature","properties":{"class":2,"weight":0.5},"geometry":{"type":"Point","coordinates":[73.960667,18.54591]}},{"type":"Feature","properties":{"class":2,"weight":0.5},"geometry":{"type":"Point","coordinates":[73.960801,18.54591]}},{"type":"Feature","properties":{"class":1,"weight":0.25},"geometry":{"type":"Point","coordinates":[73.961206,18.54591]}},{"type":"Feature","properties":{"class":1,"weight":0.25},"geometry":{"type":"Point","coordinates":[73.96134,18.54591]}},{"type":"Feature","properties":{"class":1,"weight":0.25},"geometry":{"type":"Point","coordinates":[73.961475,18.54591]}},{"type":"Feature","properties":{"class":1,"weight":0.25},"geometry":{"type":"Point","coordinates":[73.96161,18.54591]}},{"type":"Feature","properties":{"class":1,"weight":0.25},"geometry":{"type":"Point","coordinates":[73.946114,18.545775]}},{"type":"Feature","properties":{"class":1,"weight":0.25},"geometry":{"type":"Point","coordinates":[73.946249,18.545775]}},{"type":"Feature","properties":{"class":1,"weight":0.25},"geometry":{"type":"Point","coordinates":[73.950695,18.545775]}},{"type":"Feature","properties":{"class":1,"weight":0.25},"geometry":{"type":"Point","coordinates":[73.95083,18.545775]}},{"type":"Feature","properties":{"class":1,"weight":0.25},"geometry":{"type":"Point","coordinates":[73.950965,18.545775]}},{"type":"Feature","properties":{"class":1,"weight":0.25},"geometry":{"type":"Point","coordinates":[73.9511,18.545775]}},{"type":"Feature","properties":{"class":1,"weight":0.25},"geometry":{"type":"Point","coordinates":[73.951234,18.545775]}},{"type":"Feature","properties":{"class":1,"weight":0.25},"geometry":{"type":"Point","coordinates":[73.951369,18.545775]}},{"type":"Feature","properties":{"class":1,"weight":0.25},"geometry":{"type":"Point","coordinates":[73.955007,18.545775]}},{"type":"Feature","properties":{"class":1,"weight":0.25},"geometry":{"type":"Point","coordinates":[73.955142,18.545775]}},{"type":"Feature","properties":{"class":1,"weight":0.25},"geometry":{"type":"Point","coordinates":[73.961745,18.545775]}},{"type":"Feature","properties":{"class":1,"weight":0.25},"geometry":{"type":"Point","coordinates":[73.961879,18.545775]}},{"type":"Feature","properties":{"class":1,"weight":0.25},"geometry":{"type":"Point","coordinates":[73.962014,18.545775]}},{"type":"Feature","properties":{"class":1,"weight":0.25},"geometry":{"type":"Point","coordinates":[73.962149,18.545775]}},{"type":"Feature","properties":{"class":1,"weight":0.25},"geometry":{"type":"Point","coordinates":[73.946114,18.54564]}},{"type":"Feature","properties":{"class":1,"weight":0.25},"geometry":{"type":"Point","coordinates":[73.946249,18.54564]}},{"type":"Feature","properties":{"class":1,"weight":0.25},"geometry":{"type":"Point","coordinates":[73.950695,18.54564]}},{"type":"Feature","properties":{"class":1,"weight":0.25},"geometry":{"type":"Point","coordinates":[73.95083,18.54564]}},{"type":"Feature","properties":{"class":1,"weight":0.25},"geometry":{"type":"Point","coordinates":[73.950965,18.54564]}},{"type":"Feature","properties":{"class":1,"weight":0.25},"geometry":{"type":"Point","coordinates":[73.9511,18.54564]}},{"type":"Feature","properties":{"class":1,"weight":0.25},"geometry":{"type":"Point","coordinates":[73.951234,18.54564]}},{"type":"Feature","properties":{"class":1,"weight":0.25},"geometry":{"type":"Point","coordinates":[73.951369,18.54564]}},{"type":"Feature","properties":{"class":1,"weight":0.25},"geometry":{"type":"Point","coordinates":[73.955007,18.54564]}},{"type":"Feature","properties":{"class":1,"weight":0.25},"geometry":{"type":"Point","coordinates":[73.955142,18.54564]}},{"type":"Feature","properties":{"class":1,"weight":0.25},"geometry":{"type":"Point","coordinates":[73.961745,18.54564]}},{"type":"Feature","properties":{"class":1,"weight":0.25},"geometry":{"type":"Point","coordinates":[73.961879,18.54564]}},{"type":"Feature","properties":{"class":1,"weight":0.25},"geometry":{"type":"Point","coordinates":[73.962014,18.54564]}},{"type":"Feature","properties":{"class":1,"weight":0.25},"geometry":{"type":"Point","coordinates":[73.962149,18.54564]}},{"type":"Feature","properties":{"class":1,"weight":0.25},"geometry":{"type":"Point","coordinates":[73.950695,18.545506]}},{"type":"Feature","properties":{"class":1,"weight":0.25},"geometry":{"type":"Point","coordinates":[73.95083,18.545506]}},{"type":"Feature","properties":{"class":1,"weight":0.25},"geometry":{"type":"Point","coordinates":[73.950965,18.545506]}},{"type":"Feature","properties":{"class":1,"weight":0.25},"geometry":{"type":"Point","coordinates":[73.9511,18.545506]}},{"type":"Feature","properties":{"class":2,"weight":0.5},"geometry":{"type":"Point","coordinates":[73.951234,18.545506]}},{"type":"Feature","properties":{"class":2,"weight":0.5},"geometry":{"type":"Point","coordinates":[73.951369,18.545506]}},{"type":"Feature","properties":{"class":1,"weight":0.25},"geometry":{"type":"Point","coordinates":[73.951504,18.545506]}},{"type":"Feature","properties":{"class":1,"weight":0.25},"geometry":{"type":"Point","coordinates":[73.951639,18.545506]}},{"type":"Feature","properties":{"class":1,"weight":0.25},"geometry":{"type":"Point","coordinates":[73.951773,18.545506]}},{"type":"Feature","properties":{"class":1,"weight":0.25},"geometry":{"type":"Point","coordinates":[73.951908,18.545506]}},{"type":"Feature","properties":{"class":1,"weight":0.25},"geometry":{"type":"Point","coordinates":[73.954199,18.545506]}},{"type":"Feature","properties":{"class":1,"weight":0.25},"geometry":{"type":"Point","coordinates":[73.954334,18.545506]}},{"type":"Feature","properties":{"class":1,"weight":0.25},"geometry":{"type":"Point","coordinates":[73.961206,18.545506]}},{"type":"Feature","properties":{"class":1,"weight":0.25},"geometry":{"type":"Point","coordinates":[73.96134,18.545506]}},{"type":"Feature","properties":{"class":1,"weight":0.25},"geometry":{"type":"Point","coordinates":[73.962553,18.545506]}},{"type":"Feature","properties":{"class":1,"weight":0.25},"geometry":{"type":"Point","coordinates":[73.962688,18.545506]}},{"type":"Feature","properties":{"class":1,"weight":0.25},"geometry":{"type":"Point","coordinates":[73.950695,18.545371]}},{"type":"Feature","properties":{"class":1,"weight":0.25},"geometry":{"type":"Point","coordinates":[73.95083,18.545371]}},{"type":"Feature","properties":{"class":1,"weight":0.25},"geometry":{"type":"Point","coordinates":[73.950965,18.545371]}},{"type":"Feature","properties":{"class":1,"weight":0.25},"geometry":{"type":"Point","coordinates":[73.9511,18.545371]}},{"type":"Feature","properties":{"class":2,"weight":0.5},"geometry":{"type":"Point","coordinates":[73.951234,18.545371]}},{"type":"Feature","properties":{"class":2,"weight":0.5},"geometry":{"type":"Point","coordinates":[73.951369,18.545371]}},{"type":"Feature","properties":{"class":1,"weight":0.25},"geometry":{"type":"Point","coordinates":[73.951504,18.545371]}},{"type":"Feature","properties":{"class":1,"weight":0.25},"geometry":{"type":"Point","coordinates":[73.951639,18.545371]}},{"type":"Feature","properties":{"class":1,"weight":0.25},"geometry":{"type":"Point","coordinates":[73.951773,18.545371]}},{"type":"Feature","properties":{"class":1,"weight":0.25},"geometry":{"type":"Point","coordinates":[73.951908,18.545371]}},{"type":"Feature","properties":{"class":1,"weight":0.25},"geometry":{"type":"Point","coordinates":[73.954199,18.545371]}},{"type":"Feature","properties":{"class":1,"weight":0.25},"geometry":{"type":"Point","coordinates":[73.954334,18.545371]}},{"type":"Feature","properties":{"class":1,"weight":0.25},"geometry":{"type":"Point","coordinates":[73.961206,18.545371]}},{"type":"Feature","properties":{"class":1,"weight":0.25},"geometry":{"type":"Point","coordinates":[73.96134,18.545371]}},{"type":"Feature","properties":{"class":1,"weight":0.25},"geometry":{"type":"Point","coordinates":[73.962553,18.545371]}},{"type":"Feature","properties":{"class":1,"weight":0.25},"geometry":{"type":"Point","coordinates":[73.962688,18.545371]}},{"type":"Feature","properties":{"class":1,"weight":0.25},"geometry":{"type":"Point","coordinates":[73.950695,18.545236]}},{"type":"Feature","properties":{"class":1,"weight":0.25},"geometry":{"type":"Point","coordinates":[73.95083,18.545236]}},{"type":"Feature","properties":{"class":1,"weight":0.25},"geometry":{"type":"Point","coordinates":[73.950965,18.545236]}},{"type":"Feature","properties":{"class":1,"weight":0.25},"geometry":{"type":"Point","coordinates":[73.9511,18.545236]}},{"type":"Feature","properties":{"class":1,"weight":0.25},"geometry":{"type":"Point","coordinates":[73.951234,18.545236]}},{"type":"Feature","properties":{"class":1,"weight":0.25},"geometry":{"type":"Point","coordinates":[73.951369,18.545236]}},{"type":"Feature","properties":{"class":1,"weight":0.25},"geometry":{"type":"Point","coordinates":[73.951504,18.545236]}},{"type":"Feature","properties":{"class":1,"weight":0.25},"geometry":{"type":"Point","coordinates":[73.951639,18.545236]}},{"type":"Feature","properties":{"class":1,"weight":0.25},"geometry":{"type":"Point","coordinates":[73.951773,18.545236]}},{"type":"Feature","properties":{"class":1,"weight":0.25},"geometry":{"type":"Point","coordinates":[73.951908,18.545236]}},{"type":"Feature","properties":{"class":1,"weight":0.25},"geometry":{"type":"Point","coordinates":[73.952043,18.545236]}},{"type":"Feature","properties":{"class":1,"weight":0.25},"geometry":{"type":"Point","coordinates":[73.952178,18.545236]}},{"type":"Feature","properties":{"class":2,"weight":0.5},"geometry":{"type":"Point","coordinates":[73.952312,18.545236]}},{"type":"Feature","properties":{"class":2,"weight":0.5},"geometry":{"type":"Point","coordinates":[73.952447,18.545236]}},{"type":"Feature","properties":{"class":1,"weight":0.25},"geometry":{"type":"Point","coordinates":[73.963092,18.545236]}},{"type":"Feature","properties":{"class":1,"weight":0.25},"geometry":{"type":"Point","coordinates":[73.963227,18.545236]}},{"type":"Feature","properties":{"class":1,"weight":0.25},"geometry":{"type":"Point","coordinates":[73.950695,18.545101]}},{"type":"Feature","properties":{"class":1,"weight":0.25},"geometry":{"type":"Point","coordinates":[73.95083,18.545101]}},{"type":"Feature","properties":{"class":1,"weight":0.25},"geometry":{"type":"Point","coordinates":[73.950965,18.545101]}},{"type":"Feature","properties":{"class":1,"weight":0.25},"geometry":{"type":"Point","coordinates":[73.9511,18.545101]}},{"type":"Feature","properties":{"class":1,"weight":0.25},"geometry":{"type":"Point","coordinates":[73.951234,18.545101]}},{"type":"Feature","properties":{"class":1,"weight":0.25},"geometry":{"type":"Point","coordinates":[73.951369,18.545101]}},{"type":"Feature","properties":{"class":1,"weight":0.25},"geometry":{"type":"Point","coordinates":[73.951504,18.545101]}},{"type":"Feature","properties":{"class":1,"weight":0.25},"geometry":{"type":"Point","coordinates":[73.951639,18.545101]}},{"type":"Feature","properties":{"class":1,"weight":0.25},"geometry":{"type":"Point","coordinates":[73.951773,18.545101]}},{"type":"Feature","properties":{"class":1,"weight":0.25},"geometry":{"type":"Point","coordinates":[73.951908,18.545101]}},{"type":"Feature","properties":{"class":1,"weight":0.25},"geometry":{"type":"Point","coordinates":[73.952043,18.545101]}},{"type":"Feature","properties":{"class":1,"weight":0.25},"geometry":{"type":"Point","coordinates":[73.952178,18.545101]}},{"type":"Feature","properties":{"class":2,"weight":0.5},"geometry":{"type":"Point","coordinates":[73.952312,18.545101]}},{"type":"Feature","properties":{"class":2,"weight":0.5},"geometry":{"type":"Point","coordinates":[73.952447,18.545101]}},{"type":"Feature","properties":{"class":1,"weight":0.25},"geometry":{"type":"Point","coordinates":[73.963092,18.545101]}},{"type":"Feature","properties":{"class":1,"weight":0.25},"geometry":{"type":"Point","coordinates":[73.963227,18.545101]}},{"type":"Feature","properties":{"class":1,"weight":0.25},"geometry":{"type":"Point","coordinates":[73.944227,18.544967]}},{"type":"Feature","properties":{"class":1,"weight":0.25},"geometry":{"type":"Point","coordinates":[73.944362,18.544967]}},{"type":"Feature","properties":{"class":1,"weight":0.25},"geometry":{"type":"Point","coordinates":[73.946114,18.544967]}},{"type":"Feature","properties":{"class":1,"weight":0.25},"geometry":{"type":"Point","coordinates":[73.946249,18.544967]}},{"type":"Feature","properties":{"class":1,"weight":0.25},"geometry":{"type":"Point","coordinates":[73.946383,18.544967]}},{"type":"Feature","properties":{"class":1,"weight":0.25},"geometry":{"type":"Point","coordinates":[73.946518,18.544967]}},{"type":"Feature","properties":{"class":2,"weight":0.5},"geometry":{"type":"Point","coordinates":[73.946653,18.544967]}},{"type":"Feature","properties":{"class":2,"weight":0.5},"geometry":{"type":"Point","coordinates":[73.946788,18.544967]}},{"type":"Feature","properties":{"class":1,"weight":0.25},"geometry":{"type":"Point","coordinates":[73.946922,18.544967]}},{"type":"Feature","properties":{"class":1,"weight":0.25},"geometry":{"type":"Point","coordinates":[73.947057,18.544967]}},{"type":"Feature","properties":{"class":1,"weight":0.25},"geometry":{"type":"Point","coordinates":[73.947192,18.544967]}},{"type":"Feature","properties":{"class":1,"weight":0.25},"geometry":{"type":"Point","coordinates":[73.947327,18.544967]}},{"type":"Feature","properties":{"class":1,"weight":0.25},"geometry":{"type":"Point","coordinates":[73.947461,18.544967]}},{"type":"Feature","properties":{"class":1,"weight":0.25},"geometry":{"type":"Point","coordinates":[73.947596,18.544967]}},{"type":"Feature","properties":{"class":1,"weight":0.25},"geometry":{"type":"Point","coordinates":[73.947731,18.544967]}},{"type":"Feature","properties":{"class":1,"weight":0.25},"geometry":{"type":"Point","coordinates":[73.947866,18.544967]}},{"type":"Feature","properties":{"class":2,"weight":0.5},"geometry":{"type":"Point","coordinates":[73.948,18.544967]}},{"type":"Feature","properties":{"class":2,"weight":0.5},"geometry":{"type":"Point","coordinates":[73.948135,18.544967]}},{"type":"Feature","properties":{"class":1,"weight":0.25},"geometry":{"type":"Point","coordinates":[73.94827,18.544967]}},{"type":"Feature","properties":{"class":1,"weight":0.25},"geometry":{"type":"Point","coordinates":[73.948405,18.544967]}},{"type":"Feature","properties":{"class":1,"weight":0.25},"geometry":{"type":"Point","coordinates":[73.948539,18.544967]}},{"type":"Feature","properties":{"class":1,"weight":0.25},"geometry":{"type":"Point","coordinates":[73.948674,18.544967]}},{"type":"Feature","properties":{"class":1,"weight":0.25},"geometry":{"type":"Point","coordinates":[73.948809,18.544967]}},{"type":"Feature","properties":{"class":1,"weight":0.25},"geometry":{"type":"Point","coordinates":[73.948944,18.544967]}},{"type":"Feature","properties":{"class":1,"weight":0.25},"geometry":{"type":"Point","coordinates":[73.949078,18.544967]}},{"type":"Feature","properties":{"class":1,"weight":0.25},"geometry":{"type":"Point","coordinates":[73.949213,18.544967]}},{"type":"Feature","properties":{"class":1,"weight":0.25},"geometry":{"type":"Point","coordinates":[73.950695,18.544967]}},{"type":"Feature","properties":{"class":1,"weight":0.25},"geometry":{"type":"Point","coordinates":[73.95083,18.544967]}},{"type":"Feature","properties":{"class":1,"weight":0.25},"geometry":{"type":"Point","coordinates":[73.950965,18.544967]}},{"type":"Feature","properties":{"class":1,"weight":0.25},"geometry":{"type":"Point","coordinates":[73.9511,18.544967]}},{"type":"Feature","properties":{"class":2,"weight":0.5},"geometry":{"type":"Point","coordinates":[73.951234,18.544967]}},{"type":"Feature","properties":{"class":2,"weight":0.5},"geometry":{"type":"Point","coordinates":[73.951369,18.544967]}},{"type":"Feature","properties":{"class":1,"weight":0.25},"geometry":{"type":"Point","coordinates":[73.951504,18.544967]}},{"type":"Feature","properties":{"class":1,"weight":0.25},"geometry":{"type":"Point","coordinates":[73.951639,18.544967]}},{"type":"Feature","properties":{"class":1,"weight":0.25},"geometry":{"type":"Point","coordinates":[73.951773,18.544967]}},{"type":"Feature","properties":{"class":1,"weight":0.25},"geometry":{"type":"Point","coordinates":[73.951908,18.544967]}},{"type":"Feature","properties":{"class":1,"weight":0.25},"geometry":{"type":"Point","coordinates":[73.963362,18.544967]}},{"type":"Feature","properties":{"class":1,"weight":0.25},"geometry":{"type":"Point","coordinates":[73.963496,18.544967]}},{"type":"Feature","properties":{"class":1,"weight":0.25},"geometry":{"type":"Point","coordinates":[73.944227,18.544832]}},{"type":"Feature","properties":{"class":1,"weight":0.25},"geometry":{"type":"Point","coordinates":[73.944362,18.544832]}},{"type":"Feature","properties":{"class":1,"weight":0.25},"geometry":{"type":"Point","coordinates":[73.946114,18.544832]}},{"type":"Feature","properties":{"class":1,"weight":0.25},"geometry":{"type":"Point","coordinates":[73.946249,18.544832]}},{"type":"Feature","properties":{"class":1,"weight":0.25},"geometry":{"type":"Point","coordinates":[73.946383,18.544832]}},{"type":"Feature","properties":{"class":1,"weight":0.25},"geometry":{"type":"Point","coordinates":[73.946518,18.544832]}},{"type":"Feature","properties":{"class":2,"weight":0.5},"geometry":{"type":"Point","coordinates":[73.946653,18.544832]}},{"type":"Feature","properties":{"class":2,"weight":0.5},"geometry":{"type":"Point","coordinates":[73.946788,18.544832]}},{"type":"Feature","properties":{"class":1,"weight":0.25},"geometry":{"type":"Point","coordinates":[73.946922,18.544832]}},{"type":"Feature","properties":{"class":1,"weight":0.25},"geometry":{"type":"Point","coordinates":[73.947057,18.544832]}},{"type":"Feature","properties":{"class":1,"weight":0.25},"geometry":{"type":"Point","coordinates":[73.947192,18.544832]}},{"type":"Feature","properties":{"class":1,"weight":0.25},"geometry":{"type":"Point","coordinates":[73.947327,18.544832]}},{"type":"Feature","properties":{"class":1,"weight":0.25},"geometry":{"type":"Point","coordinates":[73.947461,18.544832]}},{"type":"Feature","properties":{"class":1,"weight":0.25},"geometry":{"type":"Point","coordinates":[73.947596,18.544832]}},{"type":"Feature","properties":{"class":1,"weight":0.25},"geometry":{"type":"Point","coordinates":[73.947731,18.544832]}},{"type":"Feature","properties":{"class":1,"weight":0.25},"geometry":{"type":"Point","coordinates":[73.947866,18.544832]}},{"type":"Feature","properties":{"class":2,"weight":0.5},"geometry":{"type":"Point","coordinates":[73.948,18.544832]}},{"type":"Feature","properties":{"class":2,"weight":0.5},"geometry":{"type":"Point","coordinates":[73.948135,18.544832]}},{"type":"Feature","properties":{"class":1,"weight":0.25},"geometry":{"type":"Point","coordinates":[73.94827,18.544832]}},{"type":"Feature","properties":{"class":1,"weight":0.25},"geometry":{"type":"Point","coordinates":[73.948405,18.544832]}},{"type":"Feature","properties":{"class":1,"weight":0.25},"geometry":{"type":"Point","coordinates":[73.948539,18.544832]}},{"type":"Feature","properties":{"class":1,"weight":0.25},"geometry":{"type":"Point","coordinates":[73.948674,18.544832]}},{"type":"Feature","properties":{"class":1,"weight":0.25},"geometry":{"type":"Point","coordinates":[73.948809,18.544832]}},{"type":"Feature","properties":{"class":1,"weight":0.25},"geometry":{"type":"Point","coordinates":[73.948944,18.544832]}},{"type":"Feature","properties":{"class":1,"weight":0.25},"geometry":{"type":"Point","coordinates":[73.949078,18.544832]}},{"type":"Feature","properties":{"class":1,"weight":0.25},"geometry":{"type":"Point","coordinates":[73.949213,18.544832]}},{"type":"Feature","properties":{"class":1,"weight":0.25},"geometry":{"type":"Point","coordinates":[73.950695,18.544832]}},{"type":"Feature","properties":{"class":1,"weight":0.25},"geometry":{"type":"Point","coordinates":[73.95083,18.544832]}},{"type":"Feature","properties":{"class":1,"weight":0.25},"geometry":{"type":"Point","coordinates":[73.950965,18.544832]}},{"type":"Feature","properties":{"class":1,"weight":0.25},"geometry":{"type":"Point","coordinates":[73.9511,18.544832]}},{"type":"Feature","properties":{"class":2,"weight":0.5},"geometry":{"type":"Point","coordinates":[73.951234,18.544832]}},{"type":"Feature","properties":{"class":2,"weight":0.5},"geometry":{"type":"Point","coordinates":[73.951369,18.544832]}},{"type":"Feature","properties":{"class":1,"weight":0.25},"geometry":{"type":"Point","coordinates":[73.951504,18.544832]}},{"type":"Feature","properties":{"class":1,"weight":0.25},"geometry":{"type":"Point","coordinates":[73.951639,18.544832]}},{"type":"Feature","properties":{"class":1,"weight":0.25},"geometry":{"type":"Point","coordinates":[73.951773,18.544832]}},{"type":"Feature","properties":{"class":1,"weight":0.25},"geometry":{"type":"Point","coordinates":[73.951908,18.544832]}},{"type":"Feature","properties":{"class":1,"weight":0.25},"geometry":{"type":"Point","coordinates":[73.963362,18.544832]}},{"type":"Feature","properties":{"class":1,"weight":0.25},"geometry":{"type":"Point","coordinates":[73.963496,18.544832]}},{"type":"Feature","properties":{"class":1,"weight":0.25},"geometry":{"type":"Point","coordinates":[73.945575,18.544697]}},{"type":"Feature","properties":{"class":1,"weight":0.25},"geometry":{"type":"Point","coordinates":[73.94571,18.544697]}},{"type":"Feature","properties":{"class":1,"weight":0.25},"geometry":{"type":"Point","coordinates":[73.950426,18.544697]}},{"type":"Feature","properties":{"class":1,"weight":0.25},"geometry":{"type":"Point","coordinates":[73.950561,18.544697]}},{"type":"Feature","properties":{"class":2,"weight":0.5},"geometry":{"type":"Point","coordinates":[73.950695,18.544697]}},{"type":"Feature","properties":{"class":2,"weight":0.5},"geometry":{"type":"Point","coordinates":[73.95083,18.544697]}},{"type":"Feature","properties":{"class":2,"weight":0.5},"geometry":{"type":"Point","coordinates":[73.950965,18.544697]}},{"type":"Feature","properties":{"class":2,"weight":0.5},"geometry":{"type":"Point","coordinates":[73.9511,18.544697]}},{"type":"Feature","properties":{"class":2,"weight":0.5},"geometry":{"type":"Point","coordinates":[73.951234,18.544697]}},{"type":"Feature","properties":{"class":2,"weight":0.5},"geometry":{"type":"Point","coordinates":[73.951369,18.544697]}},{"type":"Feature","properties":{"class":2,"weight":0.5},"geometry":{"type":"Point","coordinates":[73.951504,18.544697]}},{"type":"Feature","properties":{"class":2,"weight":0.5},"geometry":{"type":"Point","coordinates":[73.951639,18.544697]}},{"type":"Feature","properties":{"class":1,"weight":0.25},"geometry":{"type":"Point","coordinates":[73.951773,18.544697]}},{"type":"Feature","properties":{"class":1,"weight":0.25},"geometry":{"type":"Point","coordinates":[73.951908,18.544697]}},{"type":"Feature","properties":{"class":1,"weight":0.25},"geometry":{"type":"Point","coordinates":[73.96417,18.544697]}},{"type":"Feature","properties":{"class":1,"weight":0.25},"geometry":{"type":"Point","coordinates":[73.964305,18.544697]}},{"type":"Feature","properties":{"class":1,"weight":0.25},"geometry":{"type":"Point","coordinates":[73.96444,18.544697]}},{"type":"Feature","properties":{"class":1,"weight":0.25},"geometry":{"type":"Point","coordinates":[73.964574,18.544697]}},{"type":"Feature","properties":{"class":1,"weight":0.25},"geometry":{"type":"Point","coordinates":[73.945575,18.544562]}},{"type":"Feature","properties":{"class":1,"weight":0.25},"geometry":{"type":"Point","coordinates":[73.94571,18.544562]}},{"type":"Feature","properties":{"class":1,"weight":0.25},"geometry":{"type":"Point","coordinates":[73.950426,18.544562]}},{"type":"Feature","properties":{"class":1,"weight":0.25},"geometry":{"type":"Point","coordinates":[73.950561,18.544562]}},{"type":"Feature","properties":{"class":2,"weight":0.5},"geometry":{"type":"Point","coordinates":[73.950695,18.544562]}},{"type":"Feature","properties":{"class":2,"weight":0.5},"geometry":{"type":"Point","coordinates":[73.95083,18.544562]}},{"type":"Feature","properties":{"class":2,"weight":0.5},"geometry":{"type":"Point","coordinates":[73.950965,18.544562]}},{"type":"Feature","properties":{"class":2,"weight":0.5},"geometry":{"type":"Point","coordinates":[73.9511,18.544562]}},{"type":"Feature","properties":{"class":2,"weight":0.5},"geometry":{"type":"Point","coordinates":[73.951234,18.544562]}},{"type":"Feature","properties":{"class":2,"weight":0.5},"geometry":{"type":"Point","coordinates":[73.951369,18.544562]}},{"type":"Feature","properties":{"class":2,"weight":0.5},"geometry":{"type":"Point","coordinates":[73.951504,18.544562]}},{"type":"Feature","properties":{"class":2,"weight":0.5},"geometry":{"type":"Point","coordinates":[73.951639,18.544562]}},{"type":"Feature","properties":{"class":1,"weight":0.25},"geometry":{"type":"Point","coordinates":[73.951773,18.544562]}},{"type":"Feature","properties":{"class":1,"weight":0.25},"geometry":{"type":"Point","coordinates":[73.951908,18.544562]}},{"type":"Feature","properties":{"class":1,"weight":0.25},"geometry":{"type":"Point","coordinates":[73.96417,18.544562]}},{"type":"Feature","properties":{"class":1,"weight":0.25},"geometry":{"type":"Point","coordinates":[73.964305,18.544562]}},{"type":"Feature","properties":{"class":1,"weight":0.25},"geometry":{"type":"Point","coordinates":[73.96444,18.544562]}},{"type":"Feature","properties":{"class":1,"weight":0.25},"geometry":{"type":"Point","coordinates":[73.964574,18.544562]}},{"type":"Feature","properties":{"class":1,"weight":0.25},"geometry":{"type":"Point","coordinates":[73.887095,18.544428]}},{"type":"Feature","properties":{"class":1,"weight":0.25},"geometry":{"type":"Point","coordinates":[73.887229,18.544428]}},{"type":"Feature","properties":{"class":1,"weight":0.25},"geometry":{"type":"Point","coordinates":[73.887364,18.544428]}},{"type":"Feature","properties":{"class":1,"weight":0.25},"geometry":{"type":"Point","coordinates":[73.887499,18.544428]}},{"type":"Feature","properties":{"class":1,"weight":0.25},"geometry":{"type":"Point","coordinates":[73.887634,18.544428]}},{"type":"Feature","properties":{"class":1,"weight":0.25},"geometry":{"type":"Point","coordinates":[73.887768,18.544428]}},{"type":"Feature","properties":{"class":1,"weight":0.25},"geometry":{"type":"Point","coordinates":[73.887903,18.544428]}},{"type":"Feature","properties":{"class":1,"weight":0.25},"geometry":{"type":"Point","coordinates":[73.888038,18.544428]}},{"type":"Feature","properties":{"class":1,"weight":0.25},"geometry":{"type":"Point","coordinates":[73.888173,18.544428]}},{"type":"Feature","properties":{"class":1,"weight":0.25},"geometry":{"type":"Point","coordinates":[73.888307,18.544428]}},{"type":"Feature","properties":{"class":1,"weight":0.25},"geometry":{"type":"Point","coordinates":[73.888712,18.544428]}},{"type":"Feature","properties":{"class":1,"weight":0.25},"geometry":{"type":"Point","coordinates":[73.888846,18.544428]}},{"type":"Feature","properties":{"class":1,"weight":0.25},"geometry":{"type":"Point","coordinates":[73.888981,18.544428]}},{"type":"Feature","properties":{"class":1,"weight":0.25},"geometry":{"type":"Point","coordinates":[73.889116,18.544428]}},{"type":"Feature","properties":{"class":1,"weight":0.25},"geometry":{"type":"Point","coordinates":[73.889251,18.544428]}},{"type":"Feature","properties":{"class":1,"weight":0.25},"geometry":{"type":"Point","coordinates":[73.889385,18.544428]}},{"type":"Feature","properties":{"class":1,"weight":0.25},"geometry":{"type":"Point","coordinates":[73.891137,18.544428]}},{"type":"Feature","properties":{"class":1,"weight":0.25},"geometry":{"type":"Point","coordinates":[73.891272,18.544428]}},{"type":"Feature","properties":{"class":1,"weight":0.25},"geometry":{"type":"Point","coordinates":[73.945036,18.544428]}},{"type":"Feature","properties":{"class":1,"weight":0.25},"geometry":{"type":"Point","coordinates":[73.945171,18.544428]}},{"type":"Feature","properties":{"class":1,"weight":0.25},"geometry":{"type":"Point","coordinates":[73.965248,18.544428]}},{"type":"Feature","properties":{"class":1,"weight":0.25},"geometry":{"type":"Point","coordinates":[73.965383,18.544428]}},{"type":"Feature","properties":{"class":1,"weight":0.25},"geometry":{"type":"Point","coordinates":[73.965518,18.544428]}},{"type":"Feature","properties":{"class":1,"weight":0.25},"geometry":{"type":"Point","coordinates":[73.965652,18.544428]}},{"type":"Feature","properties":{"class":1,"weight":0.25},"geometry":{"type":"Point","coordinates":[73.887095,18.544293]}},{"type":"Feature","properties":{"class":1,"weight":0.25},"geometry":{"type":"Point","coordinates":[73.887229,18.544293]}},{"type":"Feature","properties":{"class":1,"weight":0.25},"geometry":{"type":"Point","coordinates":[73.887364,18.544293]}},{"type":"Feature","properties":{"class":1,"weight":0.25},"geometry":{"type":"Point","coordinates":[73.887499,18.544293]}},{"type":"Feature","properties":{"class":1,"weight":0.25},"geometry":{"type":"Point","coordinates":[73.887634,18.544293]}},{"type":"Feature","properties":{"class":1,"weight":0.25},"geometry":{"type":"Point","coordinates":[73.887768,18.544293]}},{"type":"Feature","properties":{"class":1,"weight":0.25},"geometry":{"type":"Point","coordinates":[73.887903,18.544293]}},{"type":"Feature","properties":{"class":1,"weight":0.25},"geometry":{"type":"Point","coordinates":[73.888038,18.544293]}},{"type":"Feature","properties":{"class":1,"weight":0.25},"geometry":{"type":"Point","coordinates":[73.888173,18.544293]}},{"type":"Feature","properties":{"class":1,"weight":0.25},"geometry":{"type":"Point","coordinates":[73.888307,18.544293]}},{"type":"Feature","properties":{"class":1,"weight":0.25},"geometry":{"type":"Point","coordinates":[73.888712,18.544293]}},{"type":"Feature","properties":{"class":1,"weight":0.25},"geometry":{"type":"Point","coordinates":[73.888846,18.544293]}},{"type":"Feature","properties":{"class":1,"weight":0.25},"geometry":{"type":"Point","coordinates":[73.888981,18.544293]}},{"type":"Feature","properties":{"class":1,"weight":0.25},"geometry":{"type":"Point","coordinates":[73.889116,18.544293]}},{"type":"Feature","properties":{"class":1,"weight":0.25},"geometry":{"type":"Point","coordinates":[73.889251,18.544293]}},{"type":"Feature","properties":{"class":1,"weight":0.25},"geometry":{"type":"Point","coordinates":[73.889385,18.544293]}},{"type":"Feature","properties":{"class":1,"weight":0.25},"geometry":{"type":"Point","coordinates":[73.891137,18.544293]}},{"type":"Feature","properties":{"class":1,"weight":0.25},"geometry":{"type":"Point","coordinates":[73.891272,18.544293]}},{"type":"Feature","properties":{"class":1,"weight":0.25},"geometry":{"type":"Point","coordinates":[73.945036,18.544293]}},{"type":"Feature","properties":{"class":1,"weight":0.25},"geometry":{"type":"Point","coordinates":[73.945171,18.544293]}},{"type":"Feature","properties":{"class":1,"weight":0.25},"geometry":{"type":"Point","coordinates":[73.965248,18.544293]}},{"type":"Feature","properties":{"class":1,"weight":0.25},"geometry":{"type":"Point","coordinates":[73.965383,18.544293]}},{"type":"Feature","properties":{"class":1,"weight":0.25},"geometry":{"type":"Point","coordinates":[73.965518,18.544293]}},{"type":"Feature","properties":{"class":1,"weight":0.25},"geometry":{"type":"Point","coordinates":[73.965652,18.544293]}},{"type":"Feature","properties":{"class":1,"weight":0.25},"geometry":{"type":"Point","coordinates":[73.885208,18.544158]}},{"type":"Feature","properties":{"class":1,"weight":0.25},"geometry":{"type":"Point","coordinates":[73.885343,18.544158]}},{"type":"Feature","properties":{"class":1,"weight":0.25},"geometry":{"type":"Point","coordinates":[73.885478,18.544158]}},{"type":"Feature","properties":{"class":1,"weight":0.25},"geometry":{"type":"Point","coordinates":[73.885612,18.544158]}},{"type":"Feature","properties":{"class":1,"weight":0.25},"geometry":{"type":"Point","coordinates":[73.885747,18.544158]}},{"type":"Feature","properties":{"class":1,"weight":0.25},"geometry":{"type":"Point","coordinates":[73.885882,18.544158]}},{"type":"Feature","properties":{"class":1,"weight":0.25},"geometry":{"type":"Point","coordinates":[73.886017,18.544158]}},{"type":"Feature","properties":{"class":1,"weight":0.25},"geometry":{"type":"Point","coordinates":[73.886151,18.544158]}},{"type":"Feature","properties":{"class":2,"weight":0.5},"geometry":{"type":"Point","coordinates":[73.887903,18.544158]}},{"type":"Feature","properties":{"class":2,"weight":0.5},"geometry":{"type":"Point","coordinates":[73.888038,18.544158]}},{"type":"Feature","properties":{"class":2,"weight":0.5},"geometry":{"type":"Point","coordinates":[73.888442,18.544158]}},{"type":"Feature","properties":{"class":2,"weight":0.5},"geometry":{"type":"Point","coordinates":[73.888577,18.544158]}},{"type":"Feature","properties":{"class":1,"weight":0.25},"geometry":{"type":"Point","coordinates":[73.888712,18.544158]}},{"type":"Feature","properties":{"class":1,"weight":0.25},"geometry":{"type":"Point","coordinates":[73.888846,18.544158]}},{"type":"Feature","properties":{"class":1,"weight":0.25},"geometry":{"type":"Point","coordinates":[73.888981,18.544158]}},{"type":"Feature","properties":{"class":1,"weight":0.25},"geometry":{"type":"Point","coordinates":[73.889116,18.544158]}},{"type":"Feature","properties":{"class":1,"weight":0.25},"geometry":{"type":"Point","coordinates":[73.889251,18.544158]}},{"type":"Feature","properties":{"class":1,"weight":0.25},"geometry":{"type":"Point","coordinates":[73.889385,18.544158]}},{"type":"Feature","properties":{"class":1,"weight":0.25},"geometry":{"type":"Point","coordinates":[73.891137,18.544158]}},{"type":"Feature","properties":{"class":1,"weight":0.25},"geometry":{"type":"Point","coordinates":[73.891272,18.544158]}},{"type":"Feature","properties":{"class":1,"weight":0.25},"geometry":{"type":"Point","coordinates":[73.891407,18.544158]}},{"type":"Feature","properties":{"class":1,"weight":0.25},"geometry":{"type":"Point","coordinates":[73.891541,18.544158]}},{"type":"Feature","properties":{"class":1,"weight":0.25},"geometry":{"type":"Point","coordinates":[73.943419,18.544158]}},{"type":"Feature","properties":{"class":1,"weight":0.25},"geometry":{"type":"Point","coordinates":[73.943554,18.544158]}},{"type":"Feature","properties":{"class":2,"weight":0.5},"geometry":{"type":"Point","coordinates":[73.944766,18.544158]}},{"type":"Feature","properties":{"class":2,"weight":0.5},"geometry":{"type":"Point","coordinates":[73.944901,18.544158]}},{"type":"Feature","properties":{"class":1,"weight":0.25},"geometry":{"type":"Point","coordinates":[73.963631,18.544158]}},{"type":"Feature","properties":{"class":1,"weight":0.25},"geometry":{"type":"Point","coordinates":[73.963766,18.544158]}},{"type":"Feature","properties":{"class":1,"weight":0.25},"geometry":{"type":"Point","coordinates":[73.966057,18.544158]}},{"type":"Feature","properties":{"class":1,"weight":0.25},"geometry":{"type":"Point","coordinates":[73.966191,18.544158]}},{"type":"Feature","properties":{"class":1,"weight":0.25},"geometry":{"type":"Point","coordinates":[73.885208,18.544023]}},{"type":"Feature","properties":{"class":1,"weight":0.25},"geometry":{"type":"Point","coordinates":[73.885343,18.544023]}},{"type":"Feature","properties":{"class":1,"weight":0.25},"geometry":{"type":"Point","coordinates":[73.885478,18.544023]}},{"type":"Feature","properties":{"class":1,"weight":0.25},"geometry":{"type":"Point","coordinates":[73.885612,18.544023]}},{"type":"Feature","properties":{"class":1,"weight":0.25},"geometry":{"type":"Point","coordinates":[73.885747,18.544023]}},{"type":"Feature","properties":{"class":1,"weight":0.25},"geometry":{"type":"Point","coordinates":[73.885882,18.544023]}},{"type":"Feature","properties":{"class":1,"weight":0.25},"geometry":{"type":"Point","coordinates":[73.886017,18.544023]}},{"type":"Feature","properties":{"class":1,"weight":0.25},"geometry":{"type":"Point","coordinates":[73.886151,18.544023]}},{"type":"Feature","properties":{"class":2,"weight":0.5},"geometry":{"type":"Point","coordinates":[73.887903,18.544023]}},{"type":"Feature","properties":{"class":2,"weight":0.5},"geometry":{"type":"Point","coordinates":[73.888038,18.544023]}},{"type":"Feature","properties":{"class":2,"weight":0.5},"geometry":{"type":"Point","coordinates":[73.888442,18.544023]}},{"type":"Feature","properties":{"class":2,"weight":0.5},"geometry":{"type":"Point","coordinates":[73.888577,18.544023]}},{"type":"Feature","properties":{"class":1,"weight":0.25},"geometry":{"type":"Point","coordinates":[73.888712,18.544023]}},{"type":"Feature","properties":{"class":1,"weight":0.25},"geometry":{"type":"Point","coordinates":[73.888846,18.544023]}},{"type":"Feature","properties":{"class":1,"weight":0.25},"geometry":{"type":"Point","coordinates":[73.888981,18.544023]}},{"type":"Feature","properties":{"class":1,"weight":0.25},"geometry":{"type":"Point","coordinates":[73.889116,18.544023]}},{"type":"Feature","properties":{"class":1,"weight":0.25},"geometry":{"type":"Point","coordinates":[73.889251,18.544023]}},{"type":"Feature","properties":{"class":1,"weight":0.25},"geometry":{"type":"Point","coordinates":[73.889385,18.544023]}},{"type":"Feature","properties":{"class":1,"weight":0.25},"geometry":{"type":"Point","coordinates":[73.891137,18.544023]}},{"type":"Feature","properties":{"class":1,"weight":0.25},"geometry":{"type":"Point","coordinates":[73.891272,18.544023]}},{"type":"Feature","properties":{"class":1,"weight":0.25},"geometry":{"type":"Point","coordinates":[73.891407,18.544023]}},{"type":"Feature","properties":{"class":1,"weight":0.25},"geometry":{"type":"Point","coordinates":[73.891541,18.544023]}},{"type":"Feature","properties":{"class":1,"weight":0.25},"geometry":{"type":"Point","coordinates":[73.943419,18.544023]}},{"type":"Feature","properties":{"class":1,"weight":0.25},"geometry":{"type":"Point","coordinates":[73.943554,18.544023]}},{"type":"Feature","properties":{"class":2,"weight":0.5},"geometry":{"type":"Point","coordinates":[73.944766,18.544023]}},{"type":"Feature","properties":{"class":2,"weight":0.5},"geometry":{"type":"Point","coordinates":[73.944901,18.544023]}},{"type":"Feature","properties":{"class":1,"weight":0.25},"geometry":{"type":"Point","coordinates":[73.963631,18.544023]}},{"type":"Feature","properties":{"class":1,"weight":0.25},"geometry":{"type":"Point","coordinates":[73.963766,18.544023]}},{"type":"Feature","properties":{"class":1,"weight":0.25},"geometry":{"type":"Point","coordinates":[73.966057,18.544023]}},{"type":"Feature","properties":{"class":1,"weight":0.25},"geometry":{"type":"Point","coordinates":[73.966191,18.544023]}},{"type":"Feature","properties":{"class":1,"weight":0.25},"geometry":{"type":"Point","coordinates":[73.883591,18.543889]}},{"type":"Feature","properties":{"class":1,"weight":0.25},"geometry":{"type":"Point","coordinates":[73.883726,18.543889]}},{"type":"Feature","properties":{"class":1,"weight":0.25},"geometry":{"type":"Point","coordinates":[73.883861,18.543889]}},{"type":"Feature","properties":{"class":1,"weight":0.25},"geometry":{"type":"Point","coordinates":[73.883995,18.543889]}},{"type":"Feature","properties":{"class":1,"weight":0.25},"geometry":{"type":"Point","coordinates":[73.8844,18.543889]}},{"type":"Feature","properties":{"class":1,"weight":0.25},"geometry":{"type":"Point","coordinates":[73.884534,18.543889]}},{"type":"Feature","properties":{"class":1,"weight":0.25},"geometry":{"type":"Point","coordinates":[73.885747,18.543889]}},{"type":"Feature","properties":{"class":1,"weight":0.25},"geometry":{"type":"Point","coordinates":[73.885882,18.543889]}},{"type":"Feature","properties":{"class":2,"weight":0.5},"geometry":{"type":"Point","coordinates":[73.890059,18.543889]}},{"type":"Feature","properties":{"class":2,"weight":0.5},"geometry":{"type":"Point","coordinates":[73.890194,18.543889]}},{"type":"Feature","properties":{"class":1,"weight":0.25},"geometry":{"type":"Point","coordinates":[73.890329,18.543889]}},{"type":"Feature","properties":{"class":1,"weight":0.25},"geometry":{"type":"Point","coordinates":[73.890463,18.543889]}},{"type":"Feature","properties":{"class":1,"weight":0.25},"geometry":{"type":"Point","coordinates":[73.94315,18.543889]}},{"type":"Feature","properties":{"class":1,"weight":0.25},"geometry":{"type":"Point","coordinates":[73.943284,18.543889]}},{"type":"Feature","properties":{"class":1,"weight":0.25},"geometry":{"type":"Point","coordinates":[73.943688,18.543889]}},{"type":"Feature","properties":{"class":1,"weight":0.25},"geometry":{"type":"Point","coordinates":[73.943823,18.543889]}},{"type":"Feature","properties":{"class":1,"weight":0.25},"geometry":{"type":"Point","coordinates":[73.944497,18.543889]}},{"type":"Feature","properties":{"class":1,"weight":0.25},"geometry":{"type":"Point","coordinates":[73.944632,18.543889]}},{"type":"Feature","properties":{"class":1,"weight":0.25},"geometry":{"type":"Point","coordinates":[73.966596,18.543889]}},{"type":"Feature","properties":{"class":1,"weight":0.25},"geometry":{"type":"Point","coordinates":[73.96673,18.543889]}},{"type":"Feature","properties":{"class":1,"weight":0.25},"geometry":{"type":"Point","coordinates":[73.883591,18.543754]}},{"type":"Feature","properties":{"class":1,"weight":0.25},"geometry":{"type":"Point","coordinates":[73.883726,18.543754]}},{"type":"Feature","properties":{"class":1,"weight":0.25},"geometry":{"type":"Point","coordinates":[73.883861,18.543754]}},{"type":"Feature","properties":{"class":1,"weight":0.25},"geometry":{"type":"Point","coordinates":[73.883995,18.543754]}},{"type":"Feature","properties":{"class":1,"weight":0.25},"geometry":{"type":"Point","coordinates":[73.8844,18.543754]}},{"type":"Feature","properties":{"class":1,"weight":0.25},"geometry":{"type":"Point","coordinates":[73.884534,18.543754]}},{"type":"Feature","properties":{"class":1,"weight":0.25},"geometry":{"type":"Point","coordinates":[73.885747,18.543754]}},{"type":"Feature","properties":{"class":1,"weight":0.25},"geometry":{"type":"Point","coordinates":[73.885882,18.543754]}},{"type":"Feature","properties":{"class":2,"weight":0.5},"geometry":{"type":"Point","coordinates":[73.890059,18.543754]}},{"type":"Feature","properties":{"class":2,"weight":0.5},"geometry":{"type":"Point","coordinates":[73.890194,18.543754]}},{"type":"Feature","properties":{"class":1,"weight":0.25},"geometry":{"type":"Point","coordinates":[73.890329,18.543754]}},{"type":"Feature","properties":{"class":1,"weight":0.25},"geometry":{"type":"Point","coordinates":[73.890463,18.543754]}},{"type":"Feature","properties":{"class":1,"weight":0.25},"geometry":{"type":"Point","coordinates":[73.94315,18.543754]}},{"type":"Feature","properties":{"class":1,"weight":0.25},"geometry":{"type":"Point","coordinates":[73.943284,18.543754]}},{"type":"Feature","properties":{"class":1,"weight":0.25},"geometry":{"type":"Point","coordinates":[73.943688,18.543754]}},{"type":"Feature","properties":{"class":1,"weight":0.25},"geometry":{"type":"Point","coordinates":[73.943823,18.543754]}},{"type":"Feature","properties":{"class":1,"weight":0.25},"geometry":{"type":"Point","coordinates":[73.944497,18.543754]}},{"type":"Feature","properties":{"class":1,"weight":0.25},"geometry":{"type":"Point","coordinates":[73.944632,18.543754]}},{"type":"Feature","properties":{"class":1,"weight":0.25},"geometry":{"type":"Point","coordinates":[73.966596,18.543754]}},{"type":"Feature","properties":{"class":1,"weight":0.25},"geometry":{"type":"Point","coordinates":[73.96673,18.543754]}},{"type":"Feature","properties":{"class":1,"weight":0.25},"geometry":{"type":"Point","coordinates":[73.880896,18.543619]}},{"type":"Feature","properties":{"class":1,"weight":0.25},"geometry":{"type":"Point","coordinates":[73.881031,18.543619]}},{"type":"Feature","properties":{"class":1,"weight":0.25},"geometry":{"type":"Point","coordinates":[73.881166,18.543619]}},{"type":"Feature","properties":{"class":1,"weight":0.25},"geometry":{"type":"Point","coordinates":[73.8813,18.543619]}},{"type":"Feature","properties":{"class":1,"weight":0.25},"geometry":{"type":"Point","coordinates":[73.881435,18.543619]}},{"type":"Feature","properties":{"class":1,"weight":0.25},"geometry":{"type":"Point","coordinates":[73.88157,18.543619]}},{"type":"Feature","properties":{"class":1,"weight":0.25},"geometry":{"type":"Point","coordinates":[73.881705,18.543619]}},{"type":"Feature","properties":{"class":1,"weight":0.25},"geometry":{"type":"Point","coordinates":[73.881839,18.543619]}},{"type":"Feature","properties":{"class":1,"weight":0.25},"geometry":{"type":"Point","coordinates":[73.882783,18.543619]}},{"type":"Feature","properties":{"class":1,"weight":0.25},"geometry":{"type":"Point","coordinates":[73.882917,18.543619]}},{"type":"Feature","properties":{"class":1,"weight":0.25},"geometry":{"type":"Point","coordinates":[73.883591,18.543619]}},{"type":"Feature","properties":{"class":1,"weight":0.25},"geometry":{"type":"Point","coordinates":[73.883726,18.543619]}},{"type":"Feature","properties":{"class":1,"weight":0.25},"geometry":{"type":"Point","coordinates":[73.883861,18.543619]}},{"type":"Feature","properties":{"class":1,"weight":0.25},"geometry":{"type":"Point","coordinates":[73.883995,18.543619]}},{"type":"Feature","properties":{"class":1,"weight":0.25},"geometry":{"type":"Point","coordinates":[73.88413,18.543619]}},{"type":"Feature","properties":{"class":1,"weight":0.25},"geometry":{"type":"Point","coordinates":[73.884265,18.543619]}},{"type":"Feature","properties":{"class":1,"weight":0.25},"geometry":{"type":"Point","coordinates":[73.8844,18.543619]}},{"type":"Feature","properties":{"class":1,"weight":0.25},"geometry":{"type":"Point","coordinates":[73.884534,18.543619]}},{"type":"Feature","properties":{"class":1,"weight":0.25},"geometry":{"type":"Point","coordinates":[73.885208,18.543619]}},{"type":"Feature","properties":{"class":1,"weight":0.25},"geometry":{"type":"Point","coordinates":[73.885343,18.543619]}},{"type":"Feature","properties":{"class":1,"weight":0.25},"geometry":{"type":"Point","coordinates":[73.890059,18.543619]}},{"type":"Feature","properties":{"class":1,"weight":0.25},"geometry":{"type":"Point","coordinates":[73.890194,18.543619]}},{"type":"Feature","properties":{"class":1,"weight":0.25},"geometry":{"type":"Point","coordinates":[73.892215,18.543619]}},{"type":"Feature","properties":{"class":1,"weight":0.25},"geometry":{"type":"Point","coordinates":[73.89235,18.543619]}},{"type":"Feature","properties":{"class":1,"weight":0.25},"geometry":{"type":"Point","coordinates":[73.893024,18.543619]}},{"type":"Feature","properties":{"class":1,"weight":0.25},"geometry":{"type":"Point","coordinates":[73.893158,18.543619]}},{"type":"Feature","properties":{"class":1,"weight":0.25},"geometry":{"type":"Point","coordinates":[73.944227,18.543619]}},{"type":"Feature","properties":{"class":1,"weight":0.25},"geometry":{"type":"Point","coordinates":[73.944362,18.543619]}},{"type":"Feature","properties":{"class":1,"weight":0.25},"geometry":{"type":"Point","coordinates":[73.967943,18.543619]}},{"type":"Feature","properties":{"class":1,"weight":0.25},"geometry":{"type":"Point","coordinates":[73.968078,18.543619]}},{"type":"Feature","properties":{"class":1,"weight":0.25},"geometry":{"type":"Point","coordinates":[73.968212,18.543619]}},{"type":"Feature","properties":{"class":1,"weight":0.25},"geometry":{"type":"Point","coordinates":[73.968347,18.543619]}},{"type":"Feature","properties":{"class":1,"weight":0.25},"geometry":{"type":"Point","coordinates":[73.968482,18.543619]}},{"type":"Feature","properties":{"class":1,"weight":0.25},"geometry":{"type":"Point","coordinates":[73.968617,18.543619]}},{"type":"Feature","properties":{"class":1,"weight":0.25},"geometry":{"type":"Point","coordinates":[73.880896,18.543484]}},{"type":"Feature","properties":{"class":1,"weight":0.25},"geometry":{"type":"Point","coordinates":[73.881031,18.543484]}},{"type":"Feature","properties":{"class":1,"weight":0.25},"geometry":{"type":"Point","coordinates":[73.881166,18.543484]}},{"type":"Feature","properties":{"class":1,"weight":0.25},"geometry":{"type":"Point","coordinates":[73.8813,18.543484]}},{"type":"Feature","properties":{"class":1,"weight":0.25},"geometry":{"type":"Point","coordinates":[73.881435,18.543484]}},{"type":"Feature","properties":{"class":1,"weight":0.25},"geometry":{"type":"Point","coordinates":[73.88157,18.543484]}},{"type":"Feature","properties":{"class":1,"weight":0.25},"geometry":{"type":"Point","coordinates":[73.881705,18.543484]}},{"type":"Feature","properties":{"class":1,"weight":0.25},"geometry":{"type":"Point","coordinates":[73.881839,18.543484]}},{"type":"Feature","properties":{"class":1,"weight":0.25},"geometry":{"type":"Point","coordinates":[73.882783,18.543484]}},{"type":"Feature","properties":{"class":1,"weight":0.25},"geometry":{"type":"Point","coordinates":[73.882917,18.543484]}},{"type":"Feature","properties":{"class":1,"weight":0.25},"geometry":{"type":"Point","coordinates":[73.883591,18.543484]}},{"type":"Feature","properties":{"class":1,"weight":0.25},"geometry":{"type":"Point","coordinates":[73.883726,18.543484]}},{"type":"Feature","properties":{"class":1,"weight":0.25},"geometry":{"type":"Point","coordinates":[73.883861,18.543484]}},{"type":"Feature","properties":{"class":1,"weight":0.25},"geometry":{"type":"Point","coordinates":[73.883995,18.543484]}},{"type":"Feature","properties":{"class":1,"weight":0.25},"geometry":{"type":"Point","coordinates":[73.88413,18.543484]}},{"type":"Feature","properties":{"class":1,"weight":0.25},"geometry":{"type":"Point","coordinates":[73.884265,18.543484]}},{"type":"Feature","properties":{"class":1,"weight":0.25},"geometry":{"type":"Point","coordinates":[73.8844,18.543484]}},{"type":"Feature","properties":{"class":1,"weight":0.25},"geometry":{"type":"Point","coordinates":[73.884534,18.543484]}},{"type":"Feature","properties":{"class":1,"weight":0.25},"geometry":{"type":"Point","coordinates":[73.885208,18.543484]}},{"type":"Feature","properties":{"class":1,"weight":0.25},"geometry":{"type":"Point","coordinates":[73.885343,18.543484]}},{"type":"Feature","properties":{"class":1,"weight":0.25},"geometry":{"type":"Point","coordinates":[73.890059,18.543484]}},{"type":"Feature","properties":{"class":1,"weight":0.25},"geometry":{"type":"Point","coordinates":[73.890194,18.543484]}},{"type":"Feature","properties":{"class":1,"weight":0.25},"geometry":{"type":"Point","coordinates":[73.892215,18.543484]}},{"type":"Feature","properties":{"class":1,"weight":0.25},"geometry":{"type":"Point","coordinates":[73.89235,18.543484]}},{"type":"Feature","properties":{"class":1,"weight":0.25},"geometry":{"type":"Point","coordinates":[73.893024,18.543484]}},{"type":"Feature","properties":{"class":1,"weight":0.25},"geometry":{"type":"Point","coordinates":[73.893158,18.543484]}},{"type":"Feature","properties":{"class":1,"weight":0.25},"geometry":{"type":"Point","coordinates":[73.944227,18.543484]}},{"type":"Feature","properties":{"class":1,"weight":0.25},"geometry":{"type":"Point","coordinates":[73.944362,18.543484]}},{"type":"Feature","properties":{"class":1,"weight":0.25},"geometry":{"type":"Point","coordinates":[73.967943,18.543484]}},{"type":"Feature","properties":{"class":1,"weight":0.25},"geometry":{"type":"Point","coordinates":[73.968078,18.543484]}},{"type":"Feature","properties":{"class":1,"weight":0.25},"geometry":{"type":"Point","coordinates":[73.968212,18.543484]}},{"type":"Feature","properties":{"class":1,"weight":0.25},"geometry":{"type":"Point","coordinates":[73.968347,18.543484]}},{"type":"Feature","properties":{"class":1,"weight":0.25},"geometry":{"type":"Point","coordinates":[73.968482,18.543484]}},{"type":"Feature","properties":{"class":1,"weight":0.25},"geometry":{"type":"Point","coordinates":[73.968617,18.543484]}},{"type":"Feature","properties":{"class":1,"weight":0.25},"geometry":{"type":"Point","coordinates":[73.879549,18.54335]}},{"type":"Feature","properties":{"class":1,"weight":0.25},"geometry":{"type":"Point","coordinates":[73.879684,18.54335]}},{"type":"Feature","properties":{"class":1,"weight":0.25},"geometry":{"type":"Point","coordinates":[73.879818,18.54335]}},{"type":"Feature","properties":{"class":1,"weight":0.25},"geometry":{"type":"Point","coordinates":[73.879953,18.54335]}},{"type":"Feature","properties":{"class":1,"weight":0.25},"geometry":{"type":"Point","coordinates":[73.880088,18.54335]}},{"type":"Feature","properties":{"class":1,"weight":0.25},"geometry":{"type":"Point","coordinates":[73.880223,18.54335]}},{"type":"Feature","properties":{"class":1,"weight":0.25},"geometry":{"type":"Point","coordinates":[73.880357,18.54335]}},{"type":"Feature","properties":{"class":1,"weight":0.25},"geometry":{"type":"Point","coordinates":[73.880492,18.54335]}},{"type":"Feature","properties":{"class":1,"weight":0.25},"geometry":{"type":"Point","coordinates":[73.883052,18.54335]}},{"type":"Feature","properties":{"class":1,"weight":0.25},"geometry":{"type":"Point","coordinates":[73.883187,18.54335]}},{"type":"Feature","properties":{"class":2,"weight":0.5},"geometry":{"type":"Point","coordinates":[73.8844,18.54335]}},{"type":"Feature","properties":{"class":2,"weight":0.5},"geometry":{"type":"Point","coordinates":[73.884534,18.54335]}},{"type":"Feature","properties":{"class":1,"weight":0.25},"geometry":{"type":"Point","coordinates":[73.884669,18.54335]}},{"type":"Feature","properties":{"class":1,"weight":0.25},"geometry":{"type":"Point","coordinates":[73.884804,18.54335]}},{"type":"Feature","properties":{"class":1,"weight":0.25},"geometry":{"type":"Point","coordinates":[73.885478,18.54335]}},{"type":"Feature","properties":{"class":1,"weight":0.25},"geometry":{"type":"Point","coordinates":[73.885612,18.54335]}},{"type":"Feature","properties":{"class":1,"weight":0.25},"geometry":{"type":"Point","coordinates":[73.887364,18.54335]}},{"type":"Feature","properties":{"class":1,"weight":0.25},"geometry":{"type":"Point","coordinates":[73.887499,18.54335]}},{"type":"Feature","properties":{"class":1,"weight":0.25},"geometry":{"type":"Point","coordinates":[73.887634,18.54335]}},{"type":"Feature","properties":{"class":1,"weight":0.25},"geometry":{"type":"Point","coordinates":[73.887768,18.54335]}},{"type":"Feature","properties":{"class":1,"weight":0.25},"geometry":{"type":"Point","coordinates":[73.887903,18.54335]}},{"type":"Feature","properties":{"class":1,"weight":0.25},"geometry":{"type":"Point","coordinates":[73.888038,18.54335]}},{"type":"Feature","properties":{"class":1,"weight":0.25},"geometry":{"type":"Point","coordinates":[73.888173,18.54335]}},{"type":"Feature","properties":{"class":1,"weight":0.25},"geometry":{"type":"Point","coordinates":[73.888307,18.54335]}},{"type":"Feature","properties":{"class":1,"weight":0.25},"geometry":{"type":"Point","coordinates":[73.891407,18.54335]}},{"type":"Feature","properties":{"class":1,"weight":0.25},"geometry":{"type":"Point","coordinates":[73.891541,18.54335]}},{"type":"Feature","properties":{"class":1,"weight":0.25},"geometry":{"type":"Point","coordinates":[73.89491,18.54335]}},{"type":"Feature","properties":{"class":1,"weight":0.25},"geometry":{"type":"Point","coordinates":[73.895045,18.54335]}},{"type":"Feature","properties":{"class":1,"weight":0.25},"geometry":{"type":"Point","coordinates":[73.943958,18.54335]}},{"type":"Feature","properties":{"class":1,"weight":0.25},"geometry":{"type":"Point","coordinates":[73.944093,18.54335]}},{"type":"Feature","properties":{"class":1,"weight":0.25},"geometry":{"type":"Point","coordinates":[73.965518,18.54335]}},{"type":"Feature","properties":{"class":1,"weight":0.25},"geometry":{"type":"Point","coordinates":[73.965652,18.54335]}},{"type":"Feature","properties":{"class":1,"weight":0.25},"geometry":{"type":"Point","coordinates":[73.969829,18.54335]}},{"type":"Feature","properties":{"class":1,"weight":0.25},"geometry":{"type":"Point","coordinates":[73.969964,18.54335]}},{"type":"Feature","properties":{"class":1,"weight":0.25},"geometry":{"type":"Point","coordinates":[73.879549,18.543215]}},{"type":"Feature","properties":{"class":1,"weight":0.25},"geometry":{"type":"Point","coordinates":[73.879684,18.543215]}},{"type":"Feature","properties":{"class":1,"weight":0.25},"geometry":{"type":"Point","coordinates":[73.879818,18.543215]}},{"type":"Feature","properties":{"class":1,"weight":0.25},"geometry":{"type":"Point","coordinates":[73.879953,18.543215]}},{"type":"Feature","properties":{"class":1,"weight":0.25},"geometry":{"type":"Point","coordinates":[73.880088,18.543215]}},{"type":"Feature","properties":{"class":1,"weight":0.25},"geometry":{"type":"Point","coordinates":[73.880223,18.543215]}},{"type":"Feature","properties":{"class":1,"weight":0.25},"geometry":{"type":"Point","coordinates":[73.880357,18.543215]}},{"type":"Feature","properties":{"class":1,"weight":0.25},"geometry":{"type":"Point","coordinates":[73.880492,18.543215]}},{"type":"Feature","properties":{"class":1,"weight":0.25},"geometry":{"type":"Point","coordinates":[73.883052,18.543215]}},{"type":"Feature","properties":{"class":1,"weight":0.25},"geometry":{"type":"Point","coordinates":[73.883187,18.543215]}},{"type":"Feature","properties":{"class":2,"weight":0.5},"geometry":{"type":"Point","coordinates":[73.8844,18.543215]}},{"type":"Feature","properties":{"class":2,"weight":0.5},"geometry":{"type":"Point","coordinates":[73.884534,18.543215]}},{"type":"Feature","properties":{"class":1,"weight":0.25},"geometry":{"type":"Point","coordinates":[73.884669,18.543215]}},{"type":"Feature","properties":{"class":1,"weight":0.25},"geometry":{"type":"Point","coordinates":[73.884804,18.543215]}},{"type":"Feature","properties":{"class":1,"weight":0.25},"geometry":{"type":"Point","coordinates":[73.885478,18.543215]}},{"type":"Feature","properties":{"class":1,"weight":0.25},"geometry":{"type":"Point","coordinates":[73.885612,18.543215]}},{"type":"Feature","properties":{"class":1,"weight":0.25},"geometry":{"type":"Point","coordinates":[73.887364,18.543215]}},{"type":"Feature","properties":{"class":1,"weight":0.25},"geometry":{"type":"Point","coordinates":[73.887499,18.543215]}},{"type":"Feature","properties":{"class":1,"weight":0.25},"geometry":{"type":"Point","coordinates":[73.887634,18.543215]}},{"type":"Feature","properties":{"class":1,"weight":0.25},"geometry":{"type":"Point","coordinates":[73.887768,18.543215]}},{"type":"Feature","properties":{"class":1,"weight":0.25},"geometry":{"type":"Point","coordinates":[73.887903,18.543215]}},{"type":"Feature","properties":{"class":1,"weight":0.25},"geometry":{"type":"Point","coordinates":[73.888038,18.543215]}},{"type":"Feature","properties":{"class":1,"weight":0.25},"geometry":{"type":"Point","coordinates":[73.888173,18.543215]}},{"type":"Feature","properties":{"class":1,"weight":0.25},"geometry":{"type":"Point","coordinates":[73.888307,18.543215]}},{"type":"Feature","properties":{"class":1,"weight":0.25},"geometry":{"type":"Point","coordinates":[73.891407,18.543215]}},{"type":"Feature","properties":{"class":1,"weight":0.25},"geometry":{"type":"Point","coordinates":[73.891541,18.543215]}},{"type":"Feature","properties":{"class":1,"weight":0.25},"geometry":{"type":"Point","coordinates":[73.89491,18.543215]}},{"type":"Feature","properties":{"class":1,"weight":0.25},"geometry":{"type":"Point","coordinates":[73.895045,18.543215]}},{"type":"Feature","properties":{"class":1,"weight":0.25},"geometry":{"type":"Point","coordinates":[73.943958,18.543215]}},{"type":"Feature","properties":{"class":1,"weight":0.25},"geometry":{"type":"Point","coordinates":[73.944093,18.543215]}},{"type":"Feature","properties":{"class":1,"weight":0.25},"geometry":{"type":"Point","coordinates":[73.965518,18.543215]}},{"type":"Feature","properties":{"class":1,"weight":0.25},"geometry":{"type":"Point","coordinates":[73.965652,18.543215]}},{"type":"Feature","properties":{"class":1,"weight":0.25},"geometry":{"type":"Point","coordinates":[73.969829,18.543215]}},{"type":"Feature","properties":{"class":1,"weight":0.25},"geometry":{"type":"Point","coordinates":[73.969964,18.543215]}},{"type":"Feature","properties":{"class":1,"weight":0.25},"geometry":{"type":"Point","coordinates":[73.878471,18.54308]}},{"type":"Feature","properties":{"class":1,"weight":0.25},"geometry":{"type":"Point","coordinates":[73.878606,18.54308]}},{"type":"Feature","properties":{"class":1,"weight":0.25},"geometry":{"type":"Point","coordinates":[73.87874,18.54308]}},{"type":"Feature","properties":{"class":1,"weight":0.25},"geometry":{"type":"Point","coordinates":[73.878875,18.54308]}},{"type":"Feature","properties":{"class":1,"weight":0.25},"geometry":{"type":"Point","coordinates":[73.87901,18.54308]}},{"type":"Feature","properties":{"class":1,"weight":0.25},"geometry":{"type":"Point","coordinates":[73.879145,18.54308]}},{"type":"Feature","properties":{"class":1,"weight":0.25},"geometry":{"type":"Point","coordinates":[73.879279,18.54308]}},{"type":"Feature","properties":{"class":1,"weight":0.25},"geometry":{"type":"Point","coordinates":[73.879414,18.54308]}},{"type":"Feature","properties":{"class":1,"weight":0.25},"geometry":{"type":"Point","coordinates":[73.883052,18.54308]}},{"type":"Feature","properties":{"class":1,"weight":0.25},"geometry":{"type":"Point","coordinates":[73.883187,18.54308]}},{"type":"Feature","properties":{"class":1,"weight":0.25},"geometry":{"type":"Point","coordinates":[73.8844,18.54308]}},{"type":"Feature","properties":{"class":1,"weight":0.25},"geometry":{"type":"Point","coordinates":[73.884534,18.54308]}},{"type":"Feature","properties":{"class":2,"weight":0.5},"geometry":{"type":"Point","coordinates":[73.884669,18.54308]}},{"type":"Feature","properties":{"class":2,"weight":0.5},"geometry":{"type":"Point","coordinates":[73.884804,18.54308]}},{"type":"Feature","properties":{"class":1,"weight":0.25},"geometry":{"type":"Point","coordinates":[73.892215,18.54308]}},{"type":"Feature","properties":{"class":1,"weight":0.25},"geometry":{"type":"Point","coordinates":[73.89235,18.54308]}},{"type":"Feature","properties":{"class":1,"weight":0.25},"geometry":{"type":"Point","coordinates":[73.892485,18.54308]}},{"type":"Feature","properties":{"class":1,"weight":0.25},"geometry":{"type":"Point","coordinates":[73.892619,18.54308]}},{"type":"Feature","properties":{"class":1,"weight":0.25},"geometry":{"type":"Point","coordinates":[73.89464,18.54308]}},{"type":"Feature","properties":{"class":1,"weight":0.25},"geometry":{"type":"Point","coordinates":[73.894775,18.54308]}},{"type":"Feature","properties":{"class":1,"weight":0.25},"geometry":{"type":"Point","coordinates":[73.89491,18.54308]}},{"type":"Feature","properties":{"class":1,"weight":0.25},"geometry":{"type":"Point","coordinates":[73.895045,18.54308]}},{"type":"Feature","properties":{"class":1,"weight":0.25},"geometry":{"type":"Point","coordinates":[73.895718,18.54308]}},{"type":"Feature","properties":{"class":1,"weight":0.25},"geometry":{"type":"Point","coordinates":[73.895853,18.54308]}},{"type":"Feature","properties":{"class":1,"weight":0.25},"geometry":{"type":"Point","coordinates":[73.943688,18.54308]}},{"type":"Feature","properties":{"class":1,"weight":0.25},"geometry":{"type":"Point","coordinates":[73.943823,18.54308]}},{"type":"Feature","properties":{"class":1,"weight":0.25},"geometry":{"type":"Point","coordinates":[73.967404,18.54308]}},{"type":"Feature","properties":{"class":1,"weight":0.25},"geometry":{"type":"Point","coordinates":[73.967539,18.54308]}},{"type":"Feature","properties":{"class":1,"weight":0.25},"geometry":{"type":"Point","coordinates":[73.970368,18.54308]}},{"type":"Feature","properties":{"class":1,"weight":0.25},"geometry":{"type":"Point","coordinates":[73.970503,18.54308]}},{"type":"Feature","properties":{"class":1,"weight":0.25},"geometry":{"type":"Point","coordinates":[73.878471,18.542945]}},{"type":"Feature","properties":{"class":1,"weight":0.25},"geometry":{"type":"Point","coordinates":[73.878606,18.542945]}},{"type":"Feature","properties":{"class":1,"weight":0.25},"geometry":{"type":"Point","coordinates":[73.87874,18.542945]}},{"type":"Feature","properties":{"class":1,"weight":0.25},"geometry":{"type":"Point","coordinates":[73.878875,18.542945]}},{"type":"Feature","properties":{"class":1,"weight":0.25},"geometry":{"type":"Point","coordinates":[73.87901,18.542945]}},{"type":"Feature","properties":{"class":1,"weight":0.25},"geometry":{"type":"Point","coordinates":[73.879145,18.542945]}},{"type":"Feature","properties":{"class":1,"weight":0.25},"geometry":{"type":"Point","coordinates":[73.879279,18.542945]}},{"type":"Feature","properties":{"class":1,"weight":0.25},"geometry":{"type":"Point","coordinates":[73.879414,18.542945]}},{"type":"Feature","properties":{"class":1,"weight":0.25},"geometry":{"type":"Point","coordinates":[73.883052,18.542945]}},{"type":"Feature","properties":{"class":1,"weight":0.25},"geometry":{"type":"Point","coordinates":[73.883187,18.542945]}},{"type":"Feature","properties":{"class":1,"weight":0.25},"geometry":{"type":"Point","coordinates":[73.8844,18.542945]}},{"type":"Feature","properties":{"class":1,"weight":0.25},"geometry":{"type":"Point","coordinates":[73.884534,18.542945]}},{"type":"Feature","properties":{"class":2,"weight":0.5},"geometry":{"type":"Point","coordinates":[73.884669,18.542945]}},{"type":"Feature","properties":{"class":2,"weight":0.5},"geometry":{"type":"Point","coordinates":[73.884804,18.542945]}},{"type":"Feature","properties":{"class":1,"weight":0.25},"geometry":{"type":"Point","coordinates":[73.892215,18.542945]}},{"type":"Feature","properties":{"class":1,"weight":0.25},"geometry":{"type":"Point","coordinates":[73.89235,18.542945]}},{"type":"Feature","properties":{"class":1,"weight":0.25},"geometry":{"type":"Point","coordinates":[73.892485,18.542945]}},{"type":"Feature","properties":{"class":1,"weight":0.25},"geometry":{"type":"Point","coordinates":[73.892619,18.542945]}},{"type":"Feature","properties":{"class":1,"weight":0.25},"geometry":{"type":"Point","coordinates":[73.89464,18.542945]}},{"type":"Feature","properties":{"class":1,"weight":0.25},"geometry":{"type":"Point","coordinates":[73.894775,18.542945]}},{"type":"Feature","properties":{"class":1,"weight":0.25},"geometry":{"type":"Point","coordinates":[73.89491,18.542945]}},{"type":"Feature","properties":{"class":1,"weight":0.25},"geometry":{"type":"Point","coordinates":[73.895045,18.542945]}},{"type":"Feature","properties":{"class":1,"weight":0.25},"geometry":{"type":"Point","coordinates":[73.895718,18.542945]}},{"type":"Feature","properties":{"class":1,"weight":0.25},"geometry":{"type":"Point","coordinates":[73.895853,18.542945]}},{"type":"Feature","properties":{"class":1,"weight":0.25},"geometry":{"type":"Point","coordinates":[73.943688,18.542945]}},{"type":"Feature","properties":{"class":1,"weight":0.25},"geometry":{"type":"Point","coordinates":[73.943823,18.542945]}},{"type":"Feature","properties":{"class":1,"weight":0.25},"geometry":{"type":"Point","coordinates":[73.967404,18.542945]}},{"type":"Feature","properties":{"class":1,"weight":0.25},"geometry":{"type":"Point","coordinates":[73.967539,18.542945]}},{"type":"Feature","properties":{"class":1,"weight":0.25},"geometry":{"type":"Point","coordinates":[73.970368,18.542945]}},{"type":"Feature","properties":{"class":1,"weight":0.25},"geometry":{"type":"Point","coordinates":[73.970503,18.542945]}},{"type":"Feature","properties":{"class":1,"weight":0.25},"geometry":{"type":"Point","coordinates":[73.877123,18.542811]}},{"type":"Feature","properties":{"class":1,"weight":0.25},"geometry":{"type":"Point","coordinates":[73.877258,18.542811]}},{"type":"Feature","properties":{"class":1,"weight":0.25},"geometry":{"type":"Point","coordinates":[73.877393,18.542811]}},{"type":"Feature","properties":{"class":1,"weight":0.25},"geometry":{"type":"Point","coordinates":[73.877528,18.542811]}},{"type":"Feature","properties":{"class":1,"weight":0.25},"geometry":{"type":"Point","coordinates":[73.881974,18.542811]}},{"type":"Feature","properties":{"class":1,"weight":0.25},"geometry":{"type":"Point","coordinates":[73.882109,18.542811]}},{"type":"Feature","properties":{"class":2,"weight":0.5},"geometry":{"type":"Point","coordinates":[73.882513,18.542811]}},{"type":"Feature","properties":{"class":2,"weight":0.5},"geometry":{"type":"Point","coordinates":[73.882648,18.542811]}},{"type":"Feature","properties":{"class":1,"weight":0.25},"geometry":{"type":"Point","coordinates":[73.882783,18.542811]}},{"type":"Feature","properties":{"class":1,"weight":0.25},"geometry":{"type":"Point","coordinates":[73.882917,18.542811]}},{"type":"Feature","properties":{"class":1,"weight":0.25},"geometry":{"type":"Point","coordinates":[73.88413,18.542811]}},{"type":"Feature","properties":{"class":1,"weight":0.25},"geometry":{"type":"Point","coordinates":[73.884265,18.542811]}},{"type":"Feature","properties":{"class":1,"weight":0.25},"geometry":{"type":"Point","coordinates":[73.8844,18.542811]}},{"type":"Feature","properties":{"class":1,"weight":0.25},"geometry":{"type":"Point","coordinates":[73.884534,18.542811]}},{"type":"Feature","properties":{"class":1,"weight":0.25},"geometry":{"type":"Point","coordinates":[73.884669,18.542811]}},{"type":"Feature","properties":{"class":1,"weight":0.25},"geometry":{"type":"Point","coordinates":[73.884804,18.542811]}},{"type":"Feature","properties":{"class":1,"weight":0.25},"geometry":{"type":"Point","coordinates":[73.892754,18.542811]}},{"type":"Feature","properties":{"class":1,"weight":0.25},"geometry":{"type":"Point","coordinates":[73.892889,18.542811]}},{"type":"Feature","properties":{"class":1,"weight":0.25},"geometry":{"type":"Point","coordinates":[73.895718,18.542811]}},{"type":"Feature","properties":{"class":1,"weight":0.25},"geometry":{"type":"Point","coordinates":[73.895853,18.542811]}},{"type":"Feature","properties":{"class":1,"weight":0.25},"geometry":{"type":"Point","coordinates":[73.896527,18.542811]}},{"type":"Feature","properties":{"class":1,"weight":0.25},"geometry":{"type":"Point","coordinates":[73.896662,18.542811]}},{"type":"Feature","properties":{"class":1,"weight":0.25},"geometry":{"type":"Point","coordinates":[73.970907,18.542811]}},{"type":"Feature","properties":{"class":1,"weight":0.25},"geometry":{"type":"Point","coordinates":[73.971042,18.542811]}},{"type":"Feature","properties":{"class":1,"weight":0.25},"geometry":{"type":"Point","coordinates":[73.877123,18.542676]}},{"type":"Feature","properties":{"class":1,"weight":0.25},"geometry":{"type":"Point","coordinates":[73.877258,18.542676]}},{"type":"Feature","properties":{"class":1,"weight":0.25},"geometry":{"type":"Point","coordinates":[73.877393,18.542676]}},{"type":"Feature","properties":{"class":1,"weight":0.25},"geometry":{"type":"Point","coordinates":[73.877528,18.542676]}},{"type":"Feature","properties":{"class":1,"weight":0.25},"geometry":{"type":"Point","coordinates":[73.881974,18.542676]}},{"type":"Feature","properties":{"class":1,"weight":0.25},"geometry":{"type":"Point","coordinates":[73.882109,18.542676]}},{"type":"Feature","properties":{"class":2,"weight":0.5},"geometry":{"type":"Point","coordinates":[73.882513,18.542676]}},{"type":"Feature","properties":{"class":2,"weight":0.5},"geometry":{"type":"Point","coordinates":[73.882648,18.542676]}},{"type":"Feature","properties":{"class":1,"weight":0.25},"geometry":{"type":"Point","coordinates":[73.882783,18.542676]}},{"type":"Feature","properties":{"class":1,"weight":0.25},"geometry":{"type":"Point","coordinates":[73.882917,18.542676]}},{"type":"Feature","properties":{"class":1,"weight":0.25},"geometry":{"type":"Point","coordinates":[73.88413,18.542676]}},{"type":"Feature","properties":{"class":1,"weight":0.25},"geometry":{"type":"Point","coordinates":[73.884265,18.542676]}},{"type":"Feature","properties":{"class":1,"weight":0.25},"geometry":{"type":"Point","coordinates":[73.8844,18.542676]}},{"type":"Feature","properties":{"class":1,"weight":0.25},"geometry":{"type":"Point","coordinates":[73.884534,18.542676]}},{"type":"Feature","properties":{"class":1,"weight":0.25},"geometry":{"type":"Point","coordinates":[73.884669,18.542676]}},{"type":"Feature","properties":{"class":1,"weight":0.25},"geometry":{"type":"Point","coordinates":[73.884804,18.542676]}},{"type":"Feature","properties":{"class":1,"weight":0.25},"geometry":{"type":"Point","coordinates":[73.892754,18.542676]}},{"type":"Feature","properties":{"class":1,"weight":0.25},"geometry":{"type":"Point","coordinates":[73.892889,18.542676]}},{"type":"Feature","properties":{"class":1,"weight":0.25},"geometry":{"type":"Point","coordinates":[73.895718,18.542676]}},{"type":"Feature","properties":{"class":1,"weight":0.25},"geometry":{"type":"Point","coordinates":[73.895853,18.542676]}},{"type":"Feature","properties":{"class":1,"weight":0.25},"geometry":{"type":"Point","coordinates":[73.896527,18.542676]}},{"type":"Feature","properties":{"class":1,"weight":0.25},"geometry":{"type":"Point","coordinates":[73.896662,18.542676]}},{"type":"Feature","properties":{"class":1,"weight":0.25},"geometry":{"type":"Point","coordinates":[73.970907,18.542676]}},{"type":"Feature","properties":{"class":1,"weight":0.25},"geometry":{"type":"Point","coordinates":[73.971042,18.542676]}},{"type":"Feature","properties":{"class":1,"weight":0.25},"geometry":{"type":"Point","coordinates":[73.876315,18.542541]}},{"type":"Feature","properties":{"class":1,"weight":0.25},"geometry":{"type":"Point","coordinates":[73.87645,18.542541]}},{"type":"Feature","properties":{"class":1,"weight":0.25},"geometry":{"type":"Point","coordinates":[73.876584,18.542541]}},{"type":"Feature","properties":{"class":1,"weight":0.25},"geometry":{"type":"Point","coordinates":[73.876719,18.542541]}},{"type":"Feature","properties":{"class":1,"weight":0.25},"geometry":{"type":"Point","coordinates":[73.880088,18.542541]}},{"type":"Feature","properties":{"class":1,"weight":0.25},"geometry":{"type":"Point","coordinates":[73.880223,18.542541]}},{"type":"Feature","properties":{"class":1,"weight":0.25},"geometry":{"type":"Point","coordinates":[73.880357,18.542541]}},{"type":"Feature","properties":{"class":1,"weight":0.25},"geometry":{"type":"Point","coordinates":[73.880492,18.542541]}},{"type":"Feature","properties":{"class":1,"weight":0.25},"geometry":{"type":"Point","coordinates":[73.881974,18.542541]}},{"type":"Feature","properties":{"class":1,"weight":0.25},"geometry":{"type":"Point","coordinates":[73.882109,18.542541]}},{"type":"Feature","properties":{"class":2,"weight":0.5},"geometry":{"type":"Point","coordinates":[73.89491,18.542541]}},{"type":"Feature","properties":{"class":2,"weight":0.5},"geometry":{"type":"Point","coordinates":[73.895045,18.542541]}},{"type":"Feature","properties":{"class":1,"weight":0.25},"geometry":{"type":"Point","coordinates":[73.895179,18.542541]}},{"type":"Feature","properties":{"class":1,"weight":0.25},"geometry":{"type":"Point","coordinates":[73.895314,18.542541]}},{"type":"Feature","properties":{"class":1,"weight":0.25},"geometry":{"type":"Point","coordinates":[73.897066,18.542541]}},{"type":"Feature","properties":{"class":1,"weight":0.25},"geometry":{"type":"Point","coordinates":[73.897201,18.542541]}},{"type":"Feature","properties":{"class":1,"weight":0.25},"geometry":{"type":"Point","coordinates":[73.942341,18.542541]}},{"type":"Feature","properties":{"class":1,"weight":0.25},"geometry":{"type":"Point","coordinates":[73.942476,18.542541]}},{"type":"Feature","properties":{"class":1,"weight":0.25},"geometry":{"type":"Point","coordinates":[73.969829,18.542541]}},{"type":"Feature","properties":{"class":1,"weight":0.25},"geometry":{"type":"Point","coordinates":[73.969964,18.542541]}},{"type":"Feature","properties":{"class":1,"weight":0.25},"geometry":{"type":"Point","coordinates":[73.971446,18.542541]}},{"type":"Feature","properties":{"class":1,"weight":0.25},"geometry":{"type":"Point","coordinates":[73.971581,18.542541]}},{"type":"Feature","properties":{"class":1,"weight":0.25},"geometry":{"type":"Point","coordinates":[73.876315,18.542407]}},{"type":"Feature","properties":{"class":1,"weight":0.25},"geometry":{"type":"Point","coordinates":[73.87645,18.542407]}},{"type":"Feature","properties":{"class":1,"weight":0.25},"geometry":{"type":"Point","coordinates":[73.876584,18.542407]}},{"type":"Feature","properties":{"class":1,"weight":0.25},"geometry":{"type":"Point","coordinates":[73.876719,18.542407]}},{"type":"Feature","properties":{"class":1,"weight":0.25},"geometry":{"type":"Point","coordinates":[73.880088,18.542407]}},{"type":"Feature","properties":{"class":1,"weight":0.25},"geometry":{"type":"Point","coordinates":[73.880223,18.542407]}},{"type":"Feature","properties":{"class":1,"weight":0.25},"geometry":{"type":"Point","coordinates":[73.880357,18.542407]}},{"type":"Feature","properties":{"class":1,"weight":0.25},"geometry":{"type":"Point","coordinates":[73.880492,18.542407]}},{"type":"Feature","properties":{"class":1,"weight":0.25},"geometry":{"type":"Point","coordinates":[73.881974,18.542407]}},{"type":"Feature","properties":{"class":1,"weight":0.25},"geometry":{"type":"Point","coordinates":[73.882109,18.542407]}},{"type":"Feature","properties":{"class":2,"weight":0.5},"geometry":{"type":"Point","coordinates":[73.89491,18.542407]}},{"type":"Feature","properties":{"class":2,"weight":0.5},"geometry":{"type":"Point","coordinates":[73.895045,18.542407]}},{"type":"Feature","properties":{"class":1,"weight":0.25},"geometry":{"type":"Point","coordinates":[73.895179,18.542407]}},{"type":"Feature","properties":{"class":1,"weight":0.25},"geometry":{"type":"Point","coordinates":[73.895314,18.542407]}},{"type":"Feature","properties":{"class":1,"weight":0.25},"geometry":{"type":"Point","coordinates":[73.897066,18.542407]}},{"type":"Feature","properties":{"class":1,"weight":0.25},"geometry":{"type":"Point","coordinates":[73.897201,18.542407]}},{"type":"Feature","properties":{"class":1,"weight":0.25},"geometry":{"type":"Point","coordinates":[73.942341,18.542407]}},{"type":"Feature","properties":{"class":1,"weight":0.25},"geometry":{"type":"Point","coordinates":[73.942476,18.542407]}},{"type":"Feature","properties":{"class":1,"weight":0.25},"geometry":{"type":"Point","coordinates":[73.969829,18.542407]}},{"type":"Feature","properties":{"class":1,"weight":0.25},"geometry":{"type":"Point","coordinates":[73.969964,18.542407]}},{"type":"Feature","properties":{"class":1,"weight":0.25},"geometry":{"type":"Point","coordinates":[73.971446,18.542407]}},{"type":"Feature","properties":{"class":1,"weight":0.25},"geometry":{"type":"Point","coordinates":[73.971581,18.542407]}},{"type":"Feature","properties":{"class":1,"weight":0.25},"geometry":{"type":"Point","coordinates":[73.875506,18.542272]}},{"type":"Feature","properties":{"class":1,"weight":0.25},"geometry":{"type":"Point","coordinates":[73.875641,18.542272]}},{"type":"Feature","properties":{"class":1,"weight":0.25},"geometry":{"type":"Point","coordinates":[73.875776,18.542272]}},{"type":"Feature","properties":{"class":1,"weight":0.25},"geometry":{"type":"Point","coordinates":[73.875911,18.542272]}},{"type":"Feature","properties":{"class":1,"weight":0.25},"geometry":{"type":"Point","coordinates":[73.87874,18.542272]}},{"type":"Feature","properties":{"class":1,"weight":0.25},"geometry":{"type":"Point","coordinates":[73.878875,18.542272]}},{"type":"Feature","properties":{"class":1,"weight":0.25},"geometry":{"type":"Point","coordinates":[73.87901,18.542272]}},{"type":"Feature","properties":{"class":1,"weight":0.25},"geometry":{"type":"Point","coordinates":[73.879145,18.542272]}},{"type":"Feature","properties":{"class":1,"weight":0.25},"geometry":{"type":"Point","coordinates":[73.879279,18.542272]}},{"type":"Feature","properties":{"class":1,"weight":0.25},"geometry":{"type":"Point","coordinates":[73.879414,18.542272]}},{"type":"Feature","properties":{"class":1,"weight":0.25},"geometry":{"type":"Point","coordinates":[73.879549,18.542272]}},{"type":"Feature","properties":{"class":1,"weight":0.25},"geometry":{"type":"Point","coordinates":[73.879684,18.542272]}},{"type":"Feature","properties":{"class":1,"weight":0.25},"geometry":{"type":"Point","coordinates":[73.880088,18.542272]}},{"type":"Feature","properties":{"class":1,"weight":0.25},"geometry":{"type":"Point","coordinates":[73.880223,18.542272]}},{"type":"Feature","properties":{"class":1,"weight":0.25},"geometry":{"type":"Point","coordinates":[73.880357,18.542272]}},{"type":"Feature","properties":{"class":1,"weight":0.25},"geometry":{"type":"Point","coordinates":[73.880492,18.542272]}},{"type":"Feature","properties":{"class":1,"weight":0.25},"geometry":{"type":"Point","coordinates":[73.89464,18.542272]}},{"type":"Feature","properties":{"class":1,"weight":0.25},"geometry":{"type":"Point","coordinates":[73.894775,18.542272]}},{"type":"Feature","properties":{"class":1,"weight":0.25},"geometry":{"type":"Point","coordinates":[73.895179,18.542272]}},{"type":"Feature","properties":{"class":1,"weight":0.25},"geometry":{"type":"Point","coordinates":[73.895314,18.542272]}},{"type":"Feature","properties":{"class":1,"weight":0.25},"geometry":{"type":"Point","coordinates":[73.94315,18.542272]}},{"type":"Feature","properties":{"class":1,"weight":0.25},"geometry":{"type":"Point","coordinates":[73.943284,18.542272]}},{"type":"Feature","properties":{"class":1,"weight":0.25},"geometry":{"type":"Point","coordinates":[73.875506,18.542137]}},{"type":"Feature","properties":{"class":1,"weight":0.25},"geometry":{"type":"Point","coordinates":[73.875641,18.542137]}},{"type":"Feature","properties":{"class":1,"weight":0.25},"geometry":{"type":"Point","coordinates":[73.875776,18.542137]}},{"type":"Feature","properties":{"class":1,"weight":0.25},"geometry":{"type":"Point","coordinates":[73.875911,18.542137]}},{"type":"Feature","properties":{"class":1,"weight":0.25},"geometry":{"type":"Point","coordinates":[73.87874,18.542137]}},{"type":"Feature","properties":{"class":1,"weight":0.25},"geometry":{"type":"Point","coordinates":[73.878875,18.542137]}},{"type":"Feature","properties":{"class":1,"weight":0.25},"geometry":{"type":"Point","coordinates":[73.87901,18.542137]}},{"type":"Feature","properties":{"class":1,"weight":0.25},"geometry":{"type":"Point","coordinates":[73.879145,18.542137]}},{"type":"Feature","properties":{"class":1,"weight":0.25},"geometry":{"type":"Point","coordinates":[73.879279,18.542137]}},{"type":"Feature","properties":{"class":1,"weight":0.25},"geometry":{"type":"Point","coordinates":[73.879414,18.542137]}},{"type":"Feature","properties":{"class":1,"weight":0.25},"geometry":{"type":"Point","coordinates":[73.879549,18.542137]}},{"type":"Feature","properties":{"class":1,"weight":0.25},"geometry":{"type":"Point","coordinates":[73.879684,18.542137]}},{"type":"Feature","properties":{"class":1,"weight":0.25},"geometry":{"type":"Point","coordinates":[73.880088,18.542137]}},{"type":"Feature","properties":{"class":1,"weight":0.25},"geometry":{"type":"Point","coordinates":[73.880223,18.542137]}},{"type":"Feature","properties":{"class":1,"weight":0.25},"geometry":{"type":"Point","coordinates":[73.880357,18.542137]}},{"type":"Feature","properties":{"class":1,"weight":0.25},"geometry":{"type":"Point","coordinates":[73.880492,18.542137]}},{"type":"Feature","properties":{"class":1,"weight":0.25},"geometry":{"type":"Point","coordinates":[73.89464,18.542137]}},{"type":"Feature","properties":{"class":1,"weight":0.25},"geometry":{"type":"Point","coordinates":[73.894775,18.542137]}},{"type":"Feature","properties":{"class":1,"weight":0.25},"geometry":{"type":"Point","coordinates":[73.895179,18.542137]}},{"type":"Feature","properties":{"class":1,"weight":0.25},"geometry":{"type":"Point","coordinates":[73.895314,18.542137]}},{"type":"Feature","properties":{"class":1,"weight":0.25},"geometry":{"type":"Point","coordinates":[73.94315,18.542137]}},{"type":"Feature","properties":{"class":1,"weight":0.25},"geometry":{"type":"Point","coordinates":[73.943284,18.542137]}},{"type":"Feature","properties":{"class":1,"weight":0.25},"geometry":{"type":"Point","coordinates":[73.874967,18.542002]}},{"type":"Feature","properties":{"class":1,"weight":0.25},"geometry":{"type":"Point","coordinates":[73.875102,18.542002]}},{"type":"Feature","properties":{"class":1,"weight":0.25},"geometry":{"type":"Point","coordinates":[73.877393,18.542002]}},{"type":"Feature","properties":{"class":1,"weight":0.25},"geometry":{"type":"Point","coordinates":[73.877528,18.542002]}},{"type":"Feature","properties":{"class":1,"weight":0.25},"geometry":{"type":"Point","coordinates":[73.877662,18.542002]}},{"type":"Feature","properties":{"class":1,"weight":0.25},"geometry":{"type":"Point","coordinates":[73.877797,18.542002]}},{"type":"Feature","properties":{"class":1,"weight":0.25},"geometry":{"type":"Point","coordinates":[73.878201,18.542002]}},{"type":"Feature","properties":{"class":1,"weight":0.25},"geometry":{"type":"Point","coordinates":[73.878336,18.542002]}},{"type":"Feature","properties":{"class":1,"weight":0.25},"geometry":{"type":"Point","coordinates":[73.878471,18.542002]}},{"type":"Feature","properties":{"class":1,"weight":0.25},"geometry":{"type":"Point","coordinates":[73.878606,18.542002]}},{"type":"Feature","properties":{"class":1,"weight":0.25},"geometry":{"type":"Point","coordinates":[73.898413,18.542002]}},{"type":"Feature","properties":{"class":1,"weight":0.25},"geometry":{"type":"Point","coordinates":[73.898548,18.542002]}},{"type":"Feature","properties":{"class":1,"weight":0.25},"geometry":{"type":"Point","coordinates":[73.874967,18.541868]}},{"type":"Feature","properties":{"class":1,"weight":0.25},"geometry":{"type":"Point","coordinates":[73.875102,18.541868]}},{"type":"Feature","properties":{"class":1,"weight":0.25},"geometry":{"type":"Point","coordinates":[73.877393,18.541868]}},{"type":"Feature","properties":{"class":1,"weight":0.25},"geometry":{"type":"Point","coordinates":[73.877528,18.541868]}},{"type":"Feature","properties":{"class":1,"weight":0.25},"geometry":{"type":"Point","coordinates":[73.877662,18.541868]}},{"type":"Feature","properties":{"class":1,"weight":0.25},"geometry":{"type":"Point","coordinates":[73.877797,18.541868]}},{"type":"Feature","properties":{"class":1,"weight":0.25},"geometry":{"type":"Point","coordinates":[73.878201,18.541868]}},{"type":"Feature","properties":{"class":1,"weight":0.25},"geometry":{"type":"Point","coordinates":[73.878336,18.541868]}},{"type":"Feature","properties":{"class":1,"weight":0.25},"geometry":{"type":"Point","coordinates":[73.878471,18.541868]}},{"type":"Feature","properties":{"class":1,"weight":0.25},"geometry":{"type":"Point","coordinates":[73.878606,18.541868]}},{"type":"Feature","properties":{"class":1,"weight":0.25},"geometry":{"type":"Point","coordinates":[73.898413,18.541868]}},{"type":"Feature","properties":{"class":1,"weight":0.25},"geometry":{"type":"Point","coordinates":[73.898548,18.541868]}},{"type":"Feature","properties":{"class":1,"weight":0.25},"geometry":{"type":"Point","coordinates":[73.876315,18.541733]}},{"type":"Feature","properties":{"class":1,"weight":0.25},"geometry":{"type":"Point","coordinates":[73.87645,18.541733]}},{"type":"Feature","properties":{"class":1,"weight":0.25},"geometry":{"type":"Point","coordinates":[73.876584,18.541733]}},{"type":"Feature","properties":{"class":1,"weight":0.25},"geometry":{"type":"Point","coordinates":[73.876719,18.541733]}},{"type":"Feature","properties":{"class":1,"weight":0.25},"geometry":{"type":"Point","coordinates":[73.877393,18.541733]}},{"type":"Feature","properties":{"class":1,"weight":0.25},"geometry":{"type":"Point","coordinates":[73.877528,18.541733]}},{"type":"Feature","properties":{"class":1,"weight":0.25},"geometry":{"type":"Point","coordinates":[73.877662,18.541733]}},{"type":"Feature","properties":{"class":1,"weight":0.25},"geometry":{"type":"Point","coordinates":[73.877797,18.541733]}},{"type":"Feature","properties":{"class":1,"weight":0.25},"geometry":{"type":"Point","coordinates":[73.898144,18.541733]}},{"type":"Feature","properties":{"class":1,"weight":0.25},"geometry":{"type":"Point","coordinates":[73.898279,18.541733]}},{"type":"Feature","properties":{"class":1,"weight":0.25},"geometry":{"type":"Point","coordinates":[73.898683,18.541733]}},{"type":"Feature","properties":{"class":1,"weight":0.25},"geometry":{"type":"Point","coordinates":[73.898818,18.541733]}},{"type":"Feature","properties":{"class":1,"weight":0.25},"geometry":{"type":"Point","coordinates":[73.903534,18.541733]}},{"type":"Feature","properties":{"class":1,"weight":0.25},"geometry":{"type":"Point","coordinates":[73.903669,18.541733]}},{"type":"Feature","properties":{"class":1,"weight":0.25},"geometry":{"type":"Point","coordinates":[73.90569,18.541733]}},{"type":"Feature","properties":{"class":1,"weight":0.25},"geometry":{"type":"Point","coordinates":[73.905825,18.541733]}},{"type":"Feature","properties":{"class":1,"weight":0.25},"geometry":{"type":"Point","coordinates":[73.94288,18.541733]}},{"type":"Feature","properties":{"class":1,"weight":0.25},"geometry":{"type":"Point","coordinates":[73.943015,18.541733]}},{"type":"Feature","properties":{"class":1,"weight":0.25},"geometry":{"type":"Point","coordinates":[73.876315,18.541598]}},{"type":"Feature","properties":{"class":1,"weight":0.25},"geometry":{"type":"Point","coordinates":[73.87645,18.541598]}},{"type":"Feature","properties":{"class":1,"weight":0.25},"geometry":{"type":"Point","coordinates":[73.876584,18.541598]}},{"type":"Feature","properties":{"class":1,"weight":0.25},"geometry":{"type":"Point","coordinates":[73.876719,18.541598]}},{"type":"Feature","properties":{"class":1,"weight":0.25},"geometry":{"type":"Point","coordinates":[73.877393,18.541598]}},{"type":"Feature","properties":{"class":1,"weight":0.25},"geometry":{"type":"Point","coordinates":[73.877528,18.541598]}},{"type":"Feature","properties":{"class":1,"weight":0.25},"geometry":{"type":"Point","coordinates":[73.877662,18.541598]}},{"type":"Feature","properties":{"class":1,"weight":0.25},"geometry":{"type":"Point","coordinates":[73.877797,18.541598]}},{"type":"Feature","properties":{"class":1,"weight":0.25},"geometry":{"type":"Point","coordinates":[73.898144,18.541598]}},{"type":"Feature","properties":{"class":1,"weight":0.25},"geometry":{"type":"Point","coordinates":[73.898279,18.541598]}},{"type":"Feature","properties":{"class":1,"weight":0.25},"geometry":{"type":"Point","coordinates":[73.898683,18.541598]}},{"type":"Feature","properties":{"class":1,"weight":0.25},"geometry":{"type":"Point","coordinates":[73.898818,18.541598]}},{"type":"Feature","properties":{"class":1,"weight":0.25},"geometry":{"type":"Point","coordinates":[73.903534,18.541598]}},{"type":"Feature","properties":{"class":1,"weight":0.25},"geometry":{"type":"Point","coordinates":[73.903669,18.541598]}},{"type":"Feature","properties":{"class":1,"weight":0.25},"geometry":{"type":"Point","coordinates":[73.90569,18.541598]}},{"type":"Feature","properties":{"class":1,"weight":0.25},"geometry":{"type":"Point","coordinates":[73.905825,18.541598]}},{"type":"Feature","properties":{"class":1,"weight":0.25},"geometry":{"type":"Point","coordinates":[73.94288,18.541598]}},{"type":"Feature","properties":{"class":1,"weight":0.25},"geometry":{"type":"Point","coordinates":[73.943015,18.541598]}},{"type":"Feature","properties":{"class":1,"weight":0.25},"geometry":{"type":"Point","coordinates":[73.87362,18.541463]}},{"type":"Feature","properties":{"class":1,"weight":0.25},"geometry":{"type":"Point","coordinates":[73.873755,18.541463]}},{"type":"Feature","properties":{"class":1,"weight":0.25},"geometry":{"type":"Point","coordinates":[73.875506,18.541463]}},{"type":"Feature","properties":{"class":1,"weight":0.25},"geometry":{"type":"Point","coordinates":[73.875641,18.541463]}},{"type":"Feature","properties":{"class":1,"weight":0.25},"geometry":{"type":"Point","coordinates":[73.876584,18.541463]}},{"type":"Feature","properties":{"class":1,"weight":0.25},"geometry":{"type":"Point","coordinates":[73.876719,18.541463]}},{"type":"Feature","properties":{"class":1,"weight":0.25},"geometry":{"type":"Point","coordinates":[73.897874,18.541463]}},{"type":"Feature","properties":{"class":1,"weight":0.25},"geometry":{"type":"Point","coordinates":[73.898009,18.541463]}},{"type":"Feature","properties":{"class":1,"weight":0.25},"geometry":{"type":"Point","coordinates":[73.90003,18.541463]}},{"type":"Feature","properties":{"class":1,"weight":0.25},"geometry":{"type":"Point","coordinates":[73.900165,18.541463]}},{"type":"Feature","properties":{"class":1,"weight":0.25},"geometry":{"type":"Point","coordinates":[73.9003,18.541463]}},{"type":"Feature","properties":{"class":1,"weight":0.25},"geometry":{"type":"Point","coordinates":[73.900435,18.541463]}},{"type":"Feature","properties":{"class":1,"weight":0.25},"geometry":{"type":"Point","coordinates":[73.900569,18.541463]}},{"type":"Feature","properties":{"class":1,"weight":0.25},"geometry":{"type":"Point","coordinates":[73.900704,18.541463]}},{"type":"Feature","properties":{"class":1,"weight":0.25},"geometry":{"type":"Point","coordinates":[73.900839,18.541463]}},{"type":"Feature","properties":{"class":1,"weight":0.25},"geometry":{"type":"Point","coordinates":[73.900974,18.541463]}},{"type":"Feature","properties":{"class":1,"weight":0.25},"geometry":{"type":"Point","coordinates":[73.901108,18.541463]}},{"type":"Feature","properties":{"class":1,"weight":0.25},"geometry":{"type":"Point","coordinates":[73.901243,18.541463]}},{"type":"Feature","properties":{"class":1,"weight":0.25},"geometry":{"type":"Point","coordinates":[73.901378,18.541463]}},{"type":"Feature","properties":{"class":1,"weight":0.25},"geometry":{"type":"Point","coordinates":[73.901513,18.541463]}},{"type":"Feature","properties":{"class":1,"weight":0.25},"geometry":{"type":"Point","coordinates":[73.901647,18.541463]}},{"type":"Feature","properties":{"class":1,"weight":0.25},"geometry":{"type":"Point","coordinates":[73.901782,18.541463]}},{"type":"Feature","properties":{"class":1,"weight":0.25},"geometry":{"type":"Point","coordinates":[73.901917,18.541463]}},{"type":"Feature","properties":{"class":1,"weight":0.25},"geometry":{"type":"Point","coordinates":[73.902052,18.541463]}},{"type":"Feature","properties":{"class":1,"weight":0.25},"geometry":{"type":"Point","coordinates":[73.902186,18.541463]}},{"type":"Feature","properties":{"class":1,"weight":0.25},"geometry":{"type":"Point","coordinates":[73.902321,18.541463]}},{"type":"Feature","properties":{"class":1,"weight":0.25},"geometry":{"type":"Point","coordinates":[73.903264,18.541463]}},{"type":"Feature","properties":{"class":1,"weight":0.25},"geometry":{"type":"Point","coordinates":[73.903399,18.541463]}},{"type":"Feature","properties":{"class":1,"weight":0.25},"geometry":{"type":"Point","coordinates":[73.903534,18.541463]}},{"type":"Feature","properties":{"class":1,"weight":0.25},"geometry":{"type":"Point","coordinates":[73.903669,18.541463]}},{"type":"Feature","properties":{"class":1,"weight":0.25},"geometry":{"type":"Point","coordinates":[73.903803,18.541463]}},{"type":"Feature","properties":{"class":1,"weight":0.25},"geometry":{"type":"Point","coordinates":[73.903938,18.541463]}},{"type":"Feature","properties":{"class":1,"weight":0.25},"geometry":{"type":"Point","coordinates":[73.906229,18.541463]}},{"type":"Feature","properties":{"class":1,"weight":0.25},"geometry":{"type":"Point","coordinates":[73.906363,18.541463]}},{"type":"Feature","properties":{"class":2,"weight":0.5},"geometry":{"type":"Point","coordinates":[73.972255,18.541463]}},{"type":"Feature","properties":{"class":2,"weight":0.5},"geometry":{"type":"Point","coordinates":[73.97239,18.541463]}},{"type":"Feature","properties":{"class":1,"weight":0.25},"geometry":{"type":"Point","coordinates":[73.973063,18.541463]}},{"type":"Feature","properties":{"class":1,"weight":0.25},"geometry":{"type":"Point","coordinates":[73.973198,18.541463]}},{"type":"Feature","properties":{"class":1,"weight":0.25},"geometry":{"type":"Point","coordinates":[73.87362,18.541329]}},{"type":"Feature","properties":{"class":1,"weight":0.25},"geometry":{"type":"Point","coordinates":[73.873755,18.541329]}},{"type":"Feature","properties":{"class":1,"weight":0.25},"geometry":{"type":"Point","coordinates":[73.875506,18.541329]}},{"type":"Feature","properties":{"class":1,"weight":0.25},"geometry":{"type":"Point","coordinates":[73.875641,18.541329]}},{"type":"Feature","properties":{"class":1,"weight":0.25},"geometry":{"type":"Point","coordinates":[73.876584,18.541329]}},{"type":"Feature","properties":{"class":1,"weight":0.25},"geometry":{"type":"Point","coordinates":[73.876719,18.541329]}},{"type":"Feature","properties":{"class":1,"weight":0.25},"geometry":{"type":"Point","coordinates":[73.897874,18.541329]}},{"type":"Feature","properties":{"class":1,"weight":0.25},"geometry":{"type":"Point","coordinates":[73.898009,18.541329]}},{"type":"Feature","properties":{"class":1,"weight":0.25},"geometry":{"type":"Point","coordinates":[73.90003,18.541329]}},{"type":"Feature","properties":{"class":1,"weight":0.25},"geometry":{"type":"Point","coordinates":[73.900165,18.541329]}},{"type":"Feature","properties":{"class":1,"weight":0.25},"geometry":{"type":"Point","coordinates":[73.9003,18.541329]}},{"type":"Feature","properties":{"class":1,"weight":0.25},"geometry":{"type":"Point","coordinates":[73.900435,18.541329]}},{"type":"Feature","properties":{"class":1,"weight":0.25},"geometry":{"type":"Point","coordinates":[73.900569,18.541329]}},{"type":"Feature","properties":{"class":1,"weight":0.25},"geometry":{"type":"Point","coordinates":[73.900704,18.541329]}},{"type":"Feature","properties":{"class":1,"weight":0.25},"geometry":{"type":"Point","coordinates":[73.900839,18.541329]}},{"type":"Feature","properties":{"class":1,"weight":0.25},"geometry":{"type":"Point","coordinates":[73.900974,18.541329]}},{"type":"Feature","properties":{"class":1,"weight":0.25},"geometry":{"type":"Point","coordinates":[73.901108,18.541329]}},{"type":"Feature","properties":{"class":1,"weight":0.25},"geometry":{"type":"Point","coordinates":[73.901243,18.541329]}},{"type":"Feature","properties":{"class":1,"weight":0.25},"geometry":{"type":"Point","coordinates":[73.901378,18.541329]}},{"type":"Feature","properties":{"class":1,"weight":0.25},"geometry":{"type":"Point","coordinates":[73.901513,18.541329]}},{"type":"Feature","properties":{"class":1,"weight":0.25},"geometry":{"type":"Point","coordinates":[73.901647,18.541329]}},{"type":"Feature","properties":{"class":1,"weight":0.25},"geometry":{"type":"Point","coordinates":[73.901782,18.541329]}},{"type":"Feature","properties":{"class":1,"weight":0.25},"geometry":{"type":"Point","coordinates":[73.901917,18.541329]}},{"type":"Feature","properties":{"class":1,"weight":0.25},"geometry":{"type":"Point","coordinates":[73.902052,18.541329]}},{"type":"Feature","properties":{"class":1,"weight":0.25},"geometry":{"type":"Point","coordinates":[73.902186,18.541329]}},{"type":"Feature","properties":{"class":1,"weight":0.25},"geometry":{"type":"Point","coordinates":[73.902321,18.541329]}},{"type":"Feature","properties":{"class":1,"weight":0.25},"geometry":{"type":"Point","coordinates":[73.903264,18.541329]}},{"type":"Feature","properties":{"class":1,"weight":0.25},"geometry":{"type":"Point","coordinates":[73.903399,18.541329]}},{"type":"Feature","properties":{"class":1,"weight":0.25},"geometry":{"type":"Point","coordinates":[73.903534,18.541329]}},{"type":"Feature","properties":{"class":1,"weight":0.25},"geometry":{"type":"Point","coordinates":[73.903669,18.541329]}},{"type":"Feature","properties":{"class":1,"weight":0.25},"geometry":{"type":"Point","coordinates":[73.903803,18.541329]}},{"type":"Feature","properties":{"class":1,"weight":0.25},"geometry":{"type":"Point","coordinates":[73.903938,18.541329]}},{"type":"Feature","properties":{"class":1,"weight":0.25},"geometry":{"type":"Point","coordinates":[73.906229,18.541329]}},{"type":"Feature","properties":{"class":1,"weight":0.25},"geometry":{"type":"Point","coordinates":[73.906363,18.541329]}},{"type":"Feature","properties":{"class":2,"weight":0.5},"geometry":{"type":"Point","coordinates":[73.972255,18.541329]}},{"type":"Feature","properties":{"class":2,"weight":0.5},"geometry":{"type":"Point","coordinates":[73.97239,18.541329]}},{"type":"Feature","properties":{"class":1,"weight":0.25},"geometry":{"type":"Point","coordinates":[73.973063,18.541329]}},{"type":"Feature","properties":{"class":1,"weight":0.25},"geometry":{"type":"Point","coordinates":[73.973198,18.541329]}},{"type":"Feature","properties":{"class":2,"weight":0.5},"geometry":{"type":"Point","coordinates":[73.872811,18.541194]}},{"type":"Feature","properties":{"class":2,"weight":0.5},"geometry":{"type":"Point","coordinates":[73.872946,18.541194]}},{"type":"Feature","properties":{"class":1,"weight":0.25},"geometry":{"type":"Point","coordinates":[73.874698,18.541194]}},{"type":"Feature","properties":{"class":1,"weight":0.25},"geometry":{"type":"Point","coordinates":[73.874833,18.541194]}},{"type":"Feature","properties":{"class":1,"weight":0.25},"geometry":{"type":"Point","coordinates":[73.875776,18.541194]}},{"type":"Feature","properties":{"class":1,"weight":0.25},"geometry":{"type":"Point","coordinates":[73.875911,18.541194]}},{"type":"Feature","properties":{"class":1,"weight":0.25},"geometry":{"type":"Point","coordinates":[73.901108,18.541194]}},{"type":"Feature","properties":{"class":1,"weight":0.25},"geometry":{"type":"Point","coordinates":[73.901243,18.541194]}},{"type":"Feature","properties":{"class":1,"weight":0.25},"geometry":{"type":"Point","coordinates":[73.901378,18.541194]}},{"type":"Feature","properties":{"class":1,"weight":0.25},"geometry":{"type":"Point","coordinates":[73.901513,18.541194]}},{"type":"Feature","properties":{"class":1,"weight":0.25},"geometry":{"type":"Point","coordinates":[73.901647,18.541194]}},{"type":"Feature","properties":{"class":1,"weight":0.25},"geometry":{"type":"Point","coordinates":[73.901782,18.541194]}},{"type":"Feature","properties":{"class":1,"weight":0.25},"geometry":{"type":"Point","coordinates":[73.901917,18.541194]}},{"type":"Feature","properties":{"class":1,"weight":0.25},"geometry":{"type":"Point","coordinates":[73.902052,18.541194]}},{"type":"Feature","properties":{"class":1,"weight":0.25},"geometry":{"type":"Point","coordinates":[73.902186,18.541194]}},{"type":"Feature","properties":{"class":1,"weight":0.25},"geometry":{"type":"Point","coordinates":[73.902321,18.541194]}},{"type":"Feature","properties":{"class":1,"weight":0.25},"geometry":{"type":"Point","coordinates":[73.902456,18.541194]}},{"type":"Feature","properties":{"class":1,"weight":0.25},"geometry":{"type":"Point","coordinates":[73.902591,18.541194]}},{"type":"Feature","properties":{"class":1,"weight":0.25},"geometry":{"type":"Point","coordinates":[73.902725,18.541194]}},{"type":"Feature","properties":{"class":1,"weight":0.25},"geometry":{"type":"Point","coordinates":[73.90286,18.541194]}},{"type":"Feature","properties":{"class":1,"weight":0.25},"geometry":{"type":"Point","coordinates":[73.902995,18.541194]}},{"type":"Feature","properties":{"class":1,"weight":0.25},"geometry":{"type":"Point","coordinates":[73.90313,18.541194]}},{"type":"Feature","properties":{"class":1,"weight":0.25},"geometry":{"type":"Point","coordinates":[73.903264,18.541194]}},{"type":"Feature","properties":{"class":1,"weight":0.25},"geometry":{"type":"Point","coordinates":[73.903399,18.541194]}},{"type":"Feature","properties":{"class":1,"weight":0.25},"geometry":{"type":"Point","coordinates":[73.903534,18.541194]}},{"type":"Feature","properties":{"class":1,"weight":0.25},"geometry":{"type":"Point","coordinates":[73.903669,18.541194]}},{"type":"Feature","properties":{"class":1,"weight":0.25},"geometry":{"type":"Point","coordinates":[73.904612,18.541194]}},{"type":"Feature","properties":{"class":1,"weight":0.25},"geometry":{"type":"Point","coordinates":[73.904747,18.541194]}},{"type":"Feature","properties":{"class":1,"weight":0.25},"geometry":{"type":"Point","coordinates":[73.907307,18.541194]}},{"type":"Feature","properties":{"class":1,"weight":0.25},"geometry":{"type":"Point","coordinates":[73.907441,18.541194]}},{"type":"Feature","properties":{"class":2,"weight":0.5},"geometry":{"type":"Point","coordinates":[73.907576,18.541194]}},{"type":"Feature","properties":{"class":2,"weight":0.5},"geometry":{"type":"Point","coordinates":[73.907711,18.541194]}},{"type":"Feature","properties":{"class":2,"weight":0.5},"geometry":{"type":"Point","coordinates":[73.907846,18.541194]}},{"type":"Feature","properties":{"class":2,"weight":0.5},"geometry":{"type":"Point","coordinates":[73.90798,18.541194]}},{"type":"Feature","properties":{"class":1,"weight":0.25},"geometry":{"type":"Point","coordinates":[73.908115,18.541194]}},{"type":"Feature","properties":{"class":1,"weight":0.25},"geometry":{"type":"Point","coordinates":[73.90825,18.541194]}},{"type":"Feature","properties":{"class":2,"weight":0.5},"geometry":{"type":"Point","coordinates":[73.908385,18.541194]}},{"type":"Feature","properties":{"class":2,"weight":0.5},"geometry":{"type":"Point","coordinates":[73.908519,18.541194]}},{"type":"Feature","properties":{"class":2,"weight":0.5},"geometry":{"type":"Point","coordinates":[73.909193,18.541194]}},{"type":"Feature","properties":{"class":2,"weight":0.5},"geometry":{"type":"Point","coordinates":[73.909328,18.541194]}},{"type":"Feature","properties":{"class":2,"weight":0.5},"geometry":{"type":"Point","coordinates":[73.872811,18.541059]}},{"type":"Feature","properties":{"class":2,"weight":0.5},"geometry":{"type":"Point","coordinates":[73.872946,18.541059]}},{"type":"Feature","properties":{"class":1,"weight":0.25},"geometry":{"type":"Point","coordinates":[73.874698,18.541059]}},{"type":"Feature","properties":{"class":1,"weight":0.25},"geometry":{"type":"Point","coordinates":[73.874833,18.541059]}},{"type":"Feature","properties":{"class":1,"weight":0.25},"geometry":{"type":"Point","coordinates":[73.875776,18.541059]}},{"type":"Feature","properties":{"class":1,"weight":0.25},"geometry":{"type":"Point","coordinates":[73.875911,18.541059]}},{"type":"Feature","properties":{"class":1,"weight":0.25},"geometry":{"type":"Point","coordinates":[73.901108,18.541059]}},{"type":"Feature","properties":{"class":1,"weight":0.25},"geometry":{"type":"Point","coordinates":[73.901243,18.541059]}},{"type":"Feature","properties":{"class":1,"weight":0.25},"geometry":{"type":"Point","coordinates":[73.901378,18.541059]}},{"type":"Feature","properties":{"class":1,"weight":0.25},"geometry":{"type":"Point","coordinates":[73.901513,18.541059]}},{"type":"Feature","properties":{"class":1,"weight":0.25},"geometry":{"type":"Point","coordinates":[73.901647,18.541059]}},{"type":"Feature","properties":{"class":1,"weight":0.25},"geometry":{"type":"Point","coordinates":[73.901782,18.541059]}},{"type":"Feature","properties":{"class":1,"weight":0.25},"geometry":{"type":"Point","coordinates":[73.901917,18.541059]}},{"type":"Feature","properties":{"class":1,"weight":0.25},"geometry":{"type":"Point","coordinates":[73.902052,18.541059]}},{"type":"Feature","properties":{"class":1,"weight":0.25},"geometry":{"type":"Point","coordinates":[73.902186,18.541059]}},{"type":"Feature","properties":{"class":1,"weight":0.25},"geometry":{"type":"Point","coordinates":[73.902321,18.541059]}},{"type":"Feature","properties":{"class":1,"weight":0.25},"geometry":{"type":"Point","coordinates":[73.902456,18.541059]}},{"type":"Feature","properties":{"class":1,"weight":0.25},"geometry":{"type":"Point","coordinates":[73.902591,18.541059]}},{"type":"Feature","properties":{"class":1,"weight":0.25},"geometry":{"type":"Point","coordinates":[73.902725,18.541059]}},{"type":"Feature","properties":{"class":1,"weight":0.25},"geometry":{"type":"Point","coordinates":[73.90286,18.541059]}},{"type":"Feature","properties":{"class":1,"weight":0.25},"geometry":{"type":"Point","coordinates":[73.902995,18.541059]}},{"type":"Feature","properties":{"class":1,"weight":0.25},"geometry":{"type":"Point","coordinates":[73.90313,18.541059]}},{"type":"Feature","properties":{"class":1,"weight":0.25},"geometry":{"type":"Point","coordinates":[73.903264,18.541059]}},{"type":"Feature","properties":{"class":1,"weight":0.25},"geometry":{"type":"Point","coordinates":[73.903399,18.541059]}},{"type":"Feature","properties":{"class":1,"weight":0.25},"geometry":{"type":"Point","coordinates":[73.903534,18.541059]}},{"type":"Feature","properties":{"class":1,"weight":0.25},"geometry":{"type":"Point","coordinates":[73.903669,18.541059]}},{"type":"Feature","properties":{"class":1,"weight":0.25},"geometry":{"type":"Point","coordinates":[73.904612,18.541059]}},{"type":"Feature","properties":{"class":1,"weight":0.25},"geometry":{"type":"Point","coordinates":[73.904747,18.541059]}},{"type":"Feature","properties":{"class":1,"weight":0.25},"geometry":{"type":"Point","coordinates":[73.907307,18.541059]}},{"type":"Feature","properties":{"class":1,"weight":0.25},"geometry":{"type":"Point","coordinates":[73.907441,18.541059]}},{"type":"Feature","properties":{"class":2,"weight":0.5},"geometry":{"type":"Point","coordinates":[73.907576,18.541059]}},{"type":"Feature","properties":{"class":2,"weight":0.5},"geometry":{"type":"Point","coordinates":[73.907711,18.541059]}},{"type":"Feature","properties":{"class":2,"weight":0.5},"geometry":{"type":"Point","coordinates":[73.907846,18.541059]}},{"type":"Feature","properties":{"class":2,"weight":0.5},"geometry":{"type":"Point","coordinates":[73.90798,18.541059]}},{"type":"Feature","properties":{"class":1,"weight":0.25},"geometry":{"type":"Point","coordinates":[73.908115,18.541059]}},{"type":"Feature","properties":{"class":1,"weight":0.25},"geometry":{"type":"Point","coordinates":[73.90825,18.541059]}},{"type":"Feature","properties":{"class":2,"weight":0.5},"geometry":{"type":"Point","coordinates":[73.908385,18.541059]}},{"type":"Feature","properties":{"class":2,"weight":0.5},"geometry":{"type":"Point","coordinates":[73.908519,18.541059]}},{"type":"Feature","properties":{"class":2,"weight":0.5},"geometry":{"type":"Point","coordinates":[73.909193,18.541059]}},{"type":"Feature","properties":{"class":2,"weight":0.5},"geometry":{"type":"Point","coordinates":[73.909328,18.541059]}},{"type":"Feature","properties":{"class":1,"weight":0.25},"geometry":{"type":"Point","coordinates":[73.872003,18.540924]}},{"type":"Feature","properties":{"class":1,"weight":0.25},"geometry":{"type":"Point","coordinates":[73.872138,18.540924]}},{"type":"Feature","properties":{"class":1,"weight":0.25},"geometry":{"type":"Point","coordinates":[73.874967,18.540924]}},{"type":"Feature","properties":{"class":1,"weight":0.25},"geometry":{"type":"Point","coordinates":[73.875102,18.540924]}},{"type":"Feature","properties":{"class":1,"weight":0.25},"geometry":{"type":"Point","coordinates":[73.902995,18.540924]}},{"type":"Feature","properties":{"class":1,"weight":0.25},"geometry":{"type":"Point","coordinates":[73.90313,18.540924]}},{"type":"Feature","properties":{"class":1,"weight":0.25},"geometry":{"type":"Point","coordinates":[73.903264,18.540924]}},{"type":"Feature","properties":{"class":1,"weight":0.25},"geometry":{"type":"Point","coordinates":[73.903399,18.540924]}},{"type":"Feature","properties":{"class":1,"weight":0.25},"geometry":{"type":"Point","coordinates":[73.903534,18.540924]}},{"type":"Feature","properties":{"class":1,"weight":0.25},"geometry":{"type":"Point","coordinates":[73.903669,18.540924]}},{"type":"Feature","properties":{"class":1,"weight":0.25},"geometry":{"type":"Point","coordinates":[73.904612,18.540924]}},{"type":"Feature","properties":{"class":1,"weight":0.25},"geometry":{"type":"Point","coordinates":[73.904747,18.540924]}},{"type":"Feature","properties":{"class":1,"weight":0.25},"geometry":{"type":"Point","coordinates":[73.904881,18.540924]}},{"type":"Feature","properties":{"class":1,"weight":0.25},"geometry":{"type":"Point","coordinates":[73.905016,18.540924]}},{"type":"Feature","properties":{"class":1,"weight":0.25},"geometry":{"type":"Point","coordinates":[73.906498,18.540924]}},{"type":"Feature","properties":{"class":1,"weight":0.25},"geometry":{"type":"Point","coordinates":[73.906633,18.540924]}},{"type":"Feature","properties":{"class":1,"weight":0.25},"geometry":{"type":"Point","coordinates":[73.941533,18.540924]}},{"type":"Feature","properties":{"class":1,"weight":0.25},"geometry":{"type":"Point","coordinates":[73.941667,18.540924]}},{"type":"Feature","properties":{"class":1,"weight":0.25},"geometry":{"type":"Point","coordinates":[73.942611,18.540924]}},{"type":"Feature","properties":{"class":1,"weight":0.25},"geometry":{"type":"Point","coordinates":[73.942745,18.540924]}},{"type":"Feature","properties":{"class":1,"weight":0.25},"geometry":{"type":"Point","coordinates":[73.872003,18.54079]}},{"type":"Feature","properties":{"class":1,"weight":0.25},"geometry":{"type":"Point","coordinates":[73.872138,18.54079]}},{"type":"Feature","properties":{"class":1,"weight":0.25},"geometry":{"type":"Point","coordinates":[73.874967,18.54079]}},{"type":"Feature","properties":{"class":1,"weight":0.25},"geometry":{"type":"Point","coordinates":[73.875102,18.54079]}},{"type":"Feature","properties":{"class":1,"weight":0.25},"geometry":{"type":"Point","coordinates":[73.902995,18.54079]}},{"type":"Feature","properties":{"class":1,"weight":0.25},"geometry":{"type":"Point","coordinates":[73.90313,18.54079]}},{"type":"Feature","properties":{"class":1,"weight":0.25},"geometry":{"type":"Point","coordinates":[73.903264,18.54079]}},{"type":"Feature","properties":{"class":1,"weight":0.25},"geometry":{"type":"Point","coordinates":[73.903399,18.54079]}},{"type":"Feature","properties":{"class":1,"weight":0.25},"geometry":{"type":"Point","coordinates":[73.903534,18.54079]}},{"type":"Feature","properties":{"class":1,"weight":0.25},"geometry":{"type":"Point","coordinates":[73.903669,18.54079]}},{"type":"Feature","properties":{"class":1,"weight":0.25},"geometry":{"type":"Point","coordinates":[73.904612,18.54079]}},{"type":"Feature","properties":{"class":1,"weight":0.25},"geometry":{"type":"Point","coordinates":[73.904747,18.54079]}},{"type":"Feature","properties":{"class":1,"weight":0.25},"geometry":{"type":"Point","coordinates":[73.904881,18.54079]}},{"type":"Feature","properties":{"class":1,"weight":0.25},"geometry":{"type":"Point","coordinates":[73.905016,18.54079]}},{"type":"Feature","properties":{"class":1,"weight":0.25},"geometry":{"type":"Point","coordinates":[73.906498,18.54079]}},{"type":"Feature","properties":{"class":1,"weight":0.25},"geometry":{"type":"Point","coordinates":[73.906633,18.54079]}},{"type":"Feature","properties":{"class":1,"weight":0.25},"geometry":{"type":"Point","coordinates":[73.941533,18.54079]}},{"type":"Feature","properties":{"class":1,"weight":0.25},"geometry":{"type":"Point","coordinates":[73.941667,18.54079]}},{"type":"Feature","properties":{"class":1,"weight":0.25},"geometry":{"type":"Point","coordinates":[73.942611,18.54079]}},{"type":"Feature","properties":{"class":1,"weight":0.25},"geometry":{"type":"Point","coordinates":[73.942745,18.54079]}},{"type":"Feature","properties":{"class":1,"weight":0.25},"geometry":{"type":"Point","coordinates":[73.874159,18.540655]}},{"type":"Feature","properties":{"class":1,"weight":0.25},"geometry":{"type":"Point","coordinates":[73.874294,18.540655]}},{"type":"Feature","properties":{"class":1,"weight":0.25},"geometry":{"type":"Point","coordinates":[73.874698,18.540655]}},{"type":"Feature","properties":{"class":1,"weight":0.25},"geometry":{"type":"Point","coordinates":[73.874833,18.540655]}},{"type":"Feature","properties":{"class":1,"weight":0.25},"geometry":{"type":"Point","coordinates":[73.907307,18.540655]}},{"type":"Feature","properties":{"class":1,"weight":0.25},"geometry":{"type":"Point","coordinates":[73.907441,18.540655]}},{"type":"Feature","properties":{"class":1,"weight":0.25},"geometry":{"type":"Point","coordinates":[73.907576,18.540655]}},{"type":"Feature","properties":{"class":1,"weight":0.25},"geometry":{"type":"Point","coordinates":[73.907711,18.540655]}},{"type":"Feature","properties":{"class":1,"weight":0.25},"geometry":{"type":"Point","coordinates":[73.907846,18.540655]}},{"type":"Feature","properties":{"class":1,"weight":0.25},"geometry":{"type":"Point","coordinates":[73.90798,18.540655]}},{"type":"Feature","properties":{"class":1,"weight":0.25},"geometry":{"type":"Point","coordinates":[73.908115,18.540655]}},{"type":"Feature","properties":{"class":1,"weight":0.25},"geometry":{"type":"Point","coordinates":[73.90825,18.540655]}},{"type":"Feature","properties":{"class":1,"weight":0.25},"geometry":{"type":"Point","coordinates":[73.908924,18.540655]}},{"type":"Feature","properties":{"class":1,"weight":0.25},"geometry":{"type":"Point","coordinates":[73.909058,18.540655]}},{"type":"Feature","properties":{"class":1,"weight":0.25},"geometry":{"type":"Point","coordinates":[73.910002,18.540655]}},{"type":"Feature","properties":{"class":1,"weight":0.25},"geometry":{"type":"Point","coordinates":[73.910136,18.540655]}},{"type":"Feature","properties":{"class":1,"weight":0.25},"geometry":{"type":"Point","coordinates":[73.910541,18.540655]}},{"type":"Feature","properties":{"class":1,"weight":0.25},"geometry":{"type":"Point","coordinates":[73.910675,18.540655]}},{"type":"Feature","properties":{"class":1,"weight":0.25},"geometry":{"type":"Point","coordinates":[73.942341,18.540655]}},{"type":"Feature","properties":{"class":1,"weight":0.25},"geometry":{"type":"Point","coordinates":[73.942476,18.540655]}},{"type":"Feature","properties":{"class":1,"weight":0.25},"geometry":{"type":"Point","coordinates":[73.973872,18.540655]}},{"type":"Feature","properties":{"class":1,"weight":0.25},"geometry":{"type":"Point","coordinates":[73.974007,18.540655]}},{"type":"Feature","properties":{"class":1,"weight":0.25},"geometry":{"type":"Point","coordinates":[73.874159,18.54052]}},{"type":"Feature","properties":{"class":1,"weight":0.25},"geometry":{"type":"Point","coordinates":[73.874294,18.54052]}},{"type":"Feature","properties":{"class":1,"weight":0.25},"geometry":{"type":"Point","coordinates":[73.874698,18.54052]}},{"type":"Feature","properties":{"class":1,"weight":0.25},"geometry":{"type":"Point","coordinates":[73.874833,18.54052]}},{"type":"Feature","properties":{"class":1,"weight":0.25},"geometry":{"type":"Point","coordinates":[73.907307,18.54052]}},{"type":"Feature","properties":{"class":1,"weight":0.25},"geometry":{"type":"Point","coordinates":[73.907441,18.54052]}},{"type":"Feature","properties":{"class":1,"weight":0.25},"geometry":{"type":"Point","coordinates":[73.907576,18.54052]}},{"type":"Feature","properties":{"class":1,"weight":0.25},"geometry":{"type":"Point","coordinates":[73.907711,18.54052]}},{"type":"Feature","properties":{"class":1,"weight":0.25},"geometry":{"type":"Point","coordinates":[73.907846,18.54052]}},{"type":"Feature","properties":{"class":1,"weight":0.25},"geometry":{"type":"Point","coordinates":[73.90798,18.54052]}},{"type":"Feature","properties":{"class":1,"weight":0.25},"geometry":{"type":"Point","coordinates":[73.908115,18.54052]}},{"type":"Feature","properties":{"class":1,"weight":0.25},"geometry":{"type":"Point","coordinates":[73.90825,18.54052]}},{"type":"Feature","properties":{"class":1,"weight":0.25},"geometry":{"type":"Point","coordinates":[73.908924,18.54052]}},{"type":"Feature","properties":{"class":1,"weight":0.25},"geometry":{"type":"Point","coordinates":[73.909058,18.54052]}},{"type":"Feature","properties":{"class":1,"weight":0.25},"geometry":{"type":"Point","coordinates":[73.910002,18.54052]}},{"type":"Feature","properties":{"class":1,"weight":0.25},"geometry":{"type":"Point","coordinates":[73.910136,18.54052]}},{"type":"Feature","properties":{"class":1,"weight":0.25},"geometry":{"type":"Point","coordinates":[73.910541,18.54052]}},{"type":"Feature","properties":{"class":1,"weight":0.25},"geometry":{"type":"Point","coordinates":[73.910675,18.54052]}},{"type":"Feature","properties":{"class":1,"weight":0.25},"geometry":{"type":"Point","coordinates":[73.942341,18.54052]}},{"type":"Feature","properties":{"class":1,"weight":0.25},"geometry":{"type":"Point","coordinates":[73.942476,18.54052]}},{"type":"Feature","properties":{"class":1,"weight":0.25},"geometry":{"type":"Point","coordinates":[73.973872,18.54052]}},{"type":"Feature","properties":{"class":1,"weight":0.25},"geometry":{"type":"Point","coordinates":[73.974007,18.54052]}},{"type":"Feature","properties":{"class":1,"weight":0.25},"geometry":{"type":"Point","coordinates":[73.871194,18.540385]}},{"type":"Feature","properties":{"class":1,"weight":0.25},"geometry":{"type":"Point","coordinates":[73.871329,18.540385]}},{"type":"Feature","properties":{"class":1,"weight":0.25},"geometry":{"type":"Point","coordinates":[73.872542,18.540385]}},{"type":"Feature","properties":{"class":1,"weight":0.25},"geometry":{"type":"Point","coordinates":[73.872677,18.540385]}},{"type":"Feature","properties":{"class":1,"weight":0.25},"geometry":{"type":"Point","coordinates":[73.872811,18.540385]}},{"type":"Feature","properties":{"class":1,"weight":0.25},"geometry":{"type":"Point","coordinates":[73.872946,18.540385]}},{"type":"Feature","properties":{"class":1,"weight":0.25},"geometry":{"type":"Point","coordinates":[73.873081,18.540385]}},{"type":"Feature","properties":{"class":1,"weight":0.25},"geometry":{"type":"Point","coordinates":[73.873216,18.540385]}},{"type":"Feature","properties":{"class":1,"weight":0.25},"geometry":{"type":"Point","coordinates":[73.87335,18.540385]}},{"type":"Feature","properties":{"class":1,"weight":0.25},"geometry":{"type":"Point","coordinates":[73.873485,18.540385]}},{"type":"Feature","properties":{"class":1,"weight":0.25},"geometry":{"type":"Point","coordinates":[73.909193,18.540385]}},{"type":"Feature","properties":{"class":1,"weight":0.25},"geometry":{"type":"Point","coordinates":[73.909328,18.540385]}},{"type":"Feature","properties":{"class":1,"weight":0.25},"geometry":{"type":"Point","coordinates":[73.909463,18.540385]}},{"type":"Feature","properties":{"class":1,"weight":0.25},"geometry":{"type":"Point","coordinates":[73.909597,18.540385]}},{"type":"Feature","properties":{"class":1,"weight":0.25},"geometry":{"type":"Point","coordinates":[73.909732,18.540385]}},{"type":"Feature","properties":{"class":1,"weight":0.25},"geometry":{"type":"Point","coordinates":[73.909867,18.540385]}},{"type":"Feature","properties":{"class":1,"weight":0.25},"geometry":{"type":"Point","coordinates":[73.910002,18.540385]}},{"type":"Feature","properties":{"class":1,"weight":0.25},"geometry":{"type":"Point","coordinates":[73.910136,18.540385]}},{"type":"Feature","properties":{"class":1,"weight":0.25},"geometry":{"type":"Point","coordinates":[73.910271,18.540385]}},{"type":"Feature","properties":{"class":1,"weight":0.25},"geometry":{"type":"Point","coordinates":[73.910406,18.540385]}},{"type":"Feature","properties":{"class":1,"weight":0.25},"geometry":{"type":"Point","coordinates":[73.910541,18.540385]}},{"type":"Feature","properties":{"class":1,"weight":0.25},"geometry":{"type":"Point","coordinates":[73.910675,18.540385]}},{"type":"Feature","properties":{"class":1,"weight":0.25},"geometry":{"type":"Point","coordinates":[73.91081,18.540385]}},{"type":"Feature","properties":{"class":1,"weight":0.25},"geometry":{"type":"Point","coordinates":[73.910945,18.540385]}},{"type":"Feature","properties":{"class":1,"weight":0.25},"geometry":{"type":"Point","coordinates":[73.941263,18.540385]}},{"type":"Feature","properties":{"class":1,"weight":0.25},"geometry":{"type":"Point","coordinates":[73.941398,18.540385]}},{"type":"Feature","properties":{"class":1,"weight":0.25},"geometry":{"type":"Point","coordinates":[73.942341,18.540385]}},{"type":"Feature","properties":{"class":1,"weight":0.25},"geometry":{"type":"Point","coordinates":[73.942476,18.540385]}},{"type":"Feature","properties":{"class":1,"weight":0.25},"geometry":{"type":"Point","coordinates":[73.973333,18.540385]}},{"type":"Feature","properties":{"class":1,"weight":0.25},"geometry":{"type":"Point","coordinates":[73.973468,18.540385]}},{"type":"Feature","properties":{"class":1,"weight":0.25},"geometry":{"type":"Point","coordinates":[73.974141,18.540385]}},{"type":"Feature","properties":{"class":1,"weight":0.25},"geometry":{"type":"Point","coordinates":[73.974276,18.540385]}},{"type":"Feature","properties":{"class":1,"weight":0.25},"geometry":{"type":"Point","coordinates":[73.871194,18.540251]}},{"type":"Feature","properties":{"class":1,"weight":0.25},"geometry":{"type":"Point","coordinates":[73.871329,18.540251]}},{"type":"Feature","properties":{"class":1,"weight":0.25},"geometry":{"type":"Point","coordinates":[73.872542,18.540251]}},{"type":"Feature","properties":{"class":1,"weight":0.25},"geometry":{"type":"Point","coordinates":[73.872677,18.540251]}},{"type":"Feature","properties":{"class":1,"weight":0.25},"geometry":{"type":"Point","coordinates":[73.872811,18.540251]}},{"type":"Feature","properties":{"class":1,"weight":0.25},"geometry":{"type":"Point","coordinates":[73.872946,18.540251]}},{"type":"Feature","properties":{"class":1,"weight":0.25},"geometry":{"type":"Point","coordinates":[73.873081,18.540251]}},{"type":"Feature","properties":{"class":1,"weight":0.25},"geometry":{"type":"Point","coordinates":[73.873216,18.540251]}},{"type":"Feature","properties":{"class":1,"weight":0.25},"geometry":{"type":"Point","coordinates":[73.87335,18.540251]}},{"type":"Feature","properties":{"class":1,"weight":0.25},"geometry":{"type":"Point","coordinates":[73.873485,18.540251]}},{"type":"Feature","properties":{"class":1,"weight":0.25},"geometry":{"type":"Point","coordinates":[73.909193,18.540251]}},{"type":"Feature","properties":{"class":1,"weight":0.25},"geometry":{"type":"Point","coordinates":[73.909328,18.540251]}},{"type":"Feature","properties":{"class":1,"weight":0.25},"geometry":{"type":"Point","coordinates":[73.909463,18.540251]}},{"type":"Feature","properties":{"class":1,"weight":0.25},"geometry":{"type":"Point","coordinates":[73.909597,18.540251]}},{"type":"Feature","properties":{"class":1,"weight":0.25},"geometry":{"type":"Point","coordinates":[73.909732,18.540251]}},{"type":"Feature","properties":{"class":1,"weight":0.25},"geometry":{"type":"Point","coordinates":[73.909867,18.540251]}},{"type":"Feature","properties":{"class":1,"weight":0.25},"geometry":{"type":"Point","coordinates":[73.910002,18.540251]}},{"type":"Feature","properties":{"class":1,"weight":0.25},"geometry":{"type":"Point","coordinates":[73.910136,18.540251]}},{"type":"Feature","properties":{"class":1,"weight":0.25},"geometry":{"type":"Point","coordinates":[73.910271,18.540251]}},{"type":"Feature","properties":{"class":1,"weight":0.25},"geometry":{"type":"Point","coordinates":[73.910406,18.540251]}},{"type":"Feature","properties":{"class":1,"weight":0.25},"geometry":{"type":"Point","coordinates":[73.910541,18.540251]}},{"type":"Feature","properties":{"class":1,"weight":0.25},"geometry":{"type":"Point","coordinates":[73.910675,18.540251]}},{"type":"Feature","properties":{"class":1,"weight":0.25},"geometry":{"type":"Point","coordinates":[73.91081,18.540251]}},{"type":"Feature","properties":{"class":1,"weight":0.25},"geometry":{"type":"Point","coordinates":[73.910945,18.540251]}},{"type":"Feature","properties":{"class":1,"weight":0.25},"geometry":{"type":"Point","coordinates":[73.941263,18.540251]}},{"type":"Feature","properties":{"class":1,"weight":0.25},"geometry":{"type":"Point","coordinates":[73.941398,18.540251]}},{"type":"Feature","properties":{"class":1,"weight":0.25},"geometry":{"type":"Point","coordinates":[73.942341,18.540251]}},{"type":"Feature","properties":{"class":1,"weight":0.25},"geometry":{"type":"Point","coordinates":[73.942476,18.540251]}},{"type":"Feature","properties":{"class":1,"weight":0.25},"geometry":{"type":"Point","coordinates":[73.973333,18.540251]}},{"type":"Feature","properties":{"class":1,"weight":0.25},"geometry":{"type":"Point","coordinates":[73.973468,18.540251]}},{"type":"Feature","properties":{"class":1,"weight":0.25},"geometry":{"type":"Point","coordinates":[73.974141,18.540251]}},{"type":"Feature","properties":{"class":1,"weight":0.25},"geometry":{"type":"Point","coordinates":[73.974276,18.540251]}},{"type":"Feature","properties":{"class":1,"weight":0.25},"geometry":{"type":"Point","coordinates":[73.872003,18.540116]}},{"type":"Feature","properties":{"class":1,"weight":0.25},"geometry":{"type":"Point","coordinates":[73.872138,18.540116]}},{"type":"Feature","properties":{"class":1,"weight":0.25},"geometry":{"type":"Point","coordinates":[73.911619,18.540116]}},{"type":"Feature","properties":{"class":1,"weight":0.25},"geometry":{"type":"Point","coordinates":[73.911753,18.540116]}},{"type":"Feature","properties":{"class":2,"weight":0.5},"geometry":{"type":"Point","coordinates":[73.911888,18.540116]}},{"type":"Feature","properties":{"class":2,"weight":0.5},"geometry":{"type":"Point","coordinates":[73.912023,18.540116]}},{"type":"Feature","properties":{"class":2,"weight":0.5},"geometry":{"type":"Point","coordinates":[73.912158,18.540116]}},{"type":"Feature","properties":{"class":2,"weight":0.5},"geometry":{"type":"Point","coordinates":[73.912292,18.540116]}},{"type":"Feature","properties":{"class":1,"weight":0.25},"geometry":{"type":"Point","coordinates":[73.912697,18.540116]}},{"type":"Feature","properties":{"class":1,"weight":0.25},"geometry":{"type":"Point","coordinates":[73.912831,18.540116]}},{"type":"Feature","properties":{"class":2,"weight":0.5},"geometry":{"type":"Point","coordinates":[73.912966,18.540116]}},{"type":"Feature","properties":{"class":2,"weight":0.5},"geometry":{"type":"Point","coordinates":[73.913101,18.540116]}},{"type":"Feature","properties":{"class":1,"weight":0.25},"geometry":{"type":"Point","coordinates":[73.913236,18.540116]}},{"type":"Feature","properties":{"class":1,"weight":0.25},"geometry":{"type":"Point","coordinates":[73.91337,18.540116]}},{"type":"Feature","properties":{"class":1,"weight":0.25},"geometry":{"type":"Point","coordinates":[73.913505,18.540116]}},{"type":"Feature","properties":{"class":1,"weight":0.25},"geometry":{"type":"Point","coordinates":[73.91364,18.540116]}},{"type":"Feature","properties":{"class":1,"weight":0.25},"geometry":{"type":"Point","coordinates":[73.974141,18.540116]}},{"type":"Feature","properties":{"class":1,"weight":0.25},"geometry":{"type":"Point","coordinates":[73.974276,18.540116]}},{"type":"Feature","properties":{"class":1,"weight":0.25},"geometry":{"type":"Point","coordinates":[73.872003,18.539981]}},{"type":"Feature","properties":{"class":1,"weight":0.25},"geometry":{"type":"Point","coordinates":[73.872138,18.539981]}},{"type":"Feature","properties":{"class":1,"weight":0.25},"geometry":{"type":"Point","coordinates":[73.911619,18.539981]}},{"type":"Feature","properties":{"class":1,"weight":0.25},"geometry":{"type":"Point","coordinates":[73.911753,18.539981]}},{"type":"Feature","properties":{"class":2,"weight":0.5},"geometry":{"type":"Point","coordinates":[73.911888,18.539981]}},{"type":"Feature","properties":{"class":2,"weight":0.5},"geometry":{"type":"Point","coordinates":[73.912023,18.539981]}},{"type":"Feature","properties":{"class":2,"weight":0.5},"geometry":{"type":"Point","coordinates":[73.912158,18.539981]}},{"type":"Feature","properties":{"class":2,"weight":0.5},"geometry":{"type":"Point","coordinates":[73.912292,18.539981]}},{"type":"Feature","properties":{"class":1,"weight":0.25},"geometry":{"type":"Point","coordinates":[73.912697,18.539981]}},{"type":"Feature","properties":{"class":1,"weight":0.25},"geometry":{"type":"Point","coordinates":[73.912831,18.539981]}},{"type":"Feature","properties":{"class":2,"weight":0.5},"geometry":{"type":"Point","coordinates":[73.912966,18.539981]}},{"type":"Feature","properties":{"class":2,"weight":0.5},"geometry":{"type":"Point","coordinates":[73.913101,18.539981]}},{"type":"Feature","properties":{"class":1,"weight":0.25},"geometry":{"type":"Point","coordinates":[73.913236,18.539981]}},{"type":"Feature","properties":{"class":1,"weight":0.25},"geometry":{"type":"Point","coordinates":[73.91337,18.539981]}},{"type":"Feature","properties":{"class":1,"weight":0.25},"geometry":{"type":"Point","coordinates":[73.913505,18.539981]}},{"type":"Feature","properties":{"class":1,"weight":0.25},"geometry":{"type":"Point","coordinates":[73.91364,18.539981]}},{"type":"Feature","properties":{"class":1,"weight":0.25},"geometry":{"type":"Point","coordinates":[73.974141,18.539981]}},{"type":"Feature","properties":{"class":1,"weight":0.25},"geometry":{"type":"Point","coordinates":[73.974276,18.539981]}},{"type":"Feature","properties":{"class":1,"weight":0.25},"geometry":{"type":"Point","coordinates":[73.868769,18.539846]}},{"type":"Feature","properties":{"class":1,"weight":0.25},"geometry":{"type":"Point","coordinates":[73.868904,18.539846]}},{"type":"Feature","properties":{"class":1,"weight":0.25},"geometry":{"type":"Point","coordinates":[73.869038,18.539846]}},{"type":"Feature","properties":{"class":1,"weight":0.25},"geometry":{"type":"Point","coordinates":[73.869173,18.539846]}},{"type":"Feature","properties":{"class":1,"weight":0.25},"geometry":{"type":"Point","coordinates":[73.869847,18.539846]}},{"type":"Feature","properties":{"class":1,"weight":0.25},"geometry":{"type":"Point","coordinates":[73.869982,18.539846]}},{"type":"Feature","properties":{"class":1,"weight":0.25},"geometry":{"type":"Point","coordinates":[73.870116,18.539846]}},{"type":"Feature","properties":{"class":1,"weight":0.25},"geometry":{"type":"Point","coordinates":[73.870251,18.539846]}},{"type":"Feature","properties":{"class":1,"weight":0.25},"geometry":{"type":"Point","coordinates":[73.871733,18.539846]}},{"type":"Feature","properties":{"class":1,"weight":0.25},"geometry":{"type":"Point","coordinates":[73.871868,18.539846]}},{"type":"Feature","properties":{"class":1,"weight":0.25},"geometry":{"type":"Point","coordinates":[73.872003,18.539846]}},{"type":"Feature","properties":{"class":1,"weight":0.25},"geometry":{"type":"Point","coordinates":[73.872138,18.539846]}},{"type":"Feature","properties":{"class":1,"weight":0.25},"geometry":{"type":"Point","coordinates":[73.912427,18.539846]}},{"type":"Feature","properties":{"class":1,"weight":0.25},"geometry":{"type":"Point","coordinates":[73.912562,18.539846]}},{"type":"Feature","properties":{"class":1,"weight":0.25},"geometry":{"type":"Point","coordinates":[73.912697,18.539846]}},{"type":"Feature","properties":{"class":1,"weight":0.25},"geometry":{"type":"Point","coordinates":[73.912831,18.539846]}},{"type":"Feature","properties":{"class":1,"weight":0.25},"geometry":{"type":"Point","coordinates":[73.912966,18.539846]}},{"type":"Feature","properties":{"class":1,"weight":0.25},"geometry":{"type":"Point","coordinates":[73.913101,18.539846]}},{"type":"Feature","properties":{"class":1,"weight":0.25},"geometry":{"type":"Point","coordinates":[73.913236,18.539846]}},{"type":"Feature","properties":{"class":1,"weight":0.25},"geometry":{"type":"Point","coordinates":[73.91337,18.539846]}},{"type":"Feature","properties":{"class":1,"weight":0.25},"geometry":{"type":"Point","coordinates":[73.913505,18.539846]}},{"type":"Feature","properties":{"class":1,"weight":0.25},"geometry":{"type":"Point","coordinates":[73.91364,18.539846]}},{"type":"Feature","properties":{"class":1,"weight":0.25},"geometry":{"type":"Point","coordinates":[73.913775,18.539846]}},{"type":"Feature","properties":{"class":1,"weight":0.25},"geometry":{"type":"Point","coordinates":[73.913909,18.539846]}},{"type":"Feature","properties":{"class":1,"weight":0.25},"geometry":{"type":"Point","coordinates":[73.914044,18.539846]}},{"type":"Feature","properties":{"class":1,"weight":0.25},"geometry":{"type":"Point","coordinates":[73.914179,18.539846]}},{"type":"Feature","properties":{"class":1,"weight":0.25},"geometry":{"type":"Point","coordinates":[73.915392,18.539846]}},{"type":"Feature","properties":{"class":1,"weight":0.25},"geometry":{"type":"Point","coordinates":[73.915526,18.539846]}},{"type":"Feature","properties":{"class":1,"weight":0.25},"geometry":{"type":"Point","coordinates":[73.915661,18.539846]}},{"type":"Feature","properties":{"class":1,"weight":0.25},"geometry":{"type":"Point","coordinates":[73.915796,18.539846]}},{"type":"Feature","properties":{"class":2,"weight":0.5},"geometry":{"type":"Point","coordinates":[73.915931,18.539846]}},{"type":"Feature","properties":{"class":2,"weight":0.5},"geometry":{"type":"Point","coordinates":[73.916065,18.539846]}},{"type":"Feature","properties":{"class":1,"weight":0.25},"geometry":{"type":"Point","coordinates":[73.942072,18.539846]}},{"type":"Feature","properties":{"class":1,"weight":0.25},"geometry":{"type":"Point","coordinates":[73.942206,18.539846]}},{"type":"Feature","properties":{"class":1,"weight":0.25},"geometry":{"type":"Point","coordinates":[73.973602,18.539846]}},{"type":"Feature","properties":{"class":1,"weight":0.25},"geometry":{"type":"Point","coordinates":[73.973737,18.539846]}},{"type":"Feature","properties":{"class":1,"weight":0.25},"geometry":{"type":"Point","coordinates":[73.974411,18.539846]}},{"type":"Feature","properties":{"class":1,"weight":0.25},"geometry":{"type":"Point","coordinates":[73.974546,18.539846]}},{"type":"Feature","properties":{"class":1,"weight":0.25},"geometry":{"type":"Point","coordinates":[73.868769,18.539712]}},{"type":"Feature","properties":{"class":1,"weight":0.25},"geometry":{"type":"Point","coordinates":[73.868904,18.539712]}},{"type":"Feature","properties":{"class":1,"weight":0.25},"geometry":{"type":"Point","coordinates":[73.869038,18.539712]}},{"type":"Feature","properties":{"class":1,"weight":0.25},"geometry":{"type":"Point","coordinates":[73.869173,18.539712]}},{"type":"Feature","properties":{"class":1,"weight":0.25},"geometry":{"type":"Point","coordinates":[73.869847,18.539712]}},{"type":"Feature","properties":{"class":1,"weight":0.25},"geometry":{"type":"Point","coordinates":[73.869982,18.539712]}},{"type":"Feature","properties":{"class":1,"weight":0.25},"geometry":{"type":"Point","coordinates":[73.870116,18.539712]}},{"type":"Feature","properties":{"class":1,"weight":0.25},"geometry":{"type":"Point","coordinates":[73.870251,18.539712]}},{"type":"Feature","properties":{"class":1,"weight":0.25},"geometry":{"type":"Point","coordinates":[73.871733,18.539712]}},{"type":"Feature","properties":{"class":1,"weight":0.25},"geometry":{"type":"Point","coordinates":[73.871868,18.539712]}},{"type":"Feature","properties":{"class":1,"weight":0.25},"geometry":{"type":"Point","coordinates":[73.872003,18.539712]}},{"type":"Feature","properties":{"class":1,"weight":0.25},"geometry":{"type":"Point","coordinates":[73.872138,18.539712]}},{"type":"Feature","properties":{"class":1,"weight":0.25},"geometry":{"type":"Point","coordinates":[73.912427,18.539712]}},{"type":"Feature","properties":{"class":1,"weight":0.25},"geometry":{"type":"Point","coordinates":[73.912562,18.539712]}},{"type":"Feature","properties":{"class":1,"weight":0.25},"geometry":{"type":"Point","coordinates":[73.912697,18.539712]}},{"type":"Feature","properties":{"class":1,"weight":0.25},"geometry":{"type":"Point","coordinates":[73.912831,18.539712]}},{"type":"Feature","properties":{"class":1,"weight":0.25},"geometry":{"type":"Point","coordinates":[73.912966,18.539712]}},{"type":"Feature","properties":{"class":1,"weight":0.25},"geometry":{"type":"Point","coordinates":[73.913101,18.539712]}},{"type":"Feature","properties":{"class":1,"weight":0.25},"geometry":{"type":"Point","coordinates":[73.913236,18.539712]}},{"type":"Feature","properties":{"class":1,"weight":0.25},"geometry":{"type":"Point","coordinates":[73.91337,18.539712]}},{"type":"Feature","properties":{"class":1,"weight":0.25},"geometry":{"type":"Point","coordinates":[73.913505,18.539712]}},{"type":"Feature","properties":{"class":1,"weight":0.25},"geometry":{"type":"Point","coordinates":[73.91364,18.539712]}},{"type":"Feature","properties":{"class":1,"weight":0.25},"geometry":{"type":"Point","coordinates":[73.913775,18.539712]}},{"type":"Feature","properties":{"class":1,"weight":0.25},"geometry":{"type":"Point","coordinates":[73.913909,18.539712]}},{"type":"Feature","properties":{"class":1,"weight":0.25},"geometry":{"type":"Point","coordinates":[73.914044,18.539712]}},{"type":"Feature","properties":{"class":1,"weight":0.25},"geometry":{"type":"Point","coordinates":[73.914179,18.539712]}},{"type":"Feature","properties":{"class":1,"weight":0.25},"geometry":{"type":"Point","coordinates":[73.915392,18.539712]}},{"type":"Feature","properties":{"class":1,"weight":0.25},"geometry":{"type":"Point","coordinates":[73.915526,18.539712]}},{"type":"Feature","properties":{"class":1,"weight":0.25},"geometry":{"type":"Point","coordinates":[73.915661,18.539712]}},{"type":"Feature","properties":{"class":1,"weight":0.25},"geometry":{"type":"Point","coordinates":[73.915796,18.539712]}},{"type":"Feature","properties":{"class":2,"weight":0.5},"geometry":{"type":"Point","coordinates":[73.915931,18.539712]}},{"type":"Feature","properties":{"class":2,"weight":0.5},"geometry":{"type":"Point","coordinates":[73.916065,18.539712]}},{"type":"Feature","properties":{"class":1,"weight":0.25},"geometry":{"type":"Point","coordinates":[73.942072,18.539712]}},{"type":"Feature","properties":{"class":1,"weight":0.25},"geometry":{"type":"Point","coordinates":[73.942206,18.539712]}},{"type":"Feature","properties":{"class":1,"weight":0.25},"geometry":{"type":"Point","coordinates":[73.973602,18.539712]}},{"type":"Feature","properties":{"class":1,"weight":0.25},"geometry":{"type":"Point","coordinates":[73.973737,18.539712]}},{"type":"Feature","properties":{"class":1,"weight":0.25},"geometry":{"type":"Point","coordinates":[73.974411,18.539712]}},{"type":"Feature","properties":{"class":1,"weight":0.25},"geometry":{"type":"Point","coordinates":[73.974546,18.539712]}},{"type":"Feature","properties":{"class":1,"weight":0.25},"geometry":{"type":"Point","coordinates":[73.868769,18.539577]}},{"type":"Feature","properties":{"class":1,"weight":0.25},"geometry":{"type":"Point","coordinates":[73.868904,18.539577]}},{"type":"Feature","properties":{"class":1,"weight":0.25},"geometry":{"type":"Point","coordinates":[73.869038,18.539577]}},{"type":"Feature","properties":{"class":1,"weight":0.25},"geometry":{"type":"Point","coordinates":[73.869173,18.539577]}},{"type":"Feature","properties":{"class":1,"weight":0.25},"geometry":{"type":"Point","coordinates":[73.869308,18.539577]}},{"type":"Feature","properties":{"class":1,"weight":0.25},"geometry":{"type":"Point","coordinates":[73.869443,18.539577]}},{"type":"Feature","properties":{"class":1,"weight":0.25},"geometry":{"type":"Point","coordinates":[73.869577,18.539577]}},{"type":"Feature","properties":{"class":1,"weight":0.25},"geometry":{"type":"Point","coordinates":[73.869712,18.539577]}},{"type":"Feature","properties":{"class":1,"weight":0.25},"geometry":{"type":"Point","coordinates":[73.869847,18.539577]}},{"type":"Feature","properties":{"class":1,"weight":0.25},"geometry":{"type":"Point","coordinates":[73.869982,18.539577]}},{"type":"Feature","properties":{"class":1,"weight":0.25},"geometry":{"type":"Point","coordinates":[73.870116,18.539577]}},{"type":"Feature","properties":{"class":1,"weight":0.25},"geometry":{"type":"Point","coordinates":[73.870251,18.539577]}},{"type":"Feature","properties":{"class":1,"weight":0.25},"geometry":{"type":"Point","coordinates":[73.871194,18.539577]}},{"type":"Feature","properties":{"class":1,"weight":0.25},"geometry":{"type":"Point","coordinates":[73.871329,18.539577]}},{"type":"Feature","properties":{"class":1,"weight":0.25},"geometry":{"type":"Point","coordinates":[73.871464,18.539577]}},{"type":"Feature","properties":{"class":1,"weight":0.25},"geometry":{"type":"Point","coordinates":[73.871599,18.539577]}},{"type":"Feature","properties":{"class":1,"weight":0.25},"geometry":{"type":"Point","coordinates":[73.912427,18.539577]}},{"type":"Feature","properties":{"class":1,"weight":0.25},"geometry":{"type":"Point","coordinates":[73.912562,18.539577]}},{"type":"Feature","properties":{"class":2,"weight":0.5},"geometry":{"type":"Point","coordinates":[73.912697,18.539577]}},{"type":"Feature","properties":{"class":2,"weight":0.5},"geometry":{"type":"Point","coordinates":[73.912831,18.539577]}},{"type":"Feature","properties":{"class":2,"weight":0.5},"geometry":{"type":"Point","coordinates":[73.912966,18.539577]}},{"type":"Feature","properties":{"class":2,"weight":0.5},"geometry":{"type":"Point","coordinates":[73.913101,18.539577]}},{"type":"Feature","properties":{"class":2,"weight":0.5},"geometry":{"type":"Point","coordinates":[73.913236,18.539577]}},{"type":"Feature","properties":{"class":2,"weight":0.5},"geometry":{"type":"Point","coordinates":[73.91337,18.539577]}},{"type":"Feature","properties":{"class":1,"weight":0.25},"geometry":{"type":"Point","coordinates":[73.913505,18.539577]}},{"type":"Feature","properties":{"class":1,"weight":0.25},"geometry":{"type":"Point","coordinates":[73.91364,18.539577]}},{"type":"Feature","properties":{"class":1,"weight":0.25},"geometry":{"type":"Point","coordinates":[73.913775,18.539577]}},{"type":"Feature","properties":{"class":1,"weight":0.25},"geometry":{"type":"Point","coordinates":[73.913909,18.539577]}},{"type":"Feature","properties":{"class":1,"weight":0.25},"geometry":{"type":"Point","coordinates":[73.914044,18.539577]}},{"type":"Feature","properties":{"class":1,"weight":0.25},"geometry":{"type":"Point","coordinates":[73.914179,18.539577]}},{"type":"Feature","properties":{"class":1,"weight":0.25},"geometry":{"type":"Point","coordinates":[73.914314,18.539577]}},{"type":"Feature","properties":{"class":1,"weight":0.25},"geometry":{"type":"Point","coordinates":[73.914448,18.539577]}},{"type":"Feature","properties":{"class":1,"weight":0.25},"geometry":{"type":"Point","coordinates":[73.914583,18.539577]}},{"type":"Feature","properties":{"class":1,"weight":0.25},"geometry":{"type":"Point","coordinates":[73.914718,18.539577]}},{"type":"Feature","properties":{"class":1,"weight":0.25},"geometry":{"type":"Point","coordinates":[73.914853,18.539577]}},{"type":"Feature","properties":{"class":1,"weight":0.25},"geometry":{"type":"Point","coordinates":[73.914987,18.539577]}},{"type":"Feature","properties":{"class":1,"weight":0.25},"geometry":{"type":"Point","coordinates":[73.915122,18.539577]}},{"type":"Feature","properties":{"class":1,"weight":0.25},"geometry":{"type":"Point","coordinates":[73.915257,18.539577]}},{"type":"Feature","properties":{"class":1,"weight":0.25},"geometry":{"type":"Point","coordinates":[73.915392,18.539577]}},{"type":"Feature","properties":{"class":1,"weight":0.25},"geometry":{"type":"Point","coordinates":[73.915526,18.539577]}},{"type":"Feature","properties":{"class":1,"weight":0.25},"geometry":{"type":"Point","coordinates":[73.915661,18.539577]}},{"type":"Feature","properties":{"class":1,"weight":0.25},"geometry":{"type":"Point","coordinates":[73.915796,18.539577]}},{"type":"Feature","properties":{"class":1,"weight":0.25},"geometry":{"type":"Point","coordinates":[73.915931,18.539577]}},{"type":"Feature","properties":{"class":1,"weight":0.25},"geometry":{"type":"Point","coordinates":[73.916065,18.539577]}},{"type":"Feature","properties":{"class":1,"weight":0.25},"geometry":{"type":"Point","coordinates":[73.918895,18.539577]}},{"type":"Feature","properties":{"class":1,"weight":0.25},"geometry":{"type":"Point","coordinates":[73.91903,18.539577]}},{"type":"Feature","properties":{"class":1,"weight":0.25},"geometry":{"type":"Point","coordinates":[73.919164,18.539577]}},{"type":"Feature","properties":{"class":1,"weight":0.25},"geometry":{"type":"Point","coordinates":[73.919299,18.539577]}},{"type":"Feature","properties":{"class":1,"weight":0.25},"geometry":{"type":"Point","coordinates":[73.919434,18.539577]}},{"type":"Feature","properties":{"class":1,"weight":0.25},"geometry":{"type":"Point","coordinates":[73.919569,18.539577]}},{"type":"Feature","properties":{"class":1,"weight":0.25},"geometry":{"type":"Point","coordinates":[73.919703,18.539577]}},{"type":"Feature","properties":{"class":1,"weight":0.25},"geometry":{"type":"Point","coordinates":[73.919838,18.539577]}},{"type":"Feature","properties":{"class":1,"weight":0.25},"geometry":{"type":"Point","coordinates":[73.919973,18.539577]}},{"type":"Feature","properties":{"class":1,"weight":0.25},"geometry":{"type":"Point","coordinates":[73.920108,18.539577]}},{"type":"Feature","properties":{"class":1,"weight":0.25},"geometry":{"type":"Point","coordinates":[73.920242,18.539577]}},{"type":"Feature","properties":{"class":1,"weight":0.25},"geometry":{"type":"Point","coordinates":[73.920377,18.539577]}},{"type":"Feature","properties":{"class":1,"weight":0.25},"geometry":{"type":"Point","coordinates":[73.940994,18.539577]}},{"type":"Feature","properties":{"class":1,"weight":0.25},"geometry":{"type":"Point","coordinates":[73.941128,18.539577]}},{"type":"Feature","properties":{"class":1,"weight":0.25},"geometry":{"type":"Point","coordinates":[73.868769,18.539442]}},{"type":"Feature","properties":{"class":1,"weight":0.25},"geometry":{"type":"Point","coordinates":[73.868904,18.539442]}},{"type":"Feature","properties":{"class":1,"weight":0.25},"geometry":{"type":"Point","coordinates":[73.869038,18.539442]}},{"type":"Feature","properties":{"class":1,"weight":0.25},"geometry":{"type":"Point","coordinates":[73.869173,18.539442]}},{"type":"Feature","properties":{"class":1,"weight":0.25},"geometry":{"type":"Point","coordinates":[73.869308,18.539442]}},{"type":"Feature","properties":{"class":1,"weight":0.25},"geometry":{"type":"Point","coordinates":[73.869443,18.539442]}},{"type":"Feature","properties":{"class":1,"weight":0.25},"geometry":{"type":"Point","coordinates":[73.869577,18.539442]}},{"type":"Feature","properties":{"class":1,"weight":0.25},"geometry":{"type":"Point","coordinates":[73.869712,18.539442]}},{"type":"Feature","properties":{"class":1,"weight":0.25},"geometry":{"type":"Point","coordinates":[73.869847,18.539442]}},{"type":"Feature","properties":{"class":1,"weight":0.25},"geometry":{"type":"Point","coordinates":[73.869982,18.539442]}},{"type":"Feature","properties":{"class":1,"weight":0.25},"geometry":{"type":"Point","coordinates":[73.870116,18.539442]}},{"type":"Feature","properties":{"class":1,"weight":0.25},"geometry":{"type":"Point","coordinates":[73.870251,18.539442]}},{"type":"Feature","properties":{"class":1,"weight":0.25},"geometry":{"type":"Point","coordinates":[73.871194,18.539442]}},{"type":"Feature","properties":{"class":1,"weight":0.25},"geometry":{"type":"Point","coordinates":[73.871329,18.539442]}},{"type":"Feature","properties":{"class":1,"weight":0.25},"geometry":{"type":"Point","coordinates":[73.871464,18.539442]}},{"type":"Feature","properties":{"class":1,"weight":0.25},"geometry":{"type":"Point","coordinates":[73.871599,18.539442]}},{"type":"Feature","properties":{"class":1,"weight":0.25},"geometry":{"type":"Point","coordinates":[73.912427,18.539442]}},{"type":"Feature","properties":{"class":1,"weight":0.25},"geometry":{"type":"Point","coordinates":[73.912562,18.539442]}},{"type":"Feature","properties":{"class":2,"weight":0.5},"geometry":{"type":"Point","coordinates":[73.912697,18.539442]}},{"type":"Feature","properties":{"class":2,"weight":0.5},"geometry":{"type":"Point","coordinates":[73.912831,18.539442]}},{"type":"Feature","properties":{"class":2,"weight":0.5},"geometry":{"type":"Point","coordinates":[73.912966,18.539442]}},{"type":"Feature","properties":{"class":2,"weight":0.5},"geometry":{"type":"Point","coordinates":[73.913101,18.539442]}},{"type":"Feature","properties":{"class":2,"weight":0.5},"geometry":{"type":"Point","coordinates":[73.913236,18.539442]}},{"type":"Feature","properties":{"class":2,"weight":0.5},"geometry":{"type":"Point","coordinates":[73.91337,18.539442]}},{"type":"Feature","properties":{"class":1,"weight":0.25},"geometry":{"type":"Point","coordinates":[73.913505,18.539442]}},{"type":"Feature","properties":{"class":1,"weight":0.25},"geometry":{"type":"Point","coordinates":[73.91364,18.539442]}},{"type":"Feature","properties":{"class":1,"weight":0.25},"geometry":{"type":"Point","coordinates":[73.913775,18.539442]}},{"type":"Feature","properties":{"class":1,"weight":0.25},"geometry":{"type":"Point","coordinates":[73.913909,18.539442]}},{"type":"Feature","properties":{"class":1,"weight":0.25},"geometry":{"type":"Point","coordinates":[73.914044,18.539442]}},{"type":"Feature","properties":{"class":1,"weight":0.25},"geometry":{"type":"Point","coordinates":[73.914179,18.539442]}},{"type":"Feature","properties":{"class":1,"weight":0.25},"geometry":{"type":"Point","coordinates":[73.914314,18.539442]}},{"type":"Feature","properties":{"class":1,"weight":0.25},"geometry":{"type":"Point","coordinates":[73.914448,18.539442]}},{"type":"Feature","properties":{"class":1,"weight":0.25},"geometry":{"type":"Point","coordinates":[73.914583,18.539442]}},{"type":"Feature","properties":{"class":1,"weight":0.25},"geometry":{"type":"Point","coordinates":[73.914718,18.539442]}},{"type":"Feature","properties":{"class":1,"weight":0.25},"geometry":{"type":"Point","coordinates":[73.914853,18.539442]}},{"type":"Feature","properties":{"class":1,"weight":0.25},"geometry":{"type":"Point","coordinates":[73.914987,18.539442]}},{"type":"Feature","properties":{"class":1,"weight":0.25},"geometry":{"type":"Point","coordinates":[73.915122,18.539442]}},{"type":"Feature","properties":{"class":1,"weight":0.25},"geometry":{"type":"Point","coordinates":[73.915257,18.539442]}},{"type":"Feature","properties":{"class":1,"weight":0.25},"geometry":{"type":"Point","coordinates":[73.915392,18.539442]}},{"type":"Feature","properties":{"class":1,"weight":0.25},"geometry":{"type":"Point","coordinates":[73.915526,18.539442]}},{"type":"Feature","properties":{"class":1,"weight":0.25},"geometry":{"type":"Point","coordinates":[73.915661,18.539442]}},{"type":"Feature","properties":{"class":1,"weight":0.25},"geometry":{"type":"Point","coordinates":[73.915796,18.539442]}},{"type":"Feature","properties":{"class":1,"weight":0.25},"geometry":{"type":"Point","coordinates":[73.915931,18.539442]}},{"type":"Feature","properties":{"class":1,"weight":0.25},"geometry":{"type":"Point","coordinates":[73.916065,18.539442]}},{"type":"Feature","properties":{"class":1,"weight":0.25},"geometry":{"type":"Point","coordinates":[73.918895,18.539442]}},{"type":"Feature","properties":{"class":1,"weight":0.25},"geometry":{"type":"Point","coordinates":[73.91903,18.539442]}},{"type":"Feature","properties":{"class":1,"weight":0.25},"geometry":{"type":"Point","coordinates":[73.919164,18.539442]}},{"type":"Feature","properties":{"class":1,"weight":0.25},"geometry":{"type":"Point","coordinates":[73.919299,18.539442]}},{"type":"Feature","properties":{"class":1,"weight":0.25},"geometry":{"type":"Point","coordinates":[73.919434,18.539442]}},{"type":"Feature","properties":{"class":1,"weight":0.25},"geometry":{"type":"Point","coordinates":[73.919569,18.539442]}},{"type":"Feature","properties":{"class":1,"weight":0.25},"geometry":{"type":"Point","coordinates":[73.919703,18.539442]}},{"type":"Feature","properties":{"class":1,"weight":0.25},"geometry":{"type":"Point","coordinates":[73.919838,18.539442]}},{"type":"Feature","properties":{"class":1,"weight":0.25},"geometry":{"type":"Point","coordinates":[73.919973,18.539442]}},{"type":"Feature","properties":{"class":1,"weight":0.25},"geometry":{"type":"Point","coordinates":[73.920108,18.539442]}},{"type":"Feature","properties":{"class":1,"weight":0.25},"geometry":{"type":"Point","coordinates":[73.920242,18.539442]}},{"type":"Feature","properties":{"class":1,"weight":0.25},"geometry":{"type":"Point","coordinates":[73.920377,18.539442]}},{"type":"Feature","properties":{"class":1,"weight":0.25},"geometry":{"type":"Point","coordinates":[73.940994,18.539442]}},{"type":"Feature","properties":{"class":1,"weight":0.25},"geometry":{"type":"Point","coordinates":[73.941128,18.539442]}},{"type":"Feature","properties":{"class":1,"weight":0.25},"geometry":{"type":"Point","coordinates":[73.86823,18.539307]}},{"type":"Feature","properties":{"class":1,"weight":0.25},"geometry":{"type":"Point","coordinates":[73.868365,18.539307]}},{"type":"Feature","properties":{"class":1,"weight":0.25},"geometry":{"type":"Point","coordinates":[73.868499,18.539307]}},{"type":"Feature","properties":{"class":1,"weight":0.25},"geometry":{"type":"Point","coordinates":[73.868634,18.539307]}},{"type":"Feature","properties":{"class":1,"weight":0.25},"geometry":{"type":"Point","coordinates":[73.868769,18.539307]}},{"type":"Feature","properties":{"class":1,"weight":0.25},"geometry":{"type":"Point","coordinates":[73.868904,18.539307]}},{"type":"Feature","properties":{"class":1,"weight":0.25},"geometry":{"type":"Point","coordinates":[73.869038,18.539307]}},{"type":"Feature","properties":{"class":1,"weight":0.25},"geometry":{"type":"Point","coordinates":[73.869173,18.539307]}},{"type":"Feature","properties":{"class":1,"weight":0.25},"geometry":{"type":"Point","coordinates":[73.869308,18.539307]}},{"type":"Feature","properties":{"class":1,"weight":0.25},"geometry":{"type":"Point","coordinates":[73.869443,18.539307]}},{"type":"Feature","properties":{"class":1,"weight":0.25},"geometry":{"type":"Point","coordinates":[73.870655,18.539307]}},{"type":"Feature","properties":{"class":1,"weight":0.25},"geometry":{"type":"Point","coordinates":[73.87079,18.539307]}},{"type":"Feature","properties":{"class":1,"weight":0.25},"geometry":{"type":"Point","coordinates":[73.915931,18.539307]}},{"type":"Feature","properties":{"class":1,"weight":0.25},"geometry":{"type":"Point","coordinates":[73.916065,18.539307]}},{"type":"Feature","properties":{"class":2,"weight":0.5},"geometry":{"type":"Point","coordinates":[73.9162,18.539307]}},{"type":"Feature","properties":{"class":2,"weight":0.5},"geometry":{"type":"Point","coordinates":[73.916335,18.539307]}},{"type":"Feature","properties":{"class":1,"weight":0.25},"geometry":{"type":"Point","coordinates":[73.917009,18.539307]}},{"type":"Feature","properties":{"class":1,"weight":0.25},"geometry":{"type":"Point","coordinates":[73.917143,18.539307]}},{"type":"Feature","properties":{"class":1,"weight":0.25},"geometry":{"type":"Point","coordinates":[73.918625,18.539307]}},{"type":"Feature","properties":{"class":1,"weight":0.25},"geometry":{"type":"Point","coordinates":[73.91876,18.539307]}},{"type":"Feature","properties":{"class":1,"weight":0.25},"geometry":{"type":"Point","coordinates":[73.918895,18.539307]}},{"type":"Feature","properties":{"class":1,"weight":0.25},"geometry":{"type":"Point","coordinates":[73.91903,18.539307]}},{"type":"Feature","properties":{"class":1,"weight":0.25},"geometry":{"type":"Point","coordinates":[73.923207,18.539307]}},{"type":"Feature","properties":{"class":1,"weight":0.25},"geometry":{"type":"Point","coordinates":[73.923342,18.539307]}},{"type":"Feature","properties":{"class":1,"weight":0.25},"geometry":{"type":"Point","coordinates":[73.923476,18.539307]}},{"type":"Feature","properties":{"class":1,"weight":0.25},"geometry":{"type":"Point","coordinates":[73.923611,18.539307]}},{"type":"Feature","properties":{"class":1,"weight":0.25},"geometry":{"type":"Point","coordinates":[73.923746,18.539307]}},{"type":"Feature","properties":{"class":1,"weight":0.25},"geometry":{"type":"Point","coordinates":[73.923881,18.539307]}},{"type":"Feature","properties":{"class":1,"weight":0.25},"geometry":{"type":"Point","coordinates":[73.973872,18.539307]}},{"type":"Feature","properties":{"class":1,"weight":0.25},"geometry":{"type":"Point","coordinates":[73.974007,18.539307]}},{"type":"Feature","properties":{"class":1,"weight":0.25},"geometry":{"type":"Point","coordinates":[73.97468,18.539307]}},{"type":"Feature","properties":{"class":1,"weight":0.25},"geometry":{"type":"Point","coordinates":[73.974815,18.539307]}},{"type":"Feature","properties":{"class":1,"weight":0.25},"geometry":{"type":"Point","coordinates":[73.86823,18.539173]}},{"type":"Feature","properties":{"class":1,"weight":0.25},"geometry":{"type":"Point","coordinates":[73.868365,18.539173]}},{"type":"Feature","properties":{"class":1,"weight":0.25},"geometry":{"type":"Point","coordinates":[73.868499,18.539173]}},{"type":"Feature","properties":{"class":1,"weight":0.25},"geometry":{"type":"Point","coordinates":[73.868634,18.539173]}},{"type":"Feature","properties":{"class":1,"weight":0.25},"geometry":{"type":"Point","coordinates":[73.868769,18.539173]}},{"type":"Feature","properties":{"class":1,"weight":0.25},"geometry":{"type":"Point","coordinates":[73.868904,18.539173]}},{"type":"Feature","properties":{"class":1,"weight":0.25},"geometry":{"type":"Point","coordinates":[73.869038,18.539173]}},{"type":"Feature","properties":{"class":1,"weight":0.25},"geometry":{"type":"Point","coordinates":[73.869173,18.539173]}},{"type":"Feature","properties":{"class":1,"weight":0.25},"geometry":{"type":"Point","coordinates":[73.869308,18.539173]}},{"type":"Feature","properties":{"class":1,"weight":0.25},"geometry":{"type":"Point","coordinates":[73.869443,18.539173]}},{"type":"Feature","properties":{"class":1,"weight":0.25},"geometry":{"type":"Point","coordinates":[73.870655,18.539173]}},{"type":"Feature","properties":{"class":1,"weight":0.25},"geometry":{"type":"Point","coordinates":[73.87079,18.539173]}},{"type":"Feature","properties":{"class":1,"weight":0.25},"geometry":{"type":"Point","coordinates":[73.915931,18.539173]}},{"type":"Feature","properties":{"class":1,"weight":0.25},"geometry":{"type":"Point","coordinates":[73.916065,18.539173]}},{"type":"Feature","properties":{"class":2,"weight":0.5},"geometry":{"type":"Point","coordinates":[73.9162,18.539173]}},{"type":"Feature","properties":{"class":2,"weight":0.5},"geometry":{"type":"Point","coordinates":[73.916335,18.539173]}},{"type":"Feature","properties":{"class":1,"weight":0.25},"geometry":{"type":"Point","coordinates":[73.917009,18.539173]}},{"type":"Feature","properties":{"class":1,"weight":0.25},"geometry":{"type":"Point","coordinates":[73.917143,18.539173]}},{"type":"Feature","properties":{"class":1,"weight":0.25},"geometry":{"type":"Point","coordinates":[73.918625,18.539173]}},{"type":"Feature","properties":{"class":1,"weight":0.25},"geometry":{"type":"Point","coordinates":[73.91876,18.539173]}},{"type":"Feature","properties":{"class":1,"weight":0.25},"geometry":{"type":"Point","coordinates":[73.918895,18.539173]}},{"type":"Feature","properties":{"class":1,"weight":0.25},"geometry":{"type":"Point","coordinates":[73.91903,18.539173]}},{"type":"Feature","properties":{"class":1,"weight":0.25},"geometry":{"type":"Point","coordinates":[73.923207,18.539173]}},{"type":"Feature","properties":{"class":1,"weight":0.25},"geometry":{"type":"Point","coordinates":[73.923342,18.539173]}},{"type":"Feature","properties":{"class":1,"weight":0.25},"geometry":{"type":"Point","coordinates":[73.923476,18.539173]}},{"type":"Feature","properties":{"class":1,"weight":0.25},"geometry":{"type":"Point","coordinates":[73.923611,18.539173]}},{"type":"Feature","properties":{"class":1,"weight":0.25},"geometry":{"type":"Point","coordinates":[73.923746,18.539173]}},{"type":"Feature","properties":{"class":1,"weight":0.25},"geometry":{"type":"Point","coordinates":[73.923881,18.539173]}},{"type":"Feature","properties":{"class":1,"weight":0.25},"geometry":{"type":"Point","coordinates":[73.973872,18.539173]}},{"type":"Feature","properties":{"class":1,"weight":0.25},"geometry":{"type":"Point","coordinates":[73.974007,18.539173]}},{"type":"Feature","properties":{"class":1,"weight":0.25},"geometry":{"type":"Point","coordinates":[73.97468,18.539173]}},{"type":"Feature","properties":{"class":1,"weight":0.25},"geometry":{"type":"Point","coordinates":[73.974815,18.539173]}},{"type":"Feature","properties":{"class":1,"weight":0.25},"geometry":{"type":"Point","coordinates":[73.866883,18.539038]}},{"type":"Feature","properties":{"class":1,"weight":0.25},"geometry":{"type":"Point","coordinates":[73.867017,18.539038]}},{"type":"Feature","properties":{"class":1,"weight":0.25},"geometry":{"type":"Point","coordinates":[73.867152,18.539038]}},{"type":"Feature","properties":{"class":1,"weight":0.25},"geometry":{"type":"Point","coordinates":[73.867287,18.539038]}},{"type":"Feature","properties":{"class":1,"weight":0.25},"geometry":{"type":"Point","coordinates":[73.867961,18.539038]}},{"type":"Feature","properties":{"class":1,"weight":0.25},"geometry":{"type":"Point","coordinates":[73.868095,18.539038]}},{"type":"Feature","properties":{"class":1,"weight":0.25},"geometry":{"type":"Point","coordinates":[73.86823,18.539038]}},{"type":"Feature","properties":{"class":1,"weight":0.25},"geometry":{"type":"Point","coordinates":[73.868365,18.539038]}},{"type":"Feature","properties":{"class":1,"weight":0.25},"geometry":{"type":"Point","coordinates":[73.868499,18.539038]}},{"type":"Feature","properties":{"class":1,"weight":0.25},"geometry":{"type":"Point","coordinates":[73.868634,18.539038]}},{"type":"Feature","properties":{"class":2,"weight":0.5},"geometry":{"type":"Point","coordinates":[73.91647,18.539038]}},{"type":"Feature","properties":{"class":2,"weight":0.5},"geometry":{"type":"Point","coordinates":[73.916604,18.539038]}},{"type":"Feature","properties":{"class":1,"weight":0.25},"geometry":{"type":"Point","coordinates":[73.917009,18.539038]}},{"type":"Feature","properties":{"class":1,"weight":0.25},"geometry":{"type":"Point","coordinates":[73.917143,18.539038]}},{"type":"Feature","properties":{"class":1,"weight":0.25},"geometry":{"type":"Point","coordinates":[73.917278,18.539038]}},{"type":"Feature","properties":{"class":1,"weight":0.25},"geometry":{"type":"Point","coordinates":[73.917413,18.539038]}},{"type":"Feature","properties":{"class":1,"weight":0.25},"geometry":{"type":"Point","coordinates":[73.917548,18.539038]}},{"type":"Feature","properties":{"class":1,"weight":0.25},"geometry":{"type":"Point","coordinates":[73.917682,18.539038]}},{"type":"Feature","properties":{"class":1,"weight":0.25},"geometry":{"type":"Point","coordinates":[73.917817,18.539038]}},{"type":"Feature","properties":{"class":1,"weight":0.25},"geometry":{"type":"Point","coordinates":[73.917952,18.539038]}},{"type":"Feature","properties":{"class":1,"weight":0.25},"geometry":{"type":"Point","coordinates":[73.918087,18.539038]}},{"type":"Feature","properties":{"class":1,"weight":0.25},"geometry":{"type":"Point","coordinates":[73.918221,18.539038]}},{"type":"Feature","properties":{"class":1,"weight":0.25},"geometry":{"type":"Point","coordinates":[73.918356,18.539038]}},{"type":"Feature","properties":{"class":1,"weight":0.25},"geometry":{"type":"Point","coordinates":[73.918491,18.539038]}},{"type":"Feature","properties":{"class":1,"weight":0.25},"geometry":{"type":"Point","coordinates":[73.920781,18.539038]}},{"type":"Feature","properties":{"class":1,"weight":0.25},"geometry":{"type":"Point","coordinates":[73.920916,18.539038]}},{"type":"Feature","properties":{"class":1,"weight":0.25},"geometry":{"type":"Point","coordinates":[73.921051,18.539038]}},{"type":"Feature","properties":{"class":1,"weight":0.25},"geometry":{"type":"Point","coordinates":[73.921186,18.539038]}},{"type":"Feature","properties":{"class":1,"weight":0.25},"geometry":{"type":"Point","coordinates":[73.92132,18.539038]}},{"type":"Feature","properties":{"class":1,"weight":0.25},"geometry":{"type":"Point","coordinates":[73.921455,18.539038]}},{"type":"Feature","properties":{"class":1,"weight":0.25},"geometry":{"type":"Point","coordinates":[73.92159,18.539038]}},{"type":"Feature","properties":{"class":1,"weight":0.25},"geometry":{"type":"Point","coordinates":[73.921725,18.539038]}},{"type":"Feature","properties":{"class":1,"weight":0.25},"geometry":{"type":"Point","coordinates":[73.923207,18.539038]}},{"type":"Feature","properties":{"class":1,"weight":0.25},"geometry":{"type":"Point","coordinates":[73.923342,18.539038]}},{"type":"Feature","properties":{"class":1,"weight":0.25},"geometry":{"type":"Point","coordinates":[73.923476,18.539038]}},{"type":"Feature","properties":{"class":1,"weight":0.25},"geometry":{"type":"Point","coordinates":[73.923611,18.539038]}},{"type":"Feature","properties":{"class":2,"weight":0.5},"geometry":{"type":"Point","coordinates":[73.924285,18.539038]}},{"type":"Feature","properties":{"class":2,"weight":0.5},"geometry":{"type":"Point","coordinates":[73.92442,18.539038]}},{"type":"Feature","properties":{"class":2,"weight":0.5},"geometry":{"type":"Point","coordinates":[73.924554,18.539038]}},{"type":"Feature","properties":{"class":2,"weight":0.5},"geometry":{"type":"Point","coordinates":[73.924689,18.539038]}},{"type":"Feature","properties":{"class":1,"weight":0.25},"geometry":{"type":"Point","coordinates":[73.924824,18.539038]}},{"type":"Feature","properties":{"class":1,"weight":0.25},"geometry":{"type":"Point","coordinates":[73.924959,18.539038]}},{"type":"Feature","properties":{"class":1,"weight":0.25},"geometry":{"type":"Point","coordinates":[73.925093,18.539038]}},{"type":"Feature","properties":{"class":1,"weight":0.25},"geometry":{"type":"Point","coordinates":[73.925228,18.539038]}},{"type":"Feature","properties":{"class":1,"weight":0.25},"geometry":{"type":"Point","coordinates":[73.925363,18.539038]}},{"type":"Feature","properties":{"class":1,"weight":0.25},"geometry":{"type":"Point","coordinates":[73.925498,18.539038]}},{"type":"Feature","properties":{"class":1,"weight":0.25},"geometry":{"type":"Point","coordinates":[73.925632,18.539038]}},{"type":"Feature","properties":{"class":1,"weight":0.25},"geometry":{"type":"Point","coordinates":[73.925767,18.539038]}},{"type":"Feature","properties":{"class":1,"weight":0.25},"geometry":{"type":"Point","coordinates":[73.940724,18.539038]}},{"type":"Feature","properties":{"class":1,"weight":0.25},"geometry":{"type":"Point","coordinates":[73.940859,18.539038]}},{"type":"Feature","properties":{"class":1,"weight":0.25},"geometry":{"type":"Point","coordinates":[73.941802,18.539038]}},{"type":"Feature","properties":{"class":1,"weight":0.25},"geometry":{"type":"Point","coordinates":[73.941937,18.539038]}},{"type":"Feature","properties":{"class":1,"weight":0.25},"geometry":{"type":"Point","coordinates":[73.866883,18.538903]}},{"type":"Feature","properties":{"class":1,"weight":0.25},"geometry":{"type":"Point","coordinates":[73.867017,18.538903]}},{"type":"Feature","properties":{"class":1,"weight":0.25},"geometry":{"type":"Point","coordinates":[73.867152,18.538903]}},{"type":"Feature","properties":{"class":1,"weight":0.25},"geometry":{"type":"Point","coordinates":[73.867287,18.538903]}},{"type":"Feature","properties":{"class":1,"weight":0.25},"geometry":{"type":"Point","coordinates":[73.867961,18.538903]}},{"type":"Feature","properties":{"class":1,"weight":0.25},"geometry":{"type":"Point","coordinates":[73.868095,18.538903]}},{"type":"Feature","properties":{"class":1,"weight":0.25},"geometry":{"type":"Point","coordinates":[73.86823,18.538903]}},{"type":"Feature","properties":{"class":1,"weight":0.25},"geometry":{"type":"Point","coordinates":[73.868365,18.538903]}},{"type":"Feature","properties":{"class":1,"weight":0.25},"geometry":{"type":"Point","coordinates":[73.868499,18.538903]}},{"type":"Feature","properties":{"class":1,"weight":0.25},"geometry":{"type":"Point","coordinates":[73.868634,18.538903]}},{"type":"Feature","properties":{"class":2,"weight":0.5},"geometry":{"type":"Point","coordinates":[73.91647,18.538903]}},{"type":"Feature","properties":{"class":2,"weight":0.5},"geometry":{"type":"Point","coordinates":[73.916604,18.538903]}},{"type":"Feature","properties":{"class":1,"weight":0.25},"geometry":{"type":"Point","coordinates":[73.917009,18.538903]}},{"type":"Feature","properties":{"class":1,"weight":0.25},"geometry":{"type":"Point","coordinates":[73.917143,18.538903]}},{"type":"Feature","properties":{"class":1,"weight":0.25},"geometry":{"type":"Point","coordinates":[73.917278,18.538903]}},{"type":"Feature","properties":{"class":1,"weight":0.25},"geometry":{"type":"Point","coordinates":[73.917413,18.538903]}},{"type":"Feature","properties":{"class":1,"weight":0.25},"geometry":{"type":"Point","coordinates":[73.917548,18.538903]}},{"type":"Feature","properties":{"class":1,"weight":0.25},"geometry":{"type":"Point","coordinates":[73.917682,18.538903]}},{"type":"Feature","properties":{"class":1,"weight":0.25},"geometry":{"type":"Point","coordinates":[73.917817,18.538903]}},{"type":"Feature","properties":{"class":1,"weight":0.25},"geometry":{"type":"Point","coordinates":[73.917952,18.538903]}},{"type":"Feature","properties":{"class":1,"weight":0.25},"geometry":{"type":"Point","coordinates":[73.918087,18.538903]}},{"type":"Feature","properties":{"class":1,"weight":0.25},"geometry":{"type":"Point","coordinates":[73.918221,18.538903]}},{"type":"Feature","properties":{"class":1,"weight":0.25},"geometry":{"type":"Point","coordinates":[73.918356,18.538903]}},{"type":"Feature","properties":{"class":1,"weight":0.25},"geometry":{"type":"Point","coordinates":[73.918491,18.538903]}},{"type":"Feature","properties":{"class":1,"weight":0.25},"geometry":{"type":"Point","coordinates":[73.920781,18.538903]}},{"type":"Feature","properties":{"class":1,"weight":0.25},"geometry":{"type":"Point","coordinates":[73.920916,18.538903]}},{"type":"Feature","properties":{"class":1,"weight":0.25},"geometry":{"type":"Point","coordinates":[73.921051,18.538903]}},{"type":"Feature","properties":{"class":1,"weight":0.25},"geometry":{"type":"Point","coordinates":[73.921186,18.538903]}},{"type":"Feature","properties":{"class":1,"weight":0.25},"geometry":{"type":"Point","coordinates":[73.92132,18.538903]}},{"type":"Feature","properties":{"class":1,"weight":0.25},"geometry":{"type":"Point","coordinates":[73.921455,18.538903]}},{"type":"Feature","properties":{"class":1,"weight":0.25},"geometry":{"type":"Point","coordinates":[73.92159,18.538903]}},{"type":"Feature","properties":{"class":1,"weight":0.25},"geometry":{"type":"Point","coordinates":[73.921725,18.538903]}},{"type":"Feature","properties":{"class":1,"weight":0.25},"geometry":{"type":"Point","coordinates":[73.923207,18.538903]}},{"type":"Feature","properties":{"class":1,"weight":0.25},"geometry":{"type":"Point","coordinates":[73.923342,18.538903]}},{"type":"Feature","properties":{"class":1,"weight":0.25},"geometry":{"type":"Point","coordinates":[73.923476,18.538903]}},{"type":"Feature","properties":{"class":1,"weight":0.25},"geometry":{"type":"Point","coordinates":[73.923611,18.538903]}},{"type":"Feature","properties":{"class":2,"weight":0.5},"geometry":{"type":"Point","coordinates":[73.924285,18.538903]}},{"type":"Feature","properties":{"class":2,"weight":0.5},"geometry":{"type":"Point","coordinates":[73.92442,18.538903]}},{"type":"Feature","properties":{"class":2,"weight":0.5},"geometry":{"type":"Point","coordinates":[73.924554,18.538903]}},{"type":"Feature","properties":{"class":2,"weight":0.5},"geometry":{"type":"Point","coordinates":[73.924689,18.538903]}},{"type":"Feature","properties":{"class":1,"weight":0.25},"geometry":{"type":"Point","coordinates":[73.924824,18.538903]}},{"type":"Feature","properties":{"class":1,"weight":0.25},"geometry":{"type":"Point","coordinates":[73.924959,18.538903]}},{"type":"Feature","properties":{"class":1,"weight":0.25},"geometry":{"type":"Point","coordinates":[73.925093,18.538903]}},{"type":"Feature","properties":{"class":1,"weight":0.25},"geometry":{"type":"Point","coordinates":[73.925228,18.538903]}},{"type":"Feature","properties":{"class":1,"weight":0.25},"geometry":{"type":"Point","coordinates":[73.925363,18.538903]}},{"type":"Feature","properties":{"class":1,"weight":0.25},"geometry":{"type":"Point","coordinates":[73.925498,18.538903]}},{"type":"Feature","properties":{"class":1,"weight":0.25},"geometry":{"type":"Point","coordinates":[73.925632,18.538903]}},{"type":"Feature","properties":{"class":1,"weight":0.25},"geometry":{"type":"Point","coordinates":[73.925767,18.538903]}},{"type":"Feature","properties":{"class":1,"weight":0.25},"geometry":{"type":"Point","coordinates":[73.940724,18.538903]}},{"type":"Feature","properties":{"class":1,"weight":0.25},"geometry":{"type":"Point","coordinates":[73.940859,18.538903]}},{"type":"Feature","properties":{"class":1,"weight":0.25},"geometry":{"type":"Point","coordinates":[73.941802,18.538903]}},{"type":"Feature","properties":{"class":1,"weight":0.25},"geometry":{"type":"Point","coordinates":[73.941937,18.538903]}},{"type":"Feature","properties":{"class":1,"weight":0.25},"geometry":{"type":"Point","coordinates":[73.866883,18.538768]}},{"type":"Feature","properties":{"class":1,"weight":0.25},"geometry":{"type":"Point","coordinates":[73.867017,18.538768]}},{"type":"Feature","properties":{"class":1,"weight":0.25},"geometry":{"type":"Point","coordinates":[73.867152,18.538768]}},{"type":"Feature","properties":{"class":1,"weight":0.25},"geometry":{"type":"Point","coordinates":[73.867287,18.538768]}},{"type":"Feature","properties":{"class":1,"weight":0.25},"geometry":{"type":"Point","coordinates":[73.867422,18.538768]}},{"type":"Feature","properties":{"class":1,"weight":0.25},"geometry":{"type":"Point","coordinates":[73.867556,18.538768]}},{"type":"Feature","properties":{"class":1,"weight":0.25},"geometry":{"type":"Point","coordinates":[73.867691,18.538768]}},{"type":"Feature","properties":{"class":1,"weight":0.25},"geometry":{"type":"Point","coordinates":[73.867826,18.538768]}},{"type":"Feature","properties":{"class":1,"weight":0.25},"geometry":{"type":"Point","coordinates":[73.91647,18.538768]}},{"type":"Feature","properties":{"class":1,"weight":0.25},"geometry":{"type":"Point","coordinates":[73.916604,18.538768]}},{"type":"Feature","properties":{"class":1,"weight":0.25},"geometry":{"type":"Point","coordinates":[73.916739,18.538768]}},{"type":"Feature","properties":{"class":1,"weight":0.25},"geometry":{"type":"Point","coordinates":[73.916874,18.538768]}},{"type":"Feature","properties":{"class":1,"weight":0.25},"geometry":{"type":"Point","coordinates":[73.92159,18.538768]}},{"type":"Feature","properties":{"class":1,"weight":0.25},"geometry":{"type":"Point","coordinates":[73.921725,18.538768]}},{"type":"Feature","properties":{"class":1,"weight":0.25},"geometry":{"type":"Point","coordinates":[73.922398,18.538768]}},{"type":"Feature","properties":{"class":1,"weight":0.25},"geometry":{"type":"Point","coordinates":[73.922533,18.538768]}},{"type":"Feature","properties":{"class":1,"weight":0.25},"geometry":{"type":"Point","coordinates":[73.922668,18.538768]}},{"type":"Feature","properties":{"class":1,"weight":0.25},"geometry":{"type":"Point","coordinates":[73.922803,18.538768]}},{"type":"Feature","properties":{"class":2,"weight":0.5},"geometry":{"type":"Point","coordinates":[73.926171,18.538768]}},{"type":"Feature","properties":{"class":2,"weight":0.5},"geometry":{"type":"Point","coordinates":[73.926306,18.538768]}},{"type":"Feature","properties":{"class":1,"weight":0.25},"geometry":{"type":"Point","coordinates":[73.926441,18.538768]}},{"type":"Feature","properties":{"class":1,"weight":0.25},"geometry":{"type":"Point","coordinates":[73.926576,18.538768]}},{"type":"Feature","properties":{"class":1,"weight":0.25},"geometry":{"type":"Point","coordinates":[73.97495,18.538768]}},{"type":"Feature","properties":{"class":1,"weight":0.25},"geometry":{"type":"Point","coordinates":[73.975085,18.538768]}},{"type":"Feature","properties":{"class":1,"weight":0.25},"geometry":{"type":"Point","coordinates":[73.866883,18.538634]}},{"type":"Feature","properties":{"class":1,"weight":0.25},"geometry":{"type":"Point","coordinates":[73.867017,18.538634]}},{"type":"Feature","properties":{"class":1,"weight":0.25},"geometry":{"type":"Point","coordinates":[73.867152,18.538634]}},{"type":"Feature","properties":{"class":1,"weight":0.25},"geometry":{"type":"Point","coordinates":[73.867287,18.538634]}},{"type":"Feature","properties":{"class":1,"weight":0.25},"geometry":{"type":"Point","coordinates":[73.867422,18.538634]}},{"type":"Feature","properties":{"class":1,"weight":0.25},"geometry":{"type":"Point","coordinates":[73.867556,18.538634]}},{"type":"Feature","properties":{"class":1,"weight":0.25},"geometry":{"type":"Point","coordinates":[73.867691,18.538634]}},{"type":"Feature","properties":{"class":1,"weight":0.25},"geometry":{"type":"Point","coordinates":[73.867826,18.538634]}},{"type":"Feature","properties":{"class":1,"weight":0.25},"geometry":{"type":"Point","coordinates":[73.91647,18.538634]}},{"type":"Feature","properties":{"class":1,"weight":0.25},"geometry":{"type":"Point","coordinates":[73.916604,18.538634]}},{"type":"Feature","properties":{"class":1,"weight":0.25},"geometry":{"type":"Point","coordinates":[73.916739,18.538634]}},{"type":"Feature","properties":{"class":1,"weight":0.25},"geometry":{"type":"Point","coordinates":[73.916874,18.538634]}},{"type":"Feature","properties":{"class":1,"weight":0.25},"geometry":{"type":"Point","coordinates":[73.92159,18.538634]}},{"type":"Feature","properties":{"class":1,"weight":0.25},"geometry":{"type":"Point","coordinates":[73.921725,18.538634]}},{"type":"Feature","properties":{"class":1,"weight":0.25},"geometry":{"type":"Point","coordinates":[73.922398,18.538634]}},{"type":"Feature","properties":{"class":1,"weight":0.25},"geometry":{"type":"Point","coordinates":[73.922533,18.538634]}},{"type":"Feature","properties":{"class":1,"weight":0.25},"geometry":{"type":"Point","coordinates":[73.922668,18.538634]}},{"type":"Feature","properties":{"class":1,"weight":0.25},"geometry":{"type":"Point","coordinates":[73.922803,18.538634]}},{"type":"Feature","properties":{"class":2,"weight":0.5},"geometry":{"type":"Point","coordinates":[73.926171,18.538634]}},{"type":"Feature","properties":{"class":2,"weight":0.5},"geometry":{"type":"Point","coordinates":[73.926306,18.538634]}},{"type":"Feature","properties":{"class":1,"weight":0.25},"geometry":{"type":"Point","coordinates":[73.926441,18.538634]}},{"type":"Feature","properties":{"class":1,"weight":0.25},"geometry":{"type":"Point","coordinates":[73.926576,18.538634]}},{"type":"Feature","properties":{"class":1,"weight":0.25},"geometry":{"type":"Point","coordinates":[73.97495,18.538634]}},{"type":"Feature","properties":{"class":1,"weight":0.25},"geometry":{"type":"Point","coordinates":[73.975085,18.538634]}},{"type":"Feature","properties":{"class":1,"weight":0.25},"geometry":{"type":"Point","coordinates":[73.866074,18.538499]}},{"type":"Feature","properties":{"class":1,"weight":0.25},"geometry":{"type":"Point","coordinates":[73.866209,18.538499]}},{"type":"Feature","properties":{"class":1,"weight":0.25},"geometry":{"type":"Point","coordinates":[73.866883,18.538499]}},{"type":"Feature","properties":{"class":1,"weight":0.25},"geometry":{"type":"Point","coordinates":[73.867017,18.538499]}},{"type":"Feature","properties":{"class":1,"weight":0.25},"geometry":{"type":"Point","coordinates":[73.924285,18.538499]}},{"type":"Feature","properties":{"class":1,"weight":0.25},"geometry":{"type":"Point","coordinates":[73.92442,18.538499]}},{"type":"Feature","properties":{"class":1,"weight":0.25},"geometry":{"type":"Point","coordinates":[73.926441,18.538499]}},{"type":"Feature","properties":{"class":1,"weight":0.25},"geometry":{"type":"Point","coordinates":[73.926576,18.538499]}},{"type":"Feature","properties":{"class":1,"weight":0.25},"geometry":{"type":"Point","coordinates":[73.92671,18.538499]}},{"type":"Feature","properties":{"class":1,"weight":0.25},"geometry":{"type":"Point","coordinates":[73.926845,18.538499]}},{"type":"Feature","properties":{"class":1,"weight":0.25},"geometry":{"type":"Point","coordinates":[73.92698,18.538499]}},{"type":"Feature","properties":{"class":1,"weight":0.25},"geometry":{"type":"Point","coordinates":[73.927115,18.538499]}},{"type":"Feature","properties":{"class":2,"weight":0.5},"geometry":{"type":"Point","coordinates":[73.927249,18.538499]}},{"type":"Feature","properties":{"class":2,"weight":0.5},"geometry":{"type":"Point","coordinates":[73.927384,18.538499]}},{"type":"Feature","properties":{"class":1,"weight":0.25},"geometry":{"type":"Point","coordinates":[73.927519,18.538499]}},{"type":"Feature","properties":{"class":1,"weight":0.25},"geometry":{"type":"Point","coordinates":[73.927654,18.538499]}},{"type":"Feature","properties":{"class":1,"weight":0.25},"geometry":{"type":"Point","coordinates":[73.941533,18.538499]}},{"type":"Feature","properties":{"class":1,"weight":0.25},"geometry":{"type":"Point","coordinates":[73.941667,18.538499]}},{"type":"Feature","properties":{"class":1,"weight":0.25},"geometry":{"type":"Point","coordinates":[73.97495,18.538499]}},{"type":"Feature","properties":{"class":1,"weight":0.25},"geometry":{"type":"Point","coordinates":[73.975085,18.538499]}},{"type":"Feature","properties":{"class":1,"weight":0.25},"geometry":{"type":"Point","coordinates":[73.866074,18.538364]}},{"type":"Feature","properties":{"class":1,"weight":0.25},"geometry":{"type":"Point","coordinates":[73.866209,18.538364]}},{"type":"Feature","properties":{"class":1,"weight":0.25},"geometry":{"type":"Point","coordinates":[73.866883,18.538364]}},{"type":"Feature","properties":{"class":1,"weight":0.25},"geometry":{"type":"Point","coordinates":[73.867017,18.538364]}},{"type":"Feature","properties":{"class":1,"weight":0.25},"geometry":{"type":"Point","coordinates":[73.924285,18.538364]}},{"type":"Feature","properties":{"class":1,"weight":0.25},"geometry":{"type":"Point","coordinates":[73.92442,18.538364]}},{"type":"Feature","properties":{"class":1,"weight":0.25},"geometry":{"type":"Point","coordinates":[73.926441,18.538364]}},{"type":"Feature","properties":{"class":1,"weight":0.25},"geometry":{"type":"Point","coordinates":[73.926576,18.538364]}},{"type":"Feature","properties":{"class":1,"weight":0.25},"geometry":{"type":"Point","coordinates":[73.92671,18.538364]}},{"type":"Feature","properties":{"class":1,"weight":0.25},"geometry":{"type":"Point","coordinates":[73.926845,18.538364]}},{"type":"Feature","properties":{"class":1,"weight":0.25},"geometry":{"type":"Point","coordinates":[73.92698,18.538364]}},{"type":"Feature","properties":{"class":1,"weight":0.25},"geometry":{"type":"Point","coordinates":[73.927115,18.538364]}},{"type":"Feature","properties":{"class":2,"weight":0.5},"geometry":{"type":"Point","coordinates":[73.927249,18.538364]}},{"type":"Feature","properties":{"class":2,"weight":0.5},"geometry":{"type":"Point","coordinates":[73.927384,18.538364]}},{"type":"Feature","properties":{"class":1,"weight":0.25},"geometry":{"type":"Point","coordinates":[73.927519,18.538364]}},{"type":"Feature","properties":{"class":1,"weight":0.25},"geometry":{"type":"Point","coordinates":[73.927654,18.538364]}},{"type":"Feature","properties":{"class":1,"weight":0.25},"geometry":{"type":"Point","coordinates":[73.941533,18.538364]}},{"type":"Feature","properties":{"class":1,"weight":0.25},"geometry":{"type":"Point","coordinates":[73.941667,18.538364]}},{"type":"Feature","properties":{"class":1,"weight":0.25},"geometry":{"type":"Point","coordinates":[73.97495,18.538364]}},{"type":"Feature","properties":{"class":1,"weight":0.25},"geometry":{"type":"Point","coordinates":[73.975085,18.538364]}},{"type":"Feature","properties":{"class":1,"weight":0.25},"geometry":{"type":"Point","coordinates":[73.865805,18.538229]}},{"type":"Feature","properties":{"class":1,"weight":0.25},"geometry":{"type":"Point","coordinates":[73.865939,18.538229]}},{"type":"Feature","properties":{"class":1,"weight":0.25},"geometry":{"type":"Point","coordinates":[73.925902,18.538229]}},{"type":"Feature","properties":{"class":1,"weight":0.25},"geometry":{"type":"Point","coordinates":[73.926037,18.538229]}},{"type":"Feature","properties":{"class":1,"weight":0.25},"geometry":{"type":"Point","coordinates":[73.926171,18.538229]}},{"type":"Feature","properties":{"class":1,"weight":0.25},"geometry":{"type":"Point","coordinates":[73.926306,18.538229]}},{"type":"Feature","properties":{"class":1,"weight":0.25},"geometry":{"type":"Point","coordinates":[73.926441,18.538229]}},{"type":"Feature","properties":{"class":1,"weight":0.25},"geometry":{"type":"Point","coordinates":[73.926576,18.538229]}},{"type":"Feature","properties":{"class":1,"weight":0.25},"geometry":{"type":"Point","coordinates":[73.92671,18.538229]}},{"type":"Feature","properties":{"class":1,"weight":0.25},"geometry":{"type":"Point","coordinates":[73.926845,18.538229]}},{"type":"Feature","properties":{"class":1,"weight":0.25},"geometry":{"type":"Point","coordinates":[73.92698,18.538229]}},{"type":"Feature","properties":{"class":1,"weight":0.25},"geometry":{"type":"Point","coordinates":[73.927115,18.538229]}},{"type":"Feature","properties":{"class":1,"weight":0.25},"geometry":{"type":"Point","coordinates":[73.928058,18.538229]}},{"type":"Feature","properties":{"class":1,"weight":0.25},"geometry":{"type":"Point","coordinates":[73.928193,18.538229]}},{"type":"Feature","properties":{"class":1,"weight":0.25},"geometry":{"type":"Point","coordinates":[73.940185,18.538229]}},{"type":"Feature","properties":{"class":1,"weight":0.25},"geometry":{"type":"Point","coordinates":[73.94032,18.538229]}},{"type":"Feature","properties":{"class":1,"weight":0.25},"geometry":{"type":"Point","coordinates":[73.940455,18.538229]}},{"type":"Feature","properties":{"class":1,"weight":0.25},"geometry":{"type":"Point","coordinates":[73.940589,18.538229]}},{"type":"Feature","properties":{"class":1,"weight":0.25},"geometry":{"type":"Point","coordinates":[73.865805,18.538095]}},{"type":"Feature","properties":{"class":1,"weight":0.25},"geometry":{"type":"Point","coordinates":[73.865939,18.538095]}},{"type":"Feature","properties":{"class":1,"weight":0.25},"geometry":{"type":"Point","coordinates":[73.925902,18.538095]}},{"type":"Feature","properties":{"class":1,"weight":0.25},"geometry":{"type":"Point","coordinates":[73.926037,18.538095]}},{"type":"Feature","properties":{"class":1,"weight":0.25},"geometry":{"type":"Point","coordinates":[73.926171,18.538095]}},{"type":"Feature","properties":{"class":1,"weight":0.25},"geometry":{"type":"Point","coordinates":[73.926306,18.538095]}},{"type":"Feature","properties":{"class":1,"weight":0.25},"geometry":{"type":"Point","coordinates":[73.926441,18.538095]}},{"type":"Feature","properties":{"class":1,"weight":0.25},"geometry":{"type":"Point","coordinates":[73.926576,18.538095]}},{"type":"Feature","properties":{"class":1,"weight":0.25},"geometry":{"type":"Point","coordinates":[73.92671,18.538095]}},{"type":"Feature","properties":{"class":1,"weight":0.25},"geometry":{"type":"Point","coordinates":[73.926845,18.538095]}},{"type":"Feature","properties":{"class":1,"weight":0.25},"geometry":{"type":"Point","coordinates":[73.92698,18.538095]}},{"type":"Feature","properties":{"class":1,"weight":0.25},"geometry":{"type":"Point","coordinates":[73.927115,18.538095]}},{"type":"Feature","properties":{"class":1,"weight":0.25},"geometry":{"type":"Point","coordinates":[73.928058,18.538095]}},{"type":"Feature","properties":{"class":1,"weight":0.25},"geometry":{"type":"Point","coordinates":[73.928193,18.538095]}},{"type":"Feature","properties":{"class":1,"weight":0.25},"geometry":{"type":"Point","coordinates":[73.940185,18.538095]}},{"type":"Feature","properties":{"class":1,"weight":0.25},"geometry":{"type":"Point","coordinates":[73.94032,18.538095]}},{"type":"Feature","properties":{"class":1,"weight":0.25},"geometry":{"type":"Point","coordinates":[73.940455,18.538095]}},{"type":"Feature","properties":{"class":1,"weight":0.25},"geometry":{"type":"Point","coordinates":[73.940589,18.538095]}},{"type":"Feature","properties":{"class":1,"weight":0.25},"geometry":{"type":"Point","coordinates":[73.865266,18.53796]}},{"type":"Feature","properties":{"class":1,"weight":0.25},"geometry":{"type":"Point","coordinates":[73.8654,18.53796]}},{"type":"Feature","properties":{"class":1,"weight":0.25},"geometry":{"type":"Point","coordinates":[73.92671,18.53796]}},{"type":"Feature","properties":{"class":1,"weight":0.25},"geometry":{"type":"Point","coordinates":[73.926845,18.53796]}},{"type":"Feature","properties":{"class":1,"weight":0.25},"geometry":{"type":"Point","coordinates":[73.92698,18.53796]}},{"type":"Feature","properties":{"class":1,"weight":0.25},"geometry":{"type":"Point","coordinates":[73.927115,18.53796]}},{"type":"Feature","properties":{"class":1,"weight":0.25},"geometry":{"type":"Point","coordinates":[73.927249,18.53796]}},{"type":"Feature","properties":{"class":1,"weight":0.25},"geometry":{"type":"Point","coordinates":[73.927384,18.53796]}},{"type":"Feature","properties":{"class":1,"weight":0.25},"geometry":{"type":"Point","coordinates":[73.928058,18.53796]}},{"type":"Feature","properties":{"class":1,"weight":0.25},"geometry":{"type":"Point","coordinates":[73.928193,18.53796]}},{"type":"Feature","properties":{"class":1,"weight":0.25},"geometry":{"type":"Point","coordinates":[73.928597,18.53796]}},{"type":"Feature","properties":{"class":1,"weight":0.25},"geometry":{"type":"Point","coordinates":[73.928732,18.53796]}},{"type":"Feature","properties":{"class":1,"weight":0.25},"geometry":{"type":"Point","coordinates":[73.928866,18.53796]}},{"type":"Feature","properties":{"class":1,"weight":0.25},"geometry":{"type":"Point","coordinates":[73.929001,18.53796]}},{"type":"Feature","properties":{"class":1,"weight":0.25},"geometry":{"type":"Point","coordinates":[73.941263,18.53796]}},{"type":"Feature","properties":{"class":1,"weight":0.25},"geometry":{"type":"Point","coordinates":[73.941398,18.53796]}},{"type":"Feature","properties":{"class":1,"weight":0.25},"geometry":{"type":"Point","coordinates":[73.974411,18.53796]}},{"type":"Feature","properties":{"class":1,"weight":0.25},"geometry":{"type":"Point","coordinates":[73.974546,18.53796]}},{"type":"Feature","properties":{"class":1,"weight":0.25},"geometry":{"type":"Point","coordinates":[73.865266,18.537825]}},{"type":"Feature","properties":{"class":1,"weight":0.25},"geometry":{"type":"Point","coordinates":[73.8654,18.537825]}},{"type":"Feature","properties":{"class":1,"weight":0.25},"geometry":{"type":"Point","coordinates":[73.92671,18.537825]}},{"type":"Feature","properties":{"class":1,"weight":0.25},"geometry":{"type":"Point","coordinates":[73.926845,18.537825]}},{"type":"Feature","properties":{"class":1,"weight":0.25},"geometry":{"type":"Point","coordinates":[73.92698,18.537825]}},{"type":"Feature","properties":{"class":1,"weight":0.25},"geometry":{"type":"Point","coordinates":[73.927115,18.537825]}},{"type":"Feature","properties":{"class":1,"weight":0.25},"geometry":{"type":"Point","coordinates":[73.927249,18.537825]}},{"type":"Feature","properties":{"class":1,"weight":0.25},"geometry":{"type":"Point","coordinates":[73.927384,18.537825]}},{"type":"Feature","properties":{"class":1,"weight":0.25},"geometry":{"type":"Point","coordinates":[73.928058,18.537825]}},{"type":"Feature","properties":{"class":1,"weight":0.25},"geometry":{"type":"Point","coordinates":[73.928193,18.537825]}},{"type":"Feature","properties":{"class":1,"weight":0.25},"geometry":{"type":"Point","coordinates":[73.928597,18.537825]}},{"type":"Feature","properties":{"class":1,"weight":0.25},"geometry":{"type":"Point","coordinates":[73.928732,18.537825]}},{"type":"Feature","properties":{"class":1,"weight":0.25},"geometry":{"type":"Point","coordinates":[73.928866,18.537825]}},{"type":"Feature","properties":{"class":1,"weight":0.25},"geometry":{"type":"Point","coordinates":[73.929001,18.537825]}},{"type":"Feature","properties":{"class":1,"weight":0.25},"geometry":{"type":"Point","coordinates":[73.941263,18.537825]}},{"type":"Feature","properties":{"class":1,"weight":0.25},"geometry":{"type":"Point","coordinates":[73.941398,18.537825]}},{"type":"Feature","properties":{"class":1,"weight":0.25},"geometry":{"type":"Point","coordinates":[73.974411,18.537825]}},{"type":"Feature","properties":{"class":1,"weight":0.25},"geometry":{"type":"Point","coordinates":[73.974546,18.537825]}},{"type":"Feature","properties":{"class":1,"weight":0.25},"geometry":{"type":"Point","coordinates":[73.864996,18.53769]}},{"type":"Feature","properties":{"class":1,"weight":0.25},"geometry":{"type":"Point","coordinates":[73.865131,18.53769]}},{"type":"Feature","properties":{"class":1,"weight":0.25},"geometry":{"type":"Point","coordinates":[73.865805,18.53769]}},{"type":"Feature","properties":{"class":1,"weight":0.25},"geometry":{"type":"Point","coordinates":[73.865939,18.53769]}},{"type":"Feature","properties":{"class":1,"weight":0.25},"geometry":{"type":"Point","coordinates":[73.927788,18.53769]}},{"type":"Feature","properties":{"class":1,"weight":0.25},"geometry":{"type":"Point","coordinates":[73.927923,18.53769]}},{"type":"Feature","properties":{"class":1,"weight":0.25},"geometry":{"type":"Point","coordinates":[73.928058,18.53769]}},{"type":"Feature","properties":{"class":1,"weight":0.25},"geometry":{"type":"Point","coordinates":[73.928193,18.53769]}},{"type":"Feature","properties":{"class":1,"weight":0.25},"geometry":{"type":"Point","coordinates":[73.928327,18.53769]}},{"type":"Feature","properties":{"class":1,"weight":0.25},"geometry":{"type":"Point","coordinates":[73.928462,18.53769]}},{"type":"Feature","properties":{"class":2,"weight":0.5},"geometry":{"type":"Point","coordinates":[73.928597,18.53769]}},{"type":"Feature","properties":{"class":2,"weight":0.5},"geometry":{"type":"Point","coordinates":[73.928732,18.53769]}},{"type":"Feature","properties":{"class":1,"weight":0.25},"geometry":{"type":"Point","coordinates":[73.929405,18.53769]}},{"type":"Feature","properties":{"class":1,"weight":0.25},"geometry":{"type":"Point","coordinates":[73.92954,18.53769]}},{"type":"Feature","properties":{"class":1,"weight":0.25},"geometry":{"type":"Point","coordinates":[73.929675,18.53769]}},{"type":"Feature","properties":{"class":1,"weight":0.25},"geometry":{"type":"Point","coordinates":[73.92981,18.53769]}},{"type":"Feature","properties":{"class":1,"weight":0.25},"geometry":{"type":"Point","coordinates":[73.929944,18.53769]}},{"type":"Feature","properties":{"class":1,"weight":0.25},"geometry":{"type":"Point","coordinates":[73.930079,18.53769]}},{"type":"Feature","properties":{"class":1,"weight":0.25},"geometry":{"type":"Point","coordinates":[73.974411,18.53769]}},{"type":"Feature","properties":{"class":1,"weight":0.25},"geometry":{"type":"Point","coordinates":[73.974546,18.53769]}},{"type":"Feature","properties":{"class":1,"weight":0.25},"geometry":{"type":"Point","coordinates":[73.975219,18.53769]}},{"type":"Feature","properties":{"class":1,"weight":0.25},"geometry":{"type":"Point","coordinates":[73.975354,18.53769]}},{"type":"Feature","properties":{"class":1,"weight":0.25},"geometry":{"type":"Point","coordinates":[73.864996,18.537556]}},{"type":"Feature","properties":{"class":1,"weight":0.25},"geometry":{"type":"Point","coordinates":[73.865131,18.537556]}},{"type":"Feature","properties":{"class":1,"weight":0.25},"geometry":{"type":"Point","coordinates":[73.865805,18.537556]}},{"type":"Feature","properties":{"class":1,"weight":0.25},"geometry":{"type":"Point","coordinates":[73.865939,18.537556]}},{"type":"Feature","properties":{"class":1,"weight":0.25},"geometry":{"type":"Point","coordinates":[73.927788,18.537556]}},{"type":"Feature","properties":{"class":1,"weight":0.25},"geometry":{"type":"Point","coordinates":[73.927923,18.537556]}},{"type":"Feature","properties":{"class":1,"weight":0.25},"geometry":{"type":"Point","coordinates":[73.928058,18.537556]}},{"type":"Feature","properties":{"class":1,"weight":0.25},"geometry":{"type":"Point","coordinates":[73.928193,18.537556]}},{"type":"Feature","properties":{"class":1,"weight":0.25},"geometry":{"type":"Point","coordinates":[73.928327,18.537556]}},{"type":"Feature","properties":{"class":1,"weight":0.25},"geometry":{"type":"Point","coordinates":[73.928462,18.537556]}},{"type":"Feature","properties":{"class":2,"weight":0.5},"geometry":{"type":"Point","coordinates":[73.928597,18.537556]}},{"type":"Feature","properties":{"class":2,"weight":0.5},"geometry":{"type":"Point","coordinates":[73.928732,18.537556]}},{"type":"Feature","properties":{"class":1,"weight":0.25},"geometry":{"type":"Point","coordinates":[73.929405,18.537556]}},{"type":"Feature","properties":{"class":1,"weight":0.25},"geometry":{"type":"Point","coordinates":[73.92954,18.537556]}},{"type":"Feature","properties":{"class":1,"weight":0.25},"geometry":{"type":"Point","coordinates":[73.929675,18.537556]}},{"type":"Feature","properties":{"class":1,"weight":0.25},"geometry":{"type":"Point","coordinates":[73.92981,18.537556]}},{"type":"Feature","properties":{"class":1,"weight":0.25},"geometry":{"type":"Point","coordinates":[73.929944,18.537556]}},{"type":"Feature","properties":{"class":1,"weight":0.25},"geometry":{"type":"Point","coordinates":[73.930079,18.537556]}},{"type":"Feature","properties":{"class":1,"weight":0.25},"geometry":{"type":"Point","coordinates":[73.974411,18.537556]}},{"type":"Feature","properties":{"class":1,"weight":0.25},"geometry":{"type":"Point","coordinates":[73.974546,18.537556]}},{"type":"Feature","properties":{"class":1,"weight":0.25},"geometry":{"type":"Point","coordinates":[73.975219,18.537556]}},{"type":"Feature","properties":{"class":1,"weight":0.25},"geometry":{"type":"Point","coordinates":[73.975354,18.537556]}},{"type":"Feature","properties":{"class":1,"weight":0.25},"geometry":{"type":"Point","coordinates":[73.864727,18.537421]}},{"type":"Feature","properties":{"class":1,"weight":0.25},"geometry":{"type":"Point","coordinates":[73.864861,18.537421]}},{"type":"Feature","properties":{"class":1,"weight":0.25},"geometry":{"type":"Point","coordinates":[73.865535,18.537421]}},{"type":"Feature","properties":{"class":1,"weight":0.25},"geometry":{"type":"Point","coordinates":[73.86567,18.537421]}},{"type":"Feature","properties":{"class":1,"weight":0.25},"geometry":{"type":"Point","coordinates":[73.869038,18.537421]}},{"type":"Feature","properties":{"class":1,"weight":0.25},"geometry":{"type":"Point","coordinates":[73.869173,18.537421]}},{"type":"Feature","properties":{"class":1,"weight":0.25},"geometry":{"type":"Point","coordinates":[73.928327,18.537421]}},{"type":"Feature","properties":{"class":1,"weight":0.25},"geometry":{"type":"Point","coordinates":[73.928462,18.537421]}},{"type":"Feature","properties":{"class":1,"weight":0.25},"geometry":{"type":"Point","coordinates":[73.928597,18.537421]}},{"type":"Feature","properties":{"class":1,"weight":0.25},"geometry":{"type":"Point","coordinates":[73.928732,18.537421]}},{"type":"Feature","properties":{"class":1,"weight":0.25},"geometry":{"type":"Point","coordinates":[73.930483,18.537421]}},{"type":"Feature","properties":{"class":1,"weight":0.25},"geometry":{"type":"Point","coordinates":[73.930618,18.537421]}},{"type":"Feature","properties":{"class":1,"weight":0.25},"geometry":{"type":"Point","coordinates":[73.930753,18.537421]}},{"type":"Feature","properties":{"class":1,"weight":0.25},"geometry":{"type":"Point","coordinates":[73.930887,18.537421]}},{"type":"Feature","properties":{"class":1,"weight":0.25},"geometry":{"type":"Point","coordinates":[73.940994,18.537421]}},{"type":"Feature","properties":{"class":1,"weight":0.25},"geometry":{"type":"Point","coordinates":[73.941128,18.537421]}},{"type":"Feature","properties":{"class":2,"weight":0.5},"geometry":{"type":"Point","coordinates":[73.975219,18.537421]}},{"type":"Feature","properties":{"class":2,"weight":0.5},"geometry":{"type":"Point","coordinates":[73.975354,18.537421]}},{"type":"Feature","properties":{"class":1,"weight":0.25},"geometry":{"type":"Point","coordinates":[73.864727,18.537286]}},{"type":"Feature","properties":{"class":1,"weight":0.25},"geometry":{"type":"Point","coordinates":[73.864861,18.537286]}},{"type":"Feature","properties":{"class":1,"weight":0.25},"geometry":{"type":"Point","coordinates":[73.865535,18.537286]}},{"type":"Feature","properties":{"class":1,"weight":0.25},"geometry":{"type":"Point","coordinates":[73.86567,18.537286]}},{"type":"Feature","properties":{"class":1,"weight":0.25},"geometry":{"type":"Point","coordinates":[73.869038,18.537286]}},{"type":"Feature","properties":{"class":1,"weight":0.25},"geometry":{"type":"Point","coordinates":[73.869173,18.537286]}},{"type":"Feature","properties":{"class":1,"weight":0.25},"geometry":{"type":"Point","coordinates":[73.928327,18.537286]}},{"type":"Feature","properties":{"class":1,"weight":0.25},"geometry":{"type":"Point","coordinates":[73.928462,18.537286]}},{"type":"Feature","properties":{"class":1,"weight":0.25},"geometry":{"type":"Point","coordinates":[73.928597,18.537286]}},{"type":"Feature","properties":{"class":1,"weight":0.25},"geometry":{"type":"Point","coordinates":[73.928732,18.537286]}},{"type":"Feature","properties":{"class":1,"weight":0.25},"geometry":{"type":"Point","coordinates":[73.930483,18.537286]}},{"type":"Feature","properties":{"class":1,"weight":0.25},"geometry":{"type":"Point","coordinates":[73.930618,18.537286]}},{"type":"Feature","properties":{"class":1,"weight":0.25},"geometry":{"type":"Point","coordinates":[73.930753,18.537286]}},{"type":"Feature","properties":{"class":1,"weight":0.25},"geometry":{"type":"Point","coordinates":[73.930887,18.537286]}},{"type":"Feature","properties":{"class":1,"weight":0.25},"geometry":{"type":"Point","coordinates":[73.940994,18.537286]}},{"type":"Feature","properties":{"class":1,"weight":0.25},"geometry":{"type":"Point","coordinates":[73.941128,18.537286]}},{"type":"Feature","properties":{"class":2,"weight":0.5},"geometry":{"type":"Point","coordinates":[73.975219,18.537286]}},{"type":"Feature","properties":{"class":2,"weight":0.5},"geometry":{"type":"Point","coordinates":[73.975354,18.537286]}},{"type":"Feature","properties":{"class":1,"weight":0.25},"geometry":{"type":"Point","coordinates":[73.864457,18.537151]}},{"type":"Feature","properties":{"class":1,"weight":0.25},"geometry":{"type":"Point","coordinates":[73.864592,18.537151]}},{"type":"Feature","properties":{"class":1,"weight":0.25},"geometry":{"type":"Point","coordinates":[73.864996,18.537151]}},{"type":"Feature","properties":{"class":1,"weight":0.25},"geometry":{"type":"Point","coordinates":[73.865131,18.537151]}},{"type":"Feature","properties":{"class":1,"weight":0.25},"geometry":{"type":"Point","coordinates":[73.929136,18.537151]}},{"type":"Feature","properties":{"class":1,"weight":0.25},"geometry":{"type":"Point","coordinates":[73.929271,18.537151]}},{"type":"Feature","properties":{"class":1,"weight":0.25},"geometry":{"type":"Point","coordinates":[73.931292,18.537151]}},{"type":"Feature","properties":{"class":1,"weight":0.25},"geometry":{"type":"Point","coordinates":[73.931426,18.537151]}},{"type":"Feature","properties":{"class":1,"weight":0.25},"geometry":{"type":"Point","coordinates":[73.975219,18.537151]}},{"type":"Feature","properties":{"class":1,"weight":0.25},"geometry":{"type":"Point","coordinates":[73.975354,18.537151]}},{"type":"Feature","properties":{"class":1,"weight":0.25},"geometry":{"type":"Point","coordinates":[73.864457,18.537017]}},{"type":"Feature","properties":{"class":1,"weight":0.25},"geometry":{"type":"Point","coordinates":[73.864592,18.537017]}},{"type":"Feature","properties":{"class":1,"weight":0.25},"geometry":{"type":"Point","coordinates":[73.864996,18.537017]}},{"type":"Feature","properties":{"class":1,"weight":0.25},"geometry":{"type":"Point","coordinates":[73.865131,18.537017]}},{"type":"Feature","properties":{"class":1,"weight":0.25},"geometry":{"type":"Point","coordinates":[73.929136,18.537017]}},{"type":"Feature","properties":{"class":1,"weight":0.25},"geometry":{"type":"Point","coordinates":[73.929271,18.537017]}},{"type":"Feature","properties":{"class":1,"weight":0.25},"geometry":{"type":"Point","coordinates":[73.931292,18.537017]}},{"type":"Feature","properties":{"class":1,"weight":0.25},"geometry":{"type":"Point","coordinates":[73.931426,18.537017]}},{"type":"Feature","properties":{"class":1,"weight":0.25},"geometry":{"type":"Point","coordinates":[73.975219,18.537017]}},{"type":"Feature","properties":{"class":1,"weight":0.25},"geometry":{"type":"Point","coordinates":[73.975354,18.537017]}},{"type":"Feature","properties":{"class":1,"weight":0.25},"geometry":{"type":"Point","coordinates":[73.863918,18.536882]}},{"type":"Feature","properties":{"class":1,"weight":0.25},"geometry":{"type":"Point","coordinates":[73.864053,18.536882]}},{"type":"Feature","properties":{"class":1,"weight":0.25},"geometry":{"type":"Point","coordinates":[73.864188,18.536882]}},{"type":"Feature","properties":{"class":1,"weight":0.25},"geometry":{"type":"Point","coordinates":[73.864322,18.536882]}},{"type":"Feature","properties":{"class":1,"weight":0.25},"geometry":{"type":"Point","coordinates":[73.864727,18.536882]}},{"type":"Feature","properties":{"class":1,"weight":0.25},"geometry":{"type":"Point","coordinates":[73.864861,18.536882]}},{"type":"Feature","properties":{"class":1,"weight":0.25},"geometry":{"type":"Point","coordinates":[73.868769,18.536882]}},{"type":"Feature","properties":{"class":1,"weight":0.25},"geometry":{"type":"Point","coordinates":[73.868904,18.536882]}},{"type":"Feature","properties":{"class":1,"weight":0.25},"geometry":{"type":"Point","coordinates":[73.929675,18.536882]}},{"type":"Feature","properties":{"class":1,"weight":0.25},"geometry":{"type":"Point","coordinates":[73.92981,18.536882]}},{"type":"Feature","properties":{"class":1,"weight":0.25},"geometry":{"type":"Point","coordinates":[73.929944,18.536882]}},{"type":"Feature","properties":{"class":1,"weight":0.25},"geometry":{"type":"Point","coordinates":[73.930079,18.536882]}},{"type":"Feature","properties":{"class":1,"weight":0.25},"geometry":{"type":"Point","coordinates":[73.931831,18.536882]}},{"type":"Feature","properties":{"class":1,"weight":0.25},"geometry":{"type":"Point","coordinates":[73.931965,18.536882]}},{"type":"Feature","properties":{"class":1,"weight":0.25},"geometry":{"type":"Point","coordinates":[73.9321,18.536882]}},{"type":"Feature","properties":{"class":1,"weight":0.25},"geometry":{"type":"Point","coordinates":[73.932235,18.536882]}},{"type":"Feature","properties":{"class":1,"weight":0.25},"geometry":{"type":"Point","coordinates":[73.93237,18.536882]}},{"type":"Feature","properties":{"class":1,"weight":0.25},"geometry":{"type":"Point","coordinates":[73.932504,18.536882]}},{"type":"Feature","properties":{"class":1,"weight":0.25},"geometry":{"type":"Point","coordinates":[73.934526,18.536882]}},{"type":"Feature","properties":{"class":1,"weight":0.25},"geometry":{"type":"Point","coordinates":[73.93466,18.536882]}},{"type":"Feature","properties":{"class":1,"weight":0.25},"geometry":{"type":"Point","coordinates":[73.934795,18.536882]}},{"type":"Feature","properties":{"class":1,"weight":0.25},"geometry":{"type":"Point","coordinates":[73.93493,18.536882]}},{"type":"Feature","properties":{"class":1,"weight":0.25},"geometry":{"type":"Point","coordinates":[73.935065,18.536882]}},{"type":"Feature","properties":{"class":1,"weight":0.25},"geometry":{"type":"Point","coordinates":[73.935199,18.536882]}},{"type":"Feature","properties":{"class":1,"weight":0.25},"geometry":{"type":"Point","coordinates":[73.938838,18.536882]}},{"type":"Feature","properties":{"class":1,"weight":0.25},"geometry":{"type":"Point","coordinates":[73.938972,18.536882]}},{"type":"Feature","properties":{"class":1,"weight":0.25},"geometry":{"type":"Point","coordinates":[73.975219,18.536882]}},{"type":"Feature","properties":{"class":1,"weight":0.25},"geometry":{"type":"Point","coordinates":[73.975354,18.536882]}},{"type":"Feature","properties":{"class":1,"weight":0.25},"geometry":{"type":"Point","coordinates":[73.863918,18.536747]}},{"type":"Feature","properties":{"class":1,"weight":0.25},"geometry":{"type":"Point","coordinates":[73.864053,18.536747]}},{"type":"Feature","properties":{"class":1,"weight":0.25},"geometry":{"type":"Point","coordinates":[73.864188,18.536747]}},{"type":"Feature","properties":{"class":1,"weight":0.25},"geometry":{"type":"Point","coordinates":[73.864322,18.536747]}},{"type":"Feature","properties":{"class":1,"weight":0.25},"geometry":{"type":"Point","coordinates":[73.864727,18.536747]}},{"type":"Feature","properties":{"class":1,"weight":0.25},"geometry":{"type":"Point","coordinates":[73.864861,18.536747]}},{"type":"Feature","properties":{"class":1,"weight":0.25},"geometry":{"type":"Point","coordinates":[73.868769,18.536747]}},{"type":"Feature","properties":{"class":1,"weight":0.25},"geometry":{"type":"Point","coordinates":[73.868904,18.536747]}},{"type":"Feature","properties":{"class":1,"weight":0.25},"geometry":{"type":"Point","coordinates":[73.929675,18.536747]}},{"type":"Feature","properties":{"class":1,"weight":0.25},"geometry":{"type":"Point","coordinates":[73.92981,18.536747]}},{"type":"Feature","properties":{"class":1,"weight":0.25},"geometry":{"type":"Point","coordinates":[73.929944,18.536747]}},{"type":"Feature","properties":{"class":1,"weight":0.25},"geometry":{"type":"Point","coordinates":[73.930079,18.536747]}},{"type":"Feature","properties":{"class":1,"weight":0.25},"geometry":{"type":"Point","coordinates":[73.931831,18.536747]}},{"type":"Feature","properties":{"class":1,"weight":0.25},"geometry":{"type":"Point","coordinates":[73.931965,18.536747]}},{"type":"Feature","properties":{"class":1,"weight":0.25},"geometry":{"type":"Point","coordinates":[73.9321,18.536747]}},{"type":"Feature","properties":{"class":1,"weight":0.25},"geometry":{"type":"Point","coordinates":[73.932235,18.536747]}},{"type":"Feature","properties":{"class":1,"weight":0.25},"geometry":{"type":"Point","coordinates":[73.93237,18.536747]}},{"type":"Feature","properties":{"class":1,"weight":0.25},"geometry":{"type":"Point","coordinates":[73.932504,18.536747]}},{"type":"Feature","properties":{"class":1,"weight":0.25},"geometry":{"type":"Point","coordinates":[73.934526,18.536747]}},{"type":"Feature","properties":{"class":1,"weight":0.25},"geometry":{"type":"Point","coordinates":[73.93466,18.536747]}},{"type":"Feature","properties":{"class":1,"weight":0.25},"geometry":{"type":"Point","coordinates":[73.934795,18.536747]}},{"type":"Feature","properties":{"class":1,"weight":0.25},"geometry":{"type":"Point","coordinates":[73.93493,18.536747]}},{"type":"Feature","properties":{"class":1,"weight":0.25},"geometry":{"type":"Point","coordinates":[73.935065,18.536747]}},{"type":"Feature","properties":{"class":1,"weight":0.25},"geometry":{"type":"Point","coordinates":[73.935199,18.536747]}},{"type":"Feature","properties":{"class":1,"weight":0.25},"geometry":{"type":"Point","coordinates":[73.938838,18.536747]}},{"type":"Feature","properties":{"class":1,"weight":0.25},"geometry":{"type":"Point","coordinates":[73.938972,18.536747]}},{"type":"Feature","properties":{"class":1,"weight":0.25},"geometry":{"type":"Point","coordinates":[73.975219,18.536747]}},{"type":"Feature","properties":{"class":1,"weight":0.25},"geometry":{"type":"Point","coordinates":[73.975354,18.536747]}},{"type":"Feature","properties":{"class":1,"weight":0.25},"geometry":{"type":"Point","coordinates":[73.864188,18.536612]}},{"type":"Feature","properties":{"class":1,"weight":0.25},"geometry":{"type":"Point","coordinates":[73.864322,18.536612]}},{"type":"Feature","properties":{"class":1,"weight":0.25},"geometry":{"type":"Point","coordinates":[73.864457,18.536612]}},{"type":"Feature","properties":{"class":1,"weight":0.25},"geometry":{"type":"Point","coordinates":[73.864592,18.536612]}},{"type":"Feature","properties":{"class":1,"weight":0.25},"geometry":{"type":"Point","coordinates":[73.933448,18.536612]}},{"type":"Feature","properties":{"class":1,"weight":0.25},"geometry":{"type":"Point","coordinates":[73.933582,18.536612]}},{"type":"Feature","properties":{"class":1,"weight":0.25},"geometry":{"type":"Point","coordinates":[73.934256,18.536612]}},{"type":"Feature","properties":{"class":1,"weight":0.25},"geometry":{"type":"Point","coordinates":[73.934391,18.536612]}},{"type":"Feature","properties":{"class":1,"weight":0.25},"geometry":{"type":"Point","coordinates":[73.934526,18.536612]}},{"type":"Feature","properties":{"class":1,"weight":0.25},"geometry":{"type":"Point","coordinates":[73.93466,18.536612]}},{"type":"Feature","properties":{"class":1,"weight":0.25},"geometry":{"type":"Point","coordinates":[73.934795,18.536612]}},{"type":"Feature","properties":{"class":1,"weight":0.25},"geometry":{"type":"Point","coordinates":[73.93493,18.536612]}},{"type":"Feature","properties":{"class":1,"weight":0.25},"geometry":{"type":"Point","coordinates":[73.935065,18.536612]}},{"type":"Feature","properties":{"class":1,"weight":0.25},"geometry":{"type":"Point","coordinates":[73.935199,18.536612]}},{"type":"Feature","properties":{"class":1,"weight":0.25},"geometry":{"type":"Point","coordinates":[73.938299,18.536612]}},{"type":"Feature","properties":{"class":1,"weight":0.25},"geometry":{"type":"Point","coordinates":[73.938433,18.536612]}},{"type":"Feature","properties":{"class":1,"weight":0.25},"geometry":{"type":"Point","coordinates":[73.940455,18.536612]}},{"type":"Feature","properties":{"class":1,"weight":0.25},"geometry":{"type":"Point","coordinates":[73.940589,18.536612]}},{"type":"Feature","properties":{"class":1,"weight":0.25},"geometry":{"type":"Point","coordinates":[73.975219,18.536612]}},{"type":"Feature","properties":{"class":1,"weight":0.25},"geometry":{"type":"Point","coordinates":[73.975354,18.536612]}},{"type":"Feature","properties":{"class":1,"weight":0.25},"geometry":{"type":"Point","coordinates":[73.864188,18.536478]}},{"type":"Feature","properties":{"class":1,"weight":0.25},"geometry":{"type":"Point","coordinates":[73.864322,18.536478]}},{"type":"Feature","properties":{"class":1,"weight":0.25},"geometry":{"type":"Point","coordinates":[73.864457,18.536478]}},{"type":"Feature","properties":{"class":1,"weight":0.25},"geometry":{"type":"Point","coordinates":[73.864592,18.536478]}},{"type":"Feature","properties":{"class":1,"weight":0.25},"geometry":{"type":"Point","coordinates":[73.933448,18.536478]}},{"type":"Feature","properties":{"class":1,"weight":0.25},"geometry":{"type":"Point","coordinates":[73.933582,18.536478]}},{"type":"Feature","properties":{"class":1,"weight":0.25},"geometry":{"type":"Point","coordinates":[73.934256,18.536478]}},{"type":"Feature","properties":{"class":1,"weight":0.25},"geometry":{"type":"Point","coordinates":[73.934391,18.536478]}},{"type":"Feature","properties":{"class":1,"weight":0.25},"geometry":{"type":"Point","coordinates":[73.934526,18.536478]}},{"type":"Feature","properties":{"class":1,"weight":0.25},"geometry":{"type":"Point","coordinates":[73.93466,18.536478]}},{"type":"Feature","properties":{"class":1,"weight":0.25},"geometry":{"type":"Point","coordinates":[73.934795,18.536478]}},{"type":"Feature","properties":{"class":1,"weight":0.25},"geometry":{"type":"Point","coordinates":[73.93493,18.536478]}},{"type":"Feature","properties":{"class":1,"weight":0.25},"geometry":{"type":"Point","coordinates":[73.935065,18.536478]}},{"type":"Feature","properties":{"class":1,"weight":0.25},"geometry":{"type":"Point","coordinates":[73.935199,18.536478]}},{"type":"Feature","properties":{"class":1,"weight":0.25},"geometry":{"type":"Point","coordinates":[73.938299,18.536478]}},{"type":"Feature","properties":{"class":1,"weight":0.25},"geometry":{"type":"Point","coordinates":[73.938433,18.536478]}},{"type":"Feature","properties":{"class":1,"weight":0.25},"geometry":{"type":"Point","coordinates":[73.940455,18.536478]}},{"type":"Feature","properties":{"class":1,"weight":0.25},"geometry":{"type":"Point","coordinates":[73.940589,18.536478]}},{"type":"Feature","properties":{"class":1,"weight":0.25},"geometry":{"type":"Point","coordinates":[73.975219,18.536478]}},{"type":"Feature","properties":{"class":1,"weight":0.25},"geometry":{"type":"Point","coordinates":[73.975354,18.536478]}},{"type":"Feature","properties":{"class":1,"weight":0.25},"geometry":{"type":"Point","coordinates":[73.864457,18.536343]}},{"type":"Feature","properties":{"class":1,"weight":0.25},"geometry":{"type":"Point","coordinates":[73.864592,18.536343]}},{"type":"Feature","properties":{"class":1,"weight":0.25},"geometry":{"type":"Point","coordinates":[73.929944,18.536343]}},{"type":"Feature","properties":{"class":1,"weight":0.25},"geometry":{"type":"Point","coordinates":[73.930079,18.536343]}},{"type":"Feature","properties":{"class":1,"weight":0.25},"geometry":{"type":"Point","coordinates":[73.933448,18.536343]}},{"type":"Feature","properties":{"class":1,"weight":0.25},"geometry":{"type":"Point","coordinates":[73.933582,18.536343]}},{"type":"Feature","properties":{"class":2,"weight":0.5},"geometry":{"type":"Point","coordinates":[73.933987,18.536343]}},{"type":"Feature","properties":{"class":2,"weight":0.5},"geometry":{"type":"Point","coordinates":[73.934121,18.536343]}},{"type":"Feature","properties":{"class":1,"weight":0.25},"geometry":{"type":"Point","coordinates":[73.936412,18.536343]}},{"type":"Feature","properties":{"class":1,"weight":0.25},"geometry":{"type":"Point","coordinates":[73.936547,18.536343]}},{"type":"Feature","properties":{"class":1,"weight":0.25},"geometry":{"type":"Point","coordinates":[73.936682,18.536343]}},{"type":"Feature","properties":{"class":1,"weight":0.25},"geometry":{"type":"Point","coordinates":[73.936816,18.536343]}},{"type":"Feature","properties":{"class":1,"weight":0.25},"geometry":{"type":"Point","coordinates":[73.936951,18.536343]}},{"type":"Feature","properties":{"class":1,"weight":0.25},"geometry":{"type":"Point","coordinates":[73.937086,18.536343]}},{"type":"Feature","properties":{"class":1,"weight":0.25},"geometry":{"type":"Point","coordinates":[73.937221,18.536343]}},{"type":"Feature","properties":{"class":1,"weight":0.25},"geometry":{"type":"Point","coordinates":[73.937355,18.536343]}},{"type":"Feature","properties":{"class":1,"weight":0.25},"geometry":{"type":"Point","coordinates":[73.975489,18.536343]}},{"type":"Feature","properties":{"class":1,"weight":0.25},"geometry":{"type":"Point","coordinates":[73.975624,18.536343]}},{"type":"Feature","properties":{"class":1,"weight":0.25},"geometry":{"type":"Point","coordinates":[73.864457,18.536208]}},{"type":"Feature","properties":{"class":1,"weight":0.25},"geometry":{"type":"Point","coordinates":[73.864592,18.536208]}},{"type":"Feature","properties":{"class":1,"weight":0.25},"geometry":{"type":"Point","coordinates":[73.929944,18.536208]}},{"type":"Feature","properties":{"class":1,"weight":0.25},"geometry":{"type":"Point","coordinates":[73.930079,18.536208]}},{"type":"Feature","properties":{"class":1,"weight":0.25},"geometry":{"type":"Point","coordinates":[73.933448,18.536208]}},{"type":"Feature","properties":{"class":1,"weight":0.25},"geometry":{"type":"Point","coordinates":[73.933582,18.536208]}},{"type":"Feature","properties":{"class":2,"weight":0.5},"geometry":{"type":"Point","coordinates":[73.933987,18.536208]}},{"type":"Feature","properties":{"class":2,"weight":0.5},"geometry":{"type":"Point","coordinates":[73.934121,18.536208]}},{"type":"Feature","properties":{"class":1,"weight":0.25},"geometry":{"type":"Point","coordinates":[73.936412,18.536208]}},{"type":"Feature","properties":{"class":1,"weight":0.25},"geometry":{"type":"Point","coordinates":[73.936547,18.536208]}},{"type":"Feature","properties":{"class":1,"weight":0.25},"geometry":{"type":"Point","coordinates":[73.936682,18.536208]}},{"type":"Feature","properties":{"class":1,"weight":0.25},"geometry":{"type":"Point","coordinates":[73.936816,18.536208]}},{"type":"Feature","properties":{"class":1,"weight":0.25},"geometry":{"type":"Point","coordinates":[73.936951,18.536208]}},{"type":"Feature","properties":{"class":1,"weight":0.25},"geometry":{"type":"Point","coordinates":[73.937086,18.536208]}},{"type":"Feature","properties":{"class":1,"weight":0.25},"geometry":{"type":"Point","coordinates":[73.937221,18.536208]}},{"type":"Feature","properties":{"class":1,"weight":0.25},"geometry":{"type":"Point","coordinates":[73.937355,18.536208]}},{"type":"Feature","properties":{"class":1,"weight":0.25},"geometry":{"type":"Point","coordinates":[73.975489,18.536208]}},{"type":"Feature","properties":{"class":1,"weight":0.25},"geometry":{"type":"Point","coordinates":[73.975624,18.536208]}},{"type":"Feature","properties":{"class":1,"weight":0.25},"geometry":{"type":"Point","coordinates":[73.864457,18.536073]}},{"type":"Feature","properties":{"class":1,"weight":0.25},"geometry":{"type":"Point","coordinates":[73.864592,18.536073]}},{"type":"Feature","properties":{"class":1,"weight":0.25},"geometry":{"type":"Point","coordinates":[73.931022,18.536073]}},{"type":"Feature","properties":{"class":1,"weight":0.25},"geometry":{"type":"Point","coordinates":[73.931157,18.536073]}},{"type":"Feature","properties":{"class":1,"weight":0.25},"geometry":{"type":"Point","coordinates":[73.933987,18.536073]}},{"type":"Feature","properties":{"class":1,"weight":0.25},"geometry":{"type":"Point","coordinates":[73.934121,18.536073]}},{"type":"Feature","properties":{"class":1,"weight":0.25},"geometry":{"type":"Point","coordinates":[73.939646,18.536073]}},{"type":"Feature","properties":{"class":1,"weight":0.25},"geometry":{"type":"Point","coordinates":[73.939781,18.536073]}},{"type":"Feature","properties":{"class":1,"weight":0.25},"geometry":{"type":"Point","coordinates":[73.975489,18.536073]}},{"type":"Feature","properties":{"class":1,"weight":0.25},"geometry":{"type":"Point","coordinates":[73.975624,18.536073]}},{"type":"Feature","properties":{"class":1,"weight":0.25},"geometry":{"type":"Point","coordinates":[73.864457,18.535939]}},{"type":"Feature","properties":{"class":1,"weight":0.25},"geometry":{"type":"Point","coordinates":[73.864592,18.535939]}},{"type":"Feature","properties":{"class":1,"weight":0.25},"geometry":{"type":"Point","coordinates":[73.931022,18.535939]}},{"type":"Feature","properties":{"class":1,"weight":0.25},"geometry":{"type":"Point","coordinates":[73.931157,18.535939]}},{"type":"Feature","properties":{"class":1,"weight":0.25},"geometry":{"type":"Point","coordinates":[73.933987,18.535939]}},{"type":"Feature","properties":{"class":1,"weight":0.25},"geometry":{"type":"Point","coordinates":[73.934121,18.535939]}},{"type":"Feature","properties":{"class":1,"weight":0.25},"geometry":{"type":"Point","coordinates":[73.939646,18.535939]}},{"type":"Feature","properties":{"class":1,"weight":0.25},"geometry":{"type":"Point","coordinates":[73.939781,18.535939]}},{"type":"Feature","properties":{"class":1,"weight":0.25},"geometry":{"type":"Point","coordinates":[73.975489,18.535939]}},{"type":"Feature","properties":{"class":1,"weight":0.25},"geometry":{"type":"Point","coordinates":[73.975624,18.535939]}},{"type":"Feature","properties":{"class":1,"weight":0.25},"geometry":{"type":"Point","coordinates":[73.864188,18.535804]}},{"type":"Feature","properties":{"class":1,"weight":0.25},"geometry":{"type":"Point","coordinates":[73.864322,18.535804]}},{"type":"Feature","properties":{"class":1,"weight":0.25},"geometry":{"type":"Point","coordinates":[73.9321,18.535804]}},{"type":"Feature","properties":{"class":1,"weight":0.25},"geometry":{"type":"Point","coordinates":[73.932235,18.535804]}},{"type":"Feature","properties":{"class":1,"weight":0.25},"geometry":{"type":"Point","coordinates":[73.932909,18.535804]}},{"type":"Feature","properties":{"class":1,"weight":0.25},"geometry":{"type":"Point","coordinates":[73.933043,18.535804]}},{"type":"Feature","properties":{"class":1,"weight":0.25},"geometry":{"type":"Point","coordinates":[73.934526,18.535804]}},{"type":"Feature","properties":{"class":1,"weight":0.25},"geometry":{"type":"Point","coordinates":[73.93466,18.535804]}},{"type":"Feature","properties":{"class":1,"weight":0.25},"geometry":{"type":"Point","coordinates":[73.934795,18.535804]}},{"type":"Feature","properties":{"class":1,"weight":0.25},"geometry":{"type":"Point","coordinates":[73.93493,18.535804]}},{"type":"Feature","properties":{"class":1,"weight":0.25},"geometry":{"type":"Point","coordinates":[73.935065,18.535804]}},{"type":"Feature","properties":{"class":1,"weight":0.25},"geometry":{"type":"Point","coordinates":[73.935199,18.535804]}},{"type":"Feature","properties":{"class":1,"weight":0.25},"geometry":{"type":"Point","coordinates":[73.935334,18.535804]}},{"type":"Feature","properties":{"class":1,"weight":0.25},"geometry":{"type":"Point","coordinates":[73.935469,18.535804]}},{"type":"Feature","properties":{"class":1,"weight":0.25},"geometry":{"type":"Point","coordinates":[73.939107,18.535804]}},{"type":"Feature","properties":{"class":1,"weight":0.25},"geometry":{"type":"Point","coordinates":[73.939242,18.535804]}},{"type":"Feature","properties":{"class":1,"weight":0.25},"geometry":{"type":"Point","coordinates":[73.975758,18.535804]}},{"type":"Feature","properties":{"class":1,"weight":0.25},"geometry":{"type":"Point","coordinates":[73.975893,18.535804]}},{"type":"Feature","properties":{"class":1,"weight":0.25},"geometry":{"type":"Point","coordinates":[73.864188,18.535669]}},{"type":"Feature","properties":{"class":1,"weight":0.25},"geometry":{"type":"Point","coordinates":[73.864322,18.535669]}},{"type":"Feature","properties":{"class":1,"weight":0.25},"geometry":{"type":"Point","coordinates":[73.9321,18.535669]}},{"type":"Feature","properties":{"class":1,"weight":0.25},"geometry":{"type":"Point","coordinates":[73.932235,18.535669]}},{"type":"Feature","properties":{"class":1,"weight":0.25},"geometry":{"type":"Point","coordinates":[73.932909,18.535669]}},{"type":"Feature","properties":{"class":1,"weight":0.25},"geometry":{"type":"Point","coordinates":[73.933043,18.535669]}},{"type":"Feature","properties":{"class":1,"weight":0.25},"geometry":{"type":"Point","coordinates":[73.934526,18.535669]}},{"type":"Feature","properties":{"class":1,"weight":0.25},"geometry":{"type":"Point","coordinates":[73.93466,18.535669]}},{"type":"Feature","properties":{"class":1,"weight":0.25},"geometry":{"type":"Point","coordinates":[73.934795,18.535669]}},{"type":"Feature","properties":{"class":1,"weight":0.25},"geometry":{"type":"Point","coordinates":[73.93493,18.535669]}},{"type":"Feature","properties":{"class":1,"weight":0.25},"geometry":{"type":"Point","coordinates":[73.935065,18.535669]}},{"type":"Feature","properties":{"class":1,"weight":0.25},"geometry":{"type":"Point","coordinates":[73.935199,18.535669]}},{"type":"Feature","properties":{"class":1,"weight":0.25},"geometry":{"type":"Point","coordinates":[73.935334,18.535669]}},{"type":"Feature","properties":{"class":1,"weight":0.25},"geometry":{"type":"Point","coordinates":[73.935469,18.535669]}},{"type":"Feature","properties":{"class":1,"weight":0.25},"geometry":{"type":"Point","coordinates":[73.939107,18.535669]}},{"type":"Feature","properties":{"class":1,"weight":0.25},"geometry":{"type":"Point","coordinates":[73.939242,18.535669]}},{"type":"Feature","properties":{"class":1,"weight":0.25},"geometry":{"type":"Point","coordinates":[73.975758,18.535669]}},{"type":"Feature","properties":{"class":1,"weight":0.25},"geometry":{"type":"Point","coordinates":[73.975893,18.535669]}},{"type":"Feature","properties":{"class":1,"weight":0.25},"geometry":{"type":"Point","coordinates":[73.864188,18.535534]}},{"type":"Feature","properties":{"class":1,"weight":0.25},"geometry":{"type":"Point","coordinates":[73.864322,18.535534]}},{"type":"Feature","properties":{"class":1,"weight":0.25},"geometry":{"type":"Point","coordinates":[73.933987,18.535534]}},{"type":"Feature","properties":{"class":1,"weight":0.25},"geometry":{"type":"Point","coordinates":[73.934121,18.535534]}},{"type":"Feature","properties":{"class":1,"weight":0.25},"geometry":{"type":"Point","coordinates":[73.934526,18.535534]}},{"type":"Feature","properties":{"class":1,"weight":0.25},"geometry":{"type":"Point","coordinates":[73.93466,18.535534]}},{"type":"Feature","properties":{"class":1,"weight":0.25},"geometry":{"type":"Point","coordinates":[73.934795,18.535534]}},{"type":"Feature","properties":{"class":1,"weight":0.25},"geometry":{"type":"Point","coordinates":[73.93493,18.535534]}},{"type":"Feature","properties":{"class":1,"weight":0.25},"geometry":{"type":"Point","coordinates":[73.935065,18.535534]}},{"type":"Feature","properties":{"class":1,"weight":0.25},"geometry":{"type":"Point","coordinates":[73.935199,18.535534]}},{"type":"Feature","properties":{"class":1,"weight":0.25},"geometry":{"type":"Point","coordinates":[73.935334,18.535534]}},{"type":"Feature","properties":{"class":1,"weight":0.25},"geometry":{"type":"Point","coordinates":[73.935469,18.535534]}},{"type":"Feature","properties":{"class":1,"weight":0.25},"geometry":{"type":"Point","coordinates":[73.938299,18.535534]}},{"type":"Feature","properties":{"class":1,"weight":0.25},"geometry":{"type":"Point","coordinates":[73.938433,18.535534]}},{"type":"Feature","properties":{"class":2,"weight":0.5},"geometry":{"type":"Point","coordinates":[73.938568,18.535534]}},{"type":"Feature","properties":{"class":2,"weight":0.5},"geometry":{"type":"Point","coordinates":[73.938703,18.535534]}},{"type":"Feature","properties":{"class":1,"weight":0.25},"geometry":{"type":"Point","coordinates":[73.975758,18.535534]}},{"type":"Feature","properties":{"class":1,"weight":0.25},"geometry":{"type":"Point","coordinates":[73.975893,18.535534]}},{"type":"Feature","properties":{"class":1,"weight":0.25},"geometry":{"type":"Point","coordinates":[73.864188,18.5354]}},{"type":"Feature","properties":{"class":1,"weight":0.25},"geometry":{"type":"Point","coordinates":[73.864322,18.5354]}},{"type":"Feature","properties":{"class":1,"weight":0.25},"geometry":{"type":"Point","coordinates":[73.933987,18.5354]}},{"type":"Feature","properties":{"class":1,"weight":0.25},"geometry":{"type":"Point","coordinates":[73.934121,18.5354]}},{"type":"Feature","properties":{"class":1,"weight":0.25},"geometry":{"type":"Point","coordinates":[73.934526,18.5354]}},{"type":"Feature","properties":{"class":1,"weight":0.25},"geometry":{"type":"Point","coordinates":[73.93466,18.5354]}},{"type":"Feature","properties":{"class":1,"weight":0.25},"geometry":{"type":"Point","coordinates":[73.934795,18.5354]}},{"type":"Feature","properties":{"class":1,"weight":0.25},"geometry":{"type":"Point","coordinates":[73.93493,18.5354]}},{"type":"Feature","properties":{"class":1,"weight":0.25},"geometry":{"type":"Point","coordinates":[73.935065,18.5354]}},{"type":"Feature","properties":{"class":1,"weight":0.25},"geometry":{"type":"Point","coordinates":[73.935199,18.5354]}},{"type":"Feature","properties":{"class":1,"weight":0.25},"geometry":{"type":"Point","coordinates":[73.935334,18.5354]}},{"type":"Feature","properties":{"class":1,"weight":0.25},"geometry":{"type":"Point","coordinates":[73.935469,18.5354]}},{"type":"Feature","properties":{"class":1,"weight":0.25},"geometry":{"type":"Point","coordinates":[73.938299,18.5354]}},{"type":"Feature","properties":{"class":1,"weight":0.25},"geometry":{"type":"Point","coordinates":[73.938433,18.5354]}},{"type":"Feature","properties":{"class":2,"weight":0.5},"geometry":{"type":"Point","coordinates":[73.938568,18.5354]}},{"type":"Feature","properties":{"class":2,"weight":0.5},"geometry":{"type":"Point","coordinates":[73.938703,18.5354]}},{"type":"Feature","properties":{"class":1,"weight":0.25},"geometry":{"type":"Point","coordinates":[73.975758,18.5354]}},{"type":"Feature","properties":{"class":1,"weight":0.25},"geometry":{"type":"Point","coordinates":[73.975893,18.5354]}},{"type":"Feature","properties":{"class":1,"weight":0.25},"geometry":{"type":"Point","coordinates":[73.934795,18.535265]}},{"type":"Feature","properties":{"class":1,"weight":0.25},"geometry":{"type":"Point","coordinates":[73.93493,18.535265]}},{"type":"Feature","properties":{"class":1,"weight":0.25},"geometry":{"type":"Point","coordinates":[73.935065,18.535265]}},{"type":"Feature","properties":{"class":1,"weight":0.25},"geometry":{"type":"Point","coordinates":[73.935199,18.535265]}},{"type":"Feature","properties":{"class":1,"weight":0.25},"geometry":{"type":"Point","coordinates":[73.935334,18.535265]}},{"type":"Feature","properties":{"class":1,"weight":0.25},"geometry":{"type":"Point","coordinates":[73.935469,18.535265]}},{"type":"Feature","properties":{"class":1,"weight":0.25},"geometry":{"type":"Point","coordinates":[73.935604,18.535265]}},{"type":"Feature","properties":{"class":1,"weight":0.25},"geometry":{"type":"Point","coordinates":[73.935738,18.535265]}},{"type":"Feature","properties":{"class":1,"weight":0.25},"geometry":{"type":"Point","coordinates":[73.937221,18.535265]}},{"type":"Feature","properties":{"class":1,"weight":0.25},"geometry":{"type":"Point","coordinates":[73.937355,18.535265]}},{"type":"Feature","properties":{"class":2,"weight":0.5},"geometry":{"type":"Point","coordinates":[73.93749,18.535265]}},{"type":"Feature","properties":{"class":2,"weight":0.5},"geometry":{"type":"Point","coordinates":[73.937625,18.535265]}},{"type":"Feature","properties":{"class":1,"weight":0.25},"geometry":{"type":"Point","coordinates":[73.975219,18.535265]}},{"type":"Feature","properties":{"class":1,"weight":0.25},"geometry":{"type":"Point","coordinates":[73.975354,18.535265]}},{"type":"Feature","properties":{"class":1,"weight":0.25},"geometry":{"type":"Point","coordinates":[73.934795,18.53513]}},{"type":"Feature","properties":{"class":1,"weight":0.25},"geometry":{"type":"Point","coordinates":[73.93493,18.53513]}},{"type":"Feature","properties":{"class":1,"weight":0.25},"geometry":{"type":"Point","coordinates":[73.935065,18.53513]}},{"type":"Feature","properties":{"class":1,"weight":0.25},"geometry":{"type":"Point","coordinates":[73.935199,18.53513]}},{"type":"Feature","properties":{"class":1,"weight":0.25},"geometry":{"type":"Point","coordinates":[73.935334,18.53513]}},{"type":"Feature","properties":{"class":1,"weight":0.25},"geometry":{"type":"Point","coordinates":[73.935469,18.53513]}},{"type":"Feature","properties":{"class":1,"weight":0.25},"geometry":{"type":"Point","coordinates":[73.935604,18.53513]}},{"type":"Feature","properties":{"class":1,"weight":0.25},"geometry":{"type":"Point","coordinates":[73.935738,18.53513]}},{"type":"Feature","properties":{"class":1,"weight":0.25},"geometry":{"type":"Point","coordinates":[73.937221,18.53513]}},{"type":"Feature","properties":{"class":1,"weight":0.25},"geometry":{"type":"Point","coordinates":[73.937355,18.53513]}},{"type":"Feature","properties":{"class":2,"weight":0.5},"geometry":{"type":"Point","coordinates":[73.93749,18.53513]}},{"type":"Feature","properties":{"class":2,"weight":0.5},"geometry":{"type":"Point","coordinates":[73.937625,18.53513]}},{"type":"Feature","properties":{"class":1,"weight":0.25},"geometry":{"type":"Point","coordinates":[73.975219,18.53513]}},{"type":"Feature","properties":{"class":1,"weight":0.25},"geometry":{"type":"Point","coordinates":[73.975354,18.53513]}},{"type":"Feature","properties":{"class":1,"weight":0.25},"geometry":{"type":"Point","coordinates":[73.935873,18.534995]}},{"type":"Feature","properties":{"class":1,"weight":0.25},"geometry":{"type":"Point","coordinates":[73.936008,18.534995]}},{"type":"Feature","properties":{"class":1,"weight":0.25},"geometry":{"type":"Point","coordinates":[73.936143,18.534995]}},{"type":"Feature","properties":{"class":1,"weight":0.25},"geometry":{"type":"Point","coordinates":[73.936277,18.534995]}},{"type":"Feature","properties":{"class":1,"weight":0.25},"geometry":{"type":"Point","coordinates":[73.935873,18.534861]}},{"type":"Feature","properties":{"class":1,"weight":0.25},"geometry":{"type":"Point","coordinates":[73.936008,18.534861]}},{"type":"Feature","properties":{"class":1,"weight":0.25},"geometry":{"type":"Point","coordinates":[73.936143,18.534861]}},{"type":"Feature","properties":{"class":1,"weight":0.25},"geometry":{"type":"Point","coordinates":[73.936277,18.534861]}},{"type":"Feature","properties":{"class":1,"weight":0.25},"geometry":{"type":"Point","coordinates":[73.86311,18.534726]}},{"type":"Feature","properties":{"class":1,"weight":0.25},"geometry":{"type":"Point","coordinates":[73.863244,18.534726]}},{"type":"Feature","properties":{"class":1,"weight":0.25},"geometry":{"type":"Point","coordinates":[73.863379,18.534726]}},{"type":"Feature","properties":{"class":1,"weight":0.25},"geometry":{"type":"Point","coordinates":[73.863514,18.534726]}},{"type":"Feature","properties":{"class":1,"weight":0.25},"geometry":{"type":"Point","coordinates":[73.975489,18.534726]}},{"type":"Feature","properties":{"class":1,"weight":0.25},"geometry":{"type":"Point","coordinates":[73.975624,18.534726]}},{"type":"Feature","properties":{"class":2,"weight":0.5},"geometry":{"type":"Point","coordinates":[73.976297,18.534726]}},{"type":"Feature","properties":{"class":2,"weight":0.5},"geometry":{"type":"Point","coordinates":[73.976432,18.534726]}},{"type":"Feature","properties":{"class":2,"weight":0.5},"geometry":{"type":"Point","coordinates":[73.976567,18.534726]}},{"type":"Feature","properties":{"class":2,"weight":0.5},"geometry":{"type":"Point","coordinates":[73.976702,18.534726]}},{"type":"Feature","properties":{"class":1,"weight":0.25},"geometry":{"type":"Point","coordinates":[73.86311,18.534591]}},{"type":"Feature","properties":{"class":1,"weight":0.25},"geometry":{"type":"Point","coordinates":[73.863244,18.534591]}},{"type":"Feature","properties":{"class":1,"weight":0.25},"geometry":{"type":"Point","coordinates":[73.863379,18.534591]}},{"type":"Feature","properties":{"class":1,"weight":0.25},"geometry":{"type":"Point","coordinates":[73.863514,18.534591]}},{"type":"Feature","properties":{"class":1,"weight":0.25},"geometry":{"type":"Point","coordinates":[73.975489,18.534591]}},{"type":"Feature","properties":{"class":1,"weight":0.25},"geometry":{"type":"Point","coordinates":[73.975624,18.534591]}},{"type":"Feature","properties":{"class":2,"weight":0.5},"geometry":{"type":"Point","coordinates":[73.976297,18.534591]}},{"type":"Feature","properties":{"class":2,"weight":0.5},"geometry":{"type":"Point","coordinates":[73.976432,18.534591]}},{"type":"Feature","properties":{"class":2,"weight":0.5},"geometry":{"type":"Point","coordinates":[73.976567,18.534591]}},{"type":"Feature","properties":{"class":2,"weight":0.5},"geometry":{"type":"Point","coordinates":[73.976702,18.534591]}},{"type":"Feature","properties":{"class":1,"weight":0.25},"geometry":{"type":"Point","coordinates":[73.862571,18.534456]}},{"type":"Feature","properties":{"class":1,"weight":0.25},"geometry":{"type":"Point","coordinates":[73.862705,18.534456]}},{"type":"Feature","properties":{"class":1,"weight":0.25},"geometry":{"type":"Point","coordinates":[73.86311,18.534456]}},{"type":"Feature","properties":{"class":1,"weight":0.25},"geometry":{"type":"Point","coordinates":[73.863244,18.534456]}},{"type":"Feature","properties":{"class":1,"weight":0.25},"geometry":{"type":"Point","coordinates":[73.863379,18.534456]}},{"type":"Feature","properties":{"class":1,"weight":0.25},"geometry":{"type":"Point","coordinates":[73.863514,18.534456]}},{"type":"Feature","properties":{"class":1,"weight":0.25},"geometry":{"type":"Point","coordinates":[73.862571,18.534322]}},{"type":"Feature","properties":{"class":1,"weight":0.25},"geometry":{"type":"Point","coordinates":[73.862705,18.534322]}},{"type":"Feature","properties":{"class":1,"weight":0.25},"geometry":{"type":"Point","coordinates":[73.86311,18.534322]}},{"type":"Feature","properties":{"class":1,"weight":0.25},"geometry":{"type":"Point","coordinates":[73.863244,18.534322]}},{"type":"Feature","properties":{"class":1,"weight":0.25},"geometry":{"type":"Point","coordinates":[73.863379,18.534322]}},{"type":"Feature","properties":{"class":1,"weight":0.25},"geometry":{"type":"Point","coordinates":[73.863514,18.534322]}},{"type":"Feature","properties":{"class":1,"weight":0.25},"geometry":{"type":"Point","coordinates":[73.862301,18.534187]}},{"type":"Feature","properties":{"class":1,"weight":0.25},"geometry":{"type":"Point","coordinates":[73.862436,18.534187]}},{"type":"Feature","properties":{"class":1,"weight":0.25},"geometry":{"type":"Point","coordinates":[73.86284,18.534187]}},{"type":"Feature","properties":{"class":1,"weight":0.25},"geometry":{"type":"Point","coordinates":[73.862975,18.534187]}},{"type":"Feature","properties":{"class":1,"weight":0.25},"geometry":{"type":"Point","coordinates":[73.86311,18.534187]}},{"type":"Feature","properties":{"class":1,"weight":0.25},"geometry":{"type":"Point","coordinates":[73.863244,18.534187]}},{"type":"Feature","properties":{"class":1,"weight":0.25},"geometry":{"type":"Point","coordinates":[73.863379,18.534187]}},{"type":"Feature","properties":{"class":1,"weight":0.25},"geometry":{"type":"Point","coordinates":[73.863514,18.534187]}},{"type":"Feature","properties":{"class":1,"weight":0.25},"geometry":{"type":"Point","coordinates":[73.975758,18.534187]}},{"type":"Feature","properties":{"class":1,"weight":0.25},"geometry":{"type":"Point","coordinates":[73.975893,18.534187]}},{"type":"Feature","properties":{"class":1,"weight":0.25},"geometry":{"type":"Point","coordinates":[73.862301,18.534052]}},{"type":"Feature","properties":{"class":1,"weight":0.25},"geometry":{"type":"Point","coordinates":[73.862436,18.534052]}},{"type":"Feature","properties":{"class":1,"weight":0.25},"geometry":{"type":"Point","coordinates":[73.86284,18.534052]}},{"type":"Feature","properties":{"class":1,"weight":0.25},"geometry":{"type":"Point","coordinates":[73.862975,18.534052]}},{"type":"Feature","properties":{"class":1,"weight":0.25},"geometry":{"type":"Point","coordinates":[73.86311,18.534052]}},{"type":"Feature","properties":{"class":1,"weight":0.25},"geometry":{"type":"Point","coordinates":[73.863244,18.534052]}},{"type":"Feature","properties":{"class":1,"weight":0.25},"geometry":{"type":"Point","coordinates":[73.863379,18.534052]}},{"type":"Feature","properties":{"class":1,"weight":0.25},"geometry":{"type":"Point","coordinates":[73.863514,18.534052]}},{"type":"Feature","properties":{"class":1,"weight":0.25},"geometry":{"type":"Point","coordinates":[73.975758,18.534052]}},{"type":"Feature","properties":{"class":1,"weight":0.25},"geometry":{"type":"Point","coordinates":[73.975893,18.534052]}},{"type":"Feature","properties":{"class":1,"weight":0.25},"geometry":{"type":"Point","coordinates":[73.862301,18.533917]}},{"type":"Feature","properties":{"class":1,"weight":0.25},"geometry":{"type":"Point","coordinates":[73.862436,18.533917]}},{"type":"Feature","properties":{"class":1,"weight":0.25},"geometry":{"type":"Point","coordinates":[73.86284,18.533917]}},{"type":"Feature","properties":{"class":1,"weight":0.25},"geometry":{"type":"Point","coordinates":[73.862975,18.533917]}},{"type":"Feature","properties":{"class":1,"weight":0.25},"geometry":{"type":"Point","coordinates":[73.86311,18.533917]}},{"type":"Feature","properties":{"class":1,"weight":0.25},"geometry":{"type":"Point","coordinates":[73.863244,18.533917]}},{"type":"Feature","properties":{"class":1,"weight":0.25},"geometry":{"type":"Point","coordinates":[73.977106,18.533917]}},{"type":"Feature","properties":{"class":1,"weight":0.25},"geometry":{"type":"Point","coordinates":[73.977241,18.533917]}},{"type":"Feature","properties":{"class":1,"weight":0.25},"geometry":{"type":"Point","coordinates":[73.862301,18.533783]}},{"type":"Feature","properties":{"class":1,"weight":0.25},"geometry":{"type":"Point","coordinates":[73.862436,18.533783]}},{"type":"Feature","properties":{"class":1,"weight":0.25},"geometry":{"type":"Point","coordinates":[73.86284,18.533783]}},{"type":"Feature","properties":{"class":1,"weight":0.25},"geometry":{"type":"Point","coordinates":[73.862975,18.533783]}},{"type":"Feature","properties":{"class":1,"weight":0.25},"geometry":{"type":"Point","coordinates":[73.86311,18.533783]}},{"type":"Feature","properties":{"class":1,"weight":0.25},"geometry":{"type":"Point","coordinates":[73.863244,18.533783]}},{"type":"Feature","properties":{"class":1,"weight":0.25},"geometry":{"type":"Point","coordinates":[73.977106,18.533783]}},{"type":"Feature","properties":{"class":1,"weight":0.25},"geometry":{"type":"Point","coordinates":[73.977241,18.533783]}},{"type":"Feature","properties":{"class":1,"weight":0.25},"geometry":{"type":"Point","coordinates":[73.86284,18.533648]}},{"type":"Feature","properties":{"class":1,"weight":0.25},"geometry":{"type":"Point","coordinates":[73.862975,18.533648]}},{"type":"Feature","properties":{"class":1,"weight":0.25},"geometry":{"type":"Point","coordinates":[73.86311,18.533648]}},{"type":"Feature","properties":{"class":1,"weight":0.25},"geometry":{"type":"Point","coordinates":[73.863244,18.533648]}},{"type":"Feature","properties":{"class":1,"weight":0.25},"geometry":{"type":"Point","coordinates":[73.977375,18.533648]}},{"type":"Feature","properties":{"class":1,"weight":0.25},"geometry":{"type":"Point","coordinates":[73.97751,18.533648]}},{"type":"Feature","properties":{"class":1,"weight":0.25},"geometry":{"type":"Point","coordinates":[73.86284,18.533513]}},{"type":"Feature","properties":{"class":1,"weight":0.25},"geometry":{"type":"Point","coordinates":[73.862975,18.533513]}},{"type":"Feature","properties":{"class":1,"weight":0.25},"geometry":{"type":"Point","coordinates":[73.86311,18.533513]}},{"type":"Feature","properties":{"class":1,"weight":0.25},"geometry":{"type":"Point","coordinates":[73.863244,18.533513]}},{"type":"Feature","properties":{"class":1,"weight":0.25},"geometry":{"type":"Point","coordinates":[73.977375,18.533513]}},{"type":"Feature","properties":{"class":1,"weight":0.25},"geometry":{"type":"Point","coordinates":[73.97751,18.533513]}},{"type":"Feature","properties":{"class":1,"weight":0.25},"geometry":{"type":"Point","coordinates":[73.86284,18.533109]}},{"type":"Feature","properties":{"class":1,"weight":0.25},"geometry":{"type":"Point","coordinates":[73.862975,18.533109]}},{"type":"Feature","properties":{"class":1,"weight":0.25},"geometry":{"type":"Point","coordinates":[73.977645,18.533109]}},{"type":"Feature","properties":{"class":1,"weight":0.25},"geometry":{"type":"Point","coordinates":[73.97778,18.533109]}},{"type":"Feature","properties":{"class":1,"weight":0.25},"geometry":{"type":"Point","coordinates":[73.86284,18.532974]}},{"type":"Feature","properties":{"class":1,"weight":0.25},"geometry":{"type":"Point","coordinates":[73.862975,18.532974]}},{"type":"Feature","properties":{"class":1,"weight":0.25},"geometry":{"type":"Point","coordinates":[73.977645,18.532974]}},{"type":"Feature","properties":{"class":1,"weight":0.25},"geometry":{"type":"Point","coordinates":[73.97778,18.532974]}},{"type":"Feature","properties":{"class":1,"weight":0.25},"geometry":{"type":"Point","coordinates":[73.855025,18.532839]}},{"type":"Feature","properties":{"class":1,"weight":0.25},"geometry":{"type":"Point","coordinates":[73.85516,18.532839]}},{"type":"Feature","properties":{"class":1,"weight":0.25},"geometry":{"type":"Point","coordinates":[73.855564,18.532839]}},{"type":"Feature","properties":{"class":1,"weight":0.25},"geometry":{"type":"Point","coordinates":[73.855699,18.532839]}},{"type":"Feature","properties":{"class":1,"weight":0.25},"geometry":{"type":"Point","coordinates":[73.861493,18.532839]}},{"type":"Feature","properties":{"class":1,"weight":0.25},"geometry":{"type":"Point","coordinates":[73.861627,18.532839]}},{"type":"Feature","properties":{"class":1,"weight":0.25},"geometry":{"type":"Point","coordinates":[73.861762,18.532839]}},{"type":"Feature","properties":{"class":1,"weight":0.25},"geometry":{"type":"Point","coordinates":[73.861897,18.532839]}},{"type":"Feature","properties":{"class":1,"weight":0.25},"geometry":{"type":"Point","coordinates":[73.862301,18.532839]}},{"type":"Feature","properties":{"class":1,"weight":0.25},"geometry":{"type":"Point","coordinates":[73.862436,18.532839]}},{"type":"Feature","properties":{"class":1,"weight":0.25},"geometry":{"type":"Point","coordinates":[73.862571,18.532839]}},{"type":"Feature","properties":{"class":1,"weight":0.25},"geometry":{"type":"Point","coordinates":[73.862705,18.532839]}},{"type":"Feature","properties":{"class":1,"weight":0.25},"geometry":{"type":"Point","coordinates":[73.855025,18.532705]}},{"type":"Feature","properties":{"class":1,"weight":0.25},"geometry":{"type":"Point","coordinates":[73.85516,18.532705]}},{"type":"Feature","properties":{"class":1,"weight":0.25},"geometry":{"type":"Point","coordinates":[73.855564,18.532705]}},{"type":"Feature","properties":{"class":1,"weight":0.25},"geometry":{"type":"Point","coordinates":[73.855699,18.532705]}},{"type":"Feature","properties":{"class":1,"weight":0.25},"geometry":{"type":"Point","coordinates":[73.861493,18.532705]}},{"type":"Feature","properties":{"class":1,"weight":0.25},"geometry":{"type":"Point","coordinates":[73.861627,18.532705]}},{"type":"Feature","properties":{"class":1,"weight":0.25},"geometry":{"type":"Point","coordinates":[73.861762,18.532705]}},{"type":"Feature","properties":{"class":1,"weight":0.25},"geometry":{"type":"Point","coordinates":[73.861897,18.532705]}},{"type":"Feature","properties":{"class":1,"weight":0.25},"geometry":{"type":"Point","coordinates":[73.862301,18.532705]}},{"type":"Feature","properties":{"class":1,"weight":0.25},"geometry":{"type":"Point","coordinates":[73.862436,18.532705]}},{"type":"Feature","properties":{"class":1,"weight":0.25},"geometry":{"type":"Point","coordinates":[73.862571,18.532705]}},{"type":"Feature","properties":{"class":1,"weight":0.25},"geometry":{"type":"Point","coordinates":[73.862705,18.532705]}},{"type":"Feature","properties":{"class":1,"weight":0.25},"geometry":{"type":"Point","coordinates":[73.855833,18.53257]}},{"type":"Feature","properties":{"class":1,"weight":0.25},"geometry":{"type":"Point","coordinates":[73.855968,18.53257]}},{"type":"Feature","properties":{"class":1,"weight":0.25},"geometry":{"type":"Point","coordinates":[73.856103,18.53257]}},{"type":"Feature","properties":{"class":1,"weight":0.25},"geometry":{"type":"Point","coordinates":[73.856237,18.53257]}},{"type":"Feature","properties":{"class":1,"weight":0.25},"geometry":{"type":"Point","coordinates":[73.860954,18.53257]}},{"type":"Feature","properties":{"class":1,"weight":0.25},"geometry":{"type":"Point","coordinates":[73.861088,18.53257]}},{"type":"Feature","properties":{"class":1,"weight":0.25},"geometry":{"type":"Point","coordinates":[73.861223,18.53257]}},{"type":"Feature","properties":{"class":1,"weight":0.25},"geometry":{"type":"Point","coordinates":[73.861358,18.53257]}},{"type":"Feature","properties":{"class":1,"weight":0.25},"geometry":{"type":"Point","coordinates":[73.977106,18.53257]}},{"type":"Feature","properties":{"class":1,"weight":0.25},"geometry":{"type":"Point","coordinates":[73.977241,18.53257]}},{"type":"Feature","properties":{"class":1,"weight":0.25},"geometry":{"type":"Point","coordinates":[73.977914,18.53257]}},{"type":"Feature","properties":{"class":1,"weight":0.25},"geometry":{"type":"Point","coordinates":[73.978049,18.53257]}},{"type":"Feature","properties":{"class":1,"weight":0.25},"geometry":{"type":"Point","coordinates":[73.855833,18.532435]}},{"type":"Feature","properties":{"class":1,"weight":0.25},"geometry":{"type":"Point","coordinates":[73.855968,18.532435]}},{"type":"Feature","properties":{"class":1,"weight":0.25},"geometry":{"type":"Point","coordinates":[73.856103,18.532435]}},{"type":"Feature","properties":{"class":1,"weight":0.25},"geometry":{"type":"Point","coordinates":[73.856237,18.532435]}},{"type":"Feature","properties":{"class":1,"weight":0.25},"geometry":{"type":"Point","coordinates":[73.860954,18.532435]}},{"type":"Feature","properties":{"class":1,"weight":0.25},"geometry":{"type":"Point","coordinates":[73.861088,18.532435]}},{"type":"Feature","properties":{"class":1,"weight":0.25},"geometry":{"type":"Point","coordinates":[73.861223,18.532435]}},{"type":"Feature","properties":{"class":1,"weight":0.25},"geometry":{"type":"Point","coordinates":[73.861358,18.532435]}},{"type":"Feature","properties":{"class":1,"weight":0.25},"geometry":{"type":"Point","coordinates":[73.977106,18.532435]}},{"type":"Feature","properties":{"class":1,"weight":0.25},"geometry":{"type":"Point","coordinates":[73.977241,18.532435]}},{"type":"Feature","properties":{"class":1,"weight":0.25},"geometry":{"type":"Point","coordinates":[73.977914,18.532435]}},{"type":"Feature","properties":{"class":1,"weight":0.25},"geometry":{"type":"Point","coordinates":[73.978049,18.532435]}},{"type":"Feature","properties":{"class":1,"weight":0.25},"geometry":{"type":"Point","coordinates":[73.855564,18.5323]}},{"type":"Feature","properties":{"class":1,"weight":0.25},"geometry":{"type":"Point","coordinates":[73.855699,18.5323]}},{"type":"Feature","properties":{"class":1,"weight":0.25},"geometry":{"type":"Point","coordinates":[73.860684,18.5323]}},{"type":"Feature","properties":{"class":1,"weight":0.25},"geometry":{"type":"Point","coordinates":[73.860819,18.5323]}},{"type":"Feature","properties":{"class":1,"weight":0.25},"geometry":{"type":"Point","coordinates":[73.860954,18.5323]}},{"type":"Feature","properties":{"class":1,"weight":0.25},"geometry":{"type":"Point","coordinates":[73.861088,18.5323]}},{"type":"Feature","properties":{"class":1,"weight":0.25},"geometry":{"type":"Point","coordinates":[73.862032,18.5323]}},{"type":"Feature","properties":{"class":1,"weight":0.25},"geometry":{"type":"Point","coordinates":[73.862166,18.5323]}},{"type":"Feature","properties":{"class":1,"weight":0.25},"geometry":{"type":"Point","coordinates":[73.977375,18.5323]}},{"type":"Feature","properties":{"class":1,"weight":0.25},"geometry":{"type":"Point","coordinates":[73.97751,18.5323]}},{"type":"Feature","properties":{"class":1,"weight":0.25},"geometry":{"type":"Point","coordinates":[73.855564,18.532166]}},{"type":"Feature","properties":{"class":1,"weight":0.25},"geometry":{"type":"Point","coordinates":[73.855699,18.532166]}},{"type":"Feature","properties":{"class":1,"weight":0.25},"geometry":{"type":"Point","coordinates":[73.860684,18.532166]}},{"type":"Feature","properties":{"class":1,"weight":0.25},"geometry":{"type":"Point","coordinates":[73.860819,18.532166]}},{"type":"Feature","properties":{"class":1,"weight":0.25},"geometry":{"type":"Point","coordinates":[73.860954,18.532166]}},{"type":"Feature","properties":{"class":1,"weight":0.25},"geometry":{"type":"Point","coordinates":[73.861088,18.532166]}},{"type":"Feature","properties":{"class":1,"weight":0.25},"geometry":{"type":"Point","coordinates":[73.862032,18.532166]}},{"type":"Feature","properties":{"class":1,"weight":0.25},"geometry":{"type":"Point","coordinates":[73.862166,18.532166]}},{"type":"Feature","properties":{"class":1,"weight":0.25},"geometry":{"type":"Point","coordinates":[73.977375,18.532166]}},{"type":"Feature","properties":{"class":1,"weight":0.25},"geometry":{"type":"Point","coordinates":[73.97751,18.532166]}},{"type":"Feature","properties":{"class":1,"weight":0.25},"geometry":{"type":"Point","coordinates":[73.855833,18.532031]}},{"type":"Feature","properties":{"class":1,"weight":0.25},"geometry":{"type":"Point","coordinates":[73.855968,18.532031]}},{"type":"Feature","properties":{"class":1,"weight":0.25},"geometry":{"type":"Point","coordinates":[73.857181,18.532031]}},{"type":"Feature","properties":{"class":1,"weight":0.25},"geometry":{"type":"Point","coordinates":[73.857315,18.532031]}},{"type":"Feature","properties":{"class":1,"weight":0.25},"geometry":{"type":"Point","coordinates":[73.860954,18.532031]}},{"type":"Feature","properties":{"class":1,"weight":0.25},"geometry":{"type":"Point","coordinates":[73.861088,18.532031]}},{"type":"Feature","properties":{"class":1,"weight":0.25},"geometry":{"type":"Point","coordinates":[73.978184,18.532031]}},{"type":"Feature","properties":{"class":1,"weight":0.25},"geometry":{"type":"Point","coordinates":[73.978319,18.532031]}},{"type":"Feature","properties":{"class":1,"weight":0.25},"geometry":{"type":"Point","coordinates":[73.855833,18.531896]}},{"type":"Feature","properties":{"class":1,"weight":0.25},"geometry":{"type":"Point","coordinates":[73.855968,18.531896]}},{"type":"Feature","properties":{"class":1,"weight":0.25},"geometry":{"type":"Point","coordinates":[73.857181,18.531896]}},{"type":"Feature","properties":{"class":1,"weight":0.25},"geometry":{"type":"Point","coordinates":[73.857315,18.531896]}},{"type":"Feature","properties":{"class":1,"weight":0.25},"geometry":{"type":"Point","coordinates":[73.860954,18.531896]}},{"type":"Feature","properties":{"class":1,"weight":0.25},"geometry":{"type":"Point","coordinates":[73.861088,18.531896]}},{"type":"Feature","properties":{"class":1,"weight":0.25},"geometry":{"type":"Point","coordinates":[73.978184,18.531896]}},{"type":"Feature","properties":{"class":1,"weight":0.25},"geometry":{"type":"Point","coordinates":[73.978319,18.531896]}},{"type":"Feature","properties":{"class":1,"weight":0.25},"geometry":{"type":"Point","coordinates":[73.856642,18.531761]}},{"type":"Feature","properties":{"class":1,"weight":0.25},"geometry":{"type":"Point","coordinates":[73.856776,18.531761]}},{"type":"Feature","properties":{"class":1,"weight":0.25},"geometry":{"type":"Point","coordinates":[73.85772,18.531761]}},{"type":"Feature","properties":{"class":1,"weight":0.25},"geometry":{"type":"Point","coordinates":[73.857854,18.531761]}},{"type":"Feature","properties":{"class":1,"weight":0.25},"geometry":{"type":"Point","coordinates":[73.857989,18.531761]}},{"type":"Feature","properties":{"class":1,"weight":0.25},"geometry":{"type":"Point","coordinates":[73.858124,18.531761]}},{"type":"Feature","properties":{"class":1,"weight":0.25},"geometry":{"type":"Point","coordinates":[73.859337,18.531761]}},{"type":"Feature","properties":{"class":1,"weight":0.25},"geometry":{"type":"Point","coordinates":[73.859471,18.531761]}},{"type":"Feature","properties":{"class":2,"weight":0.5},"geometry":{"type":"Point","coordinates":[73.859606,18.531761]}},{"type":"Feature","properties":{"class":2,"weight":0.5},"geometry":{"type":"Point","coordinates":[73.859741,18.531761]}},{"type":"Feature","properties":{"class":1,"weight":0.25},"geometry":{"type":"Point","coordinates":[73.856642,18.531627]}},{"type":"Feature","properties":{"class":1,"weight":0.25},"geometry":{"type":"Point","coordinates":[73.856776,18.531627]}},{"type":"Feature","properties":{"class":1,"weight":0.25},"geometry":{"type":"Point","coordinates":[73.85772,18.531627]}},{"type":"Feature","properties":{"class":1,"weight":0.25},"geometry":{"type":"Point","coordinates":[73.857854,18.531627]}},{"type":"Feature","properties":{"class":1,"weight":0.25},"geometry":{"type":"Point","coordinates":[73.857989,18.531627]}},{"type":"Feature","properties":{"class":1,"weight":0.25},"geometry":{"type":"Point","coordinates":[73.858124,18.531627]}},{"type":"Feature","properties":{"class":1,"weight":0.25},"geometry":{"type":"Point","coordinates":[73.859337,18.531627]}},{"type":"Feature","properties":{"class":1,"weight":0.25},"geometry":{"type":"Point","coordinates":[73.859471,18.531627]}},{"type":"Feature","properties":{"class":2,"weight":0.5},"geometry":{"type":"Point","coordinates":[73.859606,18.531627]}},{"type":"Feature","properties":{"class":2,"weight":0.5},"geometry":{"type":"Point","coordinates":[73.859741,18.531627]}},{"type":"Feature","properties":{"class":1,"weight":0.25},"geometry":{"type":"Point","coordinates":[73.860954,18.531492]}},{"type":"Feature","properties":{"class":1,"weight":0.25},"geometry":{"type":"Point","coordinates":[73.861088,18.531492]}},{"type":"Feature","properties":{"class":1,"weight":0.25},"geometry":{"type":"Point","coordinates":[73.978992,18.531492]}},{"type":"Feature","properties":{"class":1,"weight":0.25},"geometry":{"type":"Point","coordinates":[73.979127,18.531492]}},{"type":"Feature","properties":{"class":1,"weight":0.25},"geometry":{"type":"Point","coordinates":[73.860954,18.531357]}},{"type":"Feature","properties":{"class":1,"weight":0.25},"geometry":{"type":"Point","coordinates":[73.861088,18.531357]}},{"type":"Feature","properties":{"class":1,"weight":0.25},"geometry":{"type":"Point","coordinates":[73.978992,18.531357]}},{"type":"Feature","properties":{"class":1,"weight":0.25},"geometry":{"type":"Point","coordinates":[73.979127,18.531357]}},{"type":"Feature","properties":{"class":1,"weight":0.25},"geometry":{"type":"Point","coordinates":[73.85745,18.531222]}},{"type":"Feature","properties":{"class":1,"weight":0.25},"geometry":{"type":"Point","coordinates":[73.857585,18.531222]}},{"type":"Feature","properties":{"class":1,"weight":0.25},"geometry":{"type":"Point","coordinates":[73.978992,18.531222]}},{"type":"Feature","properties":{"class":1,"weight":0.25},"geometry":{"type":"Point","coordinates":[73.979127,18.531222]}},{"type":"Feature","properties":{"class":1,"weight":0.25},"geometry":{"type":"Point","coordinates":[73.85745,18.531088]}},{"type":"Feature","properties":{"class":1,"weight":0.25},"geometry":{"type":"Point","coordinates":[73.857585,18.531088]}},{"type":"Feature","properties":{"class":1,"weight":0.25},"geometry":{"type":"Point","coordinates":[73.978992,18.531088]}},{"type":"Feature","properties":{"class":1,"weight":0.25},"geometry":{"type":"Point","coordinates":[73.979127,18.531088]}},{"type":"Feature","properties":{"class":1,"weight":0.25},"geometry":{"type":"Point","coordinates":[73.858528,18.530953]}},{"type":"Feature","properties":{"class":1,"weight":0.25},"geometry":{"type":"Point","coordinates":[73.858663,18.530953]}},{"type":"Feature","properties":{"class":2,"weight":0.5},"geometry":{"type":"Point","coordinates":[73.860684,18.530953]}},{"type":"Feature","properties":{"class":2,"weight":0.5},"geometry":{"type":"Point","coordinates":[73.860819,18.530953]}},{"type":"Feature","properties":{"class":2,"weight":0.5},"geometry":{"type":"Point","coordinates":[73.979801,18.530953]}},{"type":"Feature","properties":{"class":2,"weight":0.5},"geometry":{"type":"Point","coordinates":[73.979936,18.530953]}},{"type":"Feature","properties":{"class":1,"weight":0.25},"geometry":{"type":"Point","coordinates":[73.858528,18.530818]}},{"type":"Feature","properties":{"class":1,"weight":0.25},"geometry":{"type":"Point","coordinates":[73.858663,18.530818]}},{"type":"Feature","properties":{"class":2,"weight":0.5},"geometry":{"type":"Point","coordinates":[73.860684,18.530818]}},{"type":"Feature","properties":{"class":2,"weight":0.5},"geometry":{"type":"Point","coordinates":[73.860819,18.530818]}},{"type":"Feature","properties":{"class":2,"weight":0.5},"geometry":{"type":"Point","coordinates":[73.979801,18.530818]}},{"type":"Feature","properties":{"class":2,"weight":0.5},"geometry":{"type":"Point","coordinates":[73.979936,18.530818]}},{"type":"Feature","properties":{"class":1,"weight":0.25},"geometry":{"type":"Point","coordinates":[73.98007,18.530683]}},{"type":"Feature","properties":{"class":1,"weight":0.25},"geometry":{"type":"Point","coordinates":[73.980205,18.530683]}},{"type":"Feature","properties":{"class":1,"weight":0.25},"geometry":{"type":"Point","coordinates":[73.98007,18.530549]}},{"type":"Feature","properties":{"class":1,"weight":0.25},"geometry":{"type":"Point","coordinates":[73.980205,18.530549]}},{"type":"Feature","properties":{"class":1,"weight":0.25},"geometry":{"type":"Point","coordinates":[73.98034,18.530414]}},{"type":"Feature","properties":{"class":1,"weight":0.25},"geometry":{"type":"Point","coordinates":[73.980475,18.530414]}},{"type":"Feature","properties":{"class":1,"weight":0.25},"geometry":{"type":"Point","coordinates":[73.98034,18.530279]}},{"type":"Feature","properties":{"class":1,"weight":0.25},"geometry":{"type":"Point","coordinates":[73.980475,18.530279]}},{"type":"Feature","properties":{"class":1,"weight":0.25},"geometry":{"type":"Point","coordinates":[73.979531,18.530144]}},{"type":"Feature","properties":{"class":1,"weight":0.25},"geometry":{"type":"Point","coordinates":[73.979666,18.530144]}},{"type":"Feature","properties":{"class":1,"weight":0.25},"geometry":{"type":"Point","coordinates":[73.980879,18.530144]}},{"type":"Feature","properties":{"class":1,"weight":0.25},"geometry":{"type":"Point","coordinates":[73.981013,18.530144]}},{"type":"Feature","properties":{"class":1,"weight":0.25},"geometry":{"type":"Point","coordinates":[73.981148,18.530144]}},{"type":"Feature","properties":{"class":1,"weight":0.25},"geometry":{"type":"Point","coordinates":[73.981283,18.530144]}},{"type":"Feature","properties":{"class":1,"weight":0.25},"geometry":{"type":"Point","coordinates":[73.979531,18.53001]}},{"type":"Feature","properties":{"class":1,"weight":0.25},"geometry":{"type":"Point","coordinates":[73.979666,18.53001]}},{"type":"Feature","properties":{"class":1,"weight":0.25},"geometry":{"type":"Point","coordinates":[73.980879,18.53001]}},{"type":"Feature","properties":{"class":1,"weight":0.25},"geometry":{"type":"Point","coordinates":[73.981013,18.53001]}},{"type":"Feature","properties":{"class":1,"weight":0.25},"geometry":{"type":"Point","coordinates":[73.981148,18.53001]}},{"type":"Feature","properties":{"class":1,"weight":0.25},"geometry":{"type":"Point","coordinates":[73.981283,18.53001]}},{"type":"Feature","properties":{"class":1,"weight":0.25},"geometry":{"type":"Point","coordinates":[73.981957,18.529606]}},{"type":"Feature","properties":{"class":1,"weight":0.25},"geometry":{"type":"Point","coordinates":[73.982091,18.529606]}},{"type":"Feature","properties":{"class":1,"weight":0.25},"geometry":{"type":"Point","coordinates":[73.981957,18.529471]}},{"type":"Feature","properties":{"class":1,"weight":0.25},"geometry":{"type":"Point","coordinates":[73.982091,18.529471]}},{"type":"Feature","properties":{"class":1,"weight":0.25},"geometry":{"type":"Point","coordinates":[73.982226,18.529336]}},{"type":"Feature","properties":{"class":1,"weight":0.25},"geometry":{"type":"Point","coordinates":[73.982361,18.529336]}},{"type":"Feature","properties":{"class":1,"weight":0.25},"geometry":{"type":"Point","coordinates":[73.982226,18.529201]}},{"type":"Feature","properties":{"class":1,"weight":0.25},"geometry":{"type":"Point","coordinates":[73.982361,18.529201]}},{"type":"Feature","properties":{"class":1,"weight":0.25},"geometry":{"type":"Point","coordinates":[73.982765,18.529067]}},{"type":"Feature","properties":{"class":1,"weight":0.25},"geometry":{"type":"Point","coordinates":[73.9829,18.529067]}},{"type":"Feature","properties":{"class":1,"weight":0.25},"geometry":{"type":"Point","coordinates":[73.982765,18.528932]}},{"type":"Feature","properties":{"class":1,"weight":0.25},"geometry":{"type":"Point","coordinates":[73.9829,18.528932]}},{"type":"Feature","properties":{"class":1,"weight":0.25},"geometry":{"type":"Point","coordinates":[73.981687,18.528797]}},{"type":"Feature","properties":{"class":1,"weight":0.25},"geometry":{"type":"Point","coordinates":[73.981822,18.528797]}},{"type":"Feature","properties":{"class":1,"weight":0.25},"geometry":{"type":"Point","coordinates":[73.981687,18.528662]}},{"type":"Feature","properties":{"class":1,"weight":0.25},"geometry":{"type":"Point","coordinates":[73.981822,18.528662]}},{"type":"Feature","properties":{"class":1,"weight":0.25},"geometry":{"type":"Point","coordinates":[73.981957,18.528528]}},{"type":"Feature","properties":{"class":1,"weight":0.25},"geometry":{"type":"Point","coordinates":[73.982091,18.528528]}},{"type":"Feature","properties":{"class":1,"weight":0.25},"geometry":{"type":"Point","coordinates":[73.983574,18.528528]}},{"type":"Feature","properties":{"class":1,"weight":0.25},"geometry":{"type":"Point","coordinates":[73.983708,18.528528]}},{"type":"Feature","properties":{"class":1,"weight":0.25},"geometry":{"type":"Point","coordinates":[73.981957,18.528393]}},{"type":"Feature","properties":{"class":1,"weight":0.25},"geometry":{"type":"Point","coordinates":[73.982091,18.528393]}},{"type":"Feature","properties":{"class":1,"weight":0.25},"geometry":{"type":"Point","coordinates":[73.983574,18.528393]}},{"type":"Feature","properties":{"class":1,"weight":0.25},"geometry":{"type":"Point","coordinates":[73.983708,18.528393]}},{"type":"Feature","properties":{"class":1,"weight":0.25},"geometry":{"type":"Point","coordinates":[73.982496,18.528258]}},{"type":"Feature","properties":{"class":1,"weight":0.25},"geometry":{"type":"Point","coordinates":[73.98263,18.528258]}},{"type":"Feature","properties":{"class":1,"weight":0.25},"geometry":{"type":"Point","coordinates":[73.982496,18.528123]}},{"type":"Feature","properties":{"class":1,"weight":0.25},"geometry":{"type":"Point","coordinates":[73.98263,18.528123]}},{"type":"Feature","properties":{"class":2,"weight":0.5},"geometry":{"type":"Point","coordinates":[73.983304,18.527719]}},{"type":"Feature","properties":{"class":2,"weight":0.5},"geometry":{"type":"Point","coordinates":[73.983439,18.527719]}},{"type":"Feature","properties":{"class":1,"weight":0.25},"geometry":{"type":"Point","coordinates":[73.984921,18.527719]}},{"type":"Feature","properties":{"class":1,"weight":0.25},"geometry":{"type":"Point","coordinates":[73.985056,18.527719]}},{"type":"Feature","properties":{"class":2,"weight":0.5},"geometry":{"type":"Point","coordinates":[73.983304,18.527584]}},{"type":"Feature","properties":{"class":2,"weight":0.5},"geometry":{"type":"Point","coordinates":[73.983439,18.527584]}},{"type":"Feature","properties":{"class":1,"weight":0.25},"geometry":{"type":"Point","coordinates":[73.984921,18.527584]}},{"type":"Feature","properties":{"class":1,"weight":0.25},"geometry":{"type":"Point","coordinates":[73.985056,18.527584]}},{"type":"Feature","properties":{"class":2,"weight":0.5},"geometry":{"type":"Point","coordinates":[73.983843,18.52745]}},{"type":"Feature","properties":{"class":2,"weight":0.5},"geometry":{"type":"Point","coordinates":[73.983978,18.52745]}},{"type":"Feature","properties":{"class":1,"weight":0.25},"geometry":{"type":"Point","coordinates":[73.98546,18.52745]}},{"type":"Feature","properties":{"class":1,"weight":0.25},"geometry":{"type":"Point","coordinates":[73.985595,18.52745]}},{"type":"Feature","properties":{"class":2,"weight":0.5},"geometry":{"type":"Point","coordinates":[73.983843,18.527315]}},{"type":"Feature","properties":{"class":2,"weight":0.5},"geometry":{"type":"Point","coordinates":[73.983978,18.527315]}},{"type":"Feature","properties":{"class":1,"weight":0.25},"geometry":{"type":"Point","coordinates":[73.98546,18.527315]}},{"type":"Feature","properties":{"class":1,"weight":0.25},"geometry":{"type":"Point","coordinates":[73.985595,18.527315]}},{"type":"Feature","properties":{"class":1,"weight":0.25},"geometry":{"type":"Point","coordinates":[73.984382,18.52718]}},{"type":"Feature","properties":{"class":1,"weight":0.25},"geometry":{"type":"Point","coordinates":[73.984517,18.52718]}},{"type":"Feature","properties":{"class":1,"weight":0.25},"geometry":{"type":"Point","coordinates":[73.984382,18.527045]}},{"type":"Feature","properties":{"class":1,"weight":0.25},"geometry":{"type":"Point","coordinates":[73.984517,18.527045]}},{"type":"Feature","properties":{"class":1,"weight":0.25},"geometry":{"type":"Point","coordinates":[73.986808,18.526911]}},{"type":"Feature","properties":{"class":1,"weight":0.25},"geometry":{"type":"Point","coordinates":[73.986942,18.526911]}},{"type":"Feature","properties":{"class":1,"weight":0.25},"geometry":{"type":"Point","coordinates":[73.986808,18.526776]}},{"type":"Feature","properties":{"class":1,"weight":0.25},"geometry":{"type":"Point","coordinates":[73.986942,18.526776]}},{"type":"Feature","properties":{"class":1,"weight":0.25},"geometry":{"type":"Point","coordinates":[73.985191,18.526641]}},{"type":"Feature","properties":{"class":1,"weight":0.25},"geometry":{"type":"Point","coordinates":[73.985325,18.526641]}},{"type":"Feature","properties":{"class":2,"weight":0.5},"geometry":{"type":"Point","coordinates":[73.987347,18.526641]}},{"type":"Feature","properties":{"class":2,"weight":0.5},"geometry":{"type":"Point","coordinates":[73.987481,18.526641]}},{"type":"Feature","properties":{"class":1,"weight":0.25},"geometry":{"type":"Point","coordinates":[73.985191,18.526506]}},{"type":"Feature","properties":{"class":1,"weight":0.25},"geometry":{"type":"Point","coordinates":[73.985325,18.526506]}},{"type":"Feature","properties":{"class":2,"weight":0.5},"geometry":{"type":"Point","coordinates":[73.987347,18.526506]}},{"type":"Feature","properties":{"class":2,"weight":0.5},"geometry":{"type":"Point","coordinates":[73.987481,18.526506]}},{"type":"Feature","properties":{"class":1,"weight":0.25},"geometry":{"type":"Point","coordinates":[73.987886,18.526372]}},{"type":"Feature","properties":{"class":1,"weight":0.25},"geometry":{"type":"Point","coordinates":[73.98802,18.526372]}},{"type":"Feature","properties":{"class":1,"weight":0.25},"geometry":{"type":"Point","coordinates":[73.987886,18.526237]}},{"type":"Feature","properties":{"class":1,"weight":0.25},"geometry":{"type":"Point","coordinates":[73.98802,18.526237]}},{"type":"Feature","properties":{"class":1,"weight":0.25},"geometry":{"type":"Point","coordinates":[73.986269,18.526102]}},{"type":"Feature","properties":{"class":1,"weight":0.25},"geometry":{"type":"Point","coordinates":[73.986403,18.526102]}},{"type":"Feature","properties":{"class":1,"weight":0.25},"geometry":{"type":"Point","coordinates":[73.986269,18.525967]}},{"type":"Feature","properties":{"class":1,"weight":0.25},"geometry":{"type":"Point","coordinates":[73.986403,18.525967]}},{"type":"Feature","properties":{"class":1,"weight":0.25},"geometry":{"type":"Point","coordinates":[73.986538,18.525833]}},{"type":"Feature","properties":{"class":1,"weight":0.25},"geometry":{"type":"Point","coordinates":[73.986673,18.525833]}},{"type":"Feature","properties":{"class":1,"weight":0.25},"geometry":{"type":"Point","coordinates":[73.988694,18.525833]}},{"type":"Feature","properties":{"class":1,"weight":0.25},"geometry":{"type":"Point","coordinates":[73.988829,18.525833]}},{"type":"Feature","properties":{"class":1,"weight":0.25},"geometry":{"type":"Point","coordinates":[73.986538,18.525698]}},{"type":"Feature","properties":{"class":1,"weight":0.25},"geometry":{"type":"Point","coordinates":[73.986673,18.525698]}},{"type":"Feature","properties":{"class":1,"weight":0.25},"geometry":{"type":"Point","coordinates":[73.988694,18.525698]}},{"type":"Feature","properties":{"class":1,"weight":0.25},"geometry":{"type":"Point","coordinates":[73.988829,18.525698]}},{"type":"Feature","properties":{"class":1,"weight":0.25},"geometry":{"type":"Point","coordinates":[73.987077,18.525563]}},{"type":"Feature","properties":{"class":1,"weight":0.25},"geometry":{"type":"Point","coordinates":[73.987212,18.525563]}},{"type":"Feature","properties":{"class":1,"weight":0.25},"geometry":{"type":"Point","coordinates":[73.988694,18.525563]}},{"type":"Feature","properties":{"class":1,"weight":0.25},"geometry":{"type":"Point","coordinates":[73.988829,18.525563]}},{"type":"Feature","properties":{"class":1,"weight":0.25},"geometry":{"type":"Point","coordinates":[73.988964,18.525563]}},{"type":"Feature","properties":{"class":1,"weight":0.25},"geometry":{"type":"Point","coordinates":[73.989098,18.525563]}},{"type":"Feature","properties":{"class":1,"weight":0.25},"geometry":{"type":"Point","coordinates":[73.989233,18.525563]}},{"type":"Feature","properties":{"class":1,"weight":0.25},"geometry":{"type":"Point","coordinates":[73.989368,18.525563]}},{"type":"Feature","properties":{"class":1,"weight":0.25},"geometry":{"type":"Point","coordinates":[73.987077,18.525428]}},{"type":"Feature","properties":{"class":1,"weight":0.25},"geometry":{"type":"Point","coordinates":[73.987212,18.525428]}},{"type":"Feature","properties":{"class":1,"weight":0.25},"geometry":{"type":"Point","coordinates":[73.988694,18.525428]}},{"type":"Feature","properties":{"class":1,"weight":0.25},"geometry":{"type":"Point","coordinates":[73.988829,18.525428]}},{"type":"Feature","properties":{"class":1,"weight":0.25},"geometry":{"type":"Point","coordinates":[73.988964,18.525428]}},{"type":"Feature","properties":{"class":1,"weight":0.25},"geometry":{"type":"Point","coordinates":[73.989098,18.525428]}},{"type":"Feature","properties":{"class":1,"weight":0.25},"geometry":{"type":"Point","coordinates":[73.989233,18.525428]}},{"type":"Feature","properties":{"class":1,"weight":0.25},"geometry":{"type":"Point","coordinates":[73.989368,18.525428]}},{"type":"Feature","properties":{"class":1,"weight":0.25},"geometry":{"type":"Point","coordinates":[73.987616,18.525294]}},{"type":"Feature","properties":{"class":1,"weight":0.25},"geometry":{"type":"Point","coordinates":[73.987751,18.525294]}},{"type":"Feature","properties":{"class":1,"weight":0.25},"geometry":{"type":"Point","coordinates":[73.988694,18.525294]}},{"type":"Feature","properties":{"class":1,"weight":0.25},"geometry":{"type":"Point","coordinates":[73.988829,18.525294]}},{"type":"Feature","properties":{"class":1,"weight":0.25},"geometry":{"type":"Point","coordinates":[73.988964,18.525294]}},{"type":"Feature","properties":{"class":1,"weight":0.25},"geometry":{"type":"Point","coordinates":[73.989098,18.525294]}},{"type":"Feature","properties":{"class":1,"weight":0.25},"geometry":{"type":"Point","coordinates":[73.989233,18.525294]}},{"type":"Feature","properties":{"class":1,"weight":0.25},"geometry":{"type":"Point","coordinates":[73.989368,18.525294]}},{"type":"Feature","properties":{"class":1,"weight":0.25},"geometry":{"type":"Point","coordinates":[73.987616,18.525159]}},{"type":"Feature","properties":{"class":1,"weight":0.25},"geometry":{"type":"Point","coordinates":[73.987751,18.525159]}},{"type":"Feature","properties":{"class":1,"weight":0.25},"geometry":{"type":"Point","coordinates":[73.988694,18.525159]}},{"type":"Feature","properties":{"class":1,"weight":0.25},"geometry":{"type":"Point","coordinates":[73.988829,18.525159]}},{"type":"Feature","properties":{"class":1,"weight":0.25},"geometry":{"type":"Point","coordinates":[73.988964,18.525159]}},{"type":"Feature","properties":{"class":1,"weight":0.25},"geometry":{"type":"Point","coordinates":[73.989098,18.525159]}},{"type":"Feature","properties":{"class":1,"weight":0.25},"geometry":{"type":"Point","coordinates":[73.989233,18.525159]}},{"type":"Feature","properties":{"class":1,"weight":0.25},"geometry":{"type":"Point","coordinates":[73.989368,18.525159]}},{"type":"Feature","properties":{"class":2,"weight":0.5},"geometry":{"type":"Point","coordinates":[73.987886,18.525024]}},{"type":"Feature","properties":{"class":2,"weight":0.5},"geometry":{"type":"Point","coordinates":[73.98802,18.525024]}},{"type":"Feature","properties":{"class":1,"weight":0.25},"geometry":{"type":"Point","coordinates":[73.988425,18.525024]}},{"type":"Feature","properties":{"class":1,"weight":0.25},"geometry":{"type":"Point","coordinates":[73.988559,18.525024]}},{"type":"Feature","properties":{"class":1,"weight":0.25},"geometry":{"type":"Point","coordinates":[73.988694,18.525024]}},{"type":"Feature","properties":{"class":1,"weight":0.25},"geometry":{"type":"Point","coordinates":[73.988829,18.525024]}},{"type":"Feature","properties":{"class":1,"weight":0.25},"geometry":{"type":"Point","coordinates":[73.988964,18.525024]}},{"type":"Feature","properties":{"class":1,"weight":0.25},"geometry":{"type":"Point","coordinates":[73.989098,18.525024]}},{"type":"Feature","properties":{"class":1,"weight":0.25},"geometry":{"type":"Point","coordinates":[73.989233,18.525024]}},{"type":"Feature","properties":{"class":1,"weight":0.25},"geometry":{"type":"Point","coordinates":[73.989368,18.525024]}},{"type":"Feature","properties":{"class":1,"weight":0.25},"geometry":{"type":"Point","coordinates":[73.989772,18.525024]}},{"type":"Feature","properties":{"class":1,"weight":0.25},"geometry":{"type":"Point","coordinates":[73.989907,18.525024]}},{"type":"Feature","properties":{"class":2,"weight":0.5},"geometry":{"type":"Point","coordinates":[73.987886,18.524889]}},{"type":"Feature","properties":{"class":2,"weight":0.5},"geometry":{"type":"Point","coordinates":[73.98802,18.524889]}},{"type":"Feature","properties":{"class":1,"weight":0.25},"geometry":{"type":"Point","coordinates":[73.988425,18.524889]}},{"type":"Feature","properties":{"class":1,"weight":0.25},"geometry":{"type":"Point","coordinates":[73.988559,18.524889]}},{"type":"Feature","properties":{"class":1,"weight":0.25},"geometry":{"type":"Point","coordinates":[73.988694,18.524889]}},{"type":"Feature","properties":{"class":1,"weight":0.25},"geometry":{"type":"Point","coordinates":[73.988829,18.524889]}},{"type":"Feature","properties":{"class":1,"weight":0.25},"geometry":{"type":"Point","coordinates":[73.988964,18.524889]}},{"type":"Feature","properties":{"class":1,"weight":0.25},"geometry":{"type":"Point","coordinates":[73.989098,18.524889]}},{"type":"Feature","properties":{"class":1,"weight":0.25},"geometry":{"type":"Point","coordinates":[73.989233,18.524889]}},{"type":"Feature","properties":{"class":1,"weight":0.25},"geometry":{"type":"Point","coordinates":[73.989368,18.524889]}},{"type":"Feature","properties":{"class":1,"weight":0.25},"geometry":{"type":"Point","coordinates":[73.989772,18.524889]}},{"type":"Feature","properties":{"class":1,"weight":0.25},"geometry":{"type":"Point","coordinates":[73.989907,18.524889]}},{"type":"Feature","properties":{"class":2,"weight":0.5},"geometry":{"type":"Point","coordinates":[73.988425,18.524755]}},{"type":"Feature","properties":{"class":2,"weight":0.5},"geometry":{"type":"Point","coordinates":[73.988559,18.524755]}},{"type":"Feature","properties":{"class":1,"weight":0.25},"geometry":{"type":"Point","coordinates":[73.988694,18.524755]}},{"type":"Feature","properties":{"class":1,"weight":0.25},"geometry":{"type":"Point","coordinates":[73.988829,18.524755]}},{"type":"Feature","properties":{"class":1,"weight":0.25},"geometry":{"type":"Point","coordinates":[73.988964,18.524755]}},{"type":"Feature","properties":{"class":1,"weight":0.25},"geometry":{"type":"Point","coordinates":[73.989098,18.524755]}},{"type":"Feature","properties":{"class":1,"weight":0.25},"geometry":{"type":"Point","coordinates":[73.989503,18.524755]}},{"type":"Feature","properties":{"class":1,"weight":0.25},"geometry":{"type":"Point","coordinates":[73.989637,18.524755]}},{"type":"Feature","properties":{"class":1,"weight":0.25},"geometry":{"type":"Point","coordinates":[73.990042,18.524755]}},{"type":"Feature","properties":{"class":1,"weight":0.25},"geometry":{"type":"Point","coordinates":[73.990176,18.524755]}},{"type":"Feature","properties":{"class":2,"weight":0.5},"geometry":{"type":"Point","coordinates":[73.988425,18.52462]}},{"type":"Feature","properties":{"class":2,"weight":0.5},"geometry":{"type":"Point","coordinates":[73.988559,18.52462]}},{"type":"Feature","properties":{"class":1,"weight":0.25},"geometry":{"type":"Point","coordinates":[73.988694,18.52462]}},{"type":"Feature","properties":{"class":1,"weight":0.25},"geometry":{"type":"Point","coordinates":[73.988829,18.52462]}},{"type":"Feature","properties":{"class":1,"weight":0.25},"geometry":{"type":"Point","coordinates":[73.988964,18.52462]}},{"type":"Feature","properties":{"class":1,"weight":0.25},"geometry":{"type":"Point","coordinates":[73.989098,18.52462]}},{"type":"Feature","properties":{"class":1,"weight":0.25},"geometry":{"type":"Point","coordinates":[73.989503,18.52462]}},{"type":"Feature","properties":{"class":1,"weight":0.25},"geometry":{"type":"Point","coordinates":[73.989637,18.52462]}},{"type":"Feature","properties":{"class":1,"weight":0.25},"geometry":{"type":"Point","coordinates":[73.990042,18.52462]}},{"type":"Feature","properties":{"class":1,"weight":0.25},"geometry":{"type":"Point","coordinates":[73.990176,18.52462]}},{"type":"Feature","properties":{"class":1,"weight":0.25},"geometry":{"type":"Point","coordinates":[73.988694,18.524485]}},{"type":"Feature","properties":{"class":1,"weight":0.25},"geometry":{"type":"Point","coordinates":[73.988829,18.524485]}},{"type":"Feature","properties":{"class":1,"weight":0.25},"geometry":{"type":"Point","coordinates":[73.989233,18.524485]}},{"type":"Feature","properties":{"class":1,"weight":0.25},"geometry":{"type":"Point","coordinates":[73.989368,18.524485]}},{"type":"Feature","properties":{"class":1,"weight":0.25},"geometry":{"type":"Point","coordinates":[73.988694,18.52435]}},{"type":"Feature","properties":{"class":1,"weight":0.25},"geometry":{"type":"Point","coordinates":[73.988829,18.52435]}},{"type":"Feature","properties":{"class":1,"weight":0.25},"geometry":{"type":"Point","coordinates":[73.989233,18.52435]}},{"type":"Feature","properties":{"class":1,"weight":0.25},"geometry":{"type":"Point","coordinates":[73.989368,18.52435]}},{"type":"Feature","properties":{"class":1,"weight":0.25},"geometry":{"type":"Point","coordinates":[73.989503,18.523677]}},{"type":"Feature","properties":{"class":1,"weight":0.25},"geometry":{"type":"Point","coordinates":[73.989637,18.523677]}},{"type":"Feature","properties":{"class":1,"weight":0.25},"geometry":{"type":"Point","coordinates":[73.989503,18.523542]}},{"type":"Feature","properties":{"class":1,"weight":0.25},"geometry":{"type":"Point","coordinates":[73.989637,18.523542]}},{"type":"Feature","properties":{"class":1,"weight":0.25},"geometry":{"type":"Point","coordinates":[73.989772,18.523407]}},{"type":"Feature","properties":{"class":1,"weight":0.25},"geometry":{"type":"Point","coordinates":[73.989907,18.523407]}},{"type":"Feature","properties":{"class":1,"weight":0.25},"geometry":{"type":"Point","coordinates":[73.989772,18.523272]}},{"type":"Feature","properties":{"class":1,"weight":0.25},"geometry":{"type":"Point","coordinates":[73.989907,18.523272]}},{"type":"Feature","properties":{"class":1,"weight":0.25},"geometry":{"type":"Point","coordinates":[73.990042,18.523138]}},{"type":"Feature","properties":{"class":1,"weight":0.25},"geometry":{"type":"Point","coordinates":[73.990176,18.523138]}},{"type":"Feature","properties":{"class":1,"weight":0.25},"geometry":{"type":"Point","coordinates":[73.990042,18.523003]}},{"type":"Feature","properties":{"class":1,"weight":0.25},"geometry":{"type":"Point","coordinates":[73.990176,18.523003]}},{"type":"Feature","properties":{"class":1,"weight":0.25},"geometry":{"type":"Point","coordinates":[73.990311,18.522868]}},{"type":"Feature","properties":{"class":1,"weight":0.25},"geometry":{"type":"Point","coordinates":[73.990446,18.522868]}},{"type":"Feature","properties":{"class":1,"weight":0.25},"geometry":{"type":"Point","coordinates":[73.991928,18.522868]}},{"type":"Feature","properties":{"class":1,"weight":0.25},"geometry":{"type":"Point","coordinates":[73.992063,18.522868]}},{"type":"Feature","properties":{"class":1,"weight":0.25},"geometry":{"type":"Point","coordinates":[73.990311,18.522733]}},{"type":"Feature","properties":{"class":1,"weight":0.25},"geometry":{"type":"Point","coordinates":[73.990446,18.522733]}},{"type":"Feature","properties":{"class":1,"weight":0.25},"geometry":{"type":"Point","coordinates":[73.991928,18.522733]}},{"type":"Feature","properties":{"class":1,"weight":0.25},"geometry":{"type":"Point","coordinates":[73.992063,18.522733]}},{"type":"Feature","properties":{"class":1,"weight":0.25},"geometry":{"type":"Point","coordinates":[73.992198,18.522329]}},{"type":"Feature","properties":{"class":1,"weight":0.25},"geometry":{"type":"Point","coordinates":[73.992332,18.522329]}},{"type":"Feature","properties":{"class":1,"weight":0.25},"geometry":{"type":"Point","coordinates":[73.992198,18.522194]}},{"type":"Feature","properties":{"class":1,"weight":0.25},"geometry":{"type":"Point","coordinates":[73.992332,18.522194]}},{"type":"Feature","properties":{"class":1,"weight":0.25},"geometry":{"type":"Point","coordinates":[73.99112,18.52206]}},{"type":"Feature","properties":{"class":1,"weight":0.25},"geometry":{"type":"Point","coordinates":[73.991254,18.52206]}},{"type":"Feature","properties":{"class":1,"weight":0.25},"geometry":{"type":"Point","coordinates":[73.992198,18.52206]}},{"type":"Feature","properties":{"class":1,"weight":0.25},"geometry":{"type":"Point","coordinates":[73.992332,18.52206]}},{"type":"Feature","properties":{"class":1,"weight":0.25},"geometry":{"type":"Point","coordinates":[73.99112,18.521925]}},{"type":"Feature","properties":{"class":1,"weight":0.25},"geometry":{"type":"Point","coordinates":[73.991254,18.521925]}},{"type":"Feature","properties":{"class":1,"weight":0.25},"geometry":{"type":"Point","coordinates":[73.992198,18.521925]}},{"type":"Feature","properties":{"class":1,"weight":0.25},"geometry":{"type":"Point","coordinates":[73.992332,18.521925]}},{"type":"Feature","properties":{"class":1,"weight":0.25},"geometry":{"type":"Point","coordinates":[73.992467,18.52179]}},{"type":"Feature","properties":{"class":1,"weight":0.25},"geometry":{"type":"Point","coordinates":[73.992602,18.52179]}},{"type":"Feature","properties":{"class":1,"weight":0.25},"geometry":{"type":"Point","coordinates":[73.992467,18.521655]}},{"type":"Feature","properties":{"class":1,"weight":0.25},"geometry":{"type":"Point","coordinates":[73.992602,18.521655]}},{"type":"Feature","properties":{"class":2,"weight":0.5},"geometry":{"type":"Point","coordinates":[73.991389,18.521521]}},{"type":"Feature","properties":{"class":2,"weight":0.5},"geometry":{"type":"Point","coordinates":[73.991524,18.521521]}},{"type":"Feature","properties":{"class":1,"weight":0.25},"geometry":{"type":"Point","coordinates":[73.992467,18.521521]}},{"type":"Feature","properties":{"class":1,"weight":0.25},"geometry":{"type":"Point","coordinates":[73.992602,18.521521]}},{"type":"Feature","properties":{"class":2,"weight":0.5},"geometry":{"type":"Point","coordinates":[73.991389,18.521386]}},{"type":"Feature","properties":{"class":2,"weight":0.5},"geometry":{"type":"Point","coordinates":[73.991524,18.521386]}},{"type":"Feature","properties":{"class":1,"weight":0.25},"geometry":{"type":"Point","coordinates":[73.992467,18.521386]}},{"type":"Feature","properties":{"class":1,"weight":0.25},"geometry":{"type":"Point","coordinates":[73.992602,18.521386]}},{"type":"Feature","properties":{"class":1,"weight":0.25},"geometry":{"type":"Point","coordinates":[73.992467,18.521251]}},{"type":"Feature","properties":{"class":1,"weight":0.25},"geometry":{"type":"Point","coordinates":[73.992602,18.521251]}},{"type":"Feature","properties":{"class":1,"weight":0.25},"geometry":{"type":"Point","coordinates":[73.992467,18.521116]}},{"type":"Feature","properties":{"class":1,"weight":0.25},"geometry":{"type":"Point","coordinates":[73.992602,18.521116]}}]}