{"type":"FeatureCollection","name":"Mula-Mutha Turbidity / TSS class","period":{"start":"2026-05-01","end":"2026-05-31"},"legend":[{"class":1,"label":"Low","range":"≤ 0.62"},{"class":2,"label":"Medium","range":"0.62–1.17"},{"class":3,"label":"High","range":"> 1.17"}],"features":[{"type":"Feature","properties":{"class":1,"label":"Low","name":"Class 1 - 1","parameter":"Turbidity / TSS"},"geometry":{"type":"Polygon","coordinates":[[[73.96009397212846,18.546886850516877],[73.96009397212846,18.54661735593164],[73.96036346671369,18.54661735593164],[73.96036346671369,18.546886850516877],[73.96009397212846,18.546886850516877]]]}},{"type":"Feature","properties":{"class":1,"label":"Low","name":"Class 1 - 2","parameter":"Turbidity / TSS"},"geometry":{"type":"Polygon","coordinates":[[[73.9582075100318,18.54661735593164],[73.9582075100318,18.546347861346405],[73.95847700461704,18.546347861346405],[73.95847700461704,18.54661735593164],[73.9582075100318,18.54661735593164]]]}},{"type":"Feature","properties":{"class":1,"label":"Low","name":"Class 1 - 3","parameter":"Turbidity / TSS"},"geometry":{"type":"Polygon","coordinates":[[[73.95901599378752,18.54661735593164],[73.95901599378752,18.546347861346405],[73.95928548837274,18.546347861346405],[73.95928548837274,18.54661735593164],[73.95901599378752,18.54661735593164]]]}},{"type":"Feature","properties":{"class":1,"label":"Low","name":"Class 1 - 4","parameter":"Turbidity / TSS"},"geometry":{"type":"Polygon","coordinates":[[[73.96063296129893,18.54661735593164],[73.96063296129893,18.546347861346405],[73.96090245588417,18.546347861346405],[73.96090245588417,18.54661735593164],[73.96063296129893,18.54661735593164]]]}},{"type":"Feature","properties":{"class":1,"label":"Low","name":"Class 1 - 5","parameter":"Turbidity / TSS"},"geometry":{"type":"Polygon","coordinates":[[[73.95955498295798,18.546347861346405],[73.95955498295798,18.54607836676117],[73.96009397212846,18.54607836676117],[73.96009397212846,18.546347861346405],[73.95955498295798,18.546347861346405]]]}},{"type":"Feature","properties":{"class":1,"label":"Low","name":"Class 1 - 6","parameter":"Turbidity / TSS"},"geometry":{"type":"Polygon","coordinates":[[[73.94958368330425,18.54607836676117],[73.94958368330425,18.545808872175936],[73.9498531778895,18.545808872175936],[73.9498531778895,18.54607836676117],[73.94958368330425,18.54607836676117]]]}},{"type":"Feature","properties":{"class":1,"label":"Low","name":"Class 1 - 7","parameter":"Turbidity / TSS"},"geometry":{"type":"Polygon","coordinates":[[[73.95712953169087,18.547156345102113],[73.95712953169087,18.546886850516877],[73.95632104793515,18.546886850516877],[73.95632104793515,18.54661735593164],[73.95470408042374,18.54661735593164],[73.95470408042374,18.546347861346405],[73.95416509125327,18.546347861346405],[73.95416509125327,18.54607836676117],[73.95335660749755,18.54607836676117],[73.95335660749755,18.545808872175936],[73.9544345858385,18.545808872175936],[73.9544345858385,18.5455393775907],[73.9552430695942,18.5455393775907],[73.9552430695942,18.545808872175936],[73.95470408042374,18.545808872175936],[73.95470408042374,18.54607836676117],[73.9552430695942,18.54607836676117],[73.9552430695942,18.546347861346405],[73.95551256417944,18.546347861346405],[73.95551256417944,18.54607836676117],[73.95578205876468,18.54607836676117],[73.95578205876468,18.546347861346405],[73.95632104793515,18.546347861346405],[73.95632104793515,18.54607836676117],[73.95686003710563,18.54607836676117],[73.95686003710563,18.54661735593164],[73.95712953169087,18.54661735593164],[73.95712953169087,18.546347861346405],[73.95793801544657,18.546347861346405],[73.95793801544657,18.546886850516877],[73.95928548837274,18.546886850516877],[73.95928548837274,18.547156345102113],[73.95712953169087,18.547156345102113]]]}},{"type":"Feature","properties":{"class":1,"label":"Low","name":"Class 1 - 8","parameter":"Turbidity / TSS"},"geometry":{"type":"Polygon","coordinates":[[[73.95120065081566,18.545808872175936],[73.95120065081566,18.5455393775907],[73.9514701454009,18.5455393775907],[73.9514701454009,18.545808872175936],[73.95120065081566,18.545808872175936]]]}},{"type":"Feature","properties":{"class":1,"label":"Low","name":"Class 1 - 9","parameter":"Turbidity / TSS"},"geometry":{"type":"Polygon","coordinates":[[[73.9536261020828,18.5455393775907],[73.9536261020828,18.545269883005464],[73.95389559666803,18.545269883005464],[73.95389559666803,18.5455393775907],[73.9536261020828,18.5455393775907]]]}},{"type":"Feature","properties":{"class":1,"label":"Low","name":"Class 1 - 10","parameter":"Turbidity / TSS"},"geometry":{"type":"Polygon","coordinates":[[[73.96090245588417,18.54607836676117],[73.96090245588417,18.5455393775907],[73.96117195046939,18.5455393775907],[73.96117195046939,18.545269883005464],[73.96144144505463,18.545269883005464],[73.96144144505463,18.545000388420227],[73.96171093963987,18.545000388420227],[73.96171093963987,18.545269883005464],[73.96198043422511,18.545269883005464],[73.96198043422511,18.5455393775907],[73.96144144505463,18.5455393775907],[73.96144144505463,18.545808872175936],[73.96117195046939,18.545808872175936],[73.96117195046939,18.54607836676117],[73.96090245588417,18.54607836676117]]]}},{"type":"Feature","properties":{"class":1,"label":"Low","name":"Class 1 - 11","parameter":"Turbidity / TSS"},"geometry":{"type":"Polygon","coordinates":[[[73.94473278077001,18.545269883005464],[73.94473278077001,18.545000388420227],[73.94500227535525,18.545000388420227],[73.94500227535525,18.545269883005464],[73.94473278077001,18.545269883005464]]]}},{"type":"Feature","properties":{"class":1,"label":"Low","name":"Class 1 - 12","parameter":"Turbidity / TSS"},"geometry":{"type":"Polygon","coordinates":[[[73.9506616616452,18.5455393775907],[73.9506616616452,18.545269883005464],[73.95039216705996,18.545269883005464],[73.95039216705996,18.545000388420227],[73.9506616616452,18.545000388420227],[73.9506616616452,18.54473089383499],[73.95093115623044,18.54473089383499],[73.95093115623044,18.5455393775907],[73.9506616616452,18.5455393775907]]]}},{"type":"Feature","properties":{"class":1,"label":"Low","name":"Class 1 - 13","parameter":"Turbidity / TSS"},"geometry":{"type":"Polygon","coordinates":[[[73.94446328618477,18.545000388420227],[73.94446328618477,18.54473089383499],[73.94473278077001,18.54473089383499],[73.94473278077001,18.545000388420227],[73.94446328618477,18.545000388420227]]]}},{"type":"Feature","properties":{"class":1,"label":"Low","name":"Class 1 - 14","parameter":"Turbidity / TSS"},"geometry":{"type":"Polygon","coordinates":[[[73.9468887374519,18.545000388420227],[73.9468887374519,18.54473089383499],[73.94742772662237,18.54473089383499],[73.94742772662237,18.545000388420227],[73.9468887374519,18.545000388420227]]]}},{"type":"Feature","properties":{"class":1,"label":"Low","name":"Class 1 - 15","parameter":"Turbidity / TSS"},"geometry":{"type":"Polygon","coordinates":[[[73.9476972212076,18.545000388420227],[73.9476972212076,18.54473089383499],[73.94958368330425,18.54473089383499],[73.94958368330425,18.545000388420227],[73.9476972212076,18.545000388420227]]]}},{"type":"Feature","properties":{"class":1,"label":"Low","name":"Class 1 - 16","parameter":"Turbidity / TSS"},"geometry":{"type":"Polygon","coordinates":[[[73.96171093963987,18.545000388420227],[73.96171093963987,18.54473089383499],[73.96198043422511,18.54473089383499],[73.96198043422511,18.545000388420227],[73.96171093963987,18.545000388420227]]]}},{"type":"Feature","properties":{"class":1,"label":"Low","name":"Class 1 - 17","parameter":"Turbidity / TSS"},"geometry":{"type":"Polygon","coordinates":[[[73.96224992881034,18.5455393775907],[73.96224992881034,18.545269883005464],[73.96198043422511,18.545269883005464],[73.96198043422511,18.545000388420227],[73.96251942339558,18.545000388420227],[73.96251942339558,18.54473089383499],[73.96305841256606,18.54473089383499],[73.96305841256606,18.544461399249755],[73.96332790715128,18.544461399249755],[73.96332790715128,18.54473089383499],[73.96359740173652,18.54473089383499],[73.96359740173652,18.545000388420227],[73.96305841256606,18.545000388420227],[73.96305841256606,18.545269883005464],[73.96278891798082,18.545269883005464],[73.96278891798082,18.5455393775907],[73.96224992881034,18.5455393775907]]]}},{"type":"Feature","properties":{"class":1,"label":"Low","name":"Class 1 - 18","parameter":"Turbidity / TSS"},"geometry":{"type":"Polygon","coordinates":[[[73.94581075911096,18.545808872175936],[73.94581075911096,18.545000388420227],[73.94554126452572,18.545000388420227],[73.94554126452572,18.544461399249755],[73.94581075911096,18.544461399249755],[73.94581075911096,18.54473089383499],[73.94661924286666,18.54473089383499],[73.94661924286666,18.545269883005464],[73.9468887374519,18.545269883005464],[73.9468887374519,18.5455393775907],[73.94634974828142,18.5455393775907],[73.94634974828142,18.545808872175936],[73.94581075911096,18.545808872175936]]]}},{"type":"Feature","properties":{"class":1,"label":"Low","name":"Class 1 - 19","parameter":"Turbidity / TSS"},"geometry":{"type":"Polygon","coordinates":[[[73.94419379159955,18.54473089383499],[73.94419379159955,18.544461399249755],[73.94446328618477,18.544461399249755],[73.94446328618477,18.54473089383499],[73.94419379159955,18.54473089383499]]]}},{"type":"Feature","properties":{"class":1,"label":"Low","name":"Class 1 - 20","parameter":"Turbidity / TSS"},"geometry":{"type":"Polygon","coordinates":[[[73.96224992881034,18.54473089383499],[73.96224992881034,18.544461399249755],[73.96251942339558,18.544461399249755],[73.96251942339558,18.54473089383499],[73.96224992881034,18.54473089383499]]]}},{"type":"Feature","properties":{"class":1,"label":"Low","name":"Class 1 - 21","parameter":"Turbidity / TSS"},"geometry":{"type":"Polygon","coordinates":[[[73.94527176994048,18.544461399249755],[73.94527176994048,18.54419190466452],[73.94554126452572,18.54419190466452],[73.94554126452572,18.544461399249755],[73.94527176994048,18.544461399249755]]]}},{"type":"Feature","properties":{"class":1,"label":"Low","name":"Class 1 - 22","parameter":"Turbidity / TSS"},"geometry":{"type":"Polygon","coordinates":[[[73.96278891798082,18.544461399249755],[73.96278891798082,18.54419190466452],[73.96305841256606,18.54419190466452],[73.96305841256606,18.544461399249755],[73.96278891798082,18.544461399249755]]]}},{"type":"Feature","properties":{"class":1,"label":"Low","name":"Class 1 - 23","parameter":"Turbidity / TSS"},"geometry":{"type":"Polygon","coordinates":[[[73.88598296118859,18.54419190466452],[73.88598296118859,18.543922410079283],[73.88706093952953,18.543922410079283],[73.88706093952953,18.54419190466452],[73.88598296118859,18.54419190466452]]]}},{"type":"Feature","properties":{"class":1,"label":"Low","name":"Class 1 - 24","parameter":"Turbidity / TSS"},"geometry":{"type":"Polygon","coordinates":[[[73.88733043411477,18.54419190466452],[73.88733043411477,18.543922410079283],[73.88759992870001,18.543922410079283],[73.88759992870001,18.54419190466452],[73.88733043411477,18.54419190466452]]]}},{"type":"Feature","properties":{"class":1,"label":"Low","name":"Class 1 - 25","parameter":"Turbidity / TSS"},"geometry":{"type":"Polygon","coordinates":[[[73.88867790704096,18.54419190466452],[73.88867790704096,18.543922410079283],[73.88948639079666,18.543922410079283],[73.88948639079666,18.54419190466452],[73.88867790704096,18.54419190466452]]]}},{"type":"Feature","properties":{"class":1,"label":"Low","name":"Class 1 - 26","parameter":"Turbidity / TSS"},"geometry":{"type":"Polygon","coordinates":[[[73.96305841256606,18.54419190466452],[73.96305841256606,18.543922410079283],[73.96332790715128,18.543922410079283],[73.96332790715128,18.54419190466452],[73.96305841256606,18.54419190466452]]]}},{"type":"Feature","properties":{"class":1,"label":"Low","name":"Class 1 - 27","parameter":"Turbidity / TSS"},"geometry":{"type":"Polygon","coordinates":[[[73.89245083123426,18.543922410079283],[73.89245083123426,18.543652915494047],[73.89325931498996,18.543652915494047],[73.89325931498996,18.543922410079283],[73.89245083123426,18.543922410079283]]]}},{"type":"Feature","properties":{"class":1,"label":"Low","name":"Class 1 - 28","parameter":"Turbidity / TSS"},"geometry":{"type":"Polygon","coordinates":[[[73.96359740173652,18.543922410079283],[73.96359740173652,18.543652915494047],[73.96386689632176,18.543652915494047],[73.96386689632176,18.543922410079283],[73.96359740173652,18.543922410079283]]]}},{"type":"Feature","properties":{"class":1,"label":"Low","name":"Class 1 - 29","parameter":"Turbidity / TSS"},"geometry":{"type":"Polygon","coordinates":[[[73.88086256406912,18.543652915494047],[73.88086256406912,18.54338342090881],[73.88274902616577,18.54338342090881],[73.88274902616577,18.543652915494047],[73.88086256406912,18.543652915494047]]]}},{"type":"Feature","properties":{"class":1,"label":"Low","name":"Class 1 - 30","parameter":"Turbidity / TSS"},"geometry":{"type":"Polygon","coordinates":[[[73.89218133664902,18.543652915494047],[73.89218133664902,18.54338342090881],[73.89245083123426,18.54338342090881],[73.89245083123426,18.543652915494047],[73.89218133664902,18.543652915494047]]]}},{"type":"Feature","properties":{"class":1,"label":"Low","name":"Class 1 - 31","parameter":"Turbidity / TSS"},"geometry":{"type":"Polygon","coordinates":[[[73.8935288095752,18.543652915494047],[73.8935288095752,18.54338342090881],[73.89379830416044,18.54338342090881],[73.89379830416044,18.543652915494047],[73.8935288095752,18.543652915494047]]]}},{"type":"Feature","properties":{"class":1,"label":"Low","name":"Class 1 - 32","parameter":"Turbidity / TSS"},"geometry":{"type":"Polygon","coordinates":[[[73.96413639090699,18.543652915494047],[73.96413639090699,18.54338342090881],[73.96467538007747,18.54338342090881],[73.96467538007747,18.543652915494047],[73.96413639090699,18.543652915494047]]]}},{"type":"Feature","properties":{"class":1,"label":"Low","name":"Class 1 - 33","parameter":"Turbidity / TSS"},"geometry":{"type":"Polygon","coordinates":[[[73.8800540803134,18.54338342090881],[73.8800540803134,18.543113926323574],[73.88059306948388,18.543113926323574],[73.88059306948388,18.54338342090881],[73.8800540803134,18.54338342090881]]]}},{"type":"Feature","properties":{"class":1,"label":"Low","name":"Class 1 - 34","parameter":"Turbidity / TSS"},"geometry":{"type":"Polygon","coordinates":[[[73.88571346660336,18.54338342090881],[73.88571346660336,18.543113926323574],[73.88652195035907,18.543113926323574],[73.88652195035907,18.54338342090881],[73.88571346660336,18.54338342090881]]]}},{"type":"Feature","properties":{"class":1,"label":"Low","name":"Class 1 - 35","parameter":"Turbidity / TSS"},"geometry":{"type":"Polygon","coordinates":[[[73.88706093952953,18.543652915494047],[73.88706093952953,18.54338342090881],[73.88679144494431,18.54338342090881],[73.88679144494431,18.543113926323574],[73.88733043411477,18.543113926323574],[73.88733043411477,18.54338342090881],[73.88759992870001,18.54338342090881],[73.88759992870001,18.543652915494047],[73.88706093952953,18.543652915494047]]]}},{"type":"Feature","properties":{"class":1,"label":"Low","name":"Class 1 - 36","parameter":"Turbidity / TSS"},"geometry":{"type":"Polygon","coordinates":[[[73.89137285289331,18.54338342090881],[73.89137285289331,18.543113926323574],[73.89164234747855,18.543113926323574],[73.89164234747855,18.54338342090881],[73.89137285289331,18.54338342090881]]]}},{"type":"Feature","properties":{"class":1,"label":"Low","name":"Class 1 - 37","parameter":"Turbidity / TSS"},"geometry":{"type":"Polygon","coordinates":[[[73.8943372933309,18.54338342090881],[73.8943372933309,18.543113926323574],[73.89460678791615,18.543113926323574],[73.89460678791615,18.54338342090881],[73.8943372933309,18.54338342090881]]]}},{"type":"Feature","properties":{"class":1,"label":"Low","name":"Class 1 - 38","parameter":"Turbidity / TSS"},"geometry":{"type":"Polygon","coordinates":[[[73.9649448746627,18.54338342090881],[73.9649448746627,18.543113926323574],[73.96521436924793,18.543113926323574],[73.96521436924793,18.54338342090881],[73.9649448746627,18.54338342090881]]]}},{"type":"Feature","properties":{"class":1,"label":"Low","name":"Class 1 - 39","parameter":"Turbidity / TSS"},"geometry":{"type":"Polygon","coordinates":[[[73.87816761821675,18.543113926323574],[73.87816761821675,18.54284443173834],[73.87951509114293,18.54284443173834],[73.87951509114293,18.543113926323574],[73.87816761821675,18.543113926323574]]]}},{"type":"Feature","properties":{"class":1,"label":"Low","name":"Class 1 - 40","parameter":"Turbidity / TSS"},"geometry":{"type":"Polygon","coordinates":[[[73.89245083123426,18.543113926323574],[73.89245083123426,18.54284443173834],[73.89298982040472,18.54284443173834],[73.89298982040472,18.543113926323574],[73.89245083123426,18.543113926323574]]]}},{"type":"Feature","properties":{"class":1,"label":"Low","name":"Class 1 - 41","parameter":"Turbidity / TSS"},"geometry":{"type":"Polygon","coordinates":[[[73.89460678791615,18.543113926323574],[73.89460678791615,18.54284443173834],[73.89487628250137,18.54284443173834],[73.89487628250137,18.543113926323574],[73.89460678791615,18.543113926323574]]]}},{"type":"Feature","properties":{"class":1,"label":"Low","name":"Class 1 - 42","parameter":"Turbidity / TSS"},"geometry":{"type":"Polygon","coordinates":[[[73.87735913446105,18.54284443173834],[73.87735913446105,18.542574937153105],[73.87762862904628,18.542574937153105],[73.87762862904628,18.54284443173834],[73.87735913446105,18.54284443173834]]]}},{"type":"Feature","properties":{"class":1,"label":"Low","name":"Class 1 - 43","parameter":"Turbidity / TSS"},"geometry":{"type":"Polygon","coordinates":[[[73.88274902616577,18.543113926323574],[73.88274902616577,18.54284443173834],[73.88194054241005,18.54284443173834],[73.88194054241005,18.542574937153105],[73.88328801533623,18.542574937153105],[73.88328801533623,18.543113926323574],[73.88274902616577,18.543113926323574]]]}},{"type":"Feature","properties":{"class":1,"label":"Low","name":"Class 1 - 44","parameter":"Turbidity / TSS"},"geometry":{"type":"Polygon","coordinates":[[[73.8943372933309,18.54284443173834],[73.8943372933309,18.542574937153105],[73.89460678791615,18.542574937153105],[73.89460678791615,18.54284443173834],[73.8943372933309,18.54284443173834]]]}},{"type":"Feature","properties":{"class":1,"label":"Low","name":"Class 1 - 45","parameter":"Turbidity / TSS"},"geometry":{"type":"Polygon","coordinates":[[[73.8964932500128,18.54284443173834],[73.8964932500128,18.542574937153105],[73.89703223918326,18.542574937153105],[73.89703223918326,18.54284443173834],[73.8964932500128,18.54284443173834]]]}},{"type":"Feature","properties":{"class":1,"label":"Low","name":"Class 1 - 46","parameter":"Turbidity / TSS"},"geometry":{"type":"Polygon","coordinates":[[[73.8770896398758,18.542574937153105],[73.8770896398758,18.54230544256787],[73.87735913446105,18.54230544256787],[73.87735913446105,18.542574937153105],[73.8770896398758,18.542574937153105]]]}},{"type":"Feature","properties":{"class":1,"label":"Low","name":"Class 1 - 47","parameter":"Turbidity / TSS"},"geometry":{"type":"Polygon","coordinates":[[[73.88032357489864,18.542574937153105],[73.88032357489864,18.54230544256787],[73.88059306948388,18.54230544256787],[73.88059306948388,18.542574937153105],[73.88032357489864,18.542574937153105]]]}},{"type":"Feature","properties":{"class":1,"label":"Low","name":"Class 1 - 48","parameter":"Turbidity / TSS"},"geometry":{"type":"Polygon","coordinates":[[[73.88167104782482,18.542574937153105],[73.88167104782482,18.54230544256787],[73.88194054241005,18.54230544256787],[73.88194054241005,18.542574937153105],[73.88167104782482,18.542574937153105]]]}},{"type":"Feature","properties":{"class":1,"label":"Low","name":"Class 1 - 49","parameter":"Turbidity / TSS"},"geometry":{"type":"Polygon","coordinates":[[[73.87520317777916,18.54230544256787],[73.87520317777916,18.542035947982633],[73.87682014529058,18.542035947982633],[73.87682014529058,18.54230544256787],[73.87520317777916,18.54230544256787]]]}},{"type":"Feature","properties":{"class":1,"label":"Low","name":"Class 1 - 50","parameter":"Turbidity / TSS"},"geometry":{"type":"Polygon","coordinates":[[[73.87843711280199,18.54230544256787],[73.87843711280199,18.542035947982633],[73.8800540803134,18.542035947982633],[73.8800540803134,18.54230544256787],[73.87843711280199,18.54230544256787]]]}},{"type":"Feature","properties":{"class":1,"label":"Low","name":"Class 1 - 51","parameter":"Turbidity / TSS"},"geometry":{"type":"Polygon","coordinates":[[[73.89784072293897,18.54230544256787],[73.89784072293897,18.542035947982633],[73.89837971210945,18.542035947982633],[73.89837971210945,18.54230544256787],[73.89784072293897,18.54230544256787]]]}},{"type":"Feature","properties":{"class":1,"label":"Low","name":"Class 1 - 52","parameter":"Turbidity / TSS"},"geometry":{"type":"Polygon","coordinates":[[[73.87466418860869,18.541766453397397],[73.87466418860869,18.54149695881216],[73.87493368319393,18.54149695881216],[73.87493368319393,18.541766453397397],[73.87466418860869,18.541766453397397]]]}},{"type":"Feature","properties":{"class":1,"label":"Low","name":"Class 1 - 53","parameter":"Turbidity / TSS"},"geometry":{"type":"Polygon","coordinates":[[[73.90134415254704,18.541766453397397],[73.90134415254704,18.54149695881216],[73.90215263630274,18.54149695881216],[73.90215263630274,18.541766453397397],[73.90134415254704,18.541766453397397]]]}},{"type":"Feature","properties":{"class":1,"label":"Low","name":"Class 1 - 54","parameter":"Turbidity / TSS"},"geometry":{"type":"Polygon","coordinates":[[[73.90592556049604,18.541766453397397],[73.90592556049604,18.54149695881216],[73.90619505508128,18.54149695881216],[73.90619505508128,18.541766453397397],[73.90592556049604,18.541766453397397]]]}},{"type":"Feature","properties":{"class":1,"label":"Low","name":"Class 1 - 55","parameter":"Turbidity / TSS"},"geometry":{"type":"Polygon","coordinates":[[[73.96359740173652,18.54473089383499],[73.96359740173652,18.544461399249755],[73.96332790715128,18.544461399249755],[73.96332790715128,18.54419190466452],[73.96413639090699,18.54419190466452],[73.96413639090699,18.543922410079283],[73.96467538007747,18.543922410079283],[73.96467538007747,18.543652915494047],[73.96521436924793,18.543652915494047],[73.96521436924793,18.54338342090881],[73.96548386383317,18.54338342090881],[73.96548386383317,18.543113926323574],[73.96575335841841,18.543113926323574],[73.96575335841841,18.54284443173834],[73.96683133675936,18.54284443173834],[73.96683133675936,18.543113926323574],[73.96710083134458,18.543113926323574],[73.96710083134458,18.54284443173834],[73.96737032592982,18.54284443173834],[73.96737032592982,18.543113926323574],[73.96817880968553,18.543113926323574],[73.96817880968553,18.54284443173834],[73.96844830427077,18.54284443173834],[73.96844830427077,18.542574937153105],[73.96898729344124,18.542574937153105],[73.96898729344124,18.54230544256787],[73.96979577719695,18.54230544256787],[73.96979577719695,18.542574937153105],[73.97006527178218,18.542574937153105],[73.97006527178218,18.542035947982633],[73.97033476636742,18.542035947982633],[73.97033476636742,18.541766453397397],[73.9708737555379,18.541766453397397],[73.9708737555379,18.542035947982633],[73.97141274470836,18.542035947982633],[73.97141274470836,18.541766453397397],[73.9716822392936,18.541766453397397],[73.9716822392936,18.541227464226925],[73.97276021763454,18.541227464226925],[73.97276021763454,18.54149695881216],[73.97302971221977,18.54149695881216],[73.97302971221977,18.541766453397397],[73.9724907230493,18.541766453397397],[73.9724907230493,18.542035947982633],[73.97222122846406,18.542035947982633],[73.97222122846406,18.54230544256787],[73.9716822392936,18.54230544256787],[73.9716822392936,18.542574937153105],[73.97114325012312,18.542574937153105],[73.97114325012312,18.54284443173834],[73.97060426095265,18.54284443173834],[73.97060426095265,18.543113926323574],[73.97006527178218,18.543113926323574],[73.97006527178218,18.54338342090881],[73.9679093151003,18.54338342090881],[73.9679093151003,18.543652915494047],[73.96683133675936,18.543652915494047],[73.96683133675936,18.543922410079283],[73.96602285300365,18.543922410079283],[73.96602285300365,18.54419190466452],[73.96575335841841,18.54419190466452],[73.96575335841841,18.544461399249755],[73.96413639090699,18.544461399249755],[73.96413639090699,18.54473089383499],[73.96359740173652,18.54473089383499]]]}},{"type":"Feature","properties":{"class":1,"label":"Low","name":"Class 1 - 56","parameter":"Turbidity / TSS"},"geometry":{"type":"Polygon","coordinates":[[[73.9431158132586,18.543922410079283],[73.9431158132586,18.543113926323574],[73.94257682408812,18.543113926323574],[73.94257682408812,18.542574937153105],[73.94230732950288,18.542574937153105],[73.94230732950288,18.542035947982633],[73.94203783491766,18.542035947982633],[73.94203783491766,18.541766453397397],[73.94230732950288,18.541766453397397],[73.94230732950288,18.541227464226925],[73.94257682408812,18.541227464226925],[73.94257682408812,18.54149695881216],[73.94284631867336,18.54149695881216],[73.94284631867336,18.541227464226925],[73.9431158132586,18.541227464226925],[73.9431158132586,18.542035947982633],[73.94338530784383,18.542035947982633],[73.94338530784383,18.542574937153105],[73.94365480242907,18.542574937153105],[73.94365480242907,18.54284443173834],[73.9439242970143,18.54284443173834],[73.9439242970143,18.543922410079283],[73.9431158132586,18.543922410079283]]]}},{"type":"Feature","properties":{"class":1,"label":"Low","name":"Class 1 - 57","parameter":"Turbidity / TSS"},"geometry":{"type":"Polygon","coordinates":[[[73.89999667962086,18.541766453397397],[73.89999667962086,18.541227464226925],[73.9002661742061,18.541227464226925],[73.9002661742061,18.54149695881216],[73.9010746579618,18.54149695881216],[73.9010746579618,18.541766453397397],[73.89999667962086,18.541766453397397]]]}},{"type":"Feature","properties":{"class":1,"label":"Low","name":"Class 1 - 58","parameter":"Turbidity / TSS"},"geometry":{"type":"Polygon","coordinates":[[[73.87601166153486,18.54149695881216],[73.87601166153486,18.541227464226925],[73.87682014529058,18.541227464226925],[73.87682014529058,18.54149695881216],[73.87601166153486,18.54149695881216]]]}},{"type":"Feature","properties":{"class":1,"label":"Low","name":"Class 1 - 59","parameter":"Turbidity / TSS"},"geometry":{"type":"Polygon","coordinates":[[[73.90619505508128,18.54149695881216],[73.90619505508128,18.541227464226925],[73.90673404425175,18.541227464226925],[73.90673404425175,18.54149695881216],[73.90619505508128,18.54149695881216]]]}},{"type":"Feature","properties":{"class":1,"label":"Low","name":"Class 1 - 60","parameter":"Turbidity / TSS"},"geometry":{"type":"Polygon","coordinates":[[[73.87304722109727,18.541227464226925],[73.87304722109727,18.54095796964169],[73.8733167156825,18.54095796964169],[73.8733167156825,18.541227464226925],[73.87304722109727,18.541227464226925]]]}},{"type":"Feature","properties":{"class":1,"label":"Low","name":"Class 1 - 61","parameter":"Turbidity / TSS"},"geometry":{"type":"Polygon","coordinates":[[[73.90889000093364,18.541227464226925],[73.90889000093364,18.54095796964169],[73.90915949551888,18.54095796964169],[73.90915949551888,18.541227464226925],[73.90889000093364,18.541227464226925]]]}},{"type":"Feature","properties":{"class":1,"label":"Low","name":"Class 1 - 62","parameter":"Turbidity / TSS"},"geometry":{"type":"Polygon","coordinates":[[[73.94203783491766,18.541227464226925],[73.94203783491766,18.54095796964169],[73.94230732950288,18.54095796964169],[73.94230732950288,18.541227464226925],[73.94203783491766,18.541227464226925]]]}},{"type":"Feature","properties":{"class":1,"label":"Low","name":"Class 1 - 63","parameter":"Turbidity / TSS"},"geometry":{"type":"Polygon","coordinates":[[[73.87439469402345,18.54095796964169],[73.87439469402345,18.540688475056452],[73.87466418860869,18.540688475056452],[73.87466418860869,18.54095796964169],[73.87439469402345,18.54095796964169]]]}},{"type":"Feature","properties":{"class":1,"label":"Low","name":"Class 1 - 64","parameter":"Turbidity / TSS"},"geometry":{"type":"Polygon","coordinates":[[[73.90619505508128,18.54095796964169],[73.90619505508128,18.540688475056452],[73.90727303342223,18.540688475056452],[73.90727303342223,18.54095796964169],[73.90619505508128,18.54095796964169]]]}},{"type":"Feature","properties":{"class":1,"label":"Low","name":"Class 1 - 65","parameter":"Turbidity / TSS"},"geometry":{"type":"Polygon","coordinates":[[[73.8716997481711,18.540688475056452],[73.8716997481711,18.540418980471216],[73.87223873734156,18.540418980471216],[73.87223873734156,18.540688475056452],[73.8716997481711,18.540688475056452]]]}},{"type":"Feature","properties":{"class":1,"label":"Low","name":"Class 1 - 66","parameter":"Turbidity / TSS"},"geometry":{"type":"Polygon","coordinates":[[[73.90915949551888,18.540688475056452],[73.90915949551888,18.540418980471216],[73.90942899010412,18.540418980471216],[73.90942899010412,18.540688475056452],[73.90915949551888,18.540688475056452]]]}},{"type":"Feature","properties":{"class":1,"label":"Low","name":"Class 1 - 67","parameter":"Turbidity / TSS"},"geometry":{"type":"Polygon","coordinates":[[[73.91185444137123,18.540418980471216],[73.91185444137123,18.54014948588598],[73.91320191429742,18.54014948588598],[73.91320191429742,18.540418980471216],[73.91185444137123,18.540418980471216]]]}},{"type":"Feature","properties":{"class":1,"label":"Low","name":"Class 1 - 68","parameter":"Turbidity / TSS"},"geometry":{"type":"Polygon","coordinates":[[[73.91347140888266,18.540418980471216],[73.91347140888266,18.54014948588598],[73.91374090346788,18.54014948588598],[73.91374090346788,18.540418980471216],[73.91347140888266,18.540418980471216]]]}},{"type":"Feature","properties":{"class":1,"label":"Low","name":"Class 1 - 69","parameter":"Turbidity / TSS"},"geometry":{"type":"Polygon","coordinates":[[[73.86981328607445,18.54014948588598],[73.86981328607445,18.539879991300747],[73.87008278065967,18.539879991300747],[73.87008278065967,18.54014948588598],[73.86981328607445,18.54014948588598]]]}},{"type":"Feature","properties":{"class":1,"label":"Low","name":"Class 1 - 70","parameter":"Turbidity / TSS"},"geometry":{"type":"Polygon","coordinates":[[[73.86900480231874,18.539879991300747],[73.86900480231874,18.53961049671551],[73.8695437914892,18.53961049671551],[73.8695437914892,18.539879991300747],[73.86900480231874,18.539879991300747]]]}},{"type":"Feature","properties":{"class":1,"label":"Low","name":"Class 1 - 71","parameter":"Turbidity / TSS"},"geometry":{"type":"Polygon","coordinates":[[[73.87035227524491,18.54014948588598],[73.87035227524491,18.539879991300747],[73.87008278065967,18.539879991300747],[73.87008278065967,18.53961049671551],[73.87089126441539,18.53961049671551],[73.87089126441539,18.54014948588598],[73.87035227524491,18.54014948588598]]]}},{"type":"Feature","properties":{"class":1,"label":"Low","name":"Class 1 - 72","parameter":"Turbidity / TSS"},"geometry":{"type":"Polygon","coordinates":[[[73.87143025358586,18.539879991300747],[73.87143025358586,18.53961049671551],[73.8716997481711,18.53961049671551],[73.8716997481711,18.539879991300747],[73.87143025358586,18.539879991300747]]]}},{"type":"Feature","properties":{"class":1,"label":"Low","name":"Class 1 - 73","parameter":"Turbidity / TSS"},"geometry":{"type":"Polygon","coordinates":[[[73.86765732939256,18.53961049671551],[73.86765732939256,18.539341002130275],[73.8687353077335,18.539341002130275],[73.8687353077335,18.53961049671551],[73.86765732939256,18.53961049671551]]]}},{"type":"Feature","properties":{"class":1,"label":"Low","name":"Class 1 - 74","parameter":"Turbidity / TSS"},"geometry":{"type":"Polygon","coordinates":[[[73.8695437914892,18.53961049671551],[73.8695437914892,18.539341002130275],[73.86981328607445,18.539341002130275],[73.86981328607445,18.53961049671551],[73.8695437914892,18.53961049671551]]]}},{"type":"Feature","properties":{"class":1,"label":"Low","name":"Class 1 - 75","parameter":"Turbidity / TSS"},"geometry":{"type":"Polygon","coordinates":[[[73.91427989263836,18.539879991300747],[73.91427989263836,18.53961049671551],[73.91401039805312,18.53961049671551],[73.91401039805312,18.539341002130275],[73.9145493872236,18.539341002130275],[73.9145493872236,18.53961049671551],[73.91508837639407,18.53961049671551],[73.91508837639407,18.539879991300747],[73.91427989263836,18.539879991300747]]]}},{"type":"Feature","properties":{"class":1,"label":"Low","name":"Class 1 - 76","parameter":"Turbidity / TSS"},"geometry":{"type":"Polygon","coordinates":[[[73.91508837639407,18.53961049671551],[73.91508837639407,18.539341002130275],[73.91562736556453,18.539341002130275],[73.91562736556453,18.53961049671551],[73.91508837639407,18.53961049671551]]]}},{"type":"Feature","properties":{"class":1,"label":"Low","name":"Class 1 - 77","parameter":"Turbidity / TSS"},"geometry":{"type":"Polygon","coordinates":[[[73.97302971221977,18.541227464226925],[73.97302971221977,18.54095796964169],[73.97276021763454,18.54095796964169],[73.97276021763454,18.540688475056452],[73.97302971221977,18.540688475056452],[73.97302971221977,18.540418980471216],[73.97329920680501,18.540418980471216],[73.97329920680501,18.539879991300747],[73.97356870139025,18.539879991300747],[73.97356870139025,18.539341002130275],[73.97383819597549,18.539341002130275],[73.97383819597549,18.53961049671551],[73.97410769056071,18.53961049671551],[73.97410769056071,18.539341002130275],[73.97437718514595,18.539341002130275],[73.97437718514595,18.53907150754504],[73.9746466797312,18.53907150754504],[73.9746466797312,18.53961049671551],[73.97437718514595,18.53961049671551],[73.97437718514595,18.539879991300747],[73.97410769056071,18.539879991300747],[73.97410769056071,18.54014948588598],[73.97383819597549,18.54014948588598],[73.97383819597549,18.540418980471216],[73.97356870139025,18.540418980471216],[73.97356870139025,18.540688475056452],[73.97329920680501,18.540688475056452],[73.97329920680501,18.541227464226925],[73.97302971221977,18.541227464226925]]]}},{"type":"Feature","properties":{"class":1,"label":"Low","name":"Class 1 - 78","parameter":"Turbidity / TSS"},"geometry":{"type":"Polygon","coordinates":[[[73.86738783480732,18.539341002130275],[73.86738783480732,18.53907150754504],[73.86765732939256,18.53907150754504],[73.86765732939256,18.539341002130275],[73.86738783480732,18.539341002130275]]]}},{"type":"Feature","properties":{"class":1,"label":"Low","name":"Class 1 - 79","parameter":"Turbidity / TSS"},"geometry":{"type":"Polygon","coordinates":[[[73.8687353077335,18.539341002130275],[73.8687353077335,18.53907150754504],[73.86927429690397,18.53907150754504],[73.86927429690397,18.539341002130275],[73.8687353077335,18.539341002130275]]]}},{"type":"Feature","properties":{"class":1,"label":"Low","name":"Class 1 - 80","parameter":"Turbidity / TSS"},"geometry":{"type":"Polygon","coordinates":[[[73.91697483849072,18.539341002130275],[73.91697483849072,18.53907150754504],[73.91724433307596,18.53907150754504],[73.91724433307596,18.539341002130275],[73.91697483849072,18.539341002130275]]]}},{"type":"Feature","properties":{"class":1,"label":"Low","name":"Class 1 - 81","parameter":"Turbidity / TSS"},"geometry":{"type":"Polygon","coordinates":[[[73.9175138276612,18.539341002130275],[73.9175138276612,18.538802012959803],[73.91993927892831,18.538802012959803],[73.91993927892831,18.53907150754504],[73.91859180600213,18.53907150754504],[73.91859180600213,18.539341002130275],[73.9175138276612,18.539341002130275]]]}},{"type":"Feature","properties":{"class":1,"label":"Low","name":"Class 1 - 82","parameter":"Turbidity / TSS"},"geometry":{"type":"Polygon","coordinates":[[[73.92452068687732,18.53907150754504],[73.92452068687732,18.538802012959803],[73.92479018146255,18.538802012959803],[73.92479018146255,18.53907150754504],[73.92452068687732,18.53907150754504]]]}},{"type":"Feature","properties":{"class":1,"label":"Low","name":"Class 1 - 83","parameter":"Turbidity / TSS"},"geometry":{"type":"Polygon","coordinates":[[[73.9746466797312,18.53907150754504],[73.9746466797312,18.538802012959803],[73.97491617431643,18.538802012959803],[73.97491617431643,18.53907150754504],[73.9746466797312,18.53907150754504]]]}},{"type":"Feature","properties":{"class":1,"label":"Low","name":"Class 1 - 84","parameter":"Turbidity / TSS"},"geometry":{"type":"Polygon","coordinates":[[[73.97383819597549,18.539341002130275],[73.97383819597549,18.538532518374566],[73.97410769056071,18.538532518374566],[73.97410769056071,18.539341002130275],[73.97383819597549,18.539341002130275]]]}},{"type":"Feature","properties":{"class":1,"label":"Low","name":"Class 1 - 85","parameter":"Turbidity / TSS"},"geometry":{"type":"Polygon","coordinates":[[[73.86657935105161,18.53907150754504],[73.86657935105161,18.538802012959803],[73.86684884563685,18.538802012959803],[73.86684884563685,18.538532518374566],[73.8679268239778,18.538532518374566],[73.8679268239778,18.538802012959803],[73.86711834022208,18.538802012959803],[73.86711834022208,18.53907150754504],[73.86657935105161,18.53907150754504]]]}},{"type":"Feature","properties":{"class":1,"label":"Low","name":"Class 1 - 86","parameter":"Turbidity / TSS"},"geometry":{"type":"Polygon","coordinates":[[[73.86630985646637,18.538802012959803],[73.86630985646637,18.538532518374566],[73.86657935105161,18.538532518374566],[73.86657935105161,18.538802012959803],[73.86630985646637,18.538802012959803]]]}},{"type":"Feature","properties":{"class":1,"label":"Low","name":"Class 1 - 87","parameter":"Turbidity / TSS"},"geometry":{"type":"Polygon","coordinates":[[[73.92074776268402,18.538802012959803],[73.92074776268402,18.538532518374566],[73.92101725726926,18.538532518374566],[73.92101725726926,18.538802012959803],[73.92074776268402,18.538802012959803]]]}},{"type":"Feature","properties":{"class":1,"label":"Low","name":"Class 1 - 88","parameter":"Turbidity / TSS"},"geometry":{"type":"Polygon","coordinates":[[[73.92155624643972,18.538802012959803],[73.92155624643972,18.538532518374566],[73.92182574102496,18.538532518374566],[73.92182574102496,18.538802012959803],[73.92155624643972,18.538802012959803]]]}},{"type":"Feature","properties":{"class":1,"label":"Low","name":"Class 1 - 89","parameter":"Turbidity / TSS"},"geometry":{"type":"Polygon","coordinates":[[[73.9220952356102,18.538802012959803],[73.9220952356102,18.538532518374566],[73.92263422478067,18.538532518374566],[73.92263422478067,18.538802012959803],[73.9220952356102,18.538802012959803]]]}},{"type":"Feature","properties":{"class":1,"label":"Low","name":"Class 1 - 90","parameter":"Turbidity / TSS"},"geometry":{"type":"Polygon","coordinates":[[[73.86604036188115,18.538532518374566],[73.86604036188115,18.53826302378933],[73.86630985646637,18.53826302378933],[73.86630985646637,18.538532518374566],[73.86604036188115,18.538532518374566]]]}},{"type":"Feature","properties":{"class":1,"label":"Low","name":"Class 1 - 91","parameter":"Turbidity / TSS"},"geometry":{"type":"Polygon","coordinates":[[[73.92074776268402,18.539341002130275],[73.92074776268402,18.53907150754504],[73.92344270853638,18.53907150754504],[73.92344270853638,18.538532518374566],[73.92317321395115,18.538532518374566],[73.92317321395115,18.53826302378933],[73.92398169770685,18.53826302378933],[73.92398169770685,18.538532518374566],[73.92371220312161,18.538532518374566],[73.92371220312161,18.53907150754504],[73.92398169770685,18.53907150754504],[73.92398169770685,18.539341002130275],[73.92074776268402,18.539341002130275]]]}},{"type":"Feature","properties":{"class":1,"label":"Low","name":"Class 1 - 92","parameter":"Turbidity / TSS"},"geometry":{"type":"Polygon","coordinates":[[[73.97410769056071,18.538532518374566],[73.97410769056071,18.53826302378933],[73.97437718514595,18.53826302378933],[73.97437718514595,18.538532518374566],[73.97410769056071,18.538532518374566]]]}},{"type":"Feature","properties":{"class":1,"label":"Low","name":"Class 1 - 93","parameter":"Turbidity / TSS"},"geometry":{"type":"Polygon","coordinates":[[[73.92559866521826,18.538802012959803],[73.92559866521826,18.538532518374566],[73.92640714897398,18.538532518374566],[73.92640714897398,18.53826302378933],[73.9266766435592,18.53826302378933],[73.9266766435592,18.537993529204094],[73.92694613814444,18.537993529204094],[73.92694613814444,18.53826302378933],[73.92721563272968,18.53826302378933],[73.92721563272968,18.538532518374566],[73.9266766435592,18.538532518374566],[73.9266766435592,18.538802012959803],[73.92559866521826,18.538802012959803]]]}},{"type":"Feature","properties":{"class":1,"label":"Low","name":"Class 1 - 94","parameter":"Turbidity / TSS"},"geometry":{"type":"Polygon","coordinates":[[[73.94149884574718,18.54095796964169],[73.94149884574718,18.540418980471216],[73.94122935116195,18.540418980471216],[73.94122935116195,18.53961049671551],[73.94095985657671,18.53961049671551],[73.94095985657671,18.539341002130275],[73.94069036199147,18.539341002130275],[73.94069036199147,18.538532518374566],[73.94042086740623,18.538532518374566],[73.94042086740623,18.53826302378933],[73.94069036199147,18.53826302378933],[73.94069036199147,18.537993529204094],[73.94095985657671,18.537993529204094],[73.94095985657671,18.538532518374566],[73.94122935116195,18.538532518374566],[73.94122935116195,18.538802012959803],[73.94149884574718,18.538802012959803],[73.94149884574718,18.538532518374566],[73.94176834033242,18.538532518374566],[73.94176834033242,18.538802012959803],[73.94203783491766,18.538802012959803],[73.94203783491766,18.539341002130275],[73.94176834033242,18.539341002130275],[73.94176834033242,18.539879991300747],[73.94203783491766,18.539879991300747],[73.94203783491766,18.53961049671551],[73.94230732950288,18.53961049671551],[73.94230732950288,18.54014948588598],[73.94257682408812,18.54014948588598],[73.94257682408812,18.540688475056452],[73.94176834033242,18.540688475056452],[73.94176834033242,18.54095796964169],[73.94149884574718,18.54095796964169]]]}},{"type":"Feature","properties":{"class":1,"label":"Low","name":"Class 1 - 95","parameter":"Turbidity / TSS"},"geometry":{"type":"Polygon","coordinates":[[[73.94122935116195,18.538532518374566],[73.94122935116195,18.537993529204094],[73.94149884574718,18.537993529204094],[73.94149884574718,18.538532518374566],[73.94122935116195,18.538532518374566]]]}},{"type":"Feature","properties":{"class":1,"label":"Low","name":"Class 1 - 96","parameter":"Turbidity / TSS"},"geometry":{"type":"Polygon","coordinates":[[[73.86630985646637,18.53826302378933],[73.86630985646637,18.537993529204094],[73.86657935105161,18.537993529204094],[73.86657935105161,18.53826302378933],[73.86630985646637,18.53826302378933]]]}},{"type":"Feature","properties":{"class":1,"label":"Low","name":"Class 1 - 97","parameter":"Turbidity / TSS"},"geometry":{"type":"Polygon","coordinates":[[[73.92479018146255,18.53826302378933],[73.92479018146255,18.537993529204094],[73.9250596760478,18.537993529204094],[73.9250596760478,18.53826302378933],[73.92479018146255,18.53826302378933]]]}},{"type":"Feature","properties":{"class":1,"label":"Low","name":"Class 1 - 98","parameter":"Turbidity / TSS"},"geometry":{"type":"Polygon","coordinates":[[[73.92559866521826,18.53826302378933],[73.92559866521826,18.537993529204094],[73.9258681598035,18.537993529204094],[73.9258681598035,18.53826302378933],[73.92559866521826,18.53826302378933]]]}},{"type":"Feature","properties":{"class":1,"label":"Low","name":"Class 1 - 99","parameter":"Turbidity / TSS"},"geometry":{"type":"Polygon","coordinates":[[[73.97437718514595,18.53826302378933],[73.97437718514595,18.537724034618858],[73.9746466797312,18.537724034618858],[73.9746466797312,18.53826302378933],[73.97437718514595,18.53826302378933]]]}},{"type":"Feature","properties":{"class":1,"label":"Low","name":"Class 1 - 100","parameter":"Turbidity / TSS"},"geometry":{"type":"Polygon","coordinates":[[[73.92613765438874,18.537993529204094],[73.92613765438874,18.537724034618858],[73.92640714897398,18.537724034618858],[73.92640714897398,18.537993529204094],[73.92613765438874,18.537993529204094]]]}},{"type":"Feature","properties":{"class":1,"label":"Low","name":"Class 1 - 101","parameter":"Turbidity / TSS"},"geometry":{"type":"Polygon","coordinates":[[[73.92856310565585,18.537993529204094],[73.92856310565585,18.537724034618858],[73.92937158941157,18.537724034618858],[73.92937158941157,18.537993529204094],[73.92856310565585,18.537993529204094]]]}},{"type":"Feature","properties":{"class":1,"label":"Low","name":"Class 1 - 102","parameter":"Turbidity / TSS"},"geometry":{"type":"Polygon","coordinates":[[[73.86577086729591,18.53826302378933],[73.86577086729591,18.53745454003362],[73.86604036188115,18.53745454003362],[73.86604036188115,18.537724034618858],[73.86630985646637,18.537724034618858],[73.86630985646637,18.537993529204094],[73.86604036188115,18.537993529204094],[73.86604036188115,18.53826302378933],[73.86577086729591,18.53826302378933]]]}},{"type":"Feature","properties":{"class":1,"label":"Low","name":"Class 1 - 103","parameter":"Turbidity / TSS"},"geometry":{"type":"Polygon","coordinates":[[[73.94095985657671,18.537993529204094],[73.94095985657671,18.53745454003362],[73.94122935116195,18.53745454003362],[73.94122935116195,18.537993529204094],[73.94095985657671,18.537993529204094]]]}},{"type":"Feature","properties":{"class":1,"label":"Low","name":"Class 1 - 104","parameter":"Turbidity / TSS"},"geometry":{"type":"Polygon","coordinates":[[[73.86469288895496,18.537724034618858],[73.86469288895496,18.53745454003362],[73.8649623835402,18.53745454003362],[73.8649623835402,18.537724034618858],[73.86469288895496,18.537724034618858]]]}},{"type":"Feature","properties":{"class":1,"label":"Low","name":"Class 1 - 105","parameter":"Turbidity / TSS"},"geometry":{"type":"Polygon","coordinates":[[[73.92748512731491,18.53826302378933],[73.92748512731491,18.537724034618858],[73.92721563272968,18.537724034618858],[73.92721563272968,18.53745454003362],[73.92775462190015,18.53745454003362],[73.92775462190015,18.537993529204094],[73.92802411648539,18.537993529204094],[73.92802411648539,18.53826302378933],[73.92748512731491,18.53826302378933]]]}},{"type":"Feature","properties":{"class":1,"label":"Low","name":"Class 1 - 106","parameter":"Turbidity / TSS"},"geometry":{"type":"Polygon","coordinates":[[[73.86523187812543,18.53745454003362],[73.86523187812543,18.537185045448386],[73.86577086729591,18.537185045448386],[73.86577086729591,18.53745454003362],[73.86523187812543,18.53745454003362]]]}},{"type":"Feature","properties":{"class":1,"label":"Low","name":"Class 1 - 107","parameter":"Turbidity / TSS"},"geometry":{"type":"Polygon","coordinates":[[[73.92802411648539,18.53745454003362],[73.92802411648539,18.537185045448386],[73.92856310565585,18.537185045448386],[73.92856310565585,18.53745454003362],[73.92802411648539,18.53745454003362]]]}},{"type":"Feature","properties":{"class":1,"label":"Low","name":"Class 1 - 108","parameter":"Turbidity / TSS"},"geometry":{"type":"Polygon","coordinates":[[[73.93018007316728,18.53745454003362],[73.93018007316728,18.537185045448386],[73.9304495677525,18.537185045448386],[73.9304495677525,18.53745454003362],[73.93018007316728,18.53745454003362]]]}},{"type":"Feature","properties":{"class":1,"label":"Low","name":"Class 1 - 109","parameter":"Turbidity / TSS"},"geometry":{"type":"Polygon","coordinates":[[[73.940151372821,18.53826302378933],[73.940151372821,18.53745454003362],[73.93961238365053,18.53745454003362],[73.93961238365053,18.53691555086315],[73.93988187823577,18.53691555086315],[73.93988187823577,18.537185045448386],[73.94042086740623,18.537185045448386],[73.94042086740623,18.537724034618858],[73.94069036199147,18.537724034618858],[73.94069036199147,18.537993529204094],[73.94042086740623,18.537993529204094],[73.94042086740623,18.53826302378933],[73.940151372821,18.53826302378933]]]}},{"type":"Feature","properties":{"class":1,"label":"Low","name":"Class 1 - 110","parameter":"Turbidity / TSS"},"geometry":{"type":"Polygon","coordinates":[[[73.9288326002411,18.537185045448386],[73.9288326002411,18.53691555086315],[73.92910209482633,18.53691555086315],[73.92910209482633,18.537185045448386],[73.9288326002411,18.537185045448386]]]}},{"type":"Feature","properties":{"class":1,"label":"Low","name":"Class 1 - 111","parameter":"Turbidity / TSS"},"geometry":{"type":"Polygon","coordinates":[[[73.92937158941157,18.537185045448386],[73.92937158941157,18.53691555086315],[73.9296410839968,18.53691555086315],[73.9296410839968,18.537185045448386],[73.92937158941157,18.537185045448386]]]}},{"type":"Feature","properties":{"class":1,"label":"Low","name":"Class 1 - 112","parameter":"Turbidity / TSS"},"geometry":{"type":"Polygon","coordinates":[[[73.93233602984917,18.53691555086315],[73.93233602984917,18.536646056277917],[73.93368350277534,18.536646056277917],[73.93368350277534,18.53691555086315],[73.93233602984917,18.53691555086315]]]}},{"type":"Feature","properties":{"class":1,"label":"Low","name":"Class 1 - 113","parameter":"Turbidity / TSS"},"geometry":{"type":"Polygon","coordinates":[[[73.93880389989482,18.53691555086315],[73.93880389989482,18.536646056277917],[73.93934288906529,18.536646056277917],[73.93934288906529,18.53691555086315],[73.93880389989482,18.53691555086315]]]}},{"type":"Feature","properties":{"class":1,"label":"Low","name":"Class 1 - 114","parameter":"Turbidity / TSS"},"geometry":{"type":"Polygon","coordinates":[[[73.94042086740623,18.53691555086315],[73.94042086740623,18.536646056277917],[73.94069036199147,18.536646056277917],[73.94069036199147,18.53691555086315],[73.94042086740623,18.53691555086315]]]}},{"type":"Feature","properties":{"class":1,"label":"Low","name":"Class 1 - 115","parameter":"Turbidity / TSS"},"geometry":{"type":"Polygon","coordinates":[[[73.92991057858204,18.536646056277917],[73.92991057858204,18.53637656169268],[73.9304495677525,18.53637656169268],[73.9304495677525,18.536646056277917],[73.92991057858204,18.536646056277917]]]}},{"type":"Feature","properties":{"class":1,"label":"Low","name":"Class 1 - 116","parameter":"Turbidity / TSS"},"geometry":{"type":"Polygon","coordinates":[[[73.93098855692298,18.536646056277917],[73.93098855692298,18.53637656169268],[73.93125805150822,18.53637656169268],[73.93125805150822,18.536646056277917],[73.93098855692298,18.536646056277917]]]}},{"type":"Feature","properties":{"class":1,"label":"Low","name":"Class 1 - 117","parameter":"Turbidity / TSS"},"geometry":{"type":"Polygon","coordinates":[[[73.93449198653104,18.536646056277917],[73.93449198653104,18.53637656169268],[73.93476148111628,18.53637656169268],[73.93476148111628,18.536646056277917],[73.93449198653104,18.536646056277917]]]}},{"type":"Feature","properties":{"class":1,"label":"Low","name":"Class 1 - 118","parameter":"Turbidity / TSS"},"geometry":{"type":"Polygon","coordinates":[[[73.93530047028676,18.536646056277917],[73.93530047028676,18.53637656169268],[73.93556996487199,18.53637656169268],[73.93556996487199,18.536646056277917],[73.93530047028676,18.536646056277917]]]}},{"type":"Feature","properties":{"class":1,"label":"Low","name":"Class 1 - 119","parameter":"Turbidity / TSS"},"geometry":{"type":"Polygon","coordinates":[[[73.93826491072436,18.536646056277917],[73.93826491072436,18.53637656169268],[73.93880389989482,18.53637656169268],[73.93880389989482,18.536646056277917],[73.93826491072436,18.536646056277917]]]}},{"type":"Feature","properties":{"class":1,"label":"Low","name":"Class 1 - 120","parameter":"Turbidity / TSS"},"geometry":{"type":"Polygon","coordinates":[[[73.940151372821,18.536646056277917],[73.940151372821,18.53637656169268],[73.94042086740623,18.53637656169268],[73.94042086740623,18.536646056277917],[73.940151372821,18.536646056277917]]]}},{"type":"Feature","properties":{"class":1,"label":"Low","name":"Class 1 - 121","parameter":"Turbidity / TSS"},"geometry":{"type":"Polygon","coordinates":[[[73.9746466797312,18.53745454003362],[73.9746466797312,18.536107067107444],[73.97491617431643,18.536107067107444],[73.97491617431643,18.53745454003362],[73.9746466797312,18.53745454003362]]]}},{"type":"Feature","properties":{"class":1,"label":"Low","name":"Class 1 - 122","parameter":"Turbidity / TSS"},"geometry":{"type":"Polygon","coordinates":[[[73.93556996487199,18.53637656169268],[73.93556996487199,18.536107067107444],[73.93799541613912,18.536107067107444],[73.93799541613912,18.53637656169268],[73.93556996487199,18.53637656169268]]]}},{"type":"Feature","properties":{"class":1,"label":"Low","name":"Class 1 - 123","parameter":"Turbidity / TSS"},"geometry":{"type":"Polygon","coordinates":[[[73.9326055244344,18.536107067107444],[73.9326055244344,18.535837572522208],[73.93314451360487,18.535837572522208],[73.93314451360487,18.536107067107444],[73.9326055244344,18.536107067107444]]]}},{"type":"Feature","properties":{"class":1,"label":"Low","name":"Class 1 - 124","parameter":"Turbidity / TSS"},"geometry":{"type":"Polygon","coordinates":[[[73.93988187823577,18.53637656169268],[73.93988187823577,18.536107067107444],[73.93961238365053,18.536107067107444],[73.93961238365053,18.535837572522208],[73.940151372821,18.535837572522208],[73.940151372821,18.53637656169268],[73.93988187823577,18.53637656169268]]]}},{"type":"Feature","properties":{"class":1,"label":"Low","name":"Class 1 - 125","parameter":"Turbidity / TSS"},"geometry":{"type":"Polygon","coordinates":[[[73.86415389978448,18.537185045448386],[73.86415389978448,18.535568077936972],[73.86442339436972,18.535568077936972],[73.86442339436972,18.535837572522208],[73.86469288895496,18.535837572522208],[73.86469288895496,18.536646056277917],[73.86523187812543,18.536646056277917],[73.86523187812543,18.53691555086315],[73.86442339436972,18.53691555086315],[73.86442339436972,18.537185045448386],[73.86415389978448,18.537185045448386]]]}},{"type":"Feature","properties":{"class":1,"label":"Low","name":"Class 1 - 126","parameter":"Turbidity / TSS"},"geometry":{"type":"Polygon","coordinates":[[[73.93422249194582,18.536107067107444],[73.93422249194582,18.535837572522208],[73.93449198653104,18.535837572522208],[73.93449198653104,18.535568077936972],[73.93476148111628,18.535568077936972],[73.93476148111628,18.536107067107444],[73.93422249194582,18.536107067107444]]]}},{"type":"Feature","properties":{"class":1,"label":"Low","name":"Class 1 - 127","parameter":"Turbidity / TSS"},"geometry":{"type":"Polygon","coordinates":[[[73.93934288906529,18.535837572522208],[73.93934288906529,18.535568077936972],[73.93961238365053,18.535568077936972],[73.93961238365053,18.535837572522208],[73.93934288906529,18.535837572522208]]]}},{"type":"Feature","properties":{"class":1,"label":"Low","name":"Class 1 - 128","parameter":"Turbidity / TSS"},"geometry":{"type":"Polygon","coordinates":[[[73.86361491061402,18.535568077936972],[73.86361491061402,18.535298583351736],[73.86388440519926,18.535298583351736],[73.86388440519926,18.535568077936972],[73.86361491061402,18.535568077936972]]]}},{"type":"Feature","properties":{"class":1,"label":"Low","name":"Class 1 - 129","parameter":"Turbidity / TSS"},"geometry":{"type":"Polygon","coordinates":[[[73.93476148111628,18.535568077936972],[73.93476148111628,18.535298583351736],[73.93503097570152,18.535298583351736],[73.93503097570152,18.535568077936972],[73.93476148111628,18.535568077936972]]]}},{"type":"Feature","properties":{"class":1,"label":"Low","name":"Class 1 - 130","parameter":"Turbidity / TSS"},"geometry":{"type":"Polygon","coordinates":[[[73.93853440530958,18.535568077936972],[73.93853440530958,18.535298583351736],[73.93907339448006,18.535298583351736],[73.93907339448006,18.535568077936972],[73.93853440530958,18.535568077936972]]]}},{"type":"Feature","properties":{"class":1,"label":"Low","name":"Class 1 - 131","parameter":"Turbidity / TSS"},"geometry":{"type":"Polygon","coordinates":[[[73.93691743779817,18.535298583351736],[73.93691743779817,18.5350290887665],[73.93745642696864,18.5350290887665],[73.93745642696864,18.535298583351736],[73.93691743779817,18.535298583351736]]]}},{"type":"Feature","properties":{"class":1,"label":"Low","name":"Class 1 - 132","parameter":"Turbidity / TSS"},"geometry":{"type":"Polygon","coordinates":[[[73.93772592155388,18.535298583351736],[73.93772592155388,18.5350290887665],[73.93799541613912,18.5350290887665],[73.93799541613912,18.535298583351736],[73.93772592155388,18.535298583351736]]]}},{"type":"Feature","properties":{"class":1,"label":"Low","name":"Class 1 - 133","parameter":"Turbidity / TSS"},"geometry":{"type":"Polygon","coordinates":[[[73.97572465807214,18.535298583351736],[73.97572465807214,18.5350290887665],[73.9762636472426,18.5350290887665],[73.9762636472426,18.535298583351736],[73.97572465807214,18.535298583351736]]]}},{"type":"Feature","properties":{"class":1,"label":"Low","name":"Class 1 - 134","parameter":"Turbidity / TSS"},"geometry":{"type":"Polygon","coordinates":[[[73.97491617431643,18.538802012959803],[73.97491617431643,18.537724034618858],[73.97518566890166,18.537724034618858],[73.97518566890166,18.536107067107444],[73.97491617431643,18.536107067107444],[73.97491617431643,18.535837572522208],[73.97518566890166,18.535837572522208],[73.97518566890166,18.534759594181264],[73.9754551634869,18.534759594181264],[73.9754551634869,18.535568077936972],[73.97599415265736,18.535568077936972],[73.97599415265736,18.535837572522208],[73.97572465807214,18.535837572522208],[73.97572465807214,18.53637656169268],[73.9754551634869,18.53637656169268],[73.9754551634869,18.537993529204094],[73.97518566890166,18.537993529204094],[73.97518566890166,18.538802012959803],[73.97491617431643,18.538802012959803]]]}},{"type":"Feature","properties":{"class":1,"label":"Low","name":"Class 1 - 135","parameter":"Turbidity / TSS"},"geometry":{"type":"Polygon","coordinates":[[[73.93556996487199,18.535298583351736],[73.93556996487199,18.534759594181264],[73.93610895404247,18.534759594181264],[73.93610895404247,18.5350290887665],[73.93583945945723,18.5350290887665],[73.93583945945723,18.535298583351736],[73.93556996487199,18.535298583351736]]]}},{"type":"Feature","properties":{"class":1,"label":"Low","name":"Class 1 - 136","parameter":"Turbidity / TSS"},"geometry":{"type":"Polygon","coordinates":[[[73.86307592144355,18.5350290887665],[73.86307592144355,18.534759594181264],[73.86361491061402,18.534759594181264],[73.86361491061402,18.5350290887665],[73.86307592144355,18.5350290887665]]]}},{"type":"Feature","properties":{"class":1,"label":"Low","name":"Class 1 - 137","parameter":"Turbidity / TSS"},"geometry":{"type":"Polygon","coordinates":[[[73.9754551634869,18.534759594181264],[73.9754551634869,18.534490099596027],[73.97572465807214,18.534490099596027],[73.97572465807214,18.534759594181264],[73.9754551634869,18.534759594181264]]]}},{"type":"Feature","properties":{"class":1,"label":"Low","name":"Class 1 - 138","parameter":"Turbidity / TSS"},"geometry":{"type":"Polygon","coordinates":[[[73.9762636472426,18.5350290887665],[73.9762636472426,18.534759594181264],[73.97599415265736,18.534759594181264],[73.97599415265736,18.534490099596027],[73.97653314182784,18.534490099596027],[73.97653314182784,18.5350290887665],[73.9762636472426,18.5350290887665]]]}},{"type":"Feature","properties":{"class":1,"label":"Low","name":"Class 1 - 139","parameter":"Turbidity / TSS"},"geometry":{"type":"Polygon","coordinates":[[[73.97572465807214,18.534490099596027],[73.97572465807214,18.53422060501079],[73.97599415265736,18.53422060501079],[73.97599415265736,18.534490099596027],[73.97572465807214,18.534490099596027]]]}},{"type":"Feature","properties":{"class":1,"label":"Low","name":"Class 1 - 140","parameter":"Turbidity / TSS"},"geometry":{"type":"Polygon","coordinates":[[[73.86253693227307,18.53422060501079],[73.86253693227307,18.533951110425555],[73.86280642685831,18.533951110425555],[73.86280642685831,18.53422060501079],[73.86253693227307,18.53422060501079]]]}},{"type":"Feature","properties":{"class":1,"label":"Low","name":"Class 1 - 141","parameter":"Turbidity / TSS"},"geometry":{"type":"Polygon","coordinates":[[[73.86226743768783,18.533951110425555],[73.86226743768783,18.533412121255086],[73.86253693227307,18.533412121255086],[73.86253693227307,18.533951110425555],[73.86226743768783,18.533951110425555]]]}},{"type":"Feature","properties":{"class":1,"label":"Low","name":"Class 1 - 142","parameter":"Turbidity / TSS"},"geometry":{"type":"Polygon","coordinates":[[[73.86307592144355,18.533951110425555],[73.86307592144355,18.533412121255086],[73.86334541602878,18.533412121255086],[73.86334541602878,18.533951110425555],[73.86307592144355,18.533951110425555]]]}},{"type":"Feature","properties":{"class":1,"label":"Low","name":"Class 1 - 143","parameter":"Turbidity / TSS"},"geometry":{"type":"Polygon","coordinates":[[[73.97599415265736,18.533951110425555],[73.97599415265736,18.53314262666985],[73.9762636472426,18.53314262666985],[73.9762636472426,18.533951110425555],[73.97599415265736,18.533951110425555]]]}},{"type":"Feature","properties":{"class":1,"label":"Low","name":"Class 1 - 144","parameter":"Turbidity / TSS"},"geometry":{"type":"Polygon","coordinates":[[[73.85553007305694,18.533412121255086],[73.85553007305694,18.53314262666985],[73.85579956764218,18.53314262666985],[73.85579956764218,18.533412121255086],[73.85553007305694,18.533412121255086]]]}},{"type":"Feature","properties":{"class":1,"label":"Low","name":"Class 1 - 145","parameter":"Turbidity / TSS"},"geometry":{"type":"Polygon","coordinates":[[[73.86199794310261,18.533412121255086],[73.86199794310261,18.53314262666985],[73.86226743768783,18.53314262666985],[73.86226743768783,18.533412121255086],[73.86199794310261,18.533412121255086]]]}},{"type":"Feature","properties":{"class":1,"label":"Low","name":"Class 1 - 146","parameter":"Turbidity / TSS"},"geometry":{"type":"Polygon","coordinates":[[[73.86280642685831,18.533412121255086],[73.86280642685831,18.53314262666985],[73.86307592144355,18.53314262666985],[73.86307592144355,18.533412121255086],[73.86280642685831,18.533412121255086]]]}},{"type":"Feature","properties":{"class":1,"label":"Low","name":"Class 1 - 147","parameter":"Turbidity / TSS"},"geometry":{"type":"Polygon","coordinates":[[[73.86253693227307,18.53314262666985],[73.86253693227307,18.532873132084614],[73.86280642685831,18.532873132084614],[73.86280642685831,18.53314262666985],[73.86253693227307,18.53314262666985]]]}},{"type":"Feature","properties":{"class":1,"label":"Low","name":"Class 1 - 148","parameter":"Turbidity / TSS"},"geometry":{"type":"Polygon","coordinates":[[[73.9762636472426,18.53314262666985],[73.9762636472426,18.532873132084614],[73.97653314182784,18.532873132084614],[73.97653314182784,18.53314262666985],[73.9762636472426,18.53314262666985]]]}},{"type":"Feature","properties":{"class":1,"label":"Low","name":"Class 1 - 149","parameter":"Turbidity / TSS"},"geometry":{"type":"Polygon","coordinates":[[[73.85579956764218,18.53314262666985],[73.85579956764218,18.532873132084614],[73.8552605784717,18.532873132084614],[73.8552605784717,18.532603637499378],[73.85606906222742,18.532603637499378],[73.85606906222742,18.53314262666985],[73.85579956764218,18.53314262666985]]]}},{"type":"Feature","properties":{"class":1,"label":"Low","name":"Class 1 - 150","parameter":"Turbidity / TSS"},"geometry":{"type":"Polygon","coordinates":[[[73.86172844851737,18.53314262666985],[73.86172844851737,18.532873132084614],[73.86145895393213,18.532873132084614],[73.86145895393213,18.532603637499378],[73.86199794310261,18.532603637499378],[73.86199794310261,18.53314262666985],[73.86172844851737,18.53314262666985]]]}},{"type":"Feature","properties":{"class":1,"label":"Low","name":"Class 1 - 151","parameter":"Turbidity / TSS"},"geometry":{"type":"Polygon","coordinates":[[[73.97653314182784,18.532873132084614],[73.97653314182784,18.532603637499378],[73.97680263641308,18.532603637499378],[73.97680263641308,18.532873132084614],[73.97653314182784,18.532873132084614]]]}},{"type":"Feature","properties":{"class":1,"label":"Low","name":"Class 1 - 152","parameter":"Turbidity / TSS"},"geometry":{"type":"Polygon","coordinates":[[[73.86199794310261,18.532603637499378],[73.86199794310261,18.53233414291414],[73.86226743768783,18.53233414291414],[73.86226743768783,18.532603637499378],[73.86199794310261,18.532603637499378]]]}},{"type":"Feature","properties":{"class":1,"label":"Low","name":"Class 1 - 153","parameter":"Turbidity / TSS"},"geometry":{"type":"Polygon","coordinates":[[[73.85606906222742,18.53233414291414],[73.85606906222742,18.532064648328905],[73.85633855681264,18.532064648328905],[73.85633855681264,18.53233414291414],[73.85606906222742,18.53233414291414]]]}},{"type":"Feature","properties":{"class":1,"label":"Low","name":"Class 1 - 154","parameter":"Turbidity / TSS"},"geometry":{"type":"Polygon","coordinates":[[[73.86038097559118,18.53233414291414],[73.86038097559118,18.532064648328905],[73.86118945934689,18.532064648328905],[73.86118945934689,18.53233414291414],[73.86038097559118,18.53233414291414]]]}},{"type":"Feature","properties":{"class":1,"label":"Low","name":"Class 1 - 155","parameter":"Turbidity / TSS"},"geometry":{"type":"Polygon","coordinates":[[[73.85687754598312,18.532064648328905],[73.85687754598312,18.53179515374367],[73.85741653515359,18.53179515374367],[73.85741653515359,18.532064648328905],[73.85687754598312,18.532064648328905]]]}},{"type":"Feature","properties":{"class":1,"label":"Low","name":"Class 1 - 156","parameter":"Turbidity / TSS"},"geometry":{"type":"Polygon","coordinates":[[[73.8582250189093,18.53179515374367],[73.8582250189093,18.531525659158433],[73.85984198642072,18.531525659158433],[73.85984198642072,18.53179515374367],[73.8582250189093,18.53179515374367]]]}},{"type":"Feature","properties":{"class":1,"label":"Low","name":"Class 1 - 157","parameter":"Turbidity / TSS"},"geometry":{"type":"Polygon","coordinates":[[[73.86091996476166,18.531525659158433],[73.86091996476166,18.53098666998796],[73.86118945934689,18.53098666998796],[73.86118945934689,18.531525659158433],[73.86091996476166,18.531525659158433]]]}},{"type":"Feature","properties":{"class":1,"label":"Low","name":"Class 1 - 158","parameter":"Turbidity / TSS"},"geometry":{"type":"Polygon","coordinates":[[[73.85741653515359,18.531256164573197],[73.85741653515359,18.53098666998796],[73.85768602973883,18.53098666998796],[73.85768602973883,18.531256164573197],[73.85741653515359,18.531256164573197]]]}},{"type":"Feature","properties":{"class":1,"label":"Low","name":"Class 1 - 159","parameter":"Turbidity / TSS"},"geometry":{"type":"Polygon","coordinates":[[[73.8582250189093,18.53098666998796],[73.8582250189093,18.530717175402728],[73.85876400807977,18.530717175402728],[73.85876400807977,18.53098666998796],[73.8582250189093,18.53098666998796]]]}},{"type":"Feature","properties":{"class":1,"label":"Low","name":"Class 1 - 160","parameter":"Turbidity / TSS"},"geometry":{"type":"Polygon","coordinates":[[[73.86011148100596,18.531256164573197],[73.86011148100596,18.53098666998796],[73.86038097559118,18.53098666998796],[73.86038097559118,18.530447680817492],[73.86065047017642,18.530447680817492],[73.86065047017642,18.531256164573197],[73.86011148100596,18.531256164573197]]]}},{"type":"Feature","properties":{"class":1,"label":"Low","name":"Class 1 - 161","parameter":"Turbidity / TSS"},"geometry":{"type":"Polygon","coordinates":[[[73.97868909850973,18.530717175402728],[73.97868909850973,18.530447680817492],[73.97895859309496,18.530447680817492],[73.97895859309496,18.530717175402728],[73.97868909850973,18.530717175402728]]]}},{"type":"Feature","properties":{"class":1,"label":"Low","name":"Class 1 - 162","parameter":"Turbidity / TSS"},"geometry":{"type":"Polygon","coordinates":[[[73.97895859309496,18.530447680817492],[73.97895859309496,18.530178186232256],[73.9792280876802,18.530178186232256],[73.9792280876802,18.530447680817492],[73.97895859309496,18.530447680817492]]]}},{"type":"Feature","properties":{"class":1,"label":"Low","name":"Class 1 - 163","parameter":"Turbidity / TSS"},"geometry":{"type":"Polygon","coordinates":[[[73.9792280876802,18.530178186232256],[73.9792280876802,18.52990869164702],[73.97949758226544,18.52990869164702],[73.97949758226544,18.530178186232256],[73.9792280876802,18.530178186232256]]]}},{"type":"Feature","properties":{"class":1,"label":"Low","name":"Class 1 - 164","parameter":"Turbidity / TSS"},"geometry":{"type":"Polygon","coordinates":[[[73.98057556060638,18.529369702476547],[73.98057556060638,18.52910020789131],[73.98084505519162,18.52910020789131],[73.98084505519162,18.529369702476547],[73.98057556060638,18.529369702476547]]]}},{"type":"Feature","properties":{"class":1,"label":"Low","name":"Class 1 - 165","parameter":"Turbidity / TSS"},"geometry":{"type":"Polygon","coordinates":[[[73.98084505519162,18.52910020789131],[73.98084505519162,18.528830713306075],[73.98111454977685,18.528830713306075],[73.98111454977685,18.52910020789131],[73.98084505519162,18.52910020789131]]]}},{"type":"Feature","properties":{"class":1,"label":"Low","name":"Class 1 - 166","parameter":"Turbidity / TSS"},"geometry":{"type":"Polygon","coordinates":[[[73.97653314182784,18.53422060501079],[73.97653314182784,18.533951110425555],[73.97680263641308,18.533951110425555],[73.97680263641308,18.533412121255086],[73.97707213099831,18.533412121255086],[73.97707213099831,18.53233414291414],[73.97734162558355,18.53233414291414],[73.97734162558355,18.532064648328905],[73.97761112016879,18.532064648328905],[73.97761112016879,18.531525659158433],[73.97788061475403,18.531525659158433],[73.97788061475403,18.531256164573197],[73.97815010933925,18.531256164573197],[73.97815010933925,18.53098666998796],[73.9784196039245,18.53098666998796],[73.9784196039245,18.530717175402728],[73.97868909850973,18.530717175402728],[73.97868909850973,18.53098666998796],[73.97895859309496,18.53098666998796],[73.97895859309496,18.530717175402728],[73.9792280876802,18.530717175402728],[73.9792280876802,18.530447680817492],[73.97949758226544,18.530447680817492],[73.97949758226544,18.530178186232256],[73.9800365714359,18.530178186232256],[73.9800365714359,18.52990869164702],[73.97976707685068,18.52990869164702],[73.97976707685068,18.529639197061783],[73.9800365714359,18.529639197061783],[73.9800365714359,18.529369702476547],[73.98030606602114,18.529369702476547],[73.98030606602114,18.529639197061783],[73.98138404436209,18.529639197061783],[73.98138404436209,18.529369702476547],[73.98111454977685,18.529369702476547],[73.98111454977685,18.52910020789131],[73.98219252811779,18.52910020789131],[73.98219252811779,18.528830713306075],[73.98246202270303,18.528830713306075],[73.98246202270303,18.52856121872084],[73.98327050645874,18.52856121872084],[73.98327050645874,18.528830713306075],[73.98273151728827,18.528830713306075],[73.98273151728827,18.52910020789131],[73.98246202270303,18.52910020789131],[73.98246202270303,18.529369702476547],[73.98165353894733,18.529369702476547],[73.98165353894733,18.52990869164702],[73.98111454977685,18.52990869164702],[73.98111454977685,18.530178186232256],[73.98057556060638,18.530178186232256],[73.98057556060638,18.530717175402728],[73.9800365714359,18.530717175402728],[73.9800365714359,18.53098666998796],[73.9792280876802,18.53098666998796],[73.9792280876802,18.531256164573197],[73.97895859309496,18.531256164573197],[73.97895859309496,18.531525659158433],[73.97868909850973,18.531525659158433],[73.97868909850973,18.53179515374367],[73.9784196039245,18.53179515374367],[73.9784196039245,18.532064648328905],[73.97788061475403,18.532064648328905],[73.97788061475403,18.53314262666985],[73.97761112016879,18.53314262666985],[73.97761112016879,18.533412121255086],[73.97734162558355,18.533412121255086],[73.97734162558355,18.533681615840322],[73.97707213099831,18.533681615840322],[73.97707213099831,18.53422060501079],[73.97653314182784,18.53422060501079]]]}},{"type":"Feature","properties":{"class":1,"label":"Low","name":"Class 1 - 167","parameter":"Turbidity / TSS"},"geometry":{"type":"Polygon","coordinates":[[[73.98111454977685,18.528830713306075],[73.98111454977685,18.52856121872084],[73.98138404436209,18.52856121872084],[73.98138404436209,18.528830713306075],[73.98111454977685,18.528830713306075]]]}},{"type":"Feature","properties":{"class":1,"label":"Low","name":"Class 1 - 168","parameter":"Turbidity / TSS"},"geometry":{"type":"Polygon","coordinates":[[[73.98165353894733,18.52856121872084],[73.98165353894733,18.528291724135602],[73.98219252811779,18.528291724135602],[73.98219252811779,18.52856121872084],[73.98165353894733,18.52856121872084]]]}},{"type":"Feature","properties":{"class":1,"label":"Low","name":"Class 1 - 169","parameter":"Turbidity / TSS"},"geometry":{"type":"Polygon","coordinates":[[[73.98327050645874,18.52856121872084],[73.98327050645874,18.528291724135602],[73.98354000104398,18.528291724135602],[73.98354000104398,18.528022229550366],[73.98434848479968,18.528022229550366],[73.98434848479968,18.528291724135602],[73.98380949562922,18.528291724135602],[73.98380949562922,18.52856121872084],[73.98327050645874,18.52856121872084]]]}},{"type":"Feature","properties":{"class":1,"label":"Low","name":"Class 1 - 170","parameter":"Turbidity / TSS"},"geometry":{"type":"Polygon","coordinates":[[[73.98246202270303,18.528022229550366],[73.98246202270303,18.527752734965134],[73.98273151728827,18.527752734965134],[73.98273151728827,18.528022229550366],[73.98246202270303,18.528022229550366]]]}},{"type":"Feature","properties":{"class":1,"label":"Low","name":"Class 1 - 171","parameter":"Turbidity / TSS"},"geometry":{"type":"Polygon","coordinates":[[[73.98434848479968,18.528022229550366],[73.98434848479968,18.527752734965134],[73.98461797938492,18.527752734965134],[73.98461797938492,18.528022229550366],[73.98434848479968,18.528022229550366]]]}},{"type":"Feature","properties":{"class":1,"label":"Low","name":"Class 1 - 172","parameter":"Turbidity / TSS"},"geometry":{"type":"Polygon","coordinates":[[[73.9830010118735,18.527752734965134],[73.9830010118735,18.527483240379897],[73.98327050645874,18.527483240379897],[73.98327050645874,18.527752734965134],[73.9830010118735,18.527752734965134]]]}},{"type":"Feature","properties":{"class":1,"label":"Low","name":"Class 1 - 173","parameter":"Turbidity / TSS"},"geometry":{"type":"Polygon","coordinates":[[[73.98461797938492,18.527752734965134],[73.98461797938492,18.527483240379897],[73.98515696855539,18.527483240379897],[73.98515696855539,18.527752734965134],[73.98461797938492,18.527752734965134]]]}},{"type":"Feature","properties":{"class":1,"label":"Low","name":"Class 1 - 174","parameter":"Turbidity / TSS"},"geometry":{"type":"Polygon","coordinates":[[[73.98327050645874,18.527483240379897],[73.98327050645874,18.52721374579466],[73.98380949562922,18.52721374579466],[73.98380949562922,18.527483240379897],[73.98327050645874,18.527483240379897]]]}},{"type":"Feature","properties":{"class":1,"label":"Low","name":"Class 1 - 175","parameter":"Turbidity / TSS"},"geometry":{"type":"Polygon","coordinates":[[[73.98515696855539,18.527483240379897],[73.98515696855539,18.52721374579466],[73.98569595772587,18.52721374579466],[73.98569595772587,18.527483240379897],[73.98515696855539,18.527483240379897]]]}},{"type":"Feature","properties":{"class":1,"label":"Low","name":"Class 1 - 176","parameter":"Turbidity / TSS"},"geometry":{"type":"Polygon","coordinates":[[[73.98461797938492,18.526944251209425],[73.98461797938492,18.52667475662419],[73.98515696855539,18.52667475662419],[73.98515696855539,18.526944251209425],[73.98461797938492,18.526944251209425]]]}},{"type":"Feature","properties":{"class":1,"label":"Low","name":"Class 1 - 177","parameter":"Turbidity / TSS"},"geometry":{"type":"Polygon","coordinates":[[[73.98515696855539,18.52667475662419],[73.98515696855539,18.526405262038953],[73.98542646314063,18.526405262038953],[73.98542646314063,18.52667475662419],[73.98515696855539,18.52667475662419]]]}},{"type":"Feature","properties":{"class":1,"label":"Low","name":"Class 1 - 178","parameter":"Turbidity / TSS"},"geometry":{"type":"Polygon","coordinates":[[[73.98704343065204,18.52667475662419],[73.98704343065204,18.526405262038953],[73.98758241982252,18.526405262038953],[73.98758241982252,18.52667475662419],[73.98704343065204,18.52667475662419]]]}},{"type":"Feature","properties":{"class":1,"label":"Low","name":"Class 1 - 179","parameter":"Turbidity / TSS"},"geometry":{"type":"Polygon","coordinates":[[[73.98569595772587,18.52721374579466],[73.98569595772587,18.526944251209425],[73.98596545231109,18.526944251209425],[73.98596545231109,18.526405262038953],[73.98542646314063,18.526405262038953],[73.98542646314063,18.526135767453717],[73.98596545231109,18.526135767453717],[73.98596545231109,18.52586627286848],[73.98623494689633,18.52586627286848],[73.98623494689633,18.525596778283244],[73.98650444148157,18.525596778283244],[73.98650444148157,18.526135767453717],[73.98623494689633,18.526135767453717],[73.98623494689633,18.52667475662419],[73.98704343065204,18.52667475662419],[73.98704343065204,18.526944251209425],[73.98650444148157,18.526944251209425],[73.98650444148157,18.52721374579466],[73.98569595772587,18.52721374579466]]]}},{"type":"Feature","properties":{"class":1,"label":"Low","name":"Class 1 - 180","parameter":"Turbidity / TSS"},"geometry":{"type":"Polygon","coordinates":[[[73.98758241982252,18.526135767453717],[73.98758241982252,18.52586627286848],[73.98731292523728,18.52586627286848],[73.98731292523728,18.525327283698008],[73.98758241982252,18.525327283698008],[73.98758241982252,18.525596778283244],[73.98785191440774,18.525596778283244],[73.98785191440774,18.526135767453717],[73.98758241982252,18.526135767453717]]]}},{"type":"Feature","properties":{"class":1,"label":"Low","name":"Class 1 - 181","parameter":"Turbidity / TSS"},"geometry":{"type":"Polygon","coordinates":[[[73.9897383765044,18.52478829452754],[73.9897383765044,18.524518799942303],[73.98946888191917,18.524518799942303],[73.98946888191917,18.524249305357067],[73.99027736567487,18.524249305357067],[73.99027736567487,18.524518799942303],[73.99000787108963,18.524518799942303],[73.99000787108963,18.52478829452754],[73.9897383765044,18.52478829452754]]]}},{"type":"Feature","properties":{"class":1,"label":"Low","name":"Class 1 - 182","parameter":"Turbidity / TSS"},"geometry":{"type":"Polygon","coordinates":[[[73.98919938733393,18.524249305357067],[73.98919938733393,18.52397981077183],[73.98946888191917,18.52397981077183],[73.98946888191917,18.524249305357067],[73.98919938733393,18.524249305357067]]]}},{"type":"Feature","properties":{"class":1,"label":"Low","name":"Class 1 - 183","parameter":"Turbidity / TSS"},"geometry":{"type":"Polygon","coordinates":[[[73.99054686026011,18.52397981077183],[73.99054686026011,18.523710316186595],[73.99081635484534,18.523710316186595],[73.99081635484534,18.52397981077183],[73.99054686026011,18.52397981077183]]]}},{"type":"Feature","properties":{"class":1,"label":"Low","name":"Class 1 - 184","parameter":"Turbidity / TSS"},"geometry":{"type":"Polygon","coordinates":[[[73.98946888191917,18.523710316186595],[73.98946888191917,18.52344082160136],[73.9897383765044,18.52344082160136],[73.9897383765044,18.523710316186595],[73.98946888191917,18.523710316186595]]]}},{"type":"Feature","properties":{"class":1,"label":"Low","name":"Class 1 - 185","parameter":"Turbidity / TSS"},"geometry":{"type":"Polygon","coordinates":[[[73.99108584943058,18.52344082160136],[73.99108584943058,18.523171327016122],[73.99162483860106,18.523171327016122],[73.99162483860106,18.52344082160136],[73.99108584943058,18.52344082160136]]]}},{"type":"Feature","properties":{"class":1,"label":"Low","name":"Class 1 - 186","parameter":"Turbidity / TSS"},"geometry":{"type":"Polygon","coordinates":[[[73.9897383765044,18.52344082160136],[73.9897383765044,18.523171327016122],[73.99000787108963,18.523171327016122],[73.99000787108963,18.522901832430886],[73.99027736567487,18.522901832430886],[73.99027736567487,18.52263233784565],[73.99054686026011,18.52263233784565],[73.99054686026011,18.523171327016122],[73.99027736567487,18.523171327016122],[73.99027736567487,18.52344082160136],[73.9897383765044,18.52344082160136]]]}},{"type":"Feature","properties":{"class":1,"label":"Low","name":"Class 1 - 187","parameter":"Turbidity / TSS"},"geometry":{"type":"Polygon","coordinates":[[[73.99162483860106,18.522901832430886],[73.99162483860106,18.52263233784565],[73.99189433318628,18.52263233784565],[73.99189433318628,18.522901832430886],[73.99162483860106,18.522901832430886]]]}},{"type":"Feature","properties":{"class":1,"label":"Low","name":"Class 1 - 188","parameter":"Turbidity / TSS"},"geometry":{"type":"Polygon","coordinates":[[[73.99054686026011,18.52263233784565],[73.99054686026011,18.522362843260414],[73.99081635484534,18.522362843260414],[73.99081635484534,18.52263233784565],[73.99054686026011,18.52263233784565]]]}},{"type":"Feature","properties":{"class":1,"label":"Low","name":"Class 1 - 189","parameter":"Turbidity / TSS"},"geometry":{"type":"Polygon","coordinates":[[[73.99189433318628,18.522362843260414],[73.99189433318628,18.522093348675178],[73.99216382777152,18.522093348675178],[73.99216382777152,18.522362843260414],[73.99189433318628,18.522362843260414]]]}},{"type":"Feature","properties":{"class":1,"label":"Low","name":"Class 1 - 190","parameter":"Turbidity / TSS"},"geometry":{"type":"Polygon","coordinates":[[[73.99081635484534,18.522362843260414],[73.99081635484534,18.52182385408994],[73.99135534401582,18.52182385408994],[73.99135534401582,18.522093348675178],[73.99108584943058,18.522093348675178],[73.99108584943058,18.522362843260414],[73.99081635484534,18.522362843260414]]]}},{"type":"Feature","properties":{"class":1,"label":"Low","name":"Class 1 - 191","parameter":"Turbidity / TSS"},"geometry":{"type":"Polygon","coordinates":[[[73.99216382777152,18.522093348675178],[73.99216382777152,18.52155435950471],[73.99243332235676,18.52155435950471],[73.99243332235676,18.521015370334236],[73.99189433318628,18.521015370334236],[73.99189433318628,18.52155435950471],[73.99135534401582,18.52155435950471],[73.99135534401582,18.521015370334236],[73.99162483860106,18.521015370334236],[73.99162483860106,18.520745875749],[73.992702816942,18.520745875749],[73.992702816942,18.52182385408994],[73.99243332235676,18.52182385408994],[73.99243332235676,18.522093348675178],[73.99216382777152,18.522093348675178]]]}},{"type":"Feature","properties":{"class":2,"label":"Medium","name":"Class 2 - 1","parameter":"Turbidity / TSS"},"geometry":{"type":"Polygon","coordinates":[[[73.95686003710563,18.54661735593164],[73.95686003710563,18.546347861346405],[73.95712953169087,18.546347861346405],[73.95712953169087,18.54661735593164],[73.95686003710563,18.54661735593164]]]}},{"type":"Feature","properties":{"class":2,"label":"Medium","name":"Class 2 - 2","parameter":"Turbidity / TSS"},"geometry":{"type":"Polygon","coordinates":[[[73.95578205876468,18.546347861346405],[73.95578205876468,18.54607836676117],[73.95632104793515,18.54607836676117],[73.95632104793515,18.546347861346405],[73.95578205876468,18.546347861346405]]]}},{"type":"Feature","properties":{"class":2,"label":"Medium","name":"Class 2 - 3","parameter":"Turbidity / TSS"},"geometry":{"type":"Polygon","coordinates":[[[73.95793801544657,18.546886850516877],[73.95793801544657,18.546347861346405],[73.9582075100318,18.546347861346405],[73.9582075100318,18.54661735593164],[73.95928548837274,18.54661735593164],[73.95928548837274,18.546347861346405],[73.96009397212846,18.546347861346405],[73.96009397212846,18.54607836676117],[73.96036346671369,18.54607836676117],[73.96036346671369,18.545808872175936],[73.96090245588417,18.545808872175936],[73.96090245588417,18.546347861346405],[73.96063296129893,18.546347861346405],[73.96063296129893,18.54661735593164],[73.96009397212846,18.54661735593164],[73.96009397212846,18.546886850516877],[73.95793801544657,18.546886850516877]]]}},{"type":"Feature","properties":{"class":2,"label":"Medium","name":"Class 2 - 4","parameter":"Turbidity / TSS"},"geometry":{"type":"Polygon","coordinates":[[[73.9552430695942,18.546347861346405],[73.9552430695942,18.54607836676117],[73.95470408042374,18.54607836676117],[73.95470408042374,18.545808872175936],[73.95551256417944,18.545808872175936],[73.95551256417944,18.546347861346405],[73.9552430695942,18.546347861346405]]]}},{"type":"Feature","properties":{"class":2,"label":"Medium","name":"Class 2 - 5","parameter":"Turbidity / TSS"},"geometry":{"type":"Polygon","coordinates":[[[73.96144144505463,18.545808872175936],[73.96144144505463,18.5455393775907],[73.96198043422511,18.5455393775907],[73.96198043422511,18.545808872175936],[73.96144144505463,18.545808872175936]]]}},{"type":"Feature","properties":{"class":2,"label":"Medium","name":"Class 2 - 6","parameter":"Turbidity / TSS"},"geometry":{"type":"Polygon","coordinates":[[[73.95227862915661,18.54607836676117],[73.95227862915661,18.545269883005464],[73.9536261020828,18.545269883005464],[73.9536261020828,18.5455393775907],[73.9544345858385,18.5455393775907],[73.9544345858385,18.545808872175936],[73.95335660749755,18.545808872175936],[73.95335660749755,18.54607836676117],[73.95227862915661,18.54607836676117]]]}},{"type":"Feature","properties":{"class":2,"label":"Medium","name":"Class 2 - 7","parameter":"Turbidity / TSS"},"geometry":{"type":"Polygon","coordinates":[[[73.9460802536962,18.5455393775907],[73.9460802536962,18.545269883005464],[73.94634974828142,18.545269883005464],[73.94634974828142,18.5455393775907],[73.9460802536962,18.5455393775907]]]}},{"type":"Feature","properties":{"class":2,"label":"Medium","name":"Class 2 - 8","parameter":"Turbidity / TSS"},"geometry":{"type":"Polygon","coordinates":[[[73.96198043422511,18.5455393775907],[73.96198043422511,18.545269883005464],[73.96224992881034,18.545269883005464],[73.96224992881034,18.5455393775907],[73.96198043422511,18.5455393775907]]]}},{"type":"Feature","properties":{"class":2,"label":"Medium","name":"Class 2 - 9","parameter":"Turbidity / TSS"},"geometry":{"type":"Polygon","coordinates":[[[73.96171093963987,18.545269883005464],[73.96171093963987,18.545000388420227],[73.96198043422511,18.545000388420227],[73.96198043422511,18.545269883005464],[73.96171093963987,18.545269883005464]]]}},{"type":"Feature","properties":{"class":2,"label":"Medium","name":"Class 2 - 10","parameter":"Turbidity / TSS"},"geometry":{"type":"Polygon","coordinates":[[[73.9498531778895,18.54607836676117],[73.9498531778895,18.545808872175936],[73.94634974828142,18.545808872175936],[73.94634974828142,18.5455393775907],[73.9468887374519,18.5455393775907],[73.9468887374519,18.545269883005464],[73.94661924286666,18.545269883005464],[73.94661924286666,18.545000388420227],[73.94958368330425,18.545000388420227],[73.94958368330425,18.54473089383499],[73.9506616616452,18.54473089383499],[73.9506616616452,18.545000388420227],[73.95039216705996,18.545000388420227],[73.95039216705996,18.545269883005464],[73.9506616616452,18.545269883005464],[73.9506616616452,18.5455393775907],[73.95093115623044,18.5455393775907],[73.95093115623044,18.545269883005464],[73.95120065081566,18.545269883005464],[73.95120065081566,18.54607836676117],[73.9498531778895,18.54607836676117]]]}},{"type":"Feature","properties":{"class":2,"label":"Medium","name":"Class 2 - 11","parameter":"Turbidity / TSS"},"geometry":{"type":"Polygon","coordinates":[[[73.96198043422511,18.545000388420227],[73.96198043422511,18.54473089383499],[73.96251942339558,18.54473089383499],[73.96251942339558,18.545000388420227],[73.96198043422511,18.545000388420227]]]}},{"type":"Feature","properties":{"class":2,"label":"Medium","name":"Class 2 - 12","parameter":"Turbidity / TSS"},"geometry":{"type":"Polygon","coordinates":[[[73.96251942339558,18.54473089383499],[73.96251942339558,18.544461399249755],[73.96305841256606,18.544461399249755],[73.96305841256606,18.54473089383499],[73.96251942339558,18.54473089383499]]]}},{"type":"Feature","properties":{"class":2,"label":"Medium","name":"Class 2 - 13","parameter":"Turbidity / TSS"},"geometry":{"type":"Polygon","coordinates":[[[73.96332790715128,18.54473089383499],[73.96332790715128,18.544461399249755],[73.96359740173652,18.544461399249755],[73.96359740173652,18.54473089383499],[73.96332790715128,18.54473089383499]]]}},{"type":"Feature","properties":{"class":2,"label":"Medium","name":"Class 2 - 14","parameter":"Turbidity / TSS"},"geometry":{"type":"Polygon","coordinates":[[[73.96305841256606,18.544461399249755],[73.96305841256606,18.54419190466452],[73.96332790715128,18.54419190466452],[73.96332790715128,18.544461399249755],[73.96305841256606,18.544461399249755]]]}},{"type":"Feature","properties":{"class":2,"label":"Medium","name":"Class 2 - 15","parameter":"Turbidity / TSS"},"geometry":{"type":"Polygon","coordinates":[[[73.89029487455237,18.54419190466452],[73.89029487455237,18.543922410079283],[73.8905643691376,18.543922410079283],[73.8905643691376,18.54419190466452],[73.89029487455237,18.54419190466452]]]}},{"type":"Feature","properties":{"class":2,"label":"Medium","name":"Class 2 - 16","parameter":"Turbidity / TSS"},"geometry":{"type":"Polygon","coordinates":[[[73.94527176994048,18.5455393775907],[73.94527176994048,18.545269883005464],[73.94500227535525,18.545269883005464],[73.94500227535525,18.545000388420227],[73.94473278077001,18.545000388420227],[73.94473278077001,18.54473089383499],[73.94446328618477,18.54473089383499],[73.94446328618477,18.544461399249755],[73.94419379159955,18.544461399249755],[73.94419379159955,18.54419190466452],[73.9439242970143,18.54419190466452],[73.9439242970143,18.543922410079283],[73.94500227535525,18.543922410079283],[73.94500227535525,18.54419190466452],[73.94527176994048,18.54419190466452],[73.94527176994048,18.544461399249755],[73.94554126452572,18.544461399249755],[73.94554126452572,18.545000388420227],[73.94581075911096,18.545000388420227],[73.94581075911096,18.5455393775907],[73.94527176994048,18.5455393775907]]]}},{"type":"Feature","properties":{"class":2,"label":"Medium","name":"Class 2 - 17","parameter":"Turbidity / TSS"},"geometry":{"type":"Polygon","coordinates":[[[73.96332790715128,18.54419190466452],[73.96332790715128,18.543922410079283],[73.96386689632176,18.543922410079283],[73.96386689632176,18.543652915494047],[73.96467538007747,18.543652915494047],[73.96467538007747,18.543922410079283],[73.96413639090699,18.543922410079283],[73.96413639090699,18.54419190466452],[73.96332790715128,18.54419190466452]]]}},{"type":"Feature","properties":{"class":2,"label":"Medium","name":"Class 2 - 18","parameter":"Turbidity / TSS"},"geometry":{"type":"Polygon","coordinates":[[[73.89218133664902,18.543922410079283],[73.89218133664902,18.543652915494047],[73.89245083123426,18.543652915494047],[73.89245083123426,18.543922410079283],[73.89218133664902,18.543922410079283]]]}},{"type":"Feature","properties":{"class":2,"label":"Medium","name":"Class 2 - 19","parameter":"Turbidity / TSS"},"geometry":{"type":"Polygon","coordinates":[[[73.88948639079666,18.54419190466452],[73.88948639079666,18.543922410079283],[73.88867790704096,18.543922410079283],[73.88867790704096,18.543652915494047],[73.88840841245572,18.543652915494047],[73.88840841245572,18.54338342090881],[73.8897558853819,18.54338342090881],[73.8897558853819,18.54419190466452],[73.88948639079666,18.54419190466452]]]}},{"type":"Feature","properties":{"class":2,"label":"Medium","name":"Class 2 - 20","parameter":"Turbidity / TSS"},"geometry":{"type":"Polygon","coordinates":[[[73.96467538007747,18.543652915494047],[73.96467538007747,18.54338342090881],[73.96521436924793,18.54338342090881],[73.96521436924793,18.543652915494047],[73.96467538007747,18.543652915494047]]]}},{"type":"Feature","properties":{"class":2,"label":"Medium","name":"Class 2 - 21","parameter":"Turbidity / TSS"},"geometry":{"type":"Polygon","coordinates":[[[73.96548386383317,18.543652915494047],[73.96548386383317,18.54338342090881],[73.96575335841841,18.54338342090881],[73.96575335841841,18.543652915494047],[73.96548386383317,18.543652915494047]]]}},{"type":"Feature","properties":{"class":2,"label":"Medium","name":"Class 2 - 22","parameter":"Turbidity / TSS"},"geometry":{"type":"Polygon","coordinates":[[[73.96656184217412,18.543652915494047],[73.96656184217412,18.54338342090881],[73.96683133675936,18.54338342090881],[73.96683133675936,18.543652915494047],[73.96656184217412,18.543652915494047]]]}},{"type":"Feature","properties":{"class":2,"label":"Medium","name":"Class 2 - 23","parameter":"Turbidity / TSS"},"geometry":{"type":"Polygon","coordinates":[[[73.88706093952953,18.54419190466452],[73.88706093952953,18.543922410079283],[73.88598296118859,18.543922410079283],[73.88598296118859,18.543652915494047],[73.88571346660336,18.543652915494047],[73.88571346660336,18.543922410079283],[73.88544397201812,18.543922410079283],[73.88544397201812,18.543652915494047],[73.88517447743288,18.543652915494047],[73.88517447743288,18.54338342090881],[73.88652195035907,18.54338342090881],[73.88652195035907,18.543113926323574],[73.88679144494431,18.543113926323574],[73.88679144494431,18.54338342090881],[73.88706093952953,18.54338342090881],[73.88706093952953,18.543652915494047],[73.88786942328525,18.543652915494047],[73.88786942328525,18.543922410079283],[73.88733043411477,18.543922410079283],[73.88733043411477,18.54419190466452],[73.88706093952953,18.54419190466452]]]}},{"type":"Feature","properties":{"class":2,"label":"Medium","name":"Class 2 - 24","parameter":"Turbidity / TSS"},"geometry":{"type":"Polygon","coordinates":[[[73.96521436924793,18.54338342090881],[73.96521436924793,18.543113926323574],[73.96548386383317,18.543113926323574],[73.96548386383317,18.54338342090881],[73.96521436924793,18.54338342090881]]]}},{"type":"Feature","properties":{"class":2,"label":"Medium","name":"Class 2 - 25","parameter":"Turbidity / TSS"},"geometry":{"type":"Polygon","coordinates":[[[73.96629234758888,18.54338342090881],[73.96629234758888,18.543113926323574],[73.96656184217412,18.543113926323574],[73.96656184217412,18.54338342090881],[73.96629234758888,18.54338342090881]]]}},{"type":"Feature","properties":{"class":2,"label":"Medium","name":"Class 2 - 26","parameter":"Turbidity / TSS"},"geometry":{"type":"Polygon","coordinates":[[[73.89245083123426,18.543652915494047],[73.89245083123426,18.54338342090881],[73.89218133664902,18.54338342090881],[73.89218133664902,18.543113926323574],[73.89298982040472,18.543113926323574],[73.89298982040472,18.54284443173834],[73.89325931498996,18.54284443173834],[73.89325931498996,18.543113926323574],[73.8935288095752,18.543113926323574],[73.8935288095752,18.54284443173834],[73.89406779874567,18.54284443173834],[73.89406779874567,18.543113926323574],[73.8943372933309,18.543113926323574],[73.8943372933309,18.54338342090881],[73.8935288095752,18.54338342090881],[73.8935288095752,18.543652915494047],[73.89245083123426,18.543652915494047]]]}},{"type":"Feature","properties":{"class":2,"label":"Medium","name":"Class 2 - 27","parameter":"Turbidity / TSS"},"geometry":{"type":"Polygon","coordinates":[[[73.8943372933309,18.543113926323574],[73.8943372933309,18.54284443173834],[73.89460678791615,18.54284443173834],[73.89460678791615,18.543113926323574],[73.8943372933309,18.543113926323574]]]}},{"type":"Feature","properties":{"class":2,"label":"Medium","name":"Class 2 - 28","parameter":"Turbidity / TSS"},"geometry":{"type":"Polygon","coordinates":[[[73.96683133675936,18.543113926323574],[73.96683133675936,18.54284443173834],[73.96710083134458,18.54284443173834],[73.96710083134458,18.543113926323574],[73.96683133675936,18.543113926323574]]]}},{"type":"Feature","properties":{"class":2,"label":"Medium","name":"Class 2 - 29","parameter":"Turbidity / TSS"},"geometry":{"type":"Polygon","coordinates":[[[73.96737032592982,18.543113926323574],[73.96737032592982,18.54284443173834],[73.96817880968553,18.54284443173834],[73.96817880968553,18.543113926323574],[73.96737032592982,18.543113926323574]]]}},{"type":"Feature","properties":{"class":2,"label":"Medium","name":"Class 2 - 30","parameter":"Turbidity / TSS"},"geometry":{"type":"Polygon","coordinates":[[[73.89406779874567,18.54284443173834],[73.89406779874567,18.542574937153105],[73.8943372933309,18.542574937153105],[73.8943372933309,18.54284443173834],[73.89406779874567,18.54284443173834]]]}},{"type":"Feature","properties":{"class":2,"label":"Medium","name":"Class 2 - 31","parameter":"Turbidity / TSS"},"geometry":{"type":"Polygon","coordinates":[[[73.97033476636742,18.54284443173834],[73.97033476636742,18.542574937153105],[73.97060426095265,18.542574937153105],[73.97060426095265,18.54284443173834],[73.97033476636742,18.54284443173834]]]}},{"type":"Feature","properties":{"class":2,"label":"Medium","name":"Class 2 - 32","parameter":"Turbidity / TSS"},"geometry":{"type":"Polygon","coordinates":[[[73.96979577719695,18.542574937153105],[73.96979577719695,18.54230544256787],[73.97006527178218,18.54230544256787],[73.97006527178218,18.542574937153105],[73.96979577719695,18.542574937153105]]]}},{"type":"Feature","properties":{"class":2,"label":"Medium","name":"Class 2 - 33","parameter":"Turbidity / TSS"},"geometry":{"type":"Polygon","coordinates":[[[73.8964932500128,18.542574937153105],[73.8964932500128,18.54230544256787],[73.89622375542756,18.54230544256787],[73.89622375542756,18.542035947982633],[73.8973017337685,18.542035947982633],[73.8973017337685,18.54230544256787],[73.89757122835374,18.54230544256787],[73.89757122835374,18.542574937153105],[73.8964932500128,18.542574937153105]]]}},{"type":"Feature","properties":{"class":2,"label":"Medium","name":"Class 2 - 34","parameter":"Turbidity / TSS"},"geometry":{"type":"Polygon","coordinates":[[[73.89757122835374,18.54230544256787],[73.89757122835374,18.542035947982633],[73.89784072293897,18.542035947982633],[73.89784072293897,18.54230544256787],[73.89757122835374,18.54230544256787]]]}},{"type":"Feature","properties":{"class":2,"label":"Medium","name":"Class 2 - 35","parameter":"Turbidity / TSS"},"geometry":{"type":"Polygon","coordinates":[[[73.9708737555379,18.542035947982633],[73.9708737555379,18.541766453397397],[73.97114325012312,18.541766453397397],[73.97114325012312,18.54149695881216],[73.9716822392936,18.54149695881216],[73.9716822392936,18.541766453397397],[73.97141274470836,18.541766453397397],[73.97141274470836,18.542035947982633],[73.9708737555379,18.542035947982633]]]}},{"type":"Feature","properties":{"class":2,"label":"Medium","name":"Class 2 - 36","parameter":"Turbidity / TSS"},"geometry":{"type":"Polygon","coordinates":[[[73.89784072293897,18.542035947982633],[73.89784072293897,18.541766453397397],[73.89757122835374,18.541766453397397],[73.89757122835374,18.54149695881216],[73.8981102175242,18.54149695881216],[73.8981102175242,18.541766453397397],[73.89864920669469,18.541766453397397],[73.89864920669469,18.542035947982633],[73.89784072293897,18.542035947982633]]]}},{"type":"Feature","properties":{"class":2,"label":"Medium","name":"Class 2 - 37","parameter":"Turbidity / TSS"},"geometry":{"type":"Polygon","coordinates":[[[73.9010746579618,18.541766453397397],[73.9010746579618,18.54149695881216],[73.90134415254704,18.54149695881216],[73.90134415254704,18.541766453397397],[73.9010746579618,18.541766453397397]]]}},{"type":"Feature","properties":{"class":2,"label":"Medium","name":"Class 2 - 38","parameter":"Turbidity / TSS"},"geometry":{"type":"Polygon","coordinates":[[[73.87574216694964,18.54149695881216],[73.87574216694964,18.541227464226925],[73.87601166153486,18.541227464226925],[73.87601166153486,18.54149695881216],[73.87574216694964,18.54149695881216]]]}},{"type":"Feature","properties":{"class":2,"label":"Medium","name":"Class 2 - 39","parameter":"Turbidity / TSS"},"geometry":{"type":"Polygon","coordinates":[[[73.9002661742061,18.54149695881216],[73.9002661742061,18.541227464226925],[73.90080516337656,18.541227464226925],[73.90080516337656,18.54149695881216],[73.9002661742061,18.54149695881216]]]}},{"type":"Feature","properties":{"class":2,"label":"Medium","name":"Class 2 - 40","parameter":"Turbidity / TSS"},"geometry":{"type":"Polygon","coordinates":[[[73.90215263630274,18.541766453397397],[73.90215263630274,18.54095796964169],[73.90242213088798,18.54095796964169],[73.90242213088798,18.541227464226925],[73.90269162547322,18.541227464226925],[73.90269162547322,18.54095796964169],[73.90323061464369,18.54095796964169],[73.90323061464369,18.541227464226925],[73.90350010922893,18.541227464226925],[73.90350010922893,18.54095796964169],[73.90376960381415,18.54095796964169],[73.90376960381415,18.541227464226925],[73.9040390983994,18.541227464226925],[73.9040390983994,18.54149695881216],[73.90242213088798,18.54149695881216],[73.90242213088798,18.541766453397397],[73.90215263630274,18.541766453397397]]]}},{"type":"Feature","properties":{"class":2,"label":"Medium","name":"Class 2 - 41","parameter":"Turbidity / TSS"},"geometry":{"type":"Polygon","coordinates":[[[73.90134415254704,18.54149695881216],[73.90134415254704,18.54095796964169],[73.9018831417175,18.54095796964169],[73.9018831417175,18.541227464226925],[73.90161364713228,18.541227464226925],[73.90161364713228,18.54149695881216],[73.90134415254704,18.54149695881216]]]}},{"type":"Feature","properties":{"class":2,"label":"Medium","name":"Class 2 - 42","parameter":"Turbidity / TSS"},"geometry":{"type":"Polygon","coordinates":[[[73.90511707674034,18.541766453397397],[73.90511707674034,18.54149695881216],[73.9048475821551,18.54149695881216],[73.9048475821551,18.541227464226925],[73.90457808756987,18.541227464226925],[73.90457808756987,18.54095796964169],[73.90592556049604,18.54095796964169],[73.90592556049604,18.541227464226925],[73.90619505508128,18.541227464226925],[73.90619505508128,18.54149695881216],[73.90592556049604,18.54149695881216],[73.90592556049604,18.541766453397397],[73.90511707674034,18.541766453397397]]]}},{"type":"Feature","properties":{"class":2,"label":"Medium","name":"Class 2 - 43","parameter":"Turbidity / TSS"},"geometry":{"type":"Polygon","coordinates":[[[73.94203783491766,18.541766453397397],[73.94203783491766,18.54149695881216],[73.94176834033242,18.54149695881216],[73.94176834033242,18.541227464226925],[73.94149884574718,18.541227464226925],[73.94149884574718,18.54095796964169],[73.94176834033242,18.54095796964169],[73.94176834033242,18.540688475056452],[73.94257682408812,18.540688475056452],[73.94257682408812,18.54095796964169],[73.94284631867336,18.54095796964169],[73.94284631867336,18.54149695881216],[73.94257682408812,18.54149695881216],[73.94257682408812,18.541227464226925],[73.94230732950288,18.541227464226925],[73.94230732950288,18.541766453397397],[73.94203783491766,18.541766453397397]]]}},{"type":"Feature","properties":{"class":2,"label":"Medium","name":"Class 2 - 44","parameter":"Turbidity / TSS"},"geometry":{"type":"Polygon","coordinates":[[[73.97276021763454,18.54149695881216],[73.97276021763454,18.541227464226925],[73.9724907230493,18.541227464226925],[73.9724907230493,18.540688475056452],[73.97276021763454,18.540688475056452],[73.97276021763454,18.54095796964169],[73.97302971221977,18.54095796964169],[73.97302971221977,18.54149695881216],[73.97276021763454,18.54149695881216]]]}},{"type":"Feature","properties":{"class":2,"label":"Medium","name":"Class 2 - 45","parameter":"Turbidity / TSS"},"geometry":{"type":"Polygon","coordinates":[[[73.90619505508128,18.541227464226925],[73.90619505508128,18.54095796964169],[73.90727303342223,18.54095796964169],[73.90727303342223,18.540688475056452],[73.90969848468934,18.540688475056452],[73.90969848468934,18.540418980471216],[73.90996797927458,18.540418980471216],[73.90996797927458,18.54095796964169],[73.90969848468934,18.54095796964169],[73.90969848468934,18.541227464226925],[73.90915949551888,18.541227464226925],[73.90915949551888,18.54095796964169],[73.90889000093364,18.54095796964169],[73.90889000093364,18.541227464226925],[73.90619505508128,18.541227464226925]]]}},{"type":"Feature","properties":{"class":2,"label":"Medium","name":"Class 2 - 46","parameter":"Turbidity / TSS"},"geometry":{"type":"Polygon","coordinates":[[[73.91077646303029,18.540418980471216],[73.91077646303029,18.54014948588598],[73.91104595761553,18.54014948588598],[73.91104595761553,18.540418980471216],[73.91077646303029,18.540418980471216]]]}},{"type":"Feature","properties":{"class":2,"label":"Medium","name":"Class 2 - 47","parameter":"Turbidity / TSS"},"geometry":{"type":"Polygon","coordinates":[[[73.94149884574718,18.540418980471216],[73.94149884574718,18.54014948588598],[73.94176834033242,18.54014948588598],[73.94176834033242,18.540418980471216],[73.94149884574718,18.540418980471216]]]}},{"type":"Feature","properties":{"class":2,"label":"Medium","name":"Class 2 - 48","parameter":"Turbidity / TSS"},"geometry":{"type":"Polygon","coordinates":[[[73.94203783491766,18.540418980471216],[73.94203783491766,18.54014948588598],[73.94230732950288,18.54014948588598],[73.94230732950288,18.540418980471216],[73.94203783491766,18.540418980471216]]]}},{"type":"Feature","properties":{"class":2,"label":"Medium","name":"Class 2 - 49","parameter":"Turbidity / TSS"},"geometry":{"type":"Polygon","coordinates":[[[73.87008278065967,18.54014948588598],[73.87008278065967,18.539879991300747],[73.87035227524491,18.539879991300747],[73.87035227524491,18.54014948588598],[73.87008278065967,18.54014948588598]]]}},{"type":"Feature","properties":{"class":2,"label":"Medium","name":"Class 2 - 50","parameter":"Turbidity / TSS"},"geometry":{"type":"Polygon","coordinates":[[[73.88274902616577,18.543652915494047],[73.88274902616577,18.54338342090881],[73.88059306948388,18.54338342090881],[73.88059306948388,18.543113926323574],[73.87951509114293,18.543113926323574],[73.87951509114293,18.54284443173834],[73.87762862904628,18.54284443173834],[73.87762862904628,18.542574937153105],[73.87735913446105,18.542574937153105],[73.87735913446105,18.54230544256787],[73.87682014529058,18.54230544256787],[73.87682014529058,18.542035947982633],[73.87493368319393,18.542035947982633],[73.87493368319393,18.54149695881216],[73.87412519943821,18.54149695881216],[73.87412519943821,18.541227464226925],[73.8733167156825,18.541227464226925],[73.8733167156825,18.54095796964169],[73.87277772651204,18.54095796964169],[73.87277772651204,18.540688475056452],[73.87223873734156,18.540688475056452],[73.87223873734156,18.540418980471216],[73.87089126441539,18.540418980471216],[73.87089126441539,18.53961049671551],[73.87143025358586,18.53961049671551],[73.87143025358586,18.54014948588598],[73.8716997481711,18.54014948588598],[73.8716997481711,18.539879991300747],[73.87223873734156,18.539879991300747],[73.87223873734156,18.54014948588598],[73.87304722109727,18.54014948588598],[73.87304722109727,18.540418980471216],[73.87358621026775,18.540418980471216],[73.87358621026775,18.540688475056452],[73.87439469402345,18.540688475056452],[73.87439469402345,18.54095796964169],[73.87520317777916,18.54095796964169],[73.87520317777916,18.541227464226925],[73.8754726723644,18.541227464226925],[73.8754726723644,18.54149695881216],[73.87574216694964,18.54149695881216],[73.87574216694964,18.541766453397397],[73.87601166153486,18.541766453397397],[73.87601166153486,18.54149695881216],[73.87735913446105,18.54149695881216],[73.87735913446105,18.541766453397397],[73.87816761821675,18.541766453397397],[73.87816761821675,18.542035947982633],[73.87843711280199,18.542035947982633],[73.87843711280199,18.54230544256787],[73.88032357489864,18.54230544256787],[73.88032357489864,18.542574937153105],[73.88059306948388,18.542574937153105],[73.88059306948388,18.54230544256787],[73.88167104782482,18.54230544256787],[73.88167104782482,18.542574937153105],[73.88194054241005,18.542574937153105],[73.88194054241005,18.54284443173834],[73.88274902616577,18.54284443173834],[73.88274902616577,18.543113926323574],[73.88328801533623,18.543113926323574],[73.88328801533623,18.54338342090881],[73.883018520751,18.54338342090881],[73.883018520751,18.543652915494047],[73.88274902616577,18.543652915494047]]]}},{"type":"Feature","properties":{"class":2,"label":"Medium","name":"Class 2 - 51","parameter":"Turbidity / TSS"},"geometry":{"type":"Polygon","coordinates":[[[73.91320191429742,18.540418980471216],[73.91320191429742,18.54014948588598],[73.91185444137123,18.54014948588598],[73.91185444137123,18.539879991300747],[73.91239343054171,18.539879991300747],[73.91239343054171,18.53961049671551],[73.91427989263836,18.53961049671551],[73.91427989263836,18.539879991300747],[73.91401039805312,18.539879991300747],[73.91401039805312,18.54014948588598],[73.91347140888266,18.54014948588598],[73.91347140888266,18.540418980471216],[73.91320191429742,18.540418980471216]]]}},{"type":"Feature","properties":{"class":2,"label":"Medium","name":"Class 2 - 52","parameter":"Turbidity / TSS"},"geometry":{"type":"Polygon","coordinates":[[[73.8695437914892,18.539879991300747],[73.8695437914892,18.53961049671551],[73.87008278065967,18.53961049671551],[73.87008278065967,18.539879991300747],[73.8695437914892,18.539879991300747]]]}},{"type":"Feature","properties":{"class":2,"label":"Medium","name":"Class 2 - 53","parameter":"Turbidity / TSS"},"geometry":{"type":"Polygon","coordinates":[[[73.91508837639407,18.539879991300747],[73.91508837639407,18.53961049671551],[73.91562736556453,18.53961049671551],[73.91562736556453,18.539341002130275],[73.91589686014977,18.539341002130275],[73.91589686014977,18.539879991300747],[73.91508837639407,18.539879991300747]]]}},{"type":"Feature","properties":{"class":2,"label":"Medium","name":"Class 2 - 54","parameter":"Turbidity / TSS"},"geometry":{"type":"Polygon","coordinates":[[[73.94176834033242,18.539879991300747],[73.94176834033242,18.539341002130275],[73.94203783491766,18.539341002130275],[73.94203783491766,18.539879991300747],[73.94176834033242,18.539879991300747]]]}},{"type":"Feature","properties":{"class":2,"label":"Medium","name":"Class 2 - 55","parameter":"Turbidity / TSS"},"geometry":{"type":"Polygon","coordinates":[[[73.8687353077335,18.53961049671551],[73.8687353077335,18.539341002130275],[73.8695437914892,18.539341002130275],[73.8695437914892,18.53961049671551],[73.8687353077335,18.53961049671551]]]}},{"type":"Feature","properties":{"class":2,"label":"Medium","name":"Class 2 - 56","parameter":"Turbidity / TSS"},"geometry":{"type":"Polygon","coordinates":[[[73.9145493872236,18.53961049671551],[73.9145493872236,18.539341002130275],[73.91508837639407,18.539341002130275],[73.91508837639407,18.53961049671551],[73.9145493872236,18.53961049671551]]]}},{"type":"Feature","properties":{"class":2,"label":"Medium","name":"Class 2 - 57","parameter":"Turbidity / TSS"},"geometry":{"type":"Polygon","coordinates":[[[73.97383819597549,18.53961049671551],[73.97383819597549,18.539341002130275],[73.97410769056071,18.539341002130275],[73.97410769056071,18.53961049671551],[73.97383819597549,18.53961049671551]]]}},{"type":"Feature","properties":{"class":2,"label":"Medium","name":"Class 2 - 58","parameter":"Turbidity / TSS"},"geometry":{"type":"Polygon","coordinates":[[[73.91724433307596,18.539341002130275],[73.91724433307596,18.53907150754504],[73.9175138276612,18.53907150754504],[73.9175138276612,18.539341002130275],[73.91724433307596,18.539341002130275]]]}},{"type":"Feature","properties":{"class":2,"label":"Medium","name":"Class 2 - 59","parameter":"Turbidity / TSS"},"geometry":{"type":"Polygon","coordinates":[[[73.86765732939256,18.539341002130275],[73.86765732939256,18.53907150754504],[73.86711834022208,18.53907150754504],[73.86711834022208,18.538802012959803],[73.86819631856302,18.538802012959803],[73.86819631856302,18.53907150754504],[73.8687353077335,18.53907150754504],[73.8687353077335,18.539341002130275],[73.86765732939256,18.539341002130275]]]}},{"type":"Feature","properties":{"class":2,"label":"Medium","name":"Class 2 - 60","parameter":"Turbidity / TSS"},"geometry":{"type":"Polygon","coordinates":[[[73.91859180600213,18.539341002130275],[73.91859180600213,18.53907150754504],[73.91993927892831,18.53907150754504],[73.91993927892831,18.538532518374566],[73.92074776268402,18.538532518374566],[73.92074776268402,18.538802012959803],[73.9212867518545,18.538802012959803],[73.9212867518545,18.538532518374566],[73.92155624643972,18.538532518374566],[73.92155624643972,18.538802012959803],[73.92263422478067,18.538802012959803],[73.92263422478067,18.538532518374566],[73.92344270853638,18.538532518374566],[73.92344270853638,18.53907150754504],[73.92074776268402,18.53907150754504],[73.92074776268402,18.539341002130275],[73.91859180600213,18.539341002130275]]]}},{"type":"Feature","properties":{"class":2,"label":"Medium","name":"Class 2 - 61","parameter":"Turbidity / TSS"},"geometry":{"type":"Polygon","coordinates":[[[73.94122935116195,18.538802012959803],[73.94122935116195,18.538532518374566],[73.94149884574718,18.538532518374566],[73.94149884574718,18.538802012959803],[73.94122935116195,18.538802012959803]]]}},{"type":"Feature","properties":{"class":2,"label":"Medium","name":"Class 2 - 62","parameter":"Turbidity / TSS"},"geometry":{"type":"Polygon","coordinates":[[[73.86657935105161,18.538802012959803],[73.86657935105161,18.538532518374566],[73.86630985646637,18.538532518374566],[73.86630985646637,18.53826302378933],[73.86684884563685,18.53826302378933],[73.86684884563685,18.538802012959803],[73.86657935105161,18.538802012959803]]]}},{"type":"Feature","properties":{"class":2,"label":"Medium","name":"Class 2 - 63","parameter":"Turbidity / TSS"},"geometry":{"type":"Polygon","coordinates":[[[73.94095985657671,18.538532518374566],[73.94095985657671,18.537993529204094],[73.94122935116195,18.537993529204094],[73.94122935116195,18.538532518374566],[73.94095985657671,18.538532518374566]]]}},{"type":"Feature","properties":{"class":2,"label":"Medium","name":"Class 2 - 64","parameter":"Turbidity / TSS"},"geometry":{"type":"Polygon","coordinates":[[[73.86604036188115,18.53826302378933],[73.86604036188115,18.537993529204094],[73.86630985646637,18.537993529204094],[73.86630985646637,18.53826302378933],[73.86604036188115,18.53826302378933]]]}},{"type":"Feature","properties":{"class":2,"label":"Medium","name":"Class 2 - 65","parameter":"Turbidity / TSS"},"geometry":{"type":"Polygon","coordinates":[[[73.94042086740623,18.53826302378933],[73.94042086740623,18.537993529204094],[73.94069036199147,18.537993529204094],[73.94069036199147,18.53826302378933],[73.94042086740623,18.53826302378933]]]}},{"type":"Feature","properties":{"class":2,"label":"Medium","name":"Class 2 - 66","parameter":"Turbidity / TSS"},"geometry":{"type":"Polygon","coordinates":[[[73.92371220312161,18.53907150754504],[73.92371220312161,18.538532518374566],[73.92398169770685,18.538532518374566],[73.92398169770685,18.53826302378933],[73.9250596760478,18.53826302378933],[73.9250596760478,18.537993529204094],[73.92559866521826,18.537993529204094],[73.92559866521826,18.53826302378933],[73.9258681598035,18.53826302378933],[73.9258681598035,18.537993529204094],[73.92640714897398,18.537993529204094],[73.92640714897398,18.537724034618858],[73.92748512731491,18.537724034618858],[73.92748512731491,18.53826302378933],[73.92694613814444,18.53826302378933],[73.92694613814444,18.537993529204094],[73.9266766435592,18.537993529204094],[73.9266766435592,18.53826302378933],[73.92640714897398,18.53826302378933],[73.92640714897398,18.538532518374566],[73.92559866521826,18.538532518374566],[73.92559866521826,18.538802012959803],[73.92452068687732,18.538802012959803],[73.92452068687732,18.53907150754504],[73.92371220312161,18.53907150754504]]]}},{"type":"Feature","properties":{"class":2,"label":"Medium","name":"Class 2 - 67","parameter":"Turbidity / TSS"},"geometry":{"type":"Polygon","coordinates":[[[73.86550137271067,18.537993529204094],[73.86550137271067,18.537724034618858],[73.8649623835402,18.537724034618858],[73.8649623835402,18.53745454003362],[73.86469288895496,18.53745454003362],[73.86469288895496,18.537185045448386],[73.86442339436972,18.537185045448386],[73.86442339436972,18.53691555086315],[73.86523187812543,18.53691555086315],[73.86523187812543,18.53745454003362],[73.86577086729591,18.53745454003362],[73.86577086729591,18.537993529204094],[73.86550137271067,18.537993529204094]]]}},{"type":"Feature","properties":{"class":2,"label":"Medium","name":"Class 2 - 68","parameter":"Turbidity / TSS"},"geometry":{"type":"Polygon","coordinates":[[[73.97410769056071,18.539341002130275],[73.97410769056071,18.538532518374566],[73.97437718514595,18.538532518374566],[73.97437718514595,18.53826302378933],[73.9746466797312,18.53826302378933],[73.9746466797312,18.53745454003362],[73.97491617431643,18.53745454003362],[73.97491617431643,18.536107067107444],[73.97518566890166,18.536107067107444],[73.97518566890166,18.537724034618858],[73.97491617431643,18.537724034618858],[73.97491617431643,18.538802012959803],[73.9746466797312,18.538802012959803],[73.9746466797312,18.53907150754504],[73.97437718514595,18.53907150754504],[73.97437718514595,18.539341002130275],[73.97410769056071,18.539341002130275]]]}},{"type":"Feature","properties":{"class":2,"label":"Medium","name":"Class 2 - 69","parameter":"Turbidity / TSS"},"geometry":{"type":"Polygon","coordinates":[[[73.92775462190015,18.537993529204094],[73.92775462190015,18.53745454003362],[73.92856310565585,18.53745454003362],[73.92856310565585,18.53691555086315],[73.9288326002411,18.53691555086315],[73.9288326002411,18.537185045448386],[73.92910209482633,18.537185045448386],[73.92910209482633,18.53691555086315],[73.92937158941157,18.53691555086315],[73.92937158941157,18.537185045448386],[73.9296410839968,18.537185045448386],[73.9296410839968,18.53691555086315],[73.92991057858204,18.53691555086315],[73.92991057858204,18.536646056277917],[73.9304495677525,18.536646056277917],[73.9304495677525,18.53637656169268],[73.93098855692298,18.53637656169268],[73.93098855692298,18.536646056277917],[73.93125805150822,18.536646056277917],[73.93125805150822,18.53637656169268],[73.93152754609345,18.53637656169268],[73.93152754609345,18.536107067107444],[73.93314451360487,18.536107067107444],[73.93314451360487,18.535837572522208],[73.93368350277534,18.535837572522208],[73.93368350277534,18.536646056277917],[73.93233602984917,18.536646056277917],[73.93233602984917,18.53691555086315],[73.93098855692298,18.53691555086315],[73.93098855692298,18.537185045448386],[73.93018007316728,18.537185045448386],[73.93018007316728,18.53745454003362],[73.9296410839968,18.53745454003362],[73.9296410839968,18.537724034618858],[73.92829361107063,18.537724034618858],[73.92829361107063,18.537993529204094],[73.92775462190015,18.537993529204094]]]}},{"type":"Feature","properties":{"class":2,"label":"Medium","name":"Class 2 - 70","parameter":"Turbidity / TSS"},"geometry":{"type":"Polygon","coordinates":[[[73.86388440519926,18.535568077936972],[73.86388440519926,18.535298583351736],[73.86415389978448,18.535298583351736],[73.86415389978448,18.535568077936972],[73.86388440519926,18.535568077936972]]]}},{"type":"Feature","properties":{"class":2,"label":"Medium","name":"Class 2 - 71","parameter":"Turbidity / TSS"},"geometry":{"type":"Polygon","coordinates":[[[73.94069036199147,18.537993529204094],[73.94069036199147,18.537724034618858],[73.94042086740623,18.537724034618858],[73.94042086740623,18.537185045448386],[73.93988187823577,18.537185045448386],[73.93988187823577,18.53691555086315],[73.93934288906529,18.53691555086315],[73.93934288906529,18.536646056277917],[73.93880389989482,18.536646056277917],[73.93880389989482,18.53637656169268],[73.93799541613912,18.53637656169268],[73.93799541613912,18.536107067107444],[73.93556996487199,18.536107067107444],[73.93556996487199,18.53637656169268],[73.93530047028676,18.53637656169268],[73.93530047028676,18.536646056277917],[73.93476148111628,18.536646056277917],[73.93476148111628,18.53637656169268],[73.93395299736058,18.53637656169268],[73.93395299736058,18.535837572522208],[73.93422249194582,18.535837572522208],[73.93422249194582,18.536107067107444],[73.93476148111628,18.536107067107444],[73.93476148111628,18.535837572522208],[73.93503097570152,18.535837572522208],[73.93503097570152,18.536107067107444],[73.93530047028676,18.536107067107444],[73.93530047028676,18.535568077936972],[73.93503097570152,18.535568077936972],[73.93503097570152,18.535298583351736],[73.93583945945723,18.535298583351736],[73.93583945945723,18.5350290887665],[73.93691743779817,18.5350290887665],[73.93691743779817,18.535298583351736],[73.93853440530958,18.535298583351736],[73.93853440530958,18.535568077936972],[73.93934288906529,18.535568077936972],[73.93934288906529,18.535837572522208],[73.93961238365053,18.535837572522208],[73.93961238365053,18.536107067107444],[73.93988187823577,18.536107067107444],[73.93988187823577,18.53637656169268],[73.940151372821,18.53637656169268],[73.940151372821,18.536646056277917],[73.94042086740623,18.536646056277917],[73.94042086740623,18.53691555086315],[73.94069036199147,18.53691555086315],[73.94069036199147,18.537185045448386],[73.94095985657671,18.537185045448386],[73.94095985657671,18.537993529204094],[73.94069036199147,18.537993529204094]]]}},{"type":"Feature","properties":{"class":2,"label":"Medium","name":"Class 2 - 72","parameter":"Turbidity / TSS"},"geometry":{"type":"Polygon","coordinates":[[[73.86334541602878,18.535298583351736],[73.86334541602878,18.5350290887665],[73.86361491061402,18.5350290887665],[73.86361491061402,18.535298583351736],[73.86334541602878,18.535298583351736]]]}},{"type":"Feature","properties":{"class":2,"label":"Medium","name":"Class 2 - 73","parameter":"Turbidity / TSS"},"geometry":{"type":"Polygon","coordinates":[[[73.9754551634869,18.535568077936972],[73.9754551634869,18.534759594181264],[73.97572465807214,18.534759594181264],[73.97572465807214,18.534490099596027],[73.97599415265736,18.534490099596027],[73.97599415265736,18.534759594181264],[73.9762636472426,18.534759594181264],[73.9762636472426,18.5350290887665],[73.97572465807214,18.5350290887665],[73.97572465807214,18.535298583351736],[73.97599415265736,18.535298583351736],[73.97599415265736,18.535568077936972],[73.9754551634869,18.535568077936972]]]}},{"type":"Feature","properties":{"class":2,"label":"Medium","name":"Class 2 - 74","parameter":"Turbidity / TSS"},"geometry":{"type":"Polygon","coordinates":[[[73.85499108388647,18.53314262666985],[73.85499108388647,18.532873132084614],[73.85579956764218,18.532873132084614],[73.85579956764218,18.53314262666985],[73.85499108388647,18.53314262666985]]]}},{"type":"Feature","properties":{"class":2,"label":"Medium","name":"Class 2 - 75","parameter":"Turbidity / TSS"},"geometry":{"type":"Polygon","coordinates":[[[73.97599415265736,18.534490099596027],[73.97599415265736,18.533951110425555],[73.9762636472426,18.533951110425555],[73.9762636472426,18.53314262666985],[73.97653314182784,18.53314262666985],[73.97653314182784,18.532873132084614],[73.97680263641308,18.532873132084614],[73.97680263641308,18.532603637499378],[73.97707213099831,18.532603637499378],[73.97707213099831,18.533412121255086],[73.97680263641308,18.533412121255086],[73.97680263641308,18.533951110425555],[73.97653314182784,18.533951110425555],[73.97653314182784,18.534490099596027],[73.97599415265736,18.534490099596027]]]}},{"type":"Feature","properties":{"class":2,"label":"Medium","name":"Class 2 - 76","parameter":"Turbidity / TSS"},"geometry":{"type":"Polygon","coordinates":[[[73.86307592144355,18.534759594181264],[73.86307592144355,18.53422060501079],[73.86280642685831,18.53422060501079],[73.86280642685831,18.533951110425555],[73.86253693227307,18.533951110425555],[73.86253693227307,18.533412121255086],[73.86226743768783,18.533412121255086],[73.86226743768783,18.53314262666985],[73.86199794310261,18.53314262666985],[73.86199794310261,18.532603637499378],[73.86226743768783,18.532603637499378],[73.86226743768783,18.532873132084614],[73.86253693227307,18.532873132084614],[73.86253693227307,18.53314262666985],[73.86280642685831,18.53314262666985],[73.86280642685831,18.533412121255086],[73.86307592144355,18.533412121255086],[73.86307592144355,18.533951110425555],[73.86334541602878,18.533951110425555],[73.86334541602878,18.534759594181264],[73.86307592144355,18.534759594181264]]]}},{"type":"Feature","properties":{"class":2,"label":"Medium","name":"Class 2 - 77","parameter":"Turbidity / TSS"},"geometry":{"type":"Polygon","coordinates":[[[73.97734162558355,18.532873132084614],[73.97734162558355,18.53233414291414],[73.97761112016879,18.53233414291414],[73.97761112016879,18.532873132084614],[73.97734162558355,18.532873132084614]]]}},{"type":"Feature","properties":{"class":2,"label":"Medium","name":"Class 2 - 78","parameter":"Turbidity / TSS"},"geometry":{"type":"Polygon","coordinates":[[[73.86118945934689,18.532603637499378],[73.86118945934689,18.532064648328905],[73.86038097559118,18.532064648328905],[73.86038097559118,18.53179515374367],[73.85984198642072,18.53179515374367],[73.85984198642072,18.531525659158433],[73.8582250189093,18.531525659158433],[73.8582250189093,18.53179515374367],[73.85687754598312,18.53179515374367],[73.85687754598312,18.532064648328905],[73.85660805139788,18.532064648328905],[73.85660805139788,18.53233414291414],[73.85633855681264,18.53233414291414],[73.85633855681264,18.53179515374367],[73.85660805139788,18.53179515374367],[73.85660805139788,18.531525659158433],[73.85714704056836,18.531525659158433],[73.85714704056836,18.531256164573197],[73.85768602973883,18.531256164573197],[73.85768602973883,18.53098666998796],[73.86011148100596,18.53098666998796],[73.86011148100596,18.531256164573197],[73.86065047017642,18.531256164573197],[73.86065047017642,18.530717175402728],[73.86091996476166,18.530717175402728],[73.86091996476166,18.531525659158433],[73.86145895393213,18.531525659158433],[73.86145895393213,18.53179515374367],[73.86172844851737,18.53179515374367],[73.86172844851737,18.532064648328905],[73.86199794310261,18.532064648328905],[73.86199794310261,18.532603637499378],[73.86118945934689,18.532603637499378]]]}},{"type":"Feature","properties":{"class":2,"label":"Medium","name":"Class 2 - 79","parameter":"Turbidity / TSS"},"geometry":{"type":"Polygon","coordinates":[[[73.97868909850973,18.53098666998796],[73.97868909850973,18.530717175402728],[73.97895859309496,18.530717175402728],[73.97895859309496,18.53098666998796],[73.97868909850973,18.53098666998796]]]}},{"type":"Feature","properties":{"class":2,"label":"Medium","name":"Class 2 - 80","parameter":"Turbidity / TSS"},"geometry":{"type":"Polygon","coordinates":[[[73.97895859309496,18.530717175402728],[73.97895859309496,18.530447680817492],[73.9792280876802,18.530447680817492],[73.9792280876802,18.530717175402728],[73.97895859309496,18.530717175402728]]]}},{"type":"Feature","properties":{"class":2,"label":"Medium","name":"Class 2 - 81","parameter":"Turbidity / TSS"},"geometry":{"type":"Polygon","coordinates":[[[73.9792280876802,18.530447680817492],[73.9792280876802,18.530178186232256],[73.97949758226544,18.530178186232256],[73.97949758226544,18.530447680817492],[73.9792280876802,18.530447680817492]]]}},{"type":"Feature","properties":{"class":2,"label":"Medium","name":"Class 2 - 82","parameter":"Turbidity / TSS"},"geometry":{"type":"Polygon","coordinates":[[[73.97949758226544,18.530178186232256],[73.97949758226544,18.52990869164702],[73.9800365714359,18.52990869164702],[73.9800365714359,18.530178186232256],[73.97949758226544,18.530178186232256]]]}},{"type":"Feature","properties":{"class":2,"label":"Medium","name":"Class 2 - 83","parameter":"Turbidity / TSS"},"geometry":{"type":"Polygon","coordinates":[[[73.98030606602114,18.529639197061783],[73.98030606602114,18.529369702476547],[73.98084505519162,18.529369702476547],[73.98084505519162,18.52910020789131],[73.98111454977685,18.52910020789131],[73.98111454977685,18.529369702476547],[73.98138404436209,18.529369702476547],[73.98138404436209,18.529639197061783],[73.98030606602114,18.529639197061783]]]}},{"type":"Feature","properties":{"class":2,"label":"Medium","name":"Class 2 - 84","parameter":"Turbidity / TSS"},"geometry":{"type":"Polygon","coordinates":[[[73.98111454977685,18.52910020789131],[73.98111454977685,18.528830713306075],[73.98138404436209,18.528830713306075],[73.98138404436209,18.52856121872084],[73.98219252811779,18.52856121872084],[73.98219252811779,18.528022229550366],[73.98273151728827,18.528022229550366],[73.98273151728827,18.527752734965134],[73.98327050645874,18.527752734965134],[73.98327050645874,18.527483240379897],[73.98380949562922,18.527483240379897],[73.98380949562922,18.52721374579466],[73.98407899021444,18.52721374579466],[73.98407899021444,18.526944251209425],[73.98515696855539,18.526944251209425],[73.98515696855539,18.52667475662419],[73.98542646314063,18.52667475662419],[73.98542646314063,18.526405262038953],[73.98596545231109,18.526405262038953],[73.98596545231109,18.526944251209425],[73.98569595772587,18.526944251209425],[73.98569595772587,18.52721374579466],[73.98515696855539,18.52721374579466],[73.98515696855539,18.527483240379897],[73.98461797938492,18.527483240379897],[73.98461797938492,18.527752734965134],[73.98434848479968,18.527752734965134],[73.98434848479968,18.528022229550366],[73.98354000104398,18.528022229550366],[73.98354000104398,18.528291724135602],[73.98327050645874,18.528291724135602],[73.98327050645874,18.52856121872084],[73.98246202270303,18.52856121872084],[73.98246202270303,18.528830713306075],[73.98219252811779,18.528830713306075],[73.98219252811779,18.52910020789131],[73.98111454977685,18.52910020789131]]]}},{"type":"Feature","properties":{"class":2,"label":"Medium","name":"Class 2 - 85","parameter":"Turbidity / TSS"},"geometry":{"type":"Polygon","coordinates":[[[73.98623494689633,18.52667475662419],[73.98623494689633,18.526135767453717],[73.98650444148157,18.526135767453717],[73.98650444148157,18.525596778283244],[73.98704343065204,18.525596778283244],[73.98704343065204,18.525327283698008],[73.98731292523728,18.525327283698008],[73.98731292523728,18.52586627286848],[73.98758241982252,18.52586627286848],[73.98758241982252,18.526135767453717],[73.98785191440774,18.526135767453717],[73.98785191440774,18.526405262038953],[73.98704343065204,18.526405262038953],[73.98704343065204,18.52667475662419],[73.98623494689633,18.52667475662419]]]}},{"type":"Feature","properties":{"class":2,"label":"Medium","name":"Class 2 - 86","parameter":"Turbidity / TSS"},"geometry":{"type":"Polygon","coordinates":[[[73.98946888191917,18.524249305357067],[73.98946888191917,18.52397981077183],[73.98919938733393,18.52397981077183],[73.98919938733393,18.523710316186595],[73.9897383765044,18.523710316186595],[73.9897383765044,18.52344082160136],[73.99027736567487,18.52344082160136],[73.99027736567487,18.523171327016122],[73.99054686026011,18.523171327016122],[73.99054686026011,18.52263233784565],[73.99081635484534,18.52263233784565],[73.99081635484534,18.522362843260414],[73.99108584943058,18.522362843260414],[73.99108584943058,18.522093348675178],[73.99135534401582,18.522093348675178],[73.99135534401582,18.52182385408994],[73.99108584943058,18.52182385408994],[73.99108584943058,18.52155435950471],[73.99189433318628,18.52155435950471],[73.99189433318628,18.521015370334236],[73.99243332235676,18.521015370334236],[73.99243332235676,18.52155435950471],[73.99216382777152,18.52155435950471],[73.99216382777152,18.522093348675178],[73.99189433318628,18.522093348675178],[73.99189433318628,18.52263233784565],[73.99162483860106,18.52263233784565],[73.99162483860106,18.523171327016122],[73.99108584943058,18.523171327016122],[73.99108584943058,18.523710316186595],[73.99054686026011,18.523710316186595],[73.99054686026011,18.524249305357067],[73.98946888191917,18.524249305357067]]]}},{"type":"Feature","properties":{"class":3,"label":"High","name":"Class 3 - 1","parameter":"Turbidity / TSS"},"geometry":{"type":"Polygon","coordinates":[[[73.89325931498996,18.543113926323574],[73.89325931498996,18.54284443173834],[73.8935288095752,18.54284443173834],[73.8935288095752,18.543113926323574],[73.89325931498996,18.543113926323574]]]}},{"type":"Feature","properties":{"class":3,"label":"High","name":"Class 3 - 2","parameter":"Turbidity / TSS"},"geometry":{"type":"Polygon","coordinates":[[[73.89406779874567,18.543113926323574],[73.89406779874567,18.54284443173834],[73.8943372933309,18.54284443173834],[73.8943372933309,18.543113926323574],[73.89406779874567,18.543113926323574]]]}},{"type":"Feature","properties":{"class":3,"label":"High","name":"Class 3 - 3","parameter":"Turbidity / TSS"},"geometry":{"type":"Polygon","coordinates":[[[73.89379830416044,18.54284443173834],[73.89379830416044,18.542574937153105],[73.89406779874567,18.542574937153105],[73.89406779874567,18.54284443173834],[73.89379830416044,18.54284443173834]]]}},{"type":"Feature","properties":{"class":3,"label":"High","name":"Class 3 - 4","parameter":"Turbidity / TSS"},"geometry":{"type":"Polygon","coordinates":[[[73.89622375542756,18.542574937153105],[73.89622375542756,18.54230544256787],[73.8964932500128,18.54230544256787],[73.8964932500128,18.542574937153105],[73.89622375542756,18.542574937153105]]]}},{"type":"Feature","properties":{"class":3,"label":"High","name":"Class 3 - 5","parameter":"Turbidity / TSS"},"geometry":{"type":"Polygon","coordinates":[[[73.8973017337685,18.54230544256787],[73.8973017337685,18.541766453397397],[73.89784072293897,18.541766453397397],[73.89784072293897,18.542035947982633],[73.89757122835374,18.542035947982633],[73.89757122835374,18.54230544256787],[73.8973017337685,18.54230544256787]]]}},{"type":"Feature","properties":{"class":3,"label":"High","name":"Class 3 - 6","parameter":"Turbidity / TSS"},"geometry":{"type":"Polygon","coordinates":[[[73.87574216694964,18.541766453397397],[73.87574216694964,18.54149695881216],[73.87601166153486,18.54149695881216],[73.87601166153486,18.541766453397397],[73.87574216694964,18.541766453397397]]]}},{"type":"Feature","properties":{"class":3,"label":"High","name":"Class 3 - 7","parameter":"Turbidity / TSS"},"geometry":{"type":"Polygon","coordinates":[[[73.8754726723644,18.54149695881216],[73.8754726723644,18.541227464226925],[73.87574216694964,18.541227464226925],[73.87574216694964,18.54149695881216],[73.8754726723644,18.54149695881216]]]}},{"type":"Feature","properties":{"class":3,"label":"High","name":"Class 3 - 8","parameter":"Turbidity / TSS"},"geometry":{"type":"Polygon","coordinates":[[[73.90080516337656,18.54149695881216],[73.90080516337656,18.541227464226925],[73.90134415254704,18.541227464226925],[73.90134415254704,18.54149695881216],[73.90080516337656,18.54149695881216]]]}},{"type":"Feature","properties":{"class":3,"label":"High","name":"Class 3 - 9","parameter":"Turbidity / TSS"},"geometry":{"type":"Polygon","coordinates":[[[73.90161364713228,18.54149695881216],[73.90161364713228,18.541227464226925],[73.9018831417175,18.541227464226925],[73.9018831417175,18.54095796964169],[73.90215263630274,18.54095796964169],[73.90215263630274,18.54149695881216],[73.90161364713228,18.54149695881216]]]}},{"type":"Feature","properties":{"class":3,"label":"High","name":"Class 3 - 10","parameter":"Turbidity / TSS"},"geometry":{"type":"Polygon","coordinates":[[[73.90242213088798,18.541227464226925],[73.90242213088798,18.54095796964169],[73.90269162547322,18.54095796964169],[73.90269162547322,18.541227464226925],[73.90242213088798,18.541227464226925]]]}},{"type":"Feature","properties":{"class":3,"label":"High","name":"Class 3 - 11","parameter":"Turbidity / TSS"},"geometry":{"type":"Polygon","coordinates":[[[73.90323061464369,18.541227464226925],[73.90323061464369,18.54095796964169],[73.90350010922893,18.54095796964169],[73.90350010922893,18.541227464226925],[73.90323061464369,18.541227464226925]]]}},{"type":"Feature","properties":{"class":3,"label":"High","name":"Class 3 - 12","parameter":"Turbidity / TSS"},"geometry":{"type":"Polygon","coordinates":[[[73.90592556049604,18.541227464226925],[73.90592556049604,18.54095796964169],[73.90619505508128,18.54095796964169],[73.90619505508128,18.541227464226925],[73.90592556049604,18.541227464226925]]]}},{"type":"Feature","properties":{"class":3,"label":"High","name":"Class 3 - 13","parameter":"Turbidity / TSS"},"geometry":{"type":"Polygon","coordinates":[[[73.87143025358586,18.54014948588598],[73.87143025358586,18.539879991300747],[73.8716997481711,18.539879991300747],[73.8716997481711,18.54014948588598],[73.87143025358586,18.54014948588598]]]}},{"type":"Feature","properties":{"class":3,"label":"High","name":"Class 3 - 14","parameter":"Turbidity / TSS"},"geometry":{"type":"Polygon","coordinates":[[[73.93503097570152,18.536107067107444],[73.93503097570152,18.535837572522208],[73.93476148111628,18.535837572522208],[73.93476148111628,18.535568077936972],[73.93530047028676,18.535568077936972],[73.93530047028676,18.536107067107444],[73.93503097570152,18.536107067107444]]]}}]}