<?xml version="1.0" encoding="UTF-8"?>
<kml xmlns="http://www.opengis.net/kml/2.2" xmlns:gx="http://www.google.com/kml/ext/2.2">
    <Document id="1">
        <name>1786697404248_MulaMutha_WST_Temperature_Class_2026-05-01_2026-05-30</name>
        <Folder id="2">
            <Style id="9">
                <LineStyle id="11">
                    <color>ff00CC00</color>
                    <colorMode>normal</colorMode>
                    <width>1.5</width>
                </LineStyle>
                <PolyStyle id="10">
                    <color>ff00CC00</color>
                    <colorMode>normal</colorMode>
                    <fill>1</fill>
                    <outline>1</outline>
                </PolyStyle>
            </Style>
            <Style id="18">
                <LineStyle id="20">
                    <color>ff00CC00</color>
                    <colorMode>normal</colorMode>
                    <width>1.5</width>
                </LineStyle>
                <PolyStyle id="19">
                    <color>ff00CC00</color>
                    <colorMode>normal</colorMode>
                    <fill>1</fill>
                    <outline>1</outline>
                </PolyStyle>
            </Style>
            <name>Class 3</name>
            <Placemark id="4">
                <name>Class 3 - 1</name>
                <styleUrl>#9</styleUrl>
                <Polygon id="3">
                    <outerBoundaryIs>
                        <LinearRing id="7">
                            <coordinates>73.99162483860106,18.522093348675178,0.0 73.99162483860106,18.52182385408994,0.0 73.99189433318628,18.52182385408994,0.0 73.99189433318628,18.522093348675178,0.0 73.99162483860106,18.522093348675178,0.0</coordinates>
                        </LinearRing>
                    </outerBoundaryIs>
                </Polygon>
            </Placemark>
            <Placemark id="13">
                <name>Class 3 - 2</name>
                <styleUrl>#18</styleUrl>
                <Polygon id="12">
                    <outerBoundaryIs>
                        <LinearRing id="16">
                            <coordinates>73.99189433318628,18.521284864919473,0.0 73.99189433318628,18.521015370334236,0.0 73.99216382777152,18.521015370334236,0.0 73.99216382777152,18.521284864919473,0.0 73.99189433318628,18.521284864919473,0.0</coordinates>
                        </LinearRing>
                    </outerBoundaryIs>
                </Polygon>
            </Placemark>
        </Folder>
        <Folder id="21">
            <Style id="28">
                <LineStyle id="30">
                    <color>ffFF901E</color>
                    <colorMode>normal</colorMode>
                    <width>1.5</width>
                </LineStyle>
                <PolyStyle id="29">
                    <color>ffFF901E</color>
                    <colorMode>normal</colorMode>
                    <fill>1</fill>
                    <outline>1</outline>
                </PolyStyle>
            </Style>
            <Style id="37">
                <LineStyle id="39">
                    <color>ffFF901E</color>
                    <colorMode>normal</colorMode>
                    <width>1.5</width>
                </LineStyle>
                <PolyStyle id="38">
                    <color>ffFF901E</color>
                    <colorMode>normal</colorMode>
                    <fill>1</fill>
                    <outline>1</outline>
                </PolyStyle>
            </Style>
            <Style id="46">
                <LineStyle id="48">
                    <color>ffFF901E</color>
                    <colorMode>normal</colorMode>
                    <width>1.5</width>
                </LineStyle>
                <PolyStyle id="47">
                    <color>ffFF901E</color>
                    <colorMode>normal</colorMode>
                    <fill>1</fill>
                    <outline>1</outline>
                </PolyStyle>
            </Style>
            <Style id="55">
                <LineStyle id="57">
                    <color>ffFF901E</color>
                    <colorMode>normal</colorMode>
                    <width>1.5</width>
                </LineStyle>
                <PolyStyle id="56">
                    <color>ffFF901E</color>
                    <colorMode>normal</colorMode>
                    <fill>1</fill>
                    <outline>1</outline>
                </PolyStyle>
            </Style>
            <Style id="64">
                <LineStyle id="66">
                    <color>ffFF901E</color>
                    <colorMode>normal</colorMode>
                    <width>1.5</width>
                </LineStyle>
                <PolyStyle id="65">
                    <color>ffFF901E</color>
                    <colorMode>normal</colorMode>
                    <fill>1</fill>
                    <outline>1</outline>
                </PolyStyle>
            </Style>
            <Style id="73">
                <LineStyle id="75">
                    <color>ffFF901E</color>
                    <colorMode>normal</colorMode>
                    <width>1.5</width>
                </LineStyle>
                <PolyStyle id="74">
                    <color>ffFF901E</color>
                    <colorMode>normal</colorMode>
                    <fill>1</fill>
                    <outline>1</outline>
                </PolyStyle>
            </Style>
            <Style id="82">
                <LineStyle id="84">
                    <color>ffFF901E</color>
                    <colorMode>normal</colorMode>
                    <width>1.5</width>
                </LineStyle>
                <PolyStyle id="83">
                    <color>ffFF901E</color>
                    <colorMode>normal</colorMode>
                    <fill>1</fill>
                    <outline>1</outline>
                </PolyStyle>
            </Style>
            <Style id="91">
                <LineStyle id="93">
                    <color>ffFF901E</color>
                    <colorMode>normal</colorMode>
                    <width>1.5</width>
                </LineStyle>
                <PolyStyle id="92">
                    <color>ffFF901E</color>
                    <colorMode>normal</colorMode>
                    <fill>1</fill>
                    <outline>1</outline>
                </PolyStyle>
            </Style>
            <Style id="100">
                <LineStyle id="102">
                    <color>ffFF901E</color>
                    <colorMode>normal</colorMode>
                    <width>1.5</width>
                </LineStyle>
                <PolyStyle id="101">
                    <color>ffFF901E</color>
                    <colorMode>normal</colorMode>
                    <fill>1</fill>
                    <outline>1</outline>
                </PolyStyle>
            </Style>
            <Style id="109">
                <LineStyle id="111">
                    <color>ffFF901E</color>
                    <colorMode>normal</colorMode>
                    <width>1.5</width>
                </LineStyle>
                <PolyStyle id="110">
                    <color>ffFF901E</color>
                    <colorMode>normal</colorMode>
                    <fill>1</fill>
                    <outline>1</outline>
                </PolyStyle>
            </Style>
            <Style id="118">
                <LineStyle id="120">
                    <color>ffFF901E</color>
                    <colorMode>normal</colorMode>
                    <width>1.5</width>
                </LineStyle>
                <PolyStyle id="119">
                    <color>ffFF901E</color>
                    <colorMode>normal</colorMode>
                    <fill>1</fill>
                    <outline>1</outline>
                </PolyStyle>
            </Style>
            <Style id="127">
                <LineStyle id="129">
                    <color>ffFF901E</color>
                    <colorMode>normal</colorMode>
                    <width>1.5</width>
                </LineStyle>
                <PolyStyle id="128">
                    <color>ffFF901E</color>
                    <colorMode>normal</colorMode>
                    <fill>1</fill>
                    <outline>1</outline>
                </PolyStyle>
            </Style>
            <Style id="136">
                <LineStyle id="138">
                    <color>ffFF901E</color>
                    <colorMode>normal</colorMode>
                    <width>1.5</width>
                </LineStyle>
                <PolyStyle id="137">
                    <color>ffFF901E</color>
                    <colorMode>normal</colorMode>
                    <fill>1</fill>
                    <outline>1</outline>
                </PolyStyle>
            </Style>
            <Style id="145">
                <LineStyle id="147">
                    <color>ffFF901E</color>
                    <colorMode>normal</colorMode>
                    <width>1.5</width>
                </LineStyle>
                <PolyStyle id="146">
                    <color>ffFF901E</color>
                    <colorMode>normal</colorMode>
                    <fill>1</fill>
                    <outline>1</outline>
                </PolyStyle>
            </Style>
            <Style id="154">
                <LineStyle id="156">
                    <color>ffFF901E</color>
                    <colorMode>normal</colorMode>
                    <width>1.5</width>
                </LineStyle>
                <PolyStyle id="155">
                    <color>ffFF901E</color>
                    <colorMode>normal</colorMode>
                    <fill>1</fill>
                    <outline>1</outline>
                </PolyStyle>
            </Style>
            <Style id="163">
                <LineStyle id="165">
                    <color>ffFF901E</color>
                    <colorMode>normal</colorMode>
                    <width>1.5</width>
                </LineStyle>
                <PolyStyle id="164">
                    <color>ffFF901E</color>
                    <colorMode>normal</colorMode>
                    <fill>1</fill>
                    <outline>1</outline>
                </PolyStyle>
            </Style>
            <Style id="172">
                <LineStyle id="174">
                    <color>ffFF901E</color>
                    <colorMode>normal</colorMode>
                    <width>1.5</width>
                </LineStyle>
                <PolyStyle id="173">
                    <color>ffFF901E</color>
                    <colorMode>normal</colorMode>
                    <fill>1</fill>
                    <outline>1</outline>
                </PolyStyle>
            </Style>
            <Style id="181">
                <LineStyle id="183">
                    <color>ffFF901E</color>
                    <colorMode>normal</colorMode>
                    <width>1.5</width>
                </LineStyle>
                <PolyStyle id="182">
                    <color>ffFF901E</color>
                    <colorMode>normal</colorMode>
                    <fill>1</fill>
                    <outline>1</outline>
                </PolyStyle>
            </Style>
            <Style id="190">
                <LineStyle id="192">
                    <color>ffFF901E</color>
                    <colorMode>normal</colorMode>
                    <width>1.5</width>
                </LineStyle>
                <PolyStyle id="191">
                    <color>ffFF901E</color>
                    <colorMode>normal</colorMode>
                    <fill>1</fill>
                    <outline>1</outline>
                </PolyStyle>
            </Style>
            <Style id="199">
                <LineStyle id="201">
                    <color>ffFF901E</color>
                    <colorMode>normal</colorMode>
                    <width>1.5</width>
                </LineStyle>
                <PolyStyle id="200">
                    <color>ffFF901E</color>
                    <colorMode>normal</colorMode>
                    <fill>1</fill>
                    <outline>1</outline>
                </PolyStyle>
            </Style>
            <Style id="208">
                <LineStyle id="210">
                    <color>ffFF901E</color>
                    <colorMode>normal</colorMode>
                    <width>1.5</width>
                </LineStyle>
                <PolyStyle id="209">
                    <color>ffFF901E</color>
                    <colorMode>normal</colorMode>
                    <fill>1</fill>
                    <outline>1</outline>
                </PolyStyle>
            </Style>
            <Style id="217">
                <LineStyle id="219">
                    <color>ffFF901E</color>
                    <colorMode>normal</colorMode>
                    <width>1.5</width>
                </LineStyle>
                <PolyStyle id="218">
                    <color>ffFF901E</color>
                    <colorMode>normal</colorMode>
                    <fill>1</fill>
                    <outline>1</outline>
                </PolyStyle>
            </Style>
            <Style id="226">
                <LineStyle id="228">
                    <color>ffFF901E</color>
                    <colorMode>normal</colorMode>
                    <width>1.5</width>
                </LineStyle>
                <PolyStyle id="227">
                    <color>ffFF901E</color>
                    <colorMode>normal</colorMode>
                    <fill>1</fill>
                    <outline>1</outline>
                </PolyStyle>
            </Style>
            <Style id="235">
                <LineStyle id="237">
                    <color>ffFF901E</color>
                    <colorMode>normal</colorMode>
                    <width>1.5</width>
                </LineStyle>
                <PolyStyle id="236">
                    <color>ffFF901E</color>
                    <colorMode>normal</colorMode>
                    <fill>1</fill>
                    <outline>1</outline>
                </PolyStyle>
            </Style>
            <Style id="244">
                <LineStyle id="246">
                    <color>ffFF901E</color>
                    <colorMode>normal</colorMode>
                    <width>1.5</width>
                </LineStyle>
                <PolyStyle id="245">
                    <color>ffFF901E</color>
                    <colorMode>normal</colorMode>
                    <fill>1</fill>
                    <outline>1</outline>
                </PolyStyle>
            </Style>
            <Style id="253">
                <LineStyle id="255">
                    <color>ffFF901E</color>
                    <colorMode>normal</colorMode>
                    <width>1.5</width>
                </LineStyle>
                <PolyStyle id="254">
                    <color>ffFF901E</color>
                    <colorMode>normal</colorMode>
                    <fill>1</fill>
                    <outline>1</outline>
                </PolyStyle>
            </Style>
            <Style id="262">
                <LineStyle id="264">
                    <color>ffFF901E</color>
                    <colorMode>normal</colorMode>
                    <width>1.5</width>
                </LineStyle>
                <PolyStyle id="263">
                    <color>ffFF901E</color>
                    <colorMode>normal</colorMode>
                    <fill>1</fill>
                    <outline>1</outline>
                </PolyStyle>
            </Style>
            <Style id="271">
                <LineStyle id="273">
                    <color>ffFF901E</color>
                    <colorMode>normal</colorMode>
                    <width>1.5</width>
                </LineStyle>
                <PolyStyle id="272">
                    <color>ffFF901E</color>
                    <colorMode>normal</colorMode>
                    <fill>1</fill>
                    <outline>1</outline>
                </PolyStyle>
            </Style>
            <Style id="280">
                <LineStyle id="282">
                    <color>ffFF901E</color>
                    <colorMode>normal</colorMode>
                    <width>1.5</width>
                </LineStyle>
                <PolyStyle id="281">
                    <color>ffFF901E</color>
                    <colorMode>normal</colorMode>
                    <fill>1</fill>
                    <outline>1</outline>
                </PolyStyle>
            </Style>
            <Style id="289">
                <LineStyle id="291">
                    <color>ffFF901E</color>
                    <colorMode>normal</colorMode>
                    <width>1.5</width>
                </LineStyle>
                <PolyStyle id="290">
                    <color>ffFF901E</color>
                    <colorMode>normal</colorMode>
                    <fill>1</fill>
                    <outline>1</outline>
                </PolyStyle>
            </Style>
            <Style id="298">
                <LineStyle id="300">
                    <color>ffFF901E</color>
                    <colorMode>normal</colorMode>
                    <width>1.5</width>
                </LineStyle>
                <PolyStyle id="299">
                    <color>ffFF901E</color>
                    <colorMode>normal</colorMode>
                    <fill>1</fill>
                    <outline>1</outline>
                </PolyStyle>
            </Style>
            <Style id="307">
                <LineStyle id="309">
                    <color>ffFF901E</color>
                    <colorMode>normal</colorMode>
                    <width>1.5</width>
                </LineStyle>
                <PolyStyle id="308">
                    <color>ffFF901E</color>
                    <colorMode>normal</colorMode>
                    <fill>1</fill>
                    <outline>1</outline>
                </PolyStyle>
            </Style>
            <name>Class 4</name>
            <Placemark id="23">
                <name>Class 4 - 1</name>
                <styleUrl>#28</styleUrl>
                <Polygon id="22">
                    <outerBoundaryIs>
                        <LinearRing id="26">
                            <coordinates>73.94742772662237,18.545808872175936,0.0 73.94742772662237,18.5455393775907,0.0 73.9460802536962,18.5455393775907,0.0 73.9460802536962,18.545269883005464,0.0 73.94554126452572,18.545269883005464,0.0 73.94554126452572,18.545000388420227,0.0 73.94527176994048,18.545000388420227,0.0 73.94527176994048,18.54473089383499,0.0 73.9460802536962,18.54473089383499,0.0 73.9460802536962,18.545000388420227,0.0 73.94958368330425,18.545000388420227,0.0 73.94958368330425,18.54473089383499,0.0 73.95039216705996,18.54473089383499,0.0 73.95039216705996,18.545000388420227,0.0 73.9506616616452,18.545000388420227,0.0 73.9506616616452,18.5455393775907,0.0 73.95012267247473,18.5455393775907,0.0 73.95012267247473,18.545808872175936,0.0 73.9498531778895,18.545808872175936,0.0 73.9498531778895,18.5455393775907,0.0 73.94796671579284,18.5455393775907,0.0 73.94796671579284,18.545808872175936,0.0 73.94742772662237,18.545808872175936,0.0</coordinates>
                        </LinearRing>
                    </outerBoundaryIs>
                </Polygon>
            </Placemark>
            <Placemark id="32">
                <name>Class 4 - 2</name>
                <styleUrl>#37</styleUrl>
                <Polygon id="31">
                    <outerBoundaryIs>
                        <LinearRing id="35">
                            <coordinates>73.94473278077001,18.54473089383499,0.0 73.94473278077001,18.54419190466452,0.0 73.94500227535525,18.54419190466452,0.0 73.94500227535525,18.544461399249755,0.0 73.94527176994048,18.544461399249755,0.0 73.94527176994048,18.54473089383499,0.0 73.94473278077001,18.54473089383499,0.0</coordinates>
                        </LinearRing>
                    </outerBoundaryIs>
                </Polygon>
            </Placemark>
            <Placemark id="41">
                <name>Class 4 - 3</name>
                <styleUrl>#46</styleUrl>
                <Polygon id="40">
                    <outerBoundaryIs>
                        <LinearRing id="44">
                            <coordinates>73.89029487455237,18.54419190466452,0.0 73.89029487455237,18.543922410079283,0.0 73.8905643691376,18.543922410079283,0.0 73.8905643691376,18.54419190466452,0.0 73.89029487455237,18.54419190466452,0.0</coordinates>
                        </LinearRing>
                    </outerBoundaryIs>
                </Polygon>
            </Placemark>
            <Placemark id="50">
                <name>Class 4 - 4</name>
                <styleUrl>#55</styleUrl>
                <Polygon id="49">
                    <outerBoundaryIs>
                        <LinearRing id="53">
                            <coordinates>73.96440588549223,18.54419190466452,0.0 73.96440588549223,18.543922410079283,0.0 73.96548386383317,18.543922410079283,0.0 73.96548386383317,18.54419190466452,0.0 73.96440588549223,18.54419190466452,0.0</coordinates>
                        </LinearRing>
                    </outerBoundaryIs>
                </Polygon>
            </Placemark>
            <Placemark id="59">
                <name>Class 4 - 5</name>
                <styleUrl>#64</styleUrl>
                <Polygon id="58">
                    <outerBoundaryIs>
                        <LinearRing id="62">
                            <coordinates>73.88625245577383,18.54419190466452,0.0 73.88625245577383,18.543922410079283,0.0 73.88598296118859,18.543922410079283,0.0 73.88598296118859,18.543652915494047,0.0 73.88544397201812,18.543652915494047,0.0 73.88544397201812,18.54338342090881,0.0 73.88759992870001,18.54338342090881,0.0 73.88759992870001,18.543652915494047,0.0 73.88786942328525,18.543652915494047,0.0 73.88786942328525,18.543922410079283,0.0 73.88759992870001,18.543922410079283,0.0 73.88759992870001,18.54419190466452,0.0 73.88625245577383,18.54419190466452,0.0</coordinates>
                        </LinearRing>
                    </outerBoundaryIs>
                </Polygon>
            </Placemark>
            <Placemark id="68">
                <name>Class 4 - 6</name>
                <styleUrl>#73</styleUrl>
                <Polygon id="67">
                    <outerBoundaryIs>
                        <LinearRing id="71">
                            <coordinates>73.88867790704096,18.543922410079283,0.0 73.88867790704096,18.543652915494047,0.0 73.88840841245572,18.543652915494047,0.0 73.88840841245572,18.54338342090881,0.0 73.8897558853819,18.54338342090881,0.0 73.8897558853819,18.543922410079283,0.0 73.88867790704096,18.543922410079283,0.0</coordinates>
                        </LinearRing>
                    </outerBoundaryIs>
                </Polygon>
            </Placemark>
            <Placemark id="77">
                <name>Class 4 - 7</name>
                <styleUrl>#82</styleUrl>
                <Polygon id="76">
                    <outerBoundaryIs>
                        <LinearRing id="80">
                            <coordinates>73.88140155323958,18.543652915494047,0.0 73.88140155323958,18.54338342090881,0.0 73.88086256406912,18.54338342090881,0.0 73.88086256406912,18.543113926323574,0.0 73.87951509114293,18.543113926323574,0.0 73.87951509114293,18.54284443173834,0.0 73.87789812363152,18.54284443173834,0.0 73.87789812363152,18.542574937153105,0.0 73.87735913446105,18.542574937153105,0.0 73.87735913446105,18.54230544256787,0.0 73.87601166153486,18.54230544256787,0.0 73.87601166153486,18.542035947982633,0.0 73.87520317777916,18.542035947982633,0.0 73.87520317777916,18.541766453397397,0.0 73.87493368319393,18.541766453397397,0.0 73.87493368319393,18.54149695881216,0.0 73.87439469402345,18.54149695881216,0.0 73.87439469402345,18.541227464226925,0.0 73.87358621026775,18.541227464226925,0.0 73.87358621026775,18.54095796964169,0.0 73.87466418860869,18.54095796964169,0.0 73.87466418860869,18.541227464226925,0.0 73.8754726723644,18.541227464226925,0.0 73.8754726723644,18.54149695881216,0.0 73.87682014529058,18.54149695881216,0.0 73.87682014529058,18.541766453397397,0.0 73.87762862904628,18.541766453397397,0.0 73.87762862904628,18.542035947982633,0.0 73.87897610197246,18.542035947982633,0.0 73.87897610197246,18.54230544256787,0.0 73.88086256406912,18.54230544256787,0.0 73.88086256406912,18.542574937153105,0.0 73.88247953158053,18.542574937153105,0.0 73.88247953158053,18.54284443173834,0.0 73.883018520751,18.54284443173834,0.0 73.883018520751,18.543113926323574,0.0 73.88274902616577,18.543113926323574,0.0 73.88274902616577,18.54338342090881,0.0 73.88221003699529,18.54338342090881,0.0 73.88221003699529,18.543652915494047,0.0 73.88140155323958,18.543652915494047,0.0</coordinates>
                        </LinearRing>
                    </outerBoundaryIs>
                </Polygon>
            </Placemark>
            <Placemark id="86">
                <name>Class 4 - 8</name>
                <styleUrl>#91</styleUrl>
                <Polygon id="85">
                    <outerBoundaryIs>
                        <LinearRing id="89">
                            <coordinates>73.87277772651204,18.54095796964169,0.0 73.87277772651204,18.540688475056452,0.0 73.87358621026775,18.540688475056452,0.0 73.87358621026775,18.54095796964169,0.0 73.87277772651204,18.54095796964169,0.0</coordinates>
                        </LinearRing>
                    </outerBoundaryIs>
                </Polygon>
            </Placemark>
            <Placemark id="95">
                <name>Class 4 - 9</name>
                <styleUrl>#100</styleUrl>
                <Polygon id="94">
                    <outerBoundaryIs>
                        <LinearRing id="98">
                            <coordinates>73.87223873734156,18.540688475056452,0.0 73.87223873734156,18.540418980471216,0.0 73.87277772651204,18.540418980471216,0.0 73.87277772651204,18.540688475056452,0.0 73.87223873734156,18.540688475056452,0.0</coordinates>
                        </LinearRing>
                    </outerBoundaryIs>
                </Polygon>
            </Placemark>
            <Placemark id="104">
                <name>Class 4 - 10</name>
                <styleUrl>#109</styleUrl>
                <Polygon id="103">
                    <outerBoundaryIs>
                        <LinearRing id="107">
                            <coordinates>73.94230732950288,18.542035947982633,0.0 73.94230732950288,18.54149695881216,0.0 73.94203783491766,18.54149695881216,0.0 73.94203783491766,18.540688475056452,0.0 73.94176834033242,18.540688475056452,0.0 73.94176834033242,18.539879991300747,0.0 73.94203783491766,18.539879991300747,0.0 73.94203783491766,18.54014948588598,0.0 73.94230732950288,18.54014948588598,0.0 73.94230732950288,18.54095796964169,0.0 73.94257682408812,18.54095796964169,0.0 73.94257682408812,18.542035947982633,0.0 73.94230732950288,18.542035947982633,0.0</coordinates>
                        </LinearRing>
                    </outerBoundaryIs>
                </Polygon>
            </Placemark>
            <Placemark id="113">
                <name>Class 4 - 11</name>
                <styleUrl>#118</styleUrl>
                <Polygon id="112">
                    <outerBoundaryIs>
                        <LinearRing id="116">
                            <coordinates>73.8716997481711,18.540418980471216,0.0 73.8716997481711,18.54014948588598,0.0 73.87089126441539,18.54014948588598,0.0 73.87089126441539,18.53961049671551,0.0 73.8716997481711,18.53961049671551,0.0 73.8716997481711,18.539879991300747,0.0 73.87196924275634,18.539879991300747,0.0 73.87196924275634,18.540418980471216,0.0 73.8716997481711,18.540418980471216,0.0</coordinates>
                        </LinearRing>
                    </outerBoundaryIs>
                </Polygon>
            </Placemark>
            <Placemark id="122">
                <name>Class 4 - 12</name>
                <styleUrl>#127</styleUrl>
                <Polygon id="121">
                    <outerBoundaryIs>
                        <LinearRing id="125">
                            <coordinates>73.8695437914892,18.53961049671551,0.0 73.8695437914892,18.539341002130275,0.0 73.86981328607445,18.539341002130275,0.0 73.86981328607445,18.53961049671551,0.0 73.8695437914892,18.53961049671551,0.0</coordinates>
                        </LinearRing>
                    </outerBoundaryIs>
                </Polygon>
            </Placemark>
            <Placemark id="131">
                <name>Class 4 - 13</name>
                <styleUrl>#136</styleUrl>
                <Polygon id="130">
                    <outerBoundaryIs>
                        <LinearRing id="134">
                            <coordinates>73.8687353077335,18.539341002130275,0.0 73.8687353077335,18.53907150754504,0.0 73.86927429690397,18.53907150754504,0.0 73.86927429690397,18.539341002130275,0.0 73.8687353077335,18.539341002130275,0.0</coordinates>
                        </LinearRing>
                    </outerBoundaryIs>
                </Polygon>
            </Placemark>
            <Placemark id="140">
                <name>Class 4 - 14</name>
                <styleUrl>#145</styleUrl>
                <Polygon id="139">
                    <outerBoundaryIs>
                        <LinearRing id="143">
                            <coordinates>73.8679268239778,18.53907150754504,0.0 73.8679268239778,18.538802012959803,0.0 73.86819631856302,18.538802012959803,0.0 73.86819631856302,18.53907150754504,0.0 73.8679268239778,18.53907150754504,0.0</coordinates>
                        </LinearRing>
                    </outerBoundaryIs>
                </Polygon>
            </Placemark>
            <Placemark id="149">
                <name>Class 4 - 15</name>
                <styleUrl>#154</styleUrl>
                <Polygon id="148">
                    <outerBoundaryIs>
                        <LinearRing id="152">
                            <coordinates>73.9266766435592,18.538532518374566,0.0 73.9266766435592,18.53826302378933,0.0 73.92721563272968,18.53826302378933,0.0 73.92721563272968,18.538532518374566,0.0 73.9266766435592,18.538532518374566,0.0</coordinates>
                        </LinearRing>
                    </outerBoundaryIs>
                </Polygon>
            </Placemark>
            <Placemark id="158">
                <name>Class 4 - 16</name>
                <styleUrl>#163</styleUrl>
                <Polygon id="157">
                    <outerBoundaryIs>
                        <LinearRing id="161">
                            <coordinates>73.94069036199147,18.53826302378933,0.0 73.94069036199147,18.537724034618858,0.0 73.94095985657671,18.537724034618858,0.0 73.94095985657671,18.53826302378933,0.0 73.94069036199147,18.53826302378933,0.0</coordinates>
                        </LinearRing>
                    </outerBoundaryIs>
                </Polygon>
            </Placemark>
            <Placemark id="167">
                <name>Class 4 - 17</name>
                <styleUrl>#172</styleUrl>
                <Polygon id="166">
                    <outerBoundaryIs>
                        <LinearRing id="170">
                            <coordinates>73.86523187812543,18.537724034618858,0.0 73.86523187812543,18.53745454003362,0.0 73.86550137271067,18.53745454003362,0.0 73.86550137271067,18.537185045448386,0.0 73.86577086729591,18.537185045448386,0.0 73.86577086729591,18.537724034618858,0.0 73.86523187812543,18.537724034618858,0.0</coordinates>
                        </LinearRing>
                    </outerBoundaryIs>
                </Polygon>
            </Placemark>
            <Placemark id="176">
                <name>Class 4 - 18</name>
                <styleUrl>#181</styleUrl>
                <Polygon id="175">
                    <outerBoundaryIs>
                        <LinearRing id="179">
                            <coordinates>73.93206653526393,18.536646056277917,0.0 73.93206653526393,18.53637656169268,0.0 73.9326055244344,18.53637656169268,0.0 73.9326055244344,18.536646056277917,0.0 73.93206653526393,18.536646056277917,0.0</coordinates>
                        </LinearRing>
                    </outerBoundaryIs>
                </Polygon>
            </Placemark>
            <Placemark id="185">
                <name>Class 4 - 19</name>
                <styleUrl>#190</styleUrl>
                <Polygon id="184">
                    <outerBoundaryIs>
                        <LinearRing id="188">
                            <coordinates>73.8649623835402,18.53745454003362,0.0 73.8649623835402,18.537185045448386,0.0 73.86469288895496,18.537185045448386,0.0 73.86469288895496,18.53691555086315,0.0 73.86442339436972,18.53691555086315,0.0 73.86442339436972,18.535837572522208,0.0 73.86469288895496,18.535837572522208,0.0 73.86469288895496,18.536646056277917,0.0 73.86523187812543,18.536646056277917,0.0 73.86523187812543,18.53745454003362,0.0 73.8649623835402,18.53745454003362,0.0</coordinates>
                        </LinearRing>
                    </outerBoundaryIs>
                </Polygon>
            </Placemark>
            <Placemark id="194">
                <name>Class 4 - 20</name>
                <styleUrl>#199</styleUrl>
                <Polygon id="193">
                    <outerBoundaryIs>
                        <LinearRing id="197">
                            <coordinates>73.940151372821,18.537724034618858,0.0 73.940151372821,18.53745454003362,0.0 73.93988187823577,18.53745454003362,0.0 73.93988187823577,18.537185045448386,0.0 73.93961238365053,18.537185045448386,0.0 73.93961238365053,18.53691555086315,0.0 73.93907339448006,18.53691555086315,0.0 73.93907339448006,18.536646056277917,0.0 73.93853440530958,18.536646056277917,0.0 73.93853440530958,18.53637656169268,0.0 73.93772592155388,18.53637656169268,0.0 73.93772592155388,18.536107067107444,0.0 73.93610895404247,18.536107067107444,0.0 73.93610895404247,18.53637656169268,0.0 73.93556996487199,18.53637656169268,0.0 73.93556996487199,18.536646056277917,0.0 73.93530047028676,18.536646056277917,0.0 73.93530047028676,18.53637656169268,0.0 73.93476148111628,18.53637656169268,0.0 73.93476148111628,18.535568077936972,0.0 73.93556996487199,18.535568077936972,0.0 73.93556996487199,18.535298583351736,0.0 73.93583945945723,18.535298583351736,0.0 73.93583945945723,18.5350290887665,0.0 73.93610895404247,18.5350290887665,0.0 73.93610895404247,18.535298583351736,0.0 73.93826491072436,18.535298583351736,0.0 73.93826491072436,18.535568077936972,0.0 73.93880389989482,18.535568077936972,0.0 73.93880389989482,18.535837572522208,0.0 73.93907339448006,18.535837572522208,0.0 73.93907339448006,18.536107067107444,0.0 73.93961238365053,18.536107067107444,0.0 73.93961238365053,18.53637656169268,0.0 73.94042086740623,18.53637656169268,0.0 73.94042086740623,18.536646056277917,0.0 73.940151372821,18.536646056277917,0.0 73.940151372821,18.53691555086315,0.0 73.94069036199147,18.53691555086315,0.0 73.94069036199147,18.537724034618858,0.0 73.940151372821,18.537724034618858,0.0</coordinates>
                        </LinearRing>
                    </outerBoundaryIs>
                </Polygon>
            </Placemark>
            <Placemark id="203">
                <name>Class 4 - 21</name>
                <styleUrl>#208</styleUrl>
                <Polygon id="202">
                    <outerBoundaryIs>
                        <LinearRing id="206">
                            <coordinates>73.86307592144355,18.533951110425555,0.0 73.86307592144355,18.533681615840322,0.0 73.86334541602878,18.533681615840322,0.0 73.86334541602878,18.533951110425555,0.0 73.86307592144355,18.533951110425555,0.0</coordinates>
                        </LinearRing>
                    </outerBoundaryIs>
                </Polygon>
            </Placemark>
            <Placemark id="212">
                <name>Class 4 - 22</name>
                <styleUrl>#217</styleUrl>
                <Polygon id="211">
                    <outerBoundaryIs>
                        <LinearRing id="215">
                            <coordinates>73.97680263641308,18.533951110425555,0.0 73.97680263641308,18.533412121255086,0.0 73.97707213099831,18.533412121255086,0.0 73.97707213099831,18.53314262666985,0.0 73.97734162558355,18.53314262666985,0.0 73.97734162558355,18.533681615840322,0.0 73.97707213099831,18.533681615840322,0.0 73.97707213099831,18.533951110425555,0.0 73.97680263641308,18.533951110425555,0.0</coordinates>
                        </LinearRing>
                    </outerBoundaryIs>
                </Polygon>
            </Placemark>
            <Placemark id="221">
                <name>Class 4 - 23</name>
                <styleUrl>#226</styleUrl>
                <Polygon id="220">
                    <outerBoundaryIs>
                        <LinearRing id="224">
                            <coordinates>73.86145895393213,18.532603637499378,0.0 73.86145895393213,18.53233414291414,0.0 73.86118945934689,18.53233414291414,0.0 73.86118945934689,18.532064648328905,0.0 73.86199794310261,18.532064648328905,0.0 73.86199794310261,18.532603637499378,0.0 73.86145895393213,18.532603637499378,0.0</coordinates>
                        </LinearRing>
                    </outerBoundaryIs>
                </Polygon>
            </Placemark>
            <Placemark id="230">
                <name>Class 4 - 24</name>
                <styleUrl>#235</styleUrl>
                <Polygon id="229">
                    <outerBoundaryIs>
                        <LinearRing id="233">
                            <coordinates>73.86038097559118,18.53179515374367,0.0 73.86038097559118,18.531525659158433,0.0 73.85930299725024,18.531525659158433,0.0 73.85930299725024,18.53098666998796,0.0 73.86065047017642,18.53098666998796,0.0 73.86065047017642,18.531256164573197,0.0 73.86091996476166,18.531256164573197,0.0 73.86091996476166,18.531525659158433,0.0 73.86118945934689,18.531525659158433,0.0 73.86118945934689,18.53179515374367,0.0 73.86038097559118,18.53179515374367,0.0</coordinates>
                        </LinearRing>
                    </outerBoundaryIs>
                </Polygon>
            </Placemark>
            <Placemark id="239">
                <name>Class 4 - 25</name>
                <styleUrl>#244</styleUrl>
                <Polygon id="238">
                    <outerBoundaryIs>
                        <LinearRing id="242">
                            <coordinates>73.85795552432407,18.531256164573197,0.0 73.85795552432407,18.53098666998796,0.0 73.85903350266501,18.53098666998796,0.0 73.85903350266501,18.531256164573197,0.0 73.85795552432407,18.531256164573197,0.0</coordinates>
                        </LinearRing>
                    </outerBoundaryIs>
                </Polygon>
            </Placemark>
            <Placemark id="248">
                <name>Class 4 - 26</name>
                <styleUrl>#253</styleUrl>
                <Polygon id="247">
                    <outerBoundaryIs>
                        <LinearRing id="251">
                            <coordinates>73.97976707685068,18.530717175402728,0.0 73.97976707685068,18.530447680817492,0.0 73.9800365714359,18.530447680817492,0.0 73.9800365714359,18.530178186232256,0.0 73.98030606602114,18.530178186232256,0.0 73.98030606602114,18.530717175402728,0.0 73.97976707685068,18.530717175402728,0.0</coordinates>
                        </LinearRing>
                    </outerBoundaryIs>
                </Polygon>
            </Placemark>
            <Placemark id="257">
                <name>Class 4 - 27</name>
                <styleUrl>#262</styleUrl>
                <Polygon id="256">
                    <outerBoundaryIs>
                        <LinearRing id="260">
                            <coordinates>73.98030606602114,18.530178186232256,0.0 73.98030606602114,18.52990869164702,0.0 73.98057556060638,18.52990869164702,0.0 73.98057556060638,18.530178186232256,0.0 73.98030606602114,18.530178186232256,0.0</coordinates>
                        </LinearRing>
                    </outerBoundaryIs>
                </Polygon>
            </Placemark>
            <Placemark id="266">
                <name>Class 4 - 28</name>
                <styleUrl>#271</styleUrl>
                <Polygon id="265">
                    <outerBoundaryIs>
                        <LinearRing id="269">
                            <coordinates>73.98057556060638,18.52990869164702,0.0 73.98057556060638,18.529639197061783,0.0 73.98138404436209,18.529639197061783,0.0 73.98138404436209,18.52990869164702,0.0 73.98057556060638,18.52990869164702,0.0</coordinates>
                        </LinearRing>
                    </outerBoundaryIs>
                </Polygon>
            </Placemark>
            <Placemark id="275">
                <name>Class 4 - 29</name>
                <styleUrl>#280</styleUrl>
                <Polygon id="274">
                    <outerBoundaryIs>
                        <LinearRing id="278">
                            <coordinates>73.98138404436209,18.529639197061783,0.0 73.98138404436209,18.529369702476547,0.0 73.98165353894733,18.529369702476547,0.0 73.98165353894733,18.529639197061783,0.0 73.98138404436209,18.529639197061783,0.0</coordinates>
                        </LinearRing>
                    </outerBoundaryIs>
                </Polygon>
            </Placemark>
            <Placemark id="284">
                <name>Class 4 - 30</name>
                <styleUrl>#289</styleUrl>
                <Polygon id="283">
                    <outerBoundaryIs>
                        <LinearRing id="287">
                            <coordinates>73.98192303353255,18.529369702476547,0.0 73.98192303353255,18.528830713306075,0.0 73.98219252811779,18.528830713306075,0.0 73.98219252811779,18.52856121872084,0.0 73.98273151728827,18.52856121872084,0.0 73.98273151728827,18.528291724135602,0.0 73.98354000104398,18.528291724135602,0.0 73.98354000104398,18.52856121872084,0.0 73.9830010118735,18.52856121872084,0.0 73.9830010118735,18.528830713306075,0.0 73.98246202270303,18.528830713306075,0.0 73.98246202270303,18.52910020789131,0.0 73.98219252811779,18.52910020789131,0.0 73.98219252811779,18.529369702476547,0.0 73.98192303353255,18.529369702476547,0.0</coordinates>
                        </LinearRing>
                    </outerBoundaryIs>
                </Polygon>
            </Placemark>
            <Placemark id="293">
                <name>Class 4 - 31</name>
                <styleUrl>#298</styleUrl>
                <Polygon id="292">
                    <outerBoundaryIs>
                        <LinearRing id="296">
                            <coordinates>73.98354000104398,18.528291724135602,0.0 73.98354000104398,18.528022229550366,0.0 73.98380949562922,18.528022229550366,0.0 73.98380949562922,18.527752734965134,0.0 73.98407899021444,18.527752734965134,0.0 73.98407899021444,18.527483240379897,0.0 73.98434848479968,18.527483240379897,0.0 73.98434848479968,18.52721374579466,0.0 73.98488747397015,18.52721374579466,0.0 73.98488747397015,18.526944251209425,0.0 73.98542646314063,18.526944251209425,0.0 73.98542646314063,18.52667475662419,0.0 73.98569595772587,18.52667475662419,0.0 73.98569595772587,18.526405262038953,0.0 73.98623494689633,18.526405262038953,0.0 73.98623494689633,18.526135767453717,0.0 73.98650444148157,18.526135767453717,0.0 73.98650444148157,18.52586627286848,0.0 73.98704343065204,18.52586627286848,0.0 73.98704343065204,18.525596778283244,0.0 73.98785191440774,18.525596778283244,0.0 73.98785191440774,18.526405262038953,0.0 73.98731292523728,18.526405262038953,0.0 73.98731292523728,18.52667475662419,0.0 73.98677393606681,18.52667475662419,0.0 73.98677393606681,18.526944251209425,0.0 73.98623494689633,18.526944251209425,0.0 73.98623494689633,18.52721374579466,0.0 73.98542646314063,18.52721374579466,0.0 73.98542646314063,18.527483240379897,0.0 73.98461797938492,18.527483240379897,0.0 73.98461797938492,18.527752734965134,0.0 73.98434848479968,18.527752734965134,0.0 73.98434848479968,18.528022229550366,0.0 73.98407899021444,18.528022229550366,0.0 73.98407899021444,18.528291724135602,0.0 73.98354000104398,18.528291724135602,0.0</coordinates>
                        </LinearRing>
                    </outerBoundaryIs>
                </Polygon>
            </Placemark>
            <Placemark id="302">
                <name>Class 4 - 32</name>
                <styleUrl>#307</styleUrl>
                <Polygon id="301">
                    <outerBoundaryIs>
                        <LinearRing id="305">
                            <coordinates>73.98946888191917,18.524518799942303,0.0 73.98946888191917,18.52397981077183,0.0 73.9897383765044,18.52397981077183,0.0 73.9897383765044,18.523710316186595,0.0 73.99000787108963,18.523710316186595,0.0 73.99000787108963,18.52344082160136,0.0 73.99027736567487,18.52344082160136,0.0 73.99027736567487,18.522901832430886,0.0 73.99054686026011,18.522901832430886,0.0 73.99054686026011,18.52263233784565,0.0 73.99108584943058,18.52263233784565,0.0 73.99108584943058,18.522362843260414,0.0 73.99135534401582,18.522362843260414,0.0 73.99135534401582,18.52182385408994,0.0 73.99162483860106,18.52182385408994,0.0 73.99162483860106,18.521284864919473,0.0 73.99216382777152,18.521284864919473,0.0 73.99216382777152,18.521015370334236,0.0 73.99189433318628,18.521015370334236,0.0 73.99189433318628,18.520745875749,0.0 73.992702816942,18.520745875749,0.0 73.992702816942,18.521284864919473,0.0 73.99243332235676,18.521284864919473,0.0 73.99243332235676,18.522093348675178,0.0 73.99216382777152,18.522093348675178,0.0 73.99216382777152,18.522362843260414,0.0 73.99189433318628,18.522362843260414,0.0 73.99189433318628,18.522901832430886,0.0 73.99162483860106,18.522901832430886,0.0 73.99162483860106,18.52344082160136,0.0 73.99108584943058,18.52344082160136,0.0 73.99108584943058,18.523710316186595,0.0 73.99054686026011,18.523710316186595,0.0 73.99054686026011,18.524249305357067,0.0 73.99027736567487,18.524249305357067,0.0 73.99027736567487,18.524518799942303,0.0 73.98946888191917,18.524518799942303,0.0</coordinates>
                        </LinearRing>
                    </outerBoundaryIs>
                </Polygon>
            </Placemark>
        </Folder>
        <Folder id="310">
            <Style id="317">
                <LineStyle id="319">
                    <color>ff00FFFF</color>
                    <colorMode>normal</colorMode>
                    <width>1.5</width>
                </LineStyle>
                <PolyStyle id="318">
                    <color>ff00FFFF</color>
                    <colorMode>normal</colorMode>
                    <fill>1</fill>
                    <outline>1</outline>
                </PolyStyle>
            </Style>
            <Style id="326">
                <LineStyle id="328">
                    <color>ff00FFFF</color>
                    <colorMode>normal</colorMode>
                    <width>1.5</width>
                </LineStyle>
                <PolyStyle id="327">
                    <color>ff00FFFF</color>
                    <colorMode>normal</colorMode>
                    <fill>1</fill>
                    <outline>1</outline>
                </PolyStyle>
            </Style>
            <Style id="335">
                <LineStyle id="337">
                    <color>ff00FFFF</color>
                    <colorMode>normal</colorMode>
                    <width>1.5</width>
                </LineStyle>
                <PolyStyle id="336">
                    <color>ff00FFFF</color>
                    <colorMode>normal</colorMode>
                    <fill>1</fill>
                    <outline>1</outline>
                </PolyStyle>
            </Style>
            <Style id="344">
                <LineStyle id="346">
                    <color>ff00FFFF</color>
                    <colorMode>normal</colorMode>
                    <width>1.5</width>
                </LineStyle>
                <PolyStyle id="345">
                    <color>ff00FFFF</color>
                    <colorMode>normal</colorMode>
                    <fill>1</fill>
                    <outline>1</outline>
                </PolyStyle>
            </Style>
            <Style id="353">
                <LineStyle id="355">
                    <color>ff00FFFF</color>
                    <colorMode>normal</colorMode>
                    <width>1.5</width>
                </LineStyle>
                <PolyStyle id="354">
                    <color>ff00FFFF</color>
                    <colorMode>normal</colorMode>
                    <fill>1</fill>
                    <outline>1</outline>
                </PolyStyle>
            </Style>
            <Style id="362">
                <LineStyle id="364">
                    <color>ff00FFFF</color>
                    <colorMode>normal</colorMode>
                    <width>1.5</width>
                </LineStyle>
                <PolyStyle id="363">
                    <color>ff00FFFF</color>
                    <colorMode>normal</colorMode>
                    <fill>1</fill>
                    <outline>1</outline>
                </PolyStyle>
            </Style>
            <Style id="371">
                <LineStyle id="373">
                    <color>ff00FFFF</color>
                    <colorMode>normal</colorMode>
                    <width>1.5</width>
                </LineStyle>
                <PolyStyle id="372">
                    <color>ff00FFFF</color>
                    <colorMode>normal</colorMode>
                    <fill>1</fill>
                    <outline>1</outline>
                </PolyStyle>
            </Style>
            <Style id="380">
                <LineStyle id="382">
                    <color>ff00FFFF</color>
                    <colorMode>normal</colorMode>
                    <width>1.5</width>
                </LineStyle>
                <PolyStyle id="381">
                    <color>ff00FFFF</color>
                    <colorMode>normal</colorMode>
                    <fill>1</fill>
                    <outline>1</outline>
                </PolyStyle>
            </Style>
            <Style id="389">
                <LineStyle id="391">
                    <color>ff00FFFF</color>
                    <colorMode>normal</colorMode>
                    <width>1.5</width>
                </LineStyle>
                <PolyStyle id="390">
                    <color>ff00FFFF</color>
                    <colorMode>normal</colorMode>
                    <fill>1</fill>
                    <outline>1</outline>
                </PolyStyle>
            </Style>
            <Style id="398">
                <LineStyle id="400">
                    <color>ff00FFFF</color>
                    <colorMode>normal</colorMode>
                    <width>1.5</width>
                </LineStyle>
                <PolyStyle id="399">
                    <color>ff00FFFF</color>
                    <colorMode>normal</colorMode>
                    <fill>1</fill>
                    <outline>1</outline>
                </PolyStyle>
            </Style>
            <Style id="407">
                <LineStyle id="409">
                    <color>ff00FFFF</color>
                    <colorMode>normal</colorMode>
                    <width>1.5</width>
                </LineStyle>
                <PolyStyle id="408">
                    <color>ff00FFFF</color>
                    <colorMode>normal</colorMode>
                    <fill>1</fill>
                    <outline>1</outline>
                </PolyStyle>
            </Style>
            <Style id="416">
                <LineStyle id="418">
                    <color>ff00FFFF</color>
                    <colorMode>normal</colorMode>
                    <width>1.5</width>
                </LineStyle>
                <PolyStyle id="417">
                    <color>ff00FFFF</color>
                    <colorMode>normal</colorMode>
                    <fill>1</fill>
                    <outline>1</outline>
                </PolyStyle>
            </Style>
            <Style id="425">
                <LineStyle id="427">
                    <color>ff00FFFF</color>
                    <colorMode>normal</colorMode>
                    <width>1.5</width>
                </LineStyle>
                <PolyStyle id="426">
                    <color>ff00FFFF</color>
                    <colorMode>normal</colorMode>
                    <fill>1</fill>
                    <outline>1</outline>
                </PolyStyle>
            </Style>
            <Style id="434">
                <LineStyle id="436">
                    <color>ff00FFFF</color>
                    <colorMode>normal</colorMode>
                    <width>1.5</width>
                </LineStyle>
                <PolyStyle id="435">
                    <color>ff00FFFF</color>
                    <colorMode>normal</colorMode>
                    <fill>1</fill>
                    <outline>1</outline>
                </PolyStyle>
            </Style>
            <Style id="443">
                <LineStyle id="445">
                    <color>ff00FFFF</color>
                    <colorMode>normal</colorMode>
                    <width>1.5</width>
                </LineStyle>
                <PolyStyle id="444">
                    <color>ff00FFFF</color>
                    <colorMode>normal</colorMode>
                    <fill>1</fill>
                    <outline>1</outline>
                </PolyStyle>
            </Style>
            <Style id="452">
                <LineStyle id="454">
                    <color>ff00FFFF</color>
                    <colorMode>normal</colorMode>
                    <width>1.5</width>
                </LineStyle>
                <PolyStyle id="453">
                    <color>ff00FFFF</color>
                    <colorMode>normal</colorMode>
                    <fill>1</fill>
                    <outline>1</outline>
                </PolyStyle>
            </Style>
            <Style id="461">
                <LineStyle id="463">
                    <color>ff00FFFF</color>
                    <colorMode>normal</colorMode>
                    <width>1.5</width>
                </LineStyle>
                <PolyStyle id="462">
                    <color>ff00FFFF</color>
                    <colorMode>normal</colorMode>
                    <fill>1</fill>
                    <outline>1</outline>
                </PolyStyle>
            </Style>
            <Style id="470">
                <LineStyle id="472">
                    <color>ff00FFFF</color>
                    <colorMode>normal</colorMode>
                    <width>1.5</width>
                </LineStyle>
                <PolyStyle id="471">
                    <color>ff00FFFF</color>
                    <colorMode>normal</colorMode>
                    <fill>1</fill>
                    <outline>1</outline>
                </PolyStyle>
            </Style>
            <Style id="479">
                <LineStyle id="481">
                    <color>ff00FFFF</color>
                    <colorMode>normal</colorMode>
                    <width>1.5</width>
                </LineStyle>
                <PolyStyle id="480">
                    <color>ff00FFFF</color>
                    <colorMode>normal</colorMode>
                    <fill>1</fill>
                    <outline>1</outline>
                </PolyStyle>
            </Style>
            <Style id="488">
                <LineStyle id="490">
                    <color>ff00FFFF</color>
                    <colorMode>normal</colorMode>
                    <width>1.5</width>
                </LineStyle>
                <PolyStyle id="489">
                    <color>ff00FFFF</color>
                    <colorMode>normal</colorMode>
                    <fill>1</fill>
                    <outline>1</outline>
                </PolyStyle>
            </Style>
            <Style id="497">
                <LineStyle id="499">
                    <color>ff00FFFF</color>
                    <colorMode>normal</colorMode>
                    <width>1.5</width>
                </LineStyle>
                <PolyStyle id="498">
                    <color>ff00FFFF</color>
                    <colorMode>normal</colorMode>
                    <fill>1</fill>
                    <outline>1</outline>
                </PolyStyle>
            </Style>
            <Style id="506">
                <LineStyle id="508">
                    <color>ff00FFFF</color>
                    <colorMode>normal</colorMode>
                    <width>1.5</width>
                </LineStyle>
                <PolyStyle id="507">
                    <color>ff00FFFF</color>
                    <colorMode>normal</colorMode>
                    <fill>1</fill>
                    <outline>1</outline>
                </PolyStyle>
            </Style>
            <Style id="515">
                <LineStyle id="517">
                    <color>ff00FFFF</color>
                    <colorMode>normal</colorMode>
                    <width>1.5</width>
                </LineStyle>
                <PolyStyle id="516">
                    <color>ff00FFFF</color>
                    <colorMode>normal</colorMode>
                    <fill>1</fill>
                    <outline>1</outline>
                </PolyStyle>
            </Style>
            <Style id="524">
                <LineStyle id="526">
                    <color>ff00FFFF</color>
                    <colorMode>normal</colorMode>
                    <width>1.5</width>
                </LineStyle>
                <PolyStyle id="525">
                    <color>ff00FFFF</color>
                    <colorMode>normal</colorMode>
                    <fill>1</fill>
                    <outline>1</outline>
                </PolyStyle>
            </Style>
            <Style id="533">
                <LineStyle id="535">
                    <color>ff00FFFF</color>
                    <colorMode>normal</colorMode>
                    <width>1.5</width>
                </LineStyle>
                <PolyStyle id="534">
                    <color>ff00FFFF</color>
                    <colorMode>normal</colorMode>
                    <fill>1</fill>
                    <outline>1</outline>
                </PolyStyle>
            </Style>
            <Style id="542">
                <LineStyle id="544">
                    <color>ff00FFFF</color>
                    <colorMode>normal</colorMode>
                    <width>1.5</width>
                </LineStyle>
                <PolyStyle id="543">
                    <color>ff00FFFF</color>
                    <colorMode>normal</colorMode>
                    <fill>1</fill>
                    <outline>1</outline>
                </PolyStyle>
            </Style>
            <Style id="551">
                <LineStyle id="553">
                    <color>ff00FFFF</color>
                    <colorMode>normal</colorMode>
                    <width>1.5</width>
                </LineStyle>
                <PolyStyle id="552">
                    <color>ff00FFFF</color>
                    <colorMode>normal</colorMode>
                    <fill>1</fill>
                    <outline>1</outline>
                </PolyStyle>
            </Style>
            <Style id="560">
                <LineStyle id="562">
                    <color>ff00FFFF</color>
                    <colorMode>normal</colorMode>
                    <width>1.5</width>
                </LineStyle>
                <PolyStyle id="561">
                    <color>ff00FFFF</color>
                    <colorMode>normal</colorMode>
                    <fill>1</fill>
                    <outline>1</outline>
                </PolyStyle>
            </Style>
            <Style id="569">
                <LineStyle id="571">
                    <color>ff00FFFF</color>
                    <colorMode>normal</colorMode>
                    <width>1.5</width>
                </LineStyle>
                <PolyStyle id="570">
                    <color>ff00FFFF</color>
                    <colorMode>normal</colorMode>
                    <fill>1</fill>
                    <outline>1</outline>
                </PolyStyle>
            </Style>
            <Style id="578">
                <LineStyle id="580">
                    <color>ff00FFFF</color>
                    <colorMode>normal</colorMode>
                    <width>1.5</width>
                </LineStyle>
                <PolyStyle id="579">
                    <color>ff00FFFF</color>
                    <colorMode>normal</colorMode>
                    <fill>1</fill>
                    <outline>1</outline>
                </PolyStyle>
            </Style>
            <Style id="587">
                <LineStyle id="589">
                    <color>ff00FFFF</color>
                    <colorMode>normal</colorMode>
                    <width>1.5</width>
                </LineStyle>
                <PolyStyle id="588">
                    <color>ff00FFFF</color>
                    <colorMode>normal</colorMode>
                    <fill>1</fill>
                    <outline>1</outline>
                </PolyStyle>
            </Style>
            <Style id="596">
                <LineStyle id="598">
                    <color>ff00FFFF</color>
                    <colorMode>normal</colorMode>
                    <width>1.5</width>
                </LineStyle>
                <PolyStyle id="597">
                    <color>ff00FFFF</color>
                    <colorMode>normal</colorMode>
                    <fill>1</fill>
                    <outline>1</outline>
                </PolyStyle>
            </Style>
            <Style id="605">
                <LineStyle id="607">
                    <color>ff00FFFF</color>
                    <colorMode>normal</colorMode>
                    <width>1.5</width>
                </LineStyle>
                <PolyStyle id="606">
                    <color>ff00FFFF</color>
                    <colorMode>normal</colorMode>
                    <fill>1</fill>
                    <outline>1</outline>
                </PolyStyle>
            </Style>
            <Style id="614">
                <LineStyle id="616">
                    <color>ff00FFFF</color>
                    <colorMode>normal</colorMode>
                    <width>1.5</width>
                </LineStyle>
                <PolyStyle id="615">
                    <color>ff00FFFF</color>
                    <colorMode>normal</colorMode>
                    <fill>1</fill>
                    <outline>1</outline>
                </PolyStyle>
            </Style>
            <Style id="623">
                <LineStyle id="625">
                    <color>ff00FFFF</color>
                    <colorMode>normal</colorMode>
                    <width>1.5</width>
                </LineStyle>
                <PolyStyle id="624">
                    <color>ff00FFFF</color>
                    <colorMode>normal</colorMode>
                    <fill>1</fill>
                    <outline>1</outline>
                </PolyStyle>
            </Style>
            <Style id="632">
                <LineStyle id="634">
                    <color>ff00FFFF</color>
                    <colorMode>normal</colorMode>
                    <width>1.5</width>
                </LineStyle>
                <PolyStyle id="633">
                    <color>ff00FFFF</color>
                    <colorMode>normal</colorMode>
                    <fill>1</fill>
                    <outline>1</outline>
                </PolyStyle>
            </Style>
            <Style id="641">
                <LineStyle id="643">
                    <color>ff00FFFF</color>
                    <colorMode>normal</colorMode>
                    <width>1.5</width>
                </LineStyle>
                <PolyStyle id="642">
                    <color>ff00FFFF</color>
                    <colorMode>normal</colorMode>
                    <fill>1</fill>
                    <outline>1</outline>
                </PolyStyle>
            </Style>
            <Style id="650">
                <LineStyle id="652">
                    <color>ff00FFFF</color>
                    <colorMode>normal</colorMode>
                    <width>1.5</width>
                </LineStyle>
                <PolyStyle id="651">
                    <color>ff00FFFF</color>
                    <colorMode>normal</colorMode>
                    <fill>1</fill>
                    <outline>1</outline>
                </PolyStyle>
            </Style>
            <Style id="659">
                <LineStyle id="661">
                    <color>ff00FFFF</color>
                    <colorMode>normal</colorMode>
                    <width>1.5</width>
                </LineStyle>
                <PolyStyle id="660">
                    <color>ff00FFFF</color>
                    <colorMode>normal</colorMode>
                    <fill>1</fill>
                    <outline>1</outline>
                </PolyStyle>
            </Style>
            <Style id="668">
                <LineStyle id="670">
                    <color>ff00FFFF</color>
                    <colorMode>normal</colorMode>
                    <width>1.5</width>
                </LineStyle>
                <PolyStyle id="669">
                    <color>ff00FFFF</color>
                    <colorMode>normal</colorMode>
                    <fill>1</fill>
                    <outline>1</outline>
                </PolyStyle>
            </Style>
            <Style id="677">
                <LineStyle id="679">
                    <color>ff00FFFF</color>
                    <colorMode>normal</colorMode>
                    <width>1.5</width>
                </LineStyle>
                <PolyStyle id="678">
                    <color>ff00FFFF</color>
                    <colorMode>normal</colorMode>
                    <fill>1</fill>
                    <outline>1</outline>
                </PolyStyle>
            </Style>
            <Style id="686">
                <LineStyle id="688">
                    <color>ff00FFFF</color>
                    <colorMode>normal</colorMode>
                    <width>1.5</width>
                </LineStyle>
                <PolyStyle id="687">
                    <color>ff00FFFF</color>
                    <colorMode>normal</colorMode>
                    <fill>1</fill>
                    <outline>1</outline>
                </PolyStyle>
            </Style>
            <Style id="695">
                <LineStyle id="697">
                    <color>ff00FFFF</color>
                    <colorMode>normal</colorMode>
                    <width>1.5</width>
                </LineStyle>
                <PolyStyle id="696">
                    <color>ff00FFFF</color>
                    <colorMode>normal</colorMode>
                    <fill>1</fill>
                    <outline>1</outline>
                </PolyStyle>
            </Style>
            <Style id="704">
                <LineStyle id="706">
                    <color>ff00FFFF</color>
                    <colorMode>normal</colorMode>
                    <width>1.5</width>
                </LineStyle>
                <PolyStyle id="705">
                    <color>ff00FFFF</color>
                    <colorMode>normal</colorMode>
                    <fill>1</fill>
                    <outline>1</outline>
                </PolyStyle>
            </Style>
            <Style id="713">
                <LineStyle id="715">
                    <color>ff00FFFF</color>
                    <colorMode>normal</colorMode>
                    <width>1.5</width>
                </LineStyle>
                <PolyStyle id="714">
                    <color>ff00FFFF</color>
                    <colorMode>normal</colorMode>
                    <fill>1</fill>
                    <outline>1</outline>
                </PolyStyle>
            </Style>
            <Style id="722">
                <LineStyle id="724">
                    <color>ff00FFFF</color>
                    <colorMode>normal</colorMode>
                    <width>1.5</width>
                </LineStyle>
                <PolyStyle id="723">
                    <color>ff00FFFF</color>
                    <colorMode>normal</colorMode>
                    <fill>1</fill>
                    <outline>1</outline>
                </PolyStyle>
            </Style>
            <Style id="731">
                <LineStyle id="733">
                    <color>ff00FFFF</color>
                    <colorMode>normal</colorMode>
                    <width>1.5</width>
                </LineStyle>
                <PolyStyle id="732">
                    <color>ff00FFFF</color>
                    <colorMode>normal</colorMode>
                    <fill>1</fill>
                    <outline>1</outline>
                </PolyStyle>
            </Style>
            <Style id="740">
                <LineStyle id="742">
                    <color>ff00FFFF</color>
                    <colorMode>normal</colorMode>
                    <width>1.5</width>
                </LineStyle>
                <PolyStyle id="741">
                    <color>ff00FFFF</color>
                    <colorMode>normal</colorMode>
                    <fill>1</fill>
                    <outline>1</outline>
                </PolyStyle>
            </Style>
            <Style id="749">
                <LineStyle id="751">
                    <color>ff00FFFF</color>
                    <colorMode>normal</colorMode>
                    <width>1.5</width>
                </LineStyle>
                <PolyStyle id="750">
                    <color>ff00FFFF</color>
                    <colorMode>normal</colorMode>
                    <fill>1</fill>
                    <outline>1</outline>
                </PolyStyle>
            </Style>
            <Style id="758">
                <LineStyle id="760">
                    <color>ff00FFFF</color>
                    <colorMode>normal</colorMode>
                    <width>1.5</width>
                </LineStyle>
                <PolyStyle id="759">
                    <color>ff00FFFF</color>
                    <colorMode>normal</colorMode>
                    <fill>1</fill>
                    <outline>1</outline>
                </PolyStyle>
            </Style>
            <Style id="767">
                <LineStyle id="769">
                    <color>ff00FFFF</color>
                    <colorMode>normal</colorMode>
                    <width>1.5</width>
                </LineStyle>
                <PolyStyle id="768">
                    <color>ff00FFFF</color>
                    <colorMode>normal</colorMode>
                    <fill>1</fill>
                    <outline>1</outline>
                </PolyStyle>
            </Style>
            <Style id="776">
                <LineStyle id="778">
                    <color>ff00FFFF</color>
                    <colorMode>normal</colorMode>
                    <width>1.5</width>
                </LineStyle>
                <PolyStyle id="777">
                    <color>ff00FFFF</color>
                    <colorMode>normal</colorMode>
                    <fill>1</fill>
                    <outline>1</outline>
                </PolyStyle>
            </Style>
            <Style id="785">
                <LineStyle id="787">
                    <color>ff00FFFF</color>
                    <colorMode>normal</colorMode>
                    <width>1.5</width>
                </LineStyle>
                <PolyStyle id="786">
                    <color>ff00FFFF</color>
                    <colorMode>normal</colorMode>
                    <fill>1</fill>
                    <outline>1</outline>
                </PolyStyle>
            </Style>
            <Style id="794">
                <LineStyle id="796">
                    <color>ff00FFFF</color>
                    <colorMode>normal</colorMode>
                    <width>1.5</width>
                </LineStyle>
                <PolyStyle id="795">
                    <color>ff00FFFF</color>
                    <colorMode>normal</colorMode>
                    <fill>1</fill>
                    <outline>1</outline>
                </PolyStyle>
            </Style>
            <Style id="803">
                <LineStyle id="805">
                    <color>ff00FFFF</color>
                    <colorMode>normal</colorMode>
                    <width>1.5</width>
                </LineStyle>
                <PolyStyle id="804">
                    <color>ff00FFFF</color>
                    <colorMode>normal</colorMode>
                    <fill>1</fill>
                    <outline>1</outline>
                </PolyStyle>
            </Style>
            <Style id="812">
                <LineStyle id="814">
                    <color>ff00FFFF</color>
                    <colorMode>normal</colorMode>
                    <width>1.5</width>
                </LineStyle>
                <PolyStyle id="813">
                    <color>ff00FFFF</color>
                    <colorMode>normal</colorMode>
                    <fill>1</fill>
                    <outline>1</outline>
                </PolyStyle>
            </Style>
            <Style id="821">
                <LineStyle id="823">
                    <color>ff00FFFF</color>
                    <colorMode>normal</colorMode>
                    <width>1.5</width>
                </LineStyle>
                <PolyStyle id="822">
                    <color>ff00FFFF</color>
                    <colorMode>normal</colorMode>
                    <fill>1</fill>
                    <outline>1</outline>
                </PolyStyle>
            </Style>
            <Style id="830">
                <LineStyle id="832">
                    <color>ff00FFFF</color>
                    <colorMode>normal</colorMode>
                    <width>1.5</width>
                </LineStyle>
                <PolyStyle id="831">
                    <color>ff00FFFF</color>
                    <colorMode>normal</colorMode>
                    <fill>1</fill>
                    <outline>1</outline>
                </PolyStyle>
            </Style>
            <Style id="839">
                <LineStyle id="841">
                    <color>ff00FFFF</color>
                    <colorMode>normal</colorMode>
                    <width>1.5</width>
                </LineStyle>
                <PolyStyle id="840">
                    <color>ff00FFFF</color>
                    <colorMode>normal</colorMode>
                    <fill>1</fill>
                    <outline>1</outline>
                </PolyStyle>
            </Style>
            <Style id="848">
                <LineStyle id="850">
                    <color>ff00FFFF</color>
                    <colorMode>normal</colorMode>
                    <width>1.5</width>
                </LineStyle>
                <PolyStyle id="849">
                    <color>ff00FFFF</color>
                    <colorMode>normal</colorMode>
                    <fill>1</fill>
                    <outline>1</outline>
                </PolyStyle>
            </Style>
            <Style id="857">
                <LineStyle id="859">
                    <color>ff00FFFF</color>
                    <colorMode>normal</colorMode>
                    <width>1.5</width>
                </LineStyle>
                <PolyStyle id="858">
                    <color>ff00FFFF</color>
                    <colorMode>normal</colorMode>
                    <fill>1</fill>
                    <outline>1</outline>
                </PolyStyle>
            </Style>
            <Style id="866">
                <LineStyle id="868">
                    <color>ff00FFFF</color>
                    <colorMode>normal</colorMode>
                    <width>1.5</width>
                </LineStyle>
                <PolyStyle id="867">
                    <color>ff00FFFF</color>
                    <colorMode>normal</colorMode>
                    <fill>1</fill>
                    <outline>1</outline>
                </PolyStyle>
            </Style>
            <Style id="875">
                <LineStyle id="877">
                    <color>ff00FFFF</color>
                    <colorMode>normal</colorMode>
                    <width>1.5</width>
                </LineStyle>
                <PolyStyle id="876">
                    <color>ff00FFFF</color>
                    <colorMode>normal</colorMode>
                    <fill>1</fill>
                    <outline>1</outline>
                </PolyStyle>
            </Style>
            <Style id="884">
                <LineStyle id="886">
                    <color>ff00FFFF</color>
                    <colorMode>normal</colorMode>
                    <width>1.5</width>
                </LineStyle>
                <PolyStyle id="885">
                    <color>ff00FFFF</color>
                    <colorMode>normal</colorMode>
                    <fill>1</fill>
                    <outline>1</outline>
                </PolyStyle>
            </Style>
            <Style id="893">
                <LineStyle id="895">
                    <color>ff00FFFF</color>
                    <colorMode>normal</colorMode>
                    <width>1.5</width>
                </LineStyle>
                <PolyStyle id="894">
                    <color>ff00FFFF</color>
                    <colorMode>normal</colorMode>
                    <fill>1</fill>
                    <outline>1</outline>
                </PolyStyle>
            </Style>
            <Style id="902">
                <LineStyle id="904">
                    <color>ff00FFFF</color>
                    <colorMode>normal</colorMode>
                    <width>1.5</width>
                </LineStyle>
                <PolyStyle id="903">
                    <color>ff00FFFF</color>
                    <colorMode>normal</colorMode>
                    <fill>1</fill>
                    <outline>1</outline>
                </PolyStyle>
            </Style>
            <Style id="911">
                <LineStyle id="913">
                    <color>ff00FFFF</color>
                    <colorMode>normal</colorMode>
                    <width>1.5</width>
                </LineStyle>
                <PolyStyle id="912">
                    <color>ff00FFFF</color>
                    <colorMode>normal</colorMode>
                    <fill>1</fill>
                    <outline>1</outline>
                </PolyStyle>
            </Style>
            <Style id="920">
                <LineStyle id="922">
                    <color>ff00FFFF</color>
                    <colorMode>normal</colorMode>
                    <width>1.5</width>
                </LineStyle>
                <PolyStyle id="921">
                    <color>ff00FFFF</color>
                    <colorMode>normal</colorMode>
                    <fill>1</fill>
                    <outline>1</outline>
                </PolyStyle>
            </Style>
            <Style id="929">
                <LineStyle id="931">
                    <color>ff00FFFF</color>
                    <colorMode>normal</colorMode>
                    <width>1.5</width>
                </LineStyle>
                <PolyStyle id="930">
                    <color>ff00FFFF</color>
                    <colorMode>normal</colorMode>
                    <fill>1</fill>
                    <outline>1</outline>
                </PolyStyle>
            </Style>
            <Style id="938">
                <LineStyle id="940">
                    <color>ff00FFFF</color>
                    <colorMode>normal</colorMode>
                    <width>1.5</width>
                </LineStyle>
                <PolyStyle id="939">
                    <color>ff00FFFF</color>
                    <colorMode>normal</colorMode>
                    <fill>1</fill>
                    <outline>1</outline>
                </PolyStyle>
            </Style>
            <Style id="947">
                <LineStyle id="949">
                    <color>ff00FFFF</color>
                    <colorMode>normal</colorMode>
                    <width>1.5</width>
                </LineStyle>
                <PolyStyle id="948">
                    <color>ff00FFFF</color>
                    <colorMode>normal</colorMode>
                    <fill>1</fill>
                    <outline>1</outline>
                </PolyStyle>
            </Style>
            <Style id="956">
                <LineStyle id="958">
                    <color>ff00FFFF</color>
                    <colorMode>normal</colorMode>
                    <width>1.5</width>
                </LineStyle>
                <PolyStyle id="957">
                    <color>ff00FFFF</color>
                    <colorMode>normal</colorMode>
                    <fill>1</fill>
                    <outline>1</outline>
                </PolyStyle>
            </Style>
            <Style id="965">
                <LineStyle id="967">
                    <color>ff00FFFF</color>
                    <colorMode>normal</colorMode>
                    <width>1.5</width>
                </LineStyle>
                <PolyStyle id="966">
                    <color>ff00FFFF</color>
                    <colorMode>normal</colorMode>
                    <fill>1</fill>
                    <outline>1</outline>
                </PolyStyle>
            </Style>
            <Style id="974">
                <LineStyle id="976">
                    <color>ff00FFFF</color>
                    <colorMode>normal</colorMode>
                    <width>1.5</width>
                </LineStyle>
                <PolyStyle id="975">
                    <color>ff00FFFF</color>
                    <colorMode>normal</colorMode>
                    <fill>1</fill>
                    <outline>1</outline>
                </PolyStyle>
            </Style>
            <Style id="983">
                <LineStyle id="985">
                    <color>ff00FFFF</color>
                    <colorMode>normal</colorMode>
                    <width>1.5</width>
                </LineStyle>
                <PolyStyle id="984">
                    <color>ff00FFFF</color>
                    <colorMode>normal</colorMode>
                    <fill>1</fill>
                    <outline>1</outline>
                </PolyStyle>
            </Style>
            <Style id="992">
                <LineStyle id="994">
                    <color>ff00FFFF</color>
                    <colorMode>normal</colorMode>
                    <width>1.5</width>
                </LineStyle>
                <PolyStyle id="993">
                    <color>ff00FFFF</color>
                    <colorMode>normal</colorMode>
                    <fill>1</fill>
                    <outline>1</outline>
                </PolyStyle>
            </Style>
            <Style id="1001">
                <LineStyle id="1003">
                    <color>ff00FFFF</color>
                    <colorMode>normal</colorMode>
                    <width>1.5</width>
                </LineStyle>
                <PolyStyle id="1002">
                    <color>ff00FFFF</color>
                    <colorMode>normal</colorMode>
                    <fill>1</fill>
                    <outline>1</outline>
                </PolyStyle>
            </Style>
            <Style id="1010">
                <LineStyle id="1012">
                    <color>ff00FFFF</color>
                    <colorMode>normal</colorMode>
                    <width>1.5</width>
                </LineStyle>
                <PolyStyle id="1011">
                    <color>ff00FFFF</color>
                    <colorMode>normal</colorMode>
                    <fill>1</fill>
                    <outline>1</outline>
                </PolyStyle>
            </Style>
            <Style id="1019">
                <LineStyle id="1021">
                    <color>ff00FFFF</color>
                    <colorMode>normal</colorMode>
                    <width>1.5</width>
                </LineStyle>
                <PolyStyle id="1020">
                    <color>ff00FFFF</color>
                    <colorMode>normal</colorMode>
                    <fill>1</fill>
                    <outline>1</outline>
                </PolyStyle>
            </Style>
            <Style id="1028">
                <LineStyle id="1030">
                    <color>ff00FFFF</color>
                    <colorMode>normal</colorMode>
                    <width>1.5</width>
                </LineStyle>
                <PolyStyle id="1029">
                    <color>ff00FFFF</color>
                    <colorMode>normal</colorMode>
                    <fill>1</fill>
                    <outline>1</outline>
                </PolyStyle>
            </Style>
            <Style id="1037">
                <LineStyle id="1039">
                    <color>ff00FFFF</color>
                    <colorMode>normal</colorMode>
                    <width>1.5</width>
                </LineStyle>
                <PolyStyle id="1038">
                    <color>ff00FFFF</color>
                    <colorMode>normal</colorMode>
                    <fill>1</fill>
                    <outline>1</outline>
                </PolyStyle>
            </Style>
            <Style id="1046">
                <LineStyle id="1048">
                    <color>ff00FFFF</color>
                    <colorMode>normal</colorMode>
                    <width>1.5</width>
                </LineStyle>
                <PolyStyle id="1047">
                    <color>ff00FFFF</color>
                    <colorMode>normal</colorMode>
                    <fill>1</fill>
                    <outline>1</outline>
                </PolyStyle>
            </Style>
            <Style id="1055">
                <LineStyle id="1057">
                    <color>ff00FFFF</color>
                    <colorMode>normal</colorMode>
                    <width>1.5</width>
                </LineStyle>
                <PolyStyle id="1056">
                    <color>ff00FFFF</color>
                    <colorMode>normal</colorMode>
                    <fill>1</fill>
                    <outline>1</outline>
                </PolyStyle>
            </Style>
            <Style id="1064">
                <LineStyle id="1066">
                    <color>ff00FFFF</color>
                    <colorMode>normal</colorMode>
                    <width>1.5</width>
                </LineStyle>
                <PolyStyle id="1065">
                    <color>ff00FFFF</color>
                    <colorMode>normal</colorMode>
                    <fill>1</fill>
                    <outline>1</outline>
                </PolyStyle>
            </Style>
            <Style id="1073">
                <LineStyle id="1075">
                    <color>ff00FFFF</color>
                    <colorMode>normal</colorMode>
                    <width>1.5</width>
                </LineStyle>
                <PolyStyle id="1074">
                    <color>ff00FFFF</color>
                    <colorMode>normal</colorMode>
                    <fill>1</fill>
                    <outline>1</outline>
                </PolyStyle>
            </Style>
            <Style id="1082">
                <LineStyle id="1084">
                    <color>ff00FFFF</color>
                    <colorMode>normal</colorMode>
                    <width>1.5</width>
                </LineStyle>
                <PolyStyle id="1083">
                    <color>ff00FFFF</color>
                    <colorMode>normal</colorMode>
                    <fill>1</fill>
                    <outline>1</outline>
                </PolyStyle>
            </Style>
            <Style id="1091">
                <LineStyle id="1093">
                    <color>ff00FFFF</color>
                    <colorMode>normal</colorMode>
                    <width>1.5</width>
                </LineStyle>
                <PolyStyle id="1092">
                    <color>ff00FFFF</color>
                    <colorMode>normal</colorMode>
                    <fill>1</fill>
                    <outline>1</outline>
                </PolyStyle>
            </Style>
            <Style id="1100">
                <LineStyle id="1102">
                    <color>ff00FFFF</color>
                    <colorMode>normal</colorMode>
                    <width>1.5</width>
                </LineStyle>
                <PolyStyle id="1101">
                    <color>ff00FFFF</color>
                    <colorMode>normal</colorMode>
                    <fill>1</fill>
                    <outline>1</outline>
                </PolyStyle>
            </Style>
            <name>Class 5</name>
            <Placemark id="312">
                <name>Class 5 - 1</name>
                <styleUrl>#317</styleUrl>
                <Polygon id="311">
                    <outerBoundaryIs>
                        <LinearRing id="315">
                            <coordinates>73.9460802536962,18.545000388420227,0.0 73.9460802536962,18.54473089383499,0.0 73.94661924286666,18.54473089383499,0.0 73.94661924286666,18.545000388420227,0.0 73.9460802536962,18.545000388420227,0.0</coordinates>
                        </LinearRing>
                    </outerBoundaryIs>
                </Polygon>
            </Placemark>
            <Placemark id="321">
                <name>Class 5 - 2</name>
                <styleUrl>#326</styleUrl>
                <Polygon id="320">
                    <outerBoundaryIs>
                        <LinearRing id="324">
                            <coordinates>73.9468887374519,18.545000388420227,0.0 73.9468887374519,18.54473089383499,0.0 73.94742772662237,18.54473089383499,0.0 73.94742772662237,18.545000388420227,0.0 73.9468887374519,18.545000388420227,0.0</coordinates>
                        </LinearRing>
                    </outerBoundaryIs>
                </Polygon>
            </Placemark>
            <Placemark id="330">
                <name>Class 5 - 3</name>
                <styleUrl>#335</styleUrl>
                <Polygon id="329">
                    <outerBoundaryIs>
                        <LinearRing id="333">
                            <coordinates>73.9476972212076,18.545000388420227,0.0 73.9476972212076,18.54473089383499,0.0 73.94958368330425,18.54473089383499,0.0 73.94958368330425,18.545000388420227,0.0 73.9476972212076,18.545000388420227,0.0</coordinates>
                        </LinearRing>
                    </outerBoundaryIs>
                </Polygon>
            </Placemark>
            <Placemark id="339">
                <name>Class 5 - 4</name>
                <styleUrl>#344</styleUrl>
                <Polygon id="338">
                    <outerBoundaryIs>
                        <LinearRing id="342">
                            <coordinates>73.94958368330425,18.54607836676117,0.0 73.94958368330425,18.545808872175936,0.0 73.94796671579284,18.545808872175936,0.0 73.94796671579284,18.5455393775907,0.0 73.9498531778895,18.5455393775907,0.0 73.9498531778895,18.545808872175936,0.0 73.95012267247473,18.545808872175936,0.0 73.95012267247473,18.5455393775907,0.0 73.9506616616452,18.5455393775907,0.0 73.9506616616452,18.545000388420227,0.0 73.95039216705996,18.545000388420227,0.0 73.95039216705996,18.54473089383499,0.0 73.95093115623044,18.54473089383499,0.0 73.95093115623044,18.545269883005464,0.0 73.95120065081566,18.545269883005464,0.0 73.95120065081566,18.5455393775907,0.0 73.9514701454009,18.5455393775907,0.0 73.9514701454009,18.545808872175936,0.0 73.95120065081566,18.545808872175936,0.0 73.95120065081566,18.54607836676117,0.0 73.94958368330425,18.54607836676117,0.0</coordinates>
                        </LinearRing>
                    </outerBoundaryIs>
                </Polygon>
            </Placemark>
            <Placemark id="348">
                <name>Class 5 - 5</name>
                <styleUrl>#353</styleUrl>
                <Polygon id="347">
                    <outerBoundaryIs>
                        <LinearRing id="351">
                            <coordinates>73.94527176994048,18.54473089383499,0.0 73.94527176994048,18.544461399249755,0.0 73.94500227535525,18.544461399249755,0.0 73.94500227535525,18.54419190466452,0.0 73.94554126452572,18.54419190466452,0.0 73.94554126452572,18.544461399249755,0.0 73.94581075911096,18.544461399249755,0.0 73.94581075911096,18.54473089383499,0.0 73.94527176994048,18.54473089383499,0.0</coordinates>
                        </LinearRing>
                    </outerBoundaryIs>
                </Polygon>
            </Placemark>
            <Placemark id="357">
                <name>Class 5 - 6</name>
                <styleUrl>#362</styleUrl>
                <Polygon id="356">
                    <outerBoundaryIs>
                        <LinearRing id="360">
                            <coordinates>73.88598296118859,18.54419190466452,0.0 73.88598296118859,18.543922410079283,0.0 73.88625245577383,18.543922410079283,0.0 73.88625245577383,18.54419190466452,0.0 73.88598296118859,18.54419190466452,0.0</coordinates>
                        </LinearRing>
                    </outerBoundaryIs>
                </Polygon>
            </Placemark>
            <Placemark id="366">
                <name>Class 5 - 7</name>
                <styleUrl>#371</styleUrl>
                <Polygon id="365">
                    <outerBoundaryIs>
                        <LinearRing id="369">
                            <coordinates>73.88867790704096,18.54419190466452,0.0 73.88867790704096,18.543922410079283,0.0 73.8897558853819,18.543922410079283,0.0 73.8897558853819,18.54419190466452,0.0 73.88867790704096,18.54419190466452,0.0</coordinates>
                        </LinearRing>
                    </outerBoundaryIs>
                </Polygon>
            </Placemark>
            <Placemark id="375">
                <name>Class 5 - 8</name>
                <styleUrl>#380</styleUrl>
                <Polygon id="374">
                    <outerBoundaryIs>
                        <LinearRing id="378">
                            <coordinates>73.94581075911096,18.545808872175936,0.0 73.94581075911096,18.5455393775907,0.0 73.94527176994048,18.5455393775907,0.0 73.94527176994048,18.545269883005464,0.0 73.94473278077001,18.545269883005464,0.0 73.94473278077001,18.545000388420227,0.0 73.94446328618477,18.545000388420227,0.0 73.94446328618477,18.54473089383499,0.0 73.94419379159955,18.54473089383499,0.0 73.94419379159955,18.54419190466452,0.0 73.9439242970143,18.54419190466452,0.0 73.9439242970143,18.543922410079283,0.0 73.94500227535525,18.543922410079283,0.0 73.94500227535525,18.54419190466452,0.0 73.94473278077001,18.54419190466452,0.0 73.94473278077001,18.54473089383499,0.0 73.94527176994048,18.54473089383499,0.0 73.94527176994048,18.545000388420227,0.0 73.94554126452572,18.545000388420227,0.0 73.94554126452572,18.545269883005464,0.0 73.9460802536962,18.545269883005464,0.0 73.9460802536962,18.5455393775907,0.0 73.94742772662237,18.5455393775907,0.0 73.94742772662237,18.545808872175936,0.0 73.94581075911096,18.545808872175936,0.0</coordinates>
                        </LinearRing>
                    </outerBoundaryIs>
                </Polygon>
            </Placemark>
            <Placemark id="384">
                <name>Class 5 - 9</name>
                <styleUrl>#389</styleUrl>
                <Polygon id="383">
                    <outerBoundaryIs>
                        <LinearRing id="387">
                            <coordinates>73.88544397201812,18.543922410079283,0.0 73.88544397201812,18.543652915494047,0.0 73.88571346660336,18.543652915494047,0.0 73.88571346660336,18.543922410079283,0.0 73.88544397201812,18.543922410079283,0.0</coordinates>
                        </LinearRing>
                    </outerBoundaryIs>
                </Polygon>
            </Placemark>
            <Placemark id="393">
                <name>Class 5 - 10</name>
                <styleUrl>#398</styleUrl>
                <Polygon id="392">
                    <outerBoundaryIs>
                        <LinearRing id="396">
                            <coordinates>73.88086256406912,18.543652915494047,0.0 73.88086256406912,18.54338342090881,0.0 73.88140155323958,18.54338342090881,0.0 73.88140155323958,18.543652915494047,0.0 73.88086256406912,18.543652915494047,0.0</coordinates>
                        </LinearRing>
                    </outerBoundaryIs>
                </Polygon>
            </Placemark>
            <Placemark id="402">
                <name>Class 5 - 11</name>
                <styleUrl>#407</styleUrl>
                <Polygon id="401">
                    <outerBoundaryIs>
                        <LinearRing id="405">
                            <coordinates>73.88517447743288,18.543652915494047,0.0 73.88517447743288,18.54338342090881,0.0 73.88544397201812,18.54338342090881,0.0 73.88544397201812,18.543652915494047,0.0 73.88517447743288,18.543652915494047,0.0</coordinates>
                        </LinearRing>
                    </outerBoundaryIs>
                </Polygon>
            </Placemark>
            <Placemark id="411">
                <name>Class 5 - 12</name>
                <styleUrl>#416</styleUrl>
                <Polygon id="410">
                    <outerBoundaryIs>
                        <LinearRing id="414">
                            <coordinates>73.8800540803134,18.54338342090881,0.0 73.8800540803134,18.543113926323574,0.0 73.88086256406912,18.543113926323574,0.0 73.88086256406912,18.54338342090881,0.0 73.8800540803134,18.54338342090881,0.0</coordinates>
                        </LinearRing>
                    </outerBoundaryIs>
                </Polygon>
            </Placemark>
            <Placemark id="420">
                <name>Class 5 - 13</name>
                <styleUrl>#425</styleUrl>
                <Polygon id="419">
                    <outerBoundaryIs>
                        <LinearRing id="423">
                            <coordinates>73.88571346660336,18.54338342090881,0.0 73.88571346660336,18.543113926323574,0.0 73.88733043411477,18.543113926323574,0.0 73.88733043411477,18.54338342090881,0.0 73.88571346660336,18.54338342090881,0.0</coordinates>
                        </LinearRing>
                    </outerBoundaryIs>
                </Polygon>
            </Placemark>
            <Placemark id="429">
                <name>Class 5 - 14</name>
                <styleUrl>#434</styleUrl>
                <Polygon id="428">
                    <outerBoundaryIs>
                        <LinearRing id="432">
                            <coordinates>73.89137285289331,18.54338342090881,0.0 73.89137285289331,18.543113926323574,0.0 73.89164234747855,18.543113926323574,0.0 73.89164234747855,18.54338342090881,0.0 73.89137285289331,18.54338342090881,0.0</coordinates>
                        </LinearRing>
                    </outerBoundaryIs>
                </Polygon>
            </Placemark>
            <Placemark id="438">
                <name>Class 5 - 15</name>
                <styleUrl>#443</styleUrl>
                <Polygon id="437">
                    <outerBoundaryIs>
                        <LinearRing id="441">
                            <coordinates>73.87816761821675,18.543113926323574,0.0 73.87816761821675,18.54284443173834,0.0 73.87951509114293,18.54284443173834,0.0 73.87951509114293,18.543113926323574,0.0 73.87816761821675,18.543113926323574,0.0</coordinates>
                        </LinearRing>
                    </outerBoundaryIs>
                </Polygon>
            </Placemark>
            <Placemark id="447">
                <name>Class 5 - 16</name>
                <styleUrl>#452</styleUrl>
                <Polygon id="446">
                    <outerBoundaryIs>
                        <LinearRing id="450">
                            <coordinates>73.89218133664902,18.543922410079283,0.0 73.89218133664902,18.543113926323574,0.0 73.89245083123426,18.543113926323574,0.0 73.89245083123426,18.54284443173834,0.0 73.89379830416044,18.54284443173834,0.0 73.89379830416044,18.542574937153105,0.0 73.89460678791615,18.542574937153105,0.0 73.89460678791615,18.54284443173834,0.0 73.89487628250137,18.54284443173834,0.0 73.89487628250137,18.543113926323574,0.0 73.89460678791615,18.543113926323574,0.0 73.89460678791615,18.54338342090881,0.0 73.89379830416044,18.54338342090881,0.0 73.89379830416044,18.543652915494047,0.0 73.89325931498996,18.543652915494047,0.0 73.89325931498996,18.543922410079283,0.0 73.89218133664902,18.543922410079283,0.0</coordinates>
                        </LinearRing>
                    </outerBoundaryIs>
                </Polygon>
            </Placemark>
            <Placemark id="456">
                <name>Class 5 - 17</name>
                <styleUrl>#461</styleUrl>
                <Polygon id="455">
                    <outerBoundaryIs>
                        <LinearRing id="459">
                            <coordinates>73.87735913446105,18.54284443173834,0.0 73.87735913446105,18.542574937153105,0.0 73.87789812363152,18.542574937153105,0.0 73.87789812363152,18.54284443173834,0.0 73.87735913446105,18.54284443173834,0.0</coordinates>
                        </LinearRing>
                    </outerBoundaryIs>
                </Polygon>
            </Placemark>
            <Placemark id="465">
                <name>Class 5 - 18</name>
                <styleUrl>#470</styleUrl>
                <Polygon id="464">
                    <outerBoundaryIs>
                        <LinearRing id="468">
                            <coordinates>73.88221003699529,18.543652915494047,0.0 73.88221003699529,18.54338342090881,0.0 73.88274902616577,18.54338342090881,0.0 73.88274902616577,18.543113926323574,0.0 73.883018520751,18.543113926323574,0.0 73.883018520751,18.54284443173834,0.0 73.88247953158053,18.54284443173834,0.0 73.88247953158053,18.542574937153105,0.0 73.88328801533623,18.542574937153105,0.0 73.88328801533623,18.54338342090881,0.0 73.883018520751,18.54338342090881,0.0 73.883018520751,18.543652915494047,0.0 73.88221003699529,18.543652915494047,0.0</coordinates>
                        </LinearRing>
                    </outerBoundaryIs>
                </Polygon>
            </Placemark>
            <Placemark id="474">
                <name>Class 5 - 19</name>
                <styleUrl>#479</styleUrl>
                <Polygon id="473">
                    <outerBoundaryIs>
                        <LinearRing id="477">
                            <coordinates>73.8770896398758,18.542574937153105,0.0 73.8770896398758,18.54230544256787,0.0 73.87735913446105,18.54230544256787,0.0 73.87735913446105,18.542574937153105,0.0 73.8770896398758,18.542574937153105,0.0</coordinates>
                        </LinearRing>
                    </outerBoundaryIs>
                </Polygon>
            </Placemark>
            <Placemark id="483">
                <name>Class 5 - 20</name>
                <styleUrl>#488</styleUrl>
                <Polygon id="482">
                    <outerBoundaryIs>
                        <LinearRing id="486">
                            <coordinates>73.88086256406912,18.542574937153105,0.0 73.88086256406912,18.54230544256787,0.0 73.88194054241005,18.54230544256787,0.0 73.88194054241005,18.542574937153105,0.0 73.88086256406912,18.542574937153105,0.0</coordinates>
                        </LinearRing>
                    </outerBoundaryIs>
                </Polygon>
            </Placemark>
            <Placemark id="492">
                <name>Class 5 - 21</name>
                <styleUrl>#497</styleUrl>
                <Polygon id="491">
                    <outerBoundaryIs>
                        <LinearRing id="495">
                            <coordinates>73.87520317777916,18.54230544256787,0.0 73.87520317777916,18.542035947982633,0.0 73.87601166153486,18.542035947982633,0.0 73.87601166153486,18.54230544256787,0.0 73.87520317777916,18.54230544256787,0.0</coordinates>
                        </LinearRing>
                    </outerBoundaryIs>
                </Polygon>
            </Placemark>
            <Placemark id="501">
                <name>Class 5 - 22</name>
                <styleUrl>#506</styleUrl>
                <Polygon id="500">
                    <outerBoundaryIs>
                        <LinearRing id="504">
                            <coordinates>73.87897610197246,18.54230544256787,0.0 73.87897610197246,18.542035947982633,0.0 73.8800540803134,18.542035947982633,0.0 73.8800540803134,18.54230544256787,0.0 73.87897610197246,18.54230544256787,0.0</coordinates>
                        </LinearRing>
                    </outerBoundaryIs>
                </Polygon>
            </Placemark>
            <Placemark id="510">
                <name>Class 5 - 23</name>
                <styleUrl>#515</styleUrl>
                <Polygon id="509">
                    <outerBoundaryIs>
                        <LinearRing id="513">
                            <coordinates>73.87493368319393,18.542035947982633,0.0 73.87493368319393,18.541766453397397,0.0 73.87520317777916,18.541766453397397,0.0 73.87520317777916,18.542035947982633,0.0 73.87493368319393,18.542035947982633,0.0</coordinates>
                        </LinearRing>
                    </outerBoundaryIs>
                </Polygon>
            </Placemark>
            <Placemark id="519">
                <name>Class 5 - 24</name>
                <styleUrl>#524</styleUrl>
                <Polygon id="518">
                    <outerBoundaryIs>
                        <LinearRing id="522">
                            <coordinates>73.87762862904628,18.542035947982633,0.0 73.87762862904628,18.541766453397397,0.0 73.87816761821675,18.541766453397397,0.0 73.87816761821675,18.542035947982633,0.0 73.87762862904628,18.542035947982633,0.0</coordinates>
                        </LinearRing>
                    </outerBoundaryIs>
                </Polygon>
            </Placemark>
            <Placemark id="528">
                <name>Class 5 - 25</name>
                <styleUrl>#533</styleUrl>
                <Polygon id="527">
                    <outerBoundaryIs>
                        <LinearRing id="531">
                            <coordinates>73.8964932500128,18.54284443173834,0.0 73.8964932500128,18.542574937153105,0.0 73.89622375542756,18.542574937153105,0.0 73.89622375542756,18.542035947982633,0.0 73.8973017337685,18.542035947982633,0.0 73.8973017337685,18.541766453397397,0.0 73.89757122835374,18.541766453397397,0.0 73.89757122835374,18.54149695881216,0.0 73.8981102175242,18.54149695881216,0.0 73.8981102175242,18.541766453397397,0.0 73.89864920669469,18.541766453397397,0.0 73.89864920669469,18.542035947982633,0.0 73.89837971210945,18.542035947982633,0.0 73.89837971210945,18.54230544256787,0.0 73.89757122835374,18.54230544256787,0.0 73.89757122835374,18.542574937153105,0.0 73.89703223918326,18.542574937153105,0.0 73.89703223918326,18.54284443173834,0.0 73.8964932500128,18.54284443173834,0.0</coordinates>
                        </LinearRing>
                    </outerBoundaryIs>
                </Polygon>
            </Placemark>
            <Placemark id="537">
                <name>Class 5 - 26</name>
                <styleUrl>#542</styleUrl>
                <Polygon id="536">
                    <outerBoundaryIs>
                        <LinearRing id="540">
                            <coordinates>73.94203783491766,18.542035947982633,0.0 73.94203783491766,18.54149695881216,0.0 73.94230732950288,18.54149695881216,0.0 73.94230732950288,18.542035947982633,0.0 73.94203783491766,18.542035947982633,0.0</coordinates>
                        </LinearRing>
                    </outerBoundaryIs>
                </Polygon>
            </Placemark>
            <Placemark id="546">
                <name>Class 5 - 27</name>
                <styleUrl>#551</styleUrl>
                <Polygon id="545">
                    <outerBoundaryIs>
                        <LinearRing id="549">
                            <coordinates>73.87466418860869,18.541766453397397,0.0 73.87466418860869,18.54149695881216,0.0 73.87493368319393,18.54149695881216,0.0 73.87493368319393,18.541766453397397,0.0 73.87466418860869,18.541766453397397,0.0</coordinates>
                        </LinearRing>
                    </outerBoundaryIs>
                </Polygon>
            </Placemark>
            <Placemark id="555">
                <name>Class 5 - 28</name>
                <styleUrl>#560</styleUrl>
                <Polygon id="554">
                    <outerBoundaryIs>
                        <LinearRing id="558">
                            <coordinates>73.87682014529058,18.541766453397397,0.0 73.87682014529058,18.54149695881216,0.0 73.87735913446105,18.54149695881216,0.0 73.87735913446105,18.541766453397397,0.0 73.87682014529058,18.541766453397397,0.0</coordinates>
                        </LinearRing>
                    </outerBoundaryIs>
                </Polygon>
            </Placemark>
            <Placemark id="564">
                <name>Class 5 - 29</name>
                <styleUrl>#569</styleUrl>
                <Polygon id="563">
                    <outerBoundaryIs>
                        <LinearRing id="567">
                            <coordinates>73.87412519943821,18.54149695881216,0.0 73.87412519943821,18.541227464226925,0.0 73.87439469402345,18.541227464226925,0.0 73.87439469402345,18.54149695881216,0.0 73.87412519943821,18.54149695881216,0.0</coordinates>
                        </LinearRing>
                    </outerBoundaryIs>
                </Polygon>
            </Placemark>
            <Placemark id="573">
                <name>Class 5 - 30</name>
                <styleUrl>#578</styleUrl>
                <Polygon id="572">
                    <outerBoundaryIs>
                        <LinearRing id="576">
                            <coordinates>73.8754726723644,18.54149695881216,0.0 73.8754726723644,18.541227464226925,0.0 73.87682014529058,18.541227464226925,0.0 73.87682014529058,18.54149695881216,0.0 73.8754726723644,18.54149695881216,0.0</coordinates>
                        </LinearRing>
                    </outerBoundaryIs>
                </Polygon>
            </Placemark>
            <Placemark id="582">
                <name>Class 5 - 31</name>
                <styleUrl>#587</styleUrl>
                <Polygon id="581">
                    <outerBoundaryIs>
                        <LinearRing id="585">
                            <coordinates>73.9431158132586,18.543922410079283,0.0 73.9431158132586,18.543113926323574,0.0 73.94257682408812,18.543113926323574,0.0 73.94257682408812,18.542574937153105,0.0 73.94230732950288,18.542574937153105,0.0 73.94230732950288,18.542035947982633,0.0 73.94257682408812,18.542035947982633,0.0 73.94257682408812,18.54095796964169,0.0 73.94284631867336,18.54095796964169,0.0 73.94284631867336,18.541227464226925,0.0 73.9431158132586,18.541227464226925,0.0 73.9431158132586,18.542035947982633,0.0 73.94338530784383,18.542035947982633,0.0 73.94338530784383,18.542574937153105,0.0 73.94365480242907,18.542574937153105,0.0 73.94365480242907,18.54284443173834,0.0 73.9439242970143,18.54284443173834,0.0 73.9439242970143,18.543922410079283,0.0 73.9431158132586,18.543922410079283,0.0</coordinates>
                        </LinearRing>
                    </outerBoundaryIs>
                </Polygon>
            </Placemark>
            <Placemark id="591">
                <name>Class 5 - 32</name>
                <styleUrl>#596</styleUrl>
                <Polygon id="590">
                    <outerBoundaryIs>
                        <LinearRing id="594">
                            <coordinates>73.89999667962086,18.541766453397397,0.0 73.89999667962086,18.541227464226925,0.0 73.90134415254704,18.541227464226925,0.0 73.90134415254704,18.54095796964169,0.0 73.90376960381415,18.54095796964169,0.0 73.90376960381415,18.541227464226925,0.0 73.9040390983994,18.541227464226925,0.0 73.9040390983994,18.54149695881216,0.0 73.90242213088798,18.54149695881216,0.0 73.90242213088798,18.541766453397397,0.0 73.89999667962086,18.541766453397397,0.0</coordinates>
                        </LinearRing>
                    </outerBoundaryIs>
                </Polygon>
            </Placemark>
            <Placemark id="600">
                <name>Class 5 - 33</name>
                <styleUrl>#605</styleUrl>
                <Polygon id="599">
                    <outerBoundaryIs>
                        <LinearRing id="603">
                            <coordinates>73.87304722109727,18.541227464226925,0.0 73.87304722109727,18.54095796964169,0.0 73.87358621026775,18.54095796964169,0.0 73.87358621026775,18.541227464226925,0.0 73.87304722109727,18.541227464226925,0.0</coordinates>
                        </LinearRing>
                    </outerBoundaryIs>
                </Polygon>
            </Placemark>
            <Placemark id="609">
                <name>Class 5 - 34</name>
                <styleUrl>#614</styleUrl>
                <Polygon id="608">
                    <outerBoundaryIs>
                        <LinearRing id="612">
                            <coordinates>73.87466418860869,18.541227464226925,0.0 73.87466418860869,18.54095796964169,0.0 73.87520317777916,18.54095796964169,0.0 73.87520317777916,18.541227464226925,0.0 73.87466418860869,18.541227464226925,0.0</coordinates>
                        </LinearRing>
                    </outerBoundaryIs>
                </Polygon>
            </Placemark>
            <Placemark id="618">
                <name>Class 5 - 35</name>
                <styleUrl>#623</styleUrl>
                <Polygon id="617">
                    <outerBoundaryIs>
                        <LinearRing id="621">
                            <coordinates>73.87358621026775,18.54095796964169,0.0 73.87358621026775,18.540688475056452,0.0 73.87466418860869,18.540688475056452,0.0 73.87466418860869,18.54095796964169,0.0 73.87358621026775,18.54095796964169,0.0</coordinates>
                        </LinearRing>
                    </outerBoundaryIs>
                </Polygon>
            </Placemark>
            <Placemark id="627">
                <name>Class 5 - 36</name>
                <styleUrl>#632</styleUrl>
                <Polygon id="626">
                    <outerBoundaryIs>
                        <LinearRing id="630">
                            <coordinates>73.90511707674034,18.541766453397397,0.0 73.90511707674034,18.54149695881216,0.0 73.9048475821551,18.54149695881216,0.0 73.9048475821551,18.541227464226925,0.0 73.90457808756987,18.541227464226925,0.0 73.90457808756987,18.54095796964169,0.0 73.90619505508128,18.54095796964169,0.0 73.90619505508128,18.540688475056452,0.0 73.90915949551888,18.540688475056452,0.0 73.90915949551888,18.540418980471216,0.0 73.90942899010412,18.540418980471216,0.0 73.90942899010412,18.540688475056452,0.0 73.90969848468934,18.540688475056452,0.0 73.90969848468934,18.540418980471216,0.0 73.90996797927458,18.540418980471216,0.0 73.90996797927458,18.54095796964169,0.0 73.90969848468934,18.54095796964169,0.0 73.90969848468934,18.541227464226925,0.0 73.90673404425175,18.541227464226925,0.0 73.90673404425175,18.54149695881216,0.0 73.90619505508128,18.54149695881216,0.0 73.90619505508128,18.541766453397397,0.0 73.90511707674034,18.541766453397397,0.0</coordinates>
                        </LinearRing>
                    </outerBoundaryIs>
                </Polygon>
            </Placemark>
            <Placemark id="636">
                <name>Class 5 - 37</name>
                <styleUrl>#641</styleUrl>
                <Polygon id="635">
                    <outerBoundaryIs>
                        <LinearRing id="639">
                            <coordinates>73.94230732950288,18.54095796964169,0.0 73.94230732950288,18.54014948588598,0.0 73.94257682408812,18.54014948588598,0.0 73.94257682408812,18.54095796964169,0.0 73.94230732950288,18.54095796964169,0.0</coordinates>
                        </LinearRing>
                    </outerBoundaryIs>
                </Polygon>
            </Placemark>
            <Placemark id="645">
                <name>Class 5 - 38</name>
                <styleUrl>#650</styleUrl>
                <Polygon id="644">
                    <outerBoundaryIs>
                        <LinearRing id="648">
                            <coordinates>73.87089126441539,18.540418980471216,0.0 73.87089126441539,18.54014948588598,0.0 73.8716997481711,18.54014948588598,0.0 73.8716997481711,18.540418980471216,0.0 73.87089126441539,18.540418980471216,0.0</coordinates>
                        </LinearRing>
                    </outerBoundaryIs>
                </Polygon>
            </Placemark>
            <Placemark id="654">
                <name>Class 5 - 39</name>
                <styleUrl>#659</styleUrl>
                <Polygon id="653">
                    <outerBoundaryIs>
                        <LinearRing id="657">
                            <coordinates>73.91077646303029,18.540418980471216,0.0 73.91077646303029,18.54014948588598,0.0 73.91104595761553,18.54014948588598,0.0 73.91104595761553,18.540418980471216,0.0 73.91077646303029,18.540418980471216,0.0</coordinates>
                        </LinearRing>
                    </outerBoundaryIs>
                </Polygon>
            </Placemark>
            <Placemark id="663">
                <name>Class 5 - 40</name>
                <styleUrl>#668</styleUrl>
                <Polygon id="662">
                    <outerBoundaryIs>
                        <LinearRing id="666">
                            <coordinates>73.8716997481711,18.540688475056452,0.0 73.8716997481711,18.540418980471216,0.0 73.87196924275634,18.540418980471216,0.0 73.87196924275634,18.539879991300747,0.0 73.87223873734156,18.539879991300747,0.0 73.87223873734156,18.54014948588598,0.0 73.87304722109727,18.54014948588598,0.0 73.87304722109727,18.540418980471216,0.0 73.87358621026775,18.540418980471216,0.0 73.87358621026775,18.540688475056452,0.0 73.87277772651204,18.540688475056452,0.0 73.87277772651204,18.540418980471216,0.0 73.87223873734156,18.540418980471216,0.0 73.87223873734156,18.540688475056452,0.0 73.8716997481711,18.540688475056452,0.0</coordinates>
                        </LinearRing>
                    </outerBoundaryIs>
                </Polygon>
            </Placemark>
            <Placemark id="672">
                <name>Class 5 - 41</name>
                <styleUrl>#677</styleUrl>
                <Polygon id="671">
                    <outerBoundaryIs>
                        <LinearRing id="675">
                            <coordinates>73.91185444137123,18.540418980471216,0.0 73.91185444137123,18.539879991300747,0.0 73.91239343054171,18.539879991300747,0.0 73.91239343054171,18.53961049671551,0.0 73.91401039805312,18.53961049671551,0.0 73.91401039805312,18.539341002130275,0.0 73.91589686014977,18.539341002130275,0.0 73.91589686014977,18.539879991300747,0.0 73.91401039805312,18.539879991300747,0.0 73.91401039805312,18.54014948588598,0.0 73.91374090346788,18.54014948588598,0.0 73.91374090346788,18.540418980471216,0.0 73.91185444137123,18.540418980471216,0.0</coordinates>
                        </LinearRing>
                    </outerBoundaryIs>
                </Polygon>
            </Placemark>
            <Placemark id="681">
                <name>Class 5 - 42</name>
                <styleUrl>#686</styleUrl>
                <Polygon id="680">
                    <outerBoundaryIs>
                        <LinearRing id="684">
                            <coordinates>73.86981328607445,18.54014948588598,0.0 73.86981328607445,18.539879991300747,0.0 73.86900480231874,18.539879991300747,0.0 73.86900480231874,18.53961049671551,0.0 73.86765732939256,18.53961049671551,0.0 73.86765732939256,18.539341002130275,0.0 73.86738783480732,18.539341002130275,0.0 73.86738783480732,18.53907150754504,0.0 73.86657935105161,18.53907150754504,0.0 73.86657935105161,18.538802012959803,0.0 73.86630985646637,18.538802012959803,0.0 73.86630985646637,18.538532518374566,0.0 73.86604036188115,18.538532518374566,0.0 73.86604036188115,18.53826302378933,0.0 73.86577086729591,18.53826302378933,0.0 73.86577086729591,18.537993529204094,0.0 73.86550137271067,18.537993529204094,0.0 73.86550137271067,18.537724034618858,0.0 73.86577086729591,18.537724034618858,0.0 73.86577086729591,18.53745454003362,0.0 73.86604036188115,18.53745454003362,0.0 73.86604036188115,18.537724034618858,0.0 73.86630985646637,18.537724034618858,0.0 73.86630985646637,18.537993529204094,0.0 73.86657935105161,18.537993529204094,0.0 73.86657935105161,18.53826302378933,0.0 73.86684884563685,18.53826302378933,0.0 73.86684884563685,18.538532518374566,0.0 73.8679268239778,18.538532518374566,0.0 73.8679268239778,18.53907150754504,0.0 73.8687353077335,18.53907150754504,0.0 73.8687353077335,18.539341002130275,0.0 73.8695437914892,18.539341002130275,0.0 73.8695437914892,18.53961049671551,0.0 73.87089126441539,18.53961049671551,0.0 73.87089126441539,18.54014948588598,0.0 73.86981328607445,18.54014948588598,0.0</coordinates>
                        </LinearRing>
                    </outerBoundaryIs>
                </Polygon>
            </Placemark>
            <Placemark id="690">
                <name>Class 5 - 43</name>
                <styleUrl>#695</styleUrl>
                <Polygon id="689">
                    <outerBoundaryIs>
                        <LinearRing id="693">
                            <coordinates>73.86469288895496,18.537724034618858,0.0 73.86469288895496,18.537185045448386,0.0 73.8649623835402,18.537185045448386,0.0 73.8649623835402,18.53745454003362,0.0 73.86523187812543,18.53745454003362,0.0 73.86523187812543,18.537724034618858,0.0 73.86469288895496,18.537724034618858,0.0</coordinates>
                        </LinearRing>
                    </outerBoundaryIs>
                </Polygon>
            </Placemark>
            <Placemark id="699">
                <name>Class 5 - 44</name>
                <styleUrl>#704</styleUrl>
                <Polygon id="698">
                    <outerBoundaryIs>
                        <LinearRing id="702">
                            <coordinates>73.94176834033242,18.54149695881216,0.0 73.94176834033242,18.541227464226925,0.0 73.94149884574718,18.541227464226925,0.0 73.94149884574718,18.540418980471216,0.0 73.94122935116195,18.540418980471216,0.0 73.94122935116195,18.53961049671551,0.0 73.94095985657671,18.53961049671551,0.0 73.94095985657671,18.539341002130275,0.0 73.94069036199147,18.539341002130275,0.0 73.94069036199147,18.538532518374566,0.0 73.94042086740623,18.538532518374566,0.0 73.94042086740623,18.53826302378933,0.0 73.940151372821,18.53826302378933,0.0 73.940151372821,18.537724034618858,0.0 73.94069036199147,18.537724034618858,0.0 73.94069036199147,18.537185045448386,0.0 73.94095985657671,18.537185045448386,0.0 73.94095985657671,18.53745454003362,0.0 73.94122935116195,18.53745454003362,0.0 73.94122935116195,18.537993529204094,0.0 73.94149884574718,18.537993529204094,0.0 73.94149884574718,18.538532518374566,0.0 73.94176834033242,18.538532518374566,0.0 73.94176834033242,18.538802012959803,0.0 73.94203783491766,18.538802012959803,0.0 73.94203783491766,18.53961049671551,0.0 73.94230732950288,18.53961049671551,0.0 73.94230732950288,18.54014948588598,0.0 73.94203783491766,18.54014948588598,0.0 73.94203783491766,18.539879991300747,0.0 73.94176834033242,18.539879991300747,0.0 73.94176834033242,18.540688475056452,0.0 73.94203783491766,18.540688475056452,0.0 73.94203783491766,18.54149695881216,0.0 73.94176834033242,18.54149695881216,0.0</coordinates>
                        </LinearRing>
                    </outerBoundaryIs>
                </Polygon>
            </Placemark>
            <Placemark id="708">
                <name>Class 5 - 45</name>
                <styleUrl>#713</styleUrl>
                <Polygon id="707">
                    <outerBoundaryIs>
                        <LinearRing id="711">
                            <coordinates>73.86523187812543,18.53745454003362,0.0 73.86523187812543,18.537185045448386,0.0 73.86550137271067,18.537185045448386,0.0 73.86550137271067,18.53745454003362,0.0 73.86523187812543,18.53745454003362,0.0</coordinates>
                        </LinearRing>
                    </outerBoundaryIs>
                </Polygon>
            </Placemark>
            <Placemark id="717">
                <name>Class 5 - 46</name>
                <styleUrl>#722</styleUrl>
                <Polygon id="716">
                    <outerBoundaryIs>
                        <LinearRing id="720">
                            <coordinates>73.93961238365053,18.53745454003362,0.0 73.93961238365053,18.537185045448386,0.0 73.93988187823577,18.537185045448386,0.0 73.93988187823577,18.53745454003362,0.0 73.93961238365053,18.53745454003362,0.0</coordinates>
                        </LinearRing>
                    </outerBoundaryIs>
                </Polygon>
            </Placemark>
            <Placemark id="726">
                <name>Class 5 - 47</name>
                <styleUrl>#731</styleUrl>
                <Polygon id="725">
                    <outerBoundaryIs>
                        <LinearRing id="729">
                            <coordinates>73.93880389989482,18.53691555086315,0.0 73.93880389989482,18.536646056277917,0.0 73.93907339448006,18.536646056277917,0.0 73.93907339448006,18.53691555086315,0.0 73.93880389989482,18.53691555086315,0.0</coordinates>
                        </LinearRing>
                    </outerBoundaryIs>
                </Polygon>
            </Placemark>
            <Placemark id="735">
                <name>Class 5 - 48</name>
                <styleUrl>#740</styleUrl>
                <Polygon id="734">
                    <outerBoundaryIs>
                        <LinearRing id="738">
                            <coordinates>73.940151372821,18.53691555086315,0.0 73.940151372821,18.536646056277917,0.0 73.94069036199147,18.536646056277917,0.0 73.94069036199147,18.53691555086315,0.0 73.940151372821,18.53691555086315,0.0</coordinates>
                        </LinearRing>
                    </outerBoundaryIs>
                </Polygon>
            </Placemark>
            <Placemark id="744">
                <name>Class 5 - 49</name>
                <styleUrl>#749</styleUrl>
                <Polygon id="743">
                    <outerBoundaryIs>
                        <LinearRing id="747">
                            <coordinates>73.93826491072436,18.536646056277917,0.0 73.93826491072436,18.53637656169268,0.0 73.93853440530958,18.53637656169268,0.0 73.93853440530958,18.536646056277917,0.0 73.93826491072436,18.536646056277917,0.0</coordinates>
                        </LinearRing>
                    </outerBoundaryIs>
                </Polygon>
            </Placemark>
            <Placemark id="753">
                <name>Class 5 - 50</name>
                <styleUrl>#758</styleUrl>
                <Polygon id="752">
                    <outerBoundaryIs>
                        <LinearRing id="756">
                            <coordinates>73.93610895404247,18.53637656169268,0.0 73.93610895404247,18.536107067107444,0.0 73.93772592155388,18.536107067107444,0.0 73.93772592155388,18.53637656169268,0.0 73.93610895404247,18.53637656169268,0.0</coordinates>
                        </LinearRing>
                    </outerBoundaryIs>
                </Polygon>
            </Placemark>
            <Placemark id="762">
                <name>Class 5 - 51</name>
                <styleUrl>#767</styleUrl>
                <Polygon id="761">
                    <outerBoundaryIs>
                        <LinearRing id="765">
                            <coordinates>73.91697483849072,18.539341002130275,0.0 73.91697483849072,18.53907150754504,0.0 73.9175138276612,18.53907150754504,0.0 73.9175138276612,18.538802012959803,0.0 73.91993927892831,18.538802012959803,0.0 73.91993927892831,18.538532518374566,0.0 73.92101725726926,18.538532518374566,0.0 73.92101725726926,18.538802012959803,0.0 73.9212867518545,18.538802012959803,0.0 73.9212867518545,18.538532518374566,0.0 73.92182574102496,18.538532518374566,0.0 73.92182574102496,18.538802012959803,0.0 73.9220952356102,18.538802012959803,0.0 73.9220952356102,18.538532518374566,0.0 73.92317321395115,18.538532518374566,0.0 73.92317321395115,18.53826302378933,0.0 73.92479018146255,18.53826302378933,0.0 73.92479018146255,18.537993529204094,0.0 73.92613765438874,18.537993529204094,0.0 73.92613765438874,18.537724034618858,0.0 73.92721563272968,18.537724034618858,0.0 73.92721563272968,18.53745454003362,0.0 73.92802411648539,18.53745454003362,0.0 73.92802411648539,18.537185045448386,0.0 73.92856310565585,18.537185045448386,0.0 73.92856310565585,18.53691555086315,0.0 73.92991057858204,18.53691555086315,0.0 73.92991057858204,18.53637656169268,0.0 73.93152754609345,18.53637656169268,0.0 73.93152754609345,18.536107067107444,0.0 73.9326055244344,18.536107067107444,0.0 73.9326055244344,18.535837572522208,0.0 73.93368350277534,18.535837572522208,0.0 73.93368350277534,18.53691555086315,0.0 73.93098855692298,18.53691555086315,0.0 73.93098855692298,18.537185045448386,0.0 73.9304495677525,18.537185045448386,0.0 73.9304495677525,18.53745454003362,0.0 73.9296410839968,18.53745454003362,0.0 73.9296410839968,18.537724034618858,0.0 73.92937158941157,18.537724034618858,0.0 73.92937158941157,18.537993529204094,0.0 73.92856310565585,18.537993529204094,0.0 73.92856310565585,18.537724034618858,0.0 73.92829361107063,18.537724034618858,0.0 73.92829361107063,18.537993529204094,0.0 73.92802411648539,18.537993529204094,0.0 73.92802411648539,18.53826302378933,0.0 73.9266766435592,18.53826302378933,0.0 73.9266766435592,18.538802012959803,0.0 73.92479018146255,18.538802012959803,0.0 73.92479018146255,18.53907150754504,0.0 73.92398169770685,18.53907150754504,0.0 73.92398169770685,18.539341002130275,0.0 73.91697483849072,18.539341002130275,0.0</coordinates>
                        </LinearRing>
                    </outerBoundaryIs>
                </Polygon>
            </Placemark>
            <Placemark id="771">
                <name>Class 5 - 52</name>
                <styleUrl>#776</styleUrl>
                <Polygon id="770">
                    <outerBoundaryIs>
                        <LinearRing id="774">
                            <coordinates>73.86415389978448,18.537185045448386,0.0 73.86415389978448,18.535568077936972,0.0 73.86442339436972,18.535568077936972,0.0 73.86442339436972,18.53691555086315,0.0 73.86469288895496,18.53691555086315,0.0 73.86469288895496,18.537185045448386,0.0 73.86415389978448,18.537185045448386,0.0</coordinates>
                        </LinearRing>
                    </outerBoundaryIs>
                </Polygon>
            </Placemark>
            <Placemark id="780">
                <name>Class 5 - 53</name>
                <styleUrl>#785</styleUrl>
                <Polygon id="779">
                    <outerBoundaryIs>
                        <LinearRing id="783">
                            <coordinates>73.93449198653104,18.536646056277917,0.0 73.93449198653104,18.53637656169268,0.0 73.93395299736058,18.53637656169268,0.0 73.93395299736058,18.535837572522208,0.0 73.93449198653104,18.535837572522208,0.0 73.93449198653104,18.535568077936972,0.0 73.93476148111628,18.535568077936972,0.0 73.93476148111628,18.53637656169268,0.0 73.93530047028676,18.53637656169268,0.0 73.93530047028676,18.536646056277917,0.0 73.93449198653104,18.536646056277917,0.0</coordinates>
                        </LinearRing>
                    </outerBoundaryIs>
                </Polygon>
            </Placemark>
            <Placemark id="789">
                <name>Class 5 - 54</name>
                <styleUrl>#794</styleUrl>
                <Polygon id="788">
                    <outerBoundaryIs>
                        <LinearRing id="792">
                            <coordinates>73.86361491061402,18.535568077936972,0.0 73.86361491061402,18.535298583351736,0.0 73.86415389978448,18.535298583351736,0.0 73.86415389978448,18.535568077936972,0.0 73.86361491061402,18.535568077936972,0.0</coordinates>
                        </LinearRing>
                    </outerBoundaryIs>
                </Polygon>
            </Placemark>
            <Placemark id="798">
                <name>Class 5 - 55</name>
                <styleUrl>#803</styleUrl>
                <Polygon id="797">
                    <outerBoundaryIs>
                        <LinearRing id="801">
                            <coordinates>73.93476148111628,18.535568077936972,0.0 73.93476148111628,18.535298583351736,0.0 73.93556996487199,18.535298583351736,0.0 73.93556996487199,18.535568077936972,0.0 73.93476148111628,18.535568077936972,0.0</coordinates>
                        </LinearRing>
                    </outerBoundaryIs>
                </Polygon>
            </Placemark>
            <Placemark id="807">
                <name>Class 5 - 56</name>
                <styleUrl>#812</styleUrl>
                <Polygon id="806">
                    <outerBoundaryIs>
                        <LinearRing id="810">
                            <coordinates>73.93961238365053,18.53637656169268,0.0 73.93961238365053,18.536107067107444,0.0 73.93907339448006,18.536107067107444,0.0 73.93907339448006,18.535837572522208,0.0 73.93880389989482,18.535837572522208,0.0 73.93880389989482,18.535568077936972,0.0 73.93826491072436,18.535568077936972,0.0 73.93826491072436,18.535298583351736,0.0 73.93907339448006,18.535298583351736,0.0 73.93907339448006,18.535568077936972,0.0 73.93961238365053,18.535568077936972,0.0 73.93961238365053,18.535837572522208,0.0 73.940151372821,18.535837572522208,0.0 73.940151372821,18.53637656169268,0.0 73.93961238365053,18.53637656169268,0.0</coordinates>
                        </LinearRing>
                    </outerBoundaryIs>
                </Polygon>
            </Placemark>
            <Placemark id="816">
                <name>Class 5 - 57</name>
                <styleUrl>#821</styleUrl>
                <Polygon id="815">
                    <outerBoundaryIs>
                        <LinearRing id="819">
                            <coordinates>73.93610895404247,18.535298583351736,0.0 73.93610895404247,18.5350290887665,0.0 73.93745642696864,18.5350290887665,0.0 73.93745642696864,18.535298583351736,0.0 73.93610895404247,18.535298583351736,0.0</coordinates>
                        </LinearRing>
                    </outerBoundaryIs>
                </Polygon>
            </Placemark>
            <Placemark id="825">
                <name>Class 5 - 58</name>
                <styleUrl>#830</styleUrl>
                <Polygon id="824">
                    <outerBoundaryIs>
                        <LinearRing id="828">
                            <coordinates>73.93772592155388,18.535298583351736,0.0 73.93772592155388,18.5350290887665,0.0 73.93799541613912,18.5350290887665,0.0 73.93799541613912,18.535298583351736,0.0 73.93772592155388,18.535298583351736,0.0</coordinates>
                        </LinearRing>
                    </outerBoundaryIs>
                </Polygon>
            </Placemark>
            <Placemark id="834">
                <name>Class 5 - 59</name>
                <styleUrl>#839</styleUrl>
                <Polygon id="833">
                    <outerBoundaryIs>
                        <LinearRing id="837">
                            <coordinates>73.93556996487199,18.535298583351736,0.0 73.93556996487199,18.534759594181264,0.0 73.93610895404247,18.534759594181264,0.0 73.93610895404247,18.5350290887665,0.0 73.93583945945723,18.5350290887665,0.0 73.93583945945723,18.535298583351736,0.0 73.93556996487199,18.535298583351736,0.0</coordinates>
                        </LinearRing>
                    </outerBoundaryIs>
                </Polygon>
            </Placemark>
            <Placemark id="843">
                <name>Class 5 - 60</name>
                <styleUrl>#848</styleUrl>
                <Polygon id="842">
                    <outerBoundaryIs>
                        <LinearRing id="846">
                            <coordinates>73.85553007305694,18.533412121255086,0.0 73.85553007305694,18.53314262666985,0.0 73.85499108388647,18.53314262666985,0.0 73.85499108388647,18.532873132084614,0.0 73.8552605784717,18.532873132084614,0.0 73.8552605784717,18.532603637499378,0.0 73.85606906222742,18.532603637499378,0.0 73.85606906222742,18.53314262666985,0.0 73.85579956764218,18.53314262666985,0.0 73.85579956764218,18.533412121255086,0.0 73.85553007305694,18.533412121255086,0.0</coordinates>
                        </LinearRing>
                    </outerBoundaryIs>
                </Polygon>
            </Placemark>
            <Placemark id="852">
                <name>Class 5 - 61</name>
                <styleUrl>#857</styleUrl>
                <Polygon id="851">
                    <outerBoundaryIs>
                        <LinearRing id="855">
                            <coordinates>73.86334541602878,18.535298583351736,0.0 73.86334541602878,18.5350290887665,0.0 73.86307592144355,18.5350290887665,0.0 73.86307592144355,18.53422060501079,0.0 73.86253693227307,18.53422060501079,0.0 73.86253693227307,18.533951110425555,0.0 73.86226743768783,18.533951110425555,0.0 73.86226743768783,18.533412121255086,0.0 73.86199794310261,18.533412121255086,0.0 73.86199794310261,18.53314262666985,0.0 73.86172844851737,18.53314262666985,0.0 73.86172844851737,18.532873132084614,0.0 73.86145895393213,18.532873132084614,0.0 73.86145895393213,18.532603637499378,0.0 73.86199794310261,18.532603637499378,0.0 73.86199794310261,18.53233414291414,0.0 73.86226743768783,18.53233414291414,0.0 73.86226743768783,18.532873132084614,0.0 73.86280642685831,18.532873132084614,0.0 73.86280642685831,18.53314262666985,0.0 73.86307592144355,18.53314262666985,0.0 73.86307592144355,18.533412121255086,0.0 73.86334541602878,18.533412121255086,0.0 73.86334541602878,18.533681615840322,0.0 73.86307592144355,18.533681615840322,0.0 73.86307592144355,18.533951110425555,0.0 73.86334541602878,18.533951110425555,0.0 73.86334541602878,18.534759594181264,0.0 73.86361491061402,18.534759594181264,0.0 73.86361491061402,18.535298583351736,0.0 73.86334541602878,18.535298583351736,0.0</coordinates>
                        </LinearRing>
                    </outerBoundaryIs>
                </Polygon>
            </Placemark>
            <Placemark id="861">
                <name>Class 5 - 62</name>
                <styleUrl>#866</styleUrl>
                <Polygon id="860">
                    <outerBoundaryIs>
                        <LinearRing id="864">
                            <coordinates>73.86118945934689,18.532603637499378,0.0 73.86118945934689,18.53233414291414,0.0 73.86145895393213,18.53233414291414,0.0 73.86145895393213,18.532603637499378,0.0 73.86118945934689,18.532603637499378,0.0</coordinates>
                        </LinearRing>
                    </outerBoundaryIs>
                </Polygon>
            </Placemark>
            <Placemark id="870">
                <name>Class 5 - 63</name>
                <styleUrl>#875</styleUrl>
                <Polygon id="869">
                    <outerBoundaryIs>
                        <LinearRing id="873">
                            <coordinates>73.86038097559118,18.53233414291414,0.0 73.86038097559118,18.53179515374367,0.0 73.86118945934689,18.53179515374367,0.0 73.86118945934689,18.531525659158433,0.0 73.86145895393213,18.531525659158433,0.0 73.86145895393213,18.53179515374367,0.0 73.86172844851737,18.53179515374367,0.0 73.86172844851737,18.532064648328905,0.0 73.86118945934689,18.532064648328905,0.0 73.86118945934689,18.53233414291414,0.0 73.86038097559118,18.53233414291414,0.0</coordinates>
                        </LinearRing>
                    </outerBoundaryIs>
                </Polygon>
            </Placemark>
            <Placemark id="879">
                <name>Class 5 - 64</name>
                <styleUrl>#884</styleUrl>
                <Polygon id="878">
                    <outerBoundaryIs>
                        <LinearRing id="882">
                            <coordinates>73.85606906222742,18.53233414291414,0.0 73.85606906222742,18.532064648328905,0.0 73.85633855681264,18.532064648328905,0.0 73.85633855681264,18.53179515374367,0.0 73.85660805139788,18.53179515374367,0.0 73.85660805139788,18.531525659158433,0.0 73.85714704056836,18.531525659158433,0.0 73.85714704056836,18.531256164573197,0.0 73.85741653515359,18.531256164573197,0.0 73.85741653515359,18.53098666998796,0.0 73.85795552432407,18.53098666998796,0.0 73.85795552432407,18.531256164573197,0.0 73.85903350266501,18.531256164573197,0.0 73.85903350266501,18.53098666998796,0.0 73.85930299725024,18.53098666998796,0.0 73.85930299725024,18.531525659158433,0.0 73.86038097559118,18.531525659158433,0.0 73.86038097559118,18.53179515374367,0.0 73.85741653515359,18.53179515374367,0.0 73.85741653515359,18.532064648328905,0.0 73.85660805139788,18.532064648328905,0.0 73.85660805139788,18.53233414291414,0.0 73.85606906222742,18.53233414291414,0.0</coordinates>
                        </LinearRing>
                    </outerBoundaryIs>
                </Polygon>
            </Placemark>
            <Placemark id="888">
                <name>Class 5 - 65</name>
                <styleUrl>#893</styleUrl>
                <Polygon id="887">
                    <outerBoundaryIs>
                        <LinearRing id="891">
                            <coordinates>73.8582250189093,18.53098666998796,0.0 73.8582250189093,18.530717175402728,0.0 73.85876400807977,18.530717175402728,0.0 73.85876400807977,18.53098666998796,0.0 73.8582250189093,18.53098666998796,0.0</coordinates>
                        </LinearRing>
                    </outerBoundaryIs>
                </Polygon>
            </Placemark>
            <Placemark id="897">
                <name>Class 5 - 66</name>
                <styleUrl>#902</styleUrl>
                <Polygon id="896">
                    <outerBoundaryIs>
                        <LinearRing id="900">
                            <coordinates>73.86091996476166,18.531525659158433,0.0 73.86091996476166,18.531256164573197,0.0 73.86065047017642,18.531256164573197,0.0 73.86065047017642,18.53098666998796,0.0 73.86038097559118,18.53098666998796,0.0 73.86038097559118,18.530447680817492,0.0 73.86065047017642,18.530447680817492,0.0 73.86065047017642,18.530717175402728,0.0 73.86091996476166,18.530717175402728,0.0 73.86091996476166,18.53098666998796,0.0 73.86118945934689,18.53098666998796,0.0 73.86118945934689,18.531525659158433,0.0 73.86091996476166,18.531525659158433,0.0</coordinates>
                        </LinearRing>
                    </outerBoundaryIs>
                </Polygon>
            </Placemark>
            <Placemark id="906">
                <name>Class 5 - 67</name>
                <styleUrl>#911</styleUrl>
                <Polygon id="905">
                    <outerBoundaryIs>
                        <LinearRing id="909">
                            <coordinates>73.98030606602114,18.530717175402728,0.0 73.98030606602114,18.530178186232256,0.0 73.98057556060638,18.530178186232256,0.0 73.98057556060638,18.530717175402728,0.0 73.98030606602114,18.530717175402728,0.0</coordinates>
                        </LinearRing>
                    </outerBoundaryIs>
                </Polygon>
            </Placemark>
            <Placemark id="915">
                <name>Class 5 - 68</name>
                <styleUrl>#920</styleUrl>
                <Polygon id="914">
                    <outerBoundaryIs>
                        <LinearRing id="918">
                            <coordinates>73.98057556060638,18.530178186232256,0.0 73.98057556060638,18.52990869164702,0.0 73.98111454977685,18.52990869164702,0.0 73.98111454977685,18.530178186232256,0.0 73.98057556060638,18.530178186232256,0.0</coordinates>
                        </LinearRing>
                    </outerBoundaryIs>
                </Polygon>
            </Placemark>
            <Placemark id="924">
                <name>Class 5 - 69</name>
                <styleUrl>#929</styleUrl>
                <Polygon id="923">
                    <outerBoundaryIs>
                        <LinearRing id="927">
                            <coordinates>73.98138404436209,18.52990869164702,0.0 73.98138404436209,18.529639197061783,0.0 73.98165353894733,18.529639197061783,0.0 73.98165353894733,18.52990869164702,0.0 73.98138404436209,18.52990869164702,0.0</coordinates>
                        </LinearRing>
                    </outerBoundaryIs>
                </Polygon>
            </Placemark>
            <Placemark id="933">
                <name>Class 5 - 70</name>
                <styleUrl>#938</styleUrl>
                <Polygon id="932">
                    <outerBoundaryIs>
                        <LinearRing id="936">
                            <coordinates>73.98219252811779,18.529369702476547,0.0 73.98219252811779,18.52910020789131,0.0 73.98246202270303,18.52910020789131,0.0 73.98246202270303,18.529369702476547,0.0 73.98219252811779,18.529369702476547,0.0</coordinates>
                        </LinearRing>
                    </outerBoundaryIs>
                </Polygon>
            </Placemark>
            <Placemark id="942">
                <name>Class 5 - 71</name>
                <styleUrl>#947</styleUrl>
                <Polygon id="941">
                    <outerBoundaryIs>
                        <LinearRing id="945">
                            <coordinates>73.98246202270303,18.52910020789131,0.0 73.98246202270303,18.528830713306075,0.0 73.98273151728827,18.528830713306075,0.0 73.98273151728827,18.52910020789131,0.0 73.98246202270303,18.52910020789131,0.0</coordinates>
                        </LinearRing>
                    </outerBoundaryIs>
                </Polygon>
            </Placemark>
            <Placemark id="951">
                <name>Class 5 - 72</name>
                <styleUrl>#956</styleUrl>
                <Polygon id="950">
                    <outerBoundaryIs>
                        <LinearRing id="954">
                            <coordinates>73.9830010118735,18.528830713306075,0.0 73.9830010118735,18.52856121872084,0.0 73.98327050645874,18.52856121872084,0.0 73.98327050645874,18.528830713306075,0.0 73.9830010118735,18.528830713306075,0.0</coordinates>
                        </LinearRing>
                    </outerBoundaryIs>
                </Polygon>
            </Placemark>
            <Placemark id="960">
                <name>Class 5 - 73</name>
                <styleUrl>#965</styleUrl>
                <Polygon id="959">
                    <outerBoundaryIs>
                        <LinearRing id="963">
                            <coordinates>73.98354000104398,18.52856121872084,0.0 73.98354000104398,18.528291724135602,0.0 73.98380949562922,18.528291724135602,0.0 73.98380949562922,18.52856121872084,0.0 73.98354000104398,18.52856121872084,0.0</coordinates>
                        </LinearRing>
                    </outerBoundaryIs>
                </Polygon>
            </Placemark>
            <Placemark id="969">
                <name>Class 5 - 74</name>
                <styleUrl>#974</styleUrl>
                <Polygon id="968">
                    <outerBoundaryIs>
                        <LinearRing id="972">
                            <coordinates>73.98407899021444,18.528291724135602,0.0 73.98407899021444,18.528022229550366,0.0 73.98434848479968,18.528022229550366,0.0 73.98434848479968,18.528291724135602,0.0 73.98407899021444,18.528291724135602,0.0</coordinates>
                        </LinearRing>
                    </outerBoundaryIs>
                </Polygon>
            </Placemark>
            <Placemark id="978">
                <name>Class 5 - 75</name>
                <styleUrl>#983</styleUrl>
                <Polygon id="977">
                    <outerBoundaryIs>
                        <LinearRing id="981">
                            <coordinates>73.98434848479968,18.528022229550366,0.0 73.98434848479968,18.527752734965134,0.0 73.98461797938492,18.527752734965134,0.0 73.98461797938492,18.528022229550366,0.0 73.98434848479968,18.528022229550366,0.0</coordinates>
                        </LinearRing>
                    </outerBoundaryIs>
                </Polygon>
            </Placemark>
            <Placemark id="987">
                <name>Class 5 - 76</name>
                <styleUrl>#992</styleUrl>
                <Polygon id="986">
                    <outerBoundaryIs>
                        <LinearRing id="990">
                            <coordinates>73.98461797938492,18.527752734965134,0.0 73.98461797938492,18.527483240379897,0.0 73.98515696855539,18.527483240379897,0.0 73.98515696855539,18.527752734965134,0.0 73.98461797938492,18.527752734965134,0.0</coordinates>
                        </LinearRing>
                    </outerBoundaryIs>
                </Polygon>
            </Placemark>
            <Placemark id="996">
                <name>Class 5 - 77</name>
                <styleUrl>#1001</styleUrl>
                <Polygon id="995">
                    <outerBoundaryIs>
                        <LinearRing id="999">
                            <coordinates>73.98542646314063,18.527483240379897,0.0 73.98542646314063,18.52721374579466,0.0 73.98569595772587,18.52721374579466,0.0 73.98569595772587,18.527483240379897,0.0 73.98542646314063,18.527483240379897,0.0</coordinates>
                        </LinearRing>
                    </outerBoundaryIs>
                </Polygon>
            </Placemark>
            <Placemark id="1005">
                <name>Class 5 - 78</name>
                <styleUrl>#1010</styleUrl>
                <Polygon id="1004">
                    <outerBoundaryIs>
                        <LinearRing id="1008">
                            <coordinates>73.98623494689633,18.52721374579466,0.0 73.98623494689633,18.526944251209425,0.0 73.98650444148157,18.526944251209425,0.0 73.98650444148157,18.52721374579466,0.0 73.98623494689633,18.52721374579466,0.0</coordinates>
                        </LinearRing>
                    </outerBoundaryIs>
                </Polygon>
            </Placemark>
            <Placemark id="1014">
                <name>Class 5 - 79</name>
                <styleUrl>#1019</styleUrl>
                <Polygon id="1013">
                    <outerBoundaryIs>
                        <LinearRing id="1017">
                            <coordinates>73.98677393606681,18.526944251209425,0.0 73.98677393606681,18.52667475662419,0.0 73.98704343065204,18.52667475662419,0.0 73.98704343065204,18.526944251209425,0.0 73.98677393606681,18.526944251209425,0.0</coordinates>
                        </LinearRing>
                    </outerBoundaryIs>
                </Polygon>
            </Placemark>
            <Placemark id="1023">
                <name>Class 5 - 80</name>
                <styleUrl>#1028</styleUrl>
                <Polygon id="1022">
                    <outerBoundaryIs>
                        <LinearRing id="1026">
                            <coordinates>73.98731292523728,18.52667475662419,0.0 73.98731292523728,18.526405262038953,0.0 73.98758241982252,18.526405262038953,0.0 73.98758241982252,18.52667475662419,0.0 73.98731292523728,18.52667475662419,0.0</coordinates>
                        </LinearRing>
                    </outerBoundaryIs>
                </Polygon>
            </Placemark>
            <Placemark id="1032">
                <name>Class 5 - 81</name>
                <styleUrl>#1037</styleUrl>
                <Polygon id="1031">
                    <outerBoundaryIs>
                        <LinearRing id="1035">
                            <coordinates>73.95712953169087,18.547156345102113,0.0 73.95712953169087,18.546886850516877,0.0 73.95632104793515,18.546886850516877,0.0 73.95632104793515,18.54661735593164,0.0 73.95470408042374,18.54661735593164,0.0 73.95470408042374,18.546347861346405,0.0 73.95416509125327,18.546347861346405,0.0 73.95416509125327,18.54607836676117,0.0 73.95227862915661,18.54607836676117,0.0 73.95227862915661,18.545269883005464,0.0 73.95389559666803,18.545269883005464,0.0 73.95389559666803,18.5455393775907,0.0 73.9552430695942,18.5455393775907,0.0 73.9552430695942,18.545808872175936,0.0 73.95551256417944,18.545808872175936,0.0 73.95551256417944,18.54607836676117,0.0 73.95686003710563,18.54607836676117,0.0 73.95686003710563,18.546347861346405,0.0 73.95847700461704,18.546347861346405,0.0 73.95847700461704,18.54661735593164,0.0 73.95901599378752,18.54661735593164,0.0 73.95901599378752,18.546347861346405,0.0 73.95955498295798,18.546347861346405,0.0 73.95955498295798,18.54607836676117,0.0 73.96036346671369,18.54607836676117,0.0 73.96036346671369,18.545808872175936,0.0 73.96090245588417,18.545808872175936,0.0 73.96090245588417,18.5455393775907,0.0 73.96117195046939,18.5455393775907,0.0 73.96117195046939,18.545269883005464,0.0 73.96144144505463,18.545269883005464,0.0 73.96144144505463,18.545000388420227,0.0 73.96171093963987,18.545000388420227,0.0 73.96171093963987,18.54473089383499,0.0 73.96224992881034,18.54473089383499,0.0 73.96224992881034,18.544461399249755,0.0 73.96278891798082,18.544461399249755,0.0 73.96278891798082,18.54419190466452,0.0 73.96305841256606,18.54419190466452,0.0 73.96305841256606,18.543922410079283,0.0 73.96359740173652,18.543922410079283,0.0 73.96359740173652,18.543652915494047,0.0 73.96413639090699,18.543652915494047,0.0 73.96413639090699,18.54338342090881,0.0 73.9649448746627,18.54338342090881,0.0 73.9649448746627,18.543113926323574,0.0 73.96575335841841,18.543113926323574,0.0 73.96575335841841,18.54284443173834,0.0 73.96844830427077,18.54284443173834,0.0 73.96844830427077,18.542574937153105,0.0 73.96898729344124,18.542574937153105,0.0 73.96898729344124,18.54230544256787,0.0 73.97006527178218,18.54230544256787,0.0 73.97006527178218,18.542035947982633,0.0 73.97033476636742,18.542035947982633,0.0 73.97033476636742,18.541766453397397,0.0 73.97114325012312,18.541766453397397,0.0 73.97114325012312,18.54149695881216,0.0 73.9716822392936,18.54149695881216,0.0 73.9716822392936,18.541227464226925,0.0 73.9724907230493,18.541227464226925,0.0 73.9724907230493,18.540688475056452,0.0 73.97302971221977,18.540688475056452,0.0 73.97302971221977,18.540418980471216,0.0 73.97329920680501,18.540418980471216,0.0 73.97329920680501,18.539879991300747,0.0 73.97356870139025,18.539879991300747,0.0 73.97356870139025,18.539341002130275,0.0 73.97383819597549,18.539341002130275,0.0 73.97383819597549,18.538532518374566,0.0 73.97410769056071,18.538532518374566,0.0 73.97410769056071,18.53826302378933,0.0 73.97437718514595,18.53826302378933,0.0 73.97437718514595,18.537724034618858,0.0 73.9746466797312,18.537724034618858,0.0 73.9746466797312,18.536107067107444,0.0 73.97491617431643,18.536107067107444,0.0 73.97491617431643,18.535837572522208,0.0 73.97518566890166,18.535837572522208,0.0 73.97518566890166,18.534759594181264,0.0 73.9754551634869,18.534759594181264,0.0 73.9754551634869,18.534490099596027,0.0 73.97572465807214,18.534490099596027,0.0 73.97572465807214,18.53422060501079,0.0 73.97599415265736,18.53422060501079,0.0 73.97599415265736,18.53314262666985,0.0 73.9762636472426,18.53314262666985,0.0 73.9762636472426,18.532873132084614,0.0 73.97653314182784,18.532873132084614,0.0 73.97653314182784,18.532603637499378,0.0 73.97707213099831,18.532603637499378,0.0 73.97707213099831,18.53233414291414,0.0 73.97734162558355,18.53233414291414,0.0 73.97734162558355,18.532064648328905,0.0 73.97761112016879,18.532064648328905,0.0 73.97761112016879,18.531525659158433,0.0 73.97788061475403,18.531525659158433,0.0 73.97788061475403,18.531256164573197,0.0 73.97815010933925,18.531256164573197,0.0 73.97815010933925,18.53098666998796,0.0 73.9784196039245,18.53098666998796,0.0 73.9784196039245,18.530717175402728,0.0 73.97868909850973,18.530717175402728,0.0 73.97868909850973,18.530447680817492,0.0 73.97895859309496,18.530447680817492,0.0 73.97895859309496,18.530178186232256,0.0 73.9792280876802,18.530178186232256,0.0 73.9792280876802,18.52990869164702,0.0 73.97976707685068,18.52990869164702,0.0 73.97976707685068,18.529639197061783,0.0 73.9800365714359,18.529639197061783,0.0 73.9800365714359,18.529369702476547,0.0 73.98057556060638,18.529369702476547,0.0 73.98057556060638,18.52910020789131,0.0 73.98084505519162,18.52910020789131,0.0 73.98084505519162,18.528830713306075,0.0 73.98111454977685,18.528830713306075,0.0 73.98111454977685,18.52856121872084,0.0 73.98165353894733,18.52856121872084,0.0 73.98165353894733,18.528291724135602,0.0 73.98219252811779,18.528291724135602,0.0 73.98219252811779,18.528022229550366,0.0 73.98246202270303,18.528022229550366,0.0 73.98246202270303,18.527752734965134,0.0 73.9830010118735,18.527752734965134,0.0 73.9830010118735,18.527483240379897,0.0 73.98327050645874,18.527483240379897,0.0 73.98327050645874,18.52721374579466,0.0 73.98407899021444,18.52721374579466,0.0 73.98407899021444,18.526944251209425,0.0 73.98461797938492,18.526944251209425,0.0 73.98461797938492,18.52667475662419,0.0 73.98515696855539,18.52667475662419,0.0 73.98515696855539,18.526405262038953,0.0 73.98542646314063,18.526405262038953,0.0 73.98542646314063,18.526135767453717,0.0 73.98596545231109,18.526135767453717,0.0 73.98596545231109,18.52586627286848,0.0 73.98623494689633,18.52586627286848,0.0 73.98623494689633,18.525596778283244,0.0 73.98704343065204,18.525596778283244,0.0 73.98704343065204,18.52586627286848,0.0 73.98650444148157,18.52586627286848,0.0 73.98650444148157,18.526135767453717,0.0 73.98623494689633,18.526135767453717,0.0 73.98623494689633,18.526405262038953,0.0 73.98569595772587,18.526405262038953,0.0 73.98569595772587,18.52667475662419,0.0 73.98542646314063,18.52667475662419,0.0 73.98542646314063,18.526944251209425,0.0 73.98488747397015,18.526944251209425,0.0 73.98488747397015,18.52721374579466,0.0 73.98434848479968,18.52721374579466,0.0 73.98434848479968,18.527483240379897,0.0 73.98407899021444,18.527483240379897,0.0 73.98407899021444,18.527752734965134,0.0 73.98380949562922,18.527752734965134,0.0 73.98380949562922,18.528022229550366,0.0 73.98354000104398,18.528022229550366,0.0 73.98354000104398,18.528291724135602,0.0 73.98273151728827,18.528291724135602,0.0 73.98273151728827,18.52856121872084,0.0 73.98219252811779,18.52856121872084,0.0 73.98219252811779,18.528830713306075,0.0 73.98192303353255,18.528830713306075,0.0 73.98192303353255,18.529369702476547,0.0 73.98138404436209,18.529369702476547,0.0 73.98138404436209,18.529639197061783,0.0 73.98057556060638,18.529639197061783,0.0 73.98057556060638,18.52990869164702,0.0 73.98030606602114,18.52990869164702,0.0 73.98030606602114,18.530178186232256,0.0 73.9800365714359,18.530178186232256,0.0 73.9800365714359,18.530447680817492,0.0 73.97976707685068,18.530447680817492,0.0 73.97976707685068,18.530717175402728,0.0 73.9800365714359,18.530717175402728,0.0 73.9800365714359,18.53098666998796,0.0 73.9792280876802,18.53098666998796,0.0 73.9792280876802,18.531256164573197,0.0 73.97895859309496,18.531256164573197,0.0 73.97895859309496,18.531525659158433,0.0 73.97868909850973,18.531525659158433,0.0 73.97868909850973,18.53179515374367,0.0 73.9784196039245,18.53179515374367,0.0 73.9784196039245,18.532064648328905,0.0 73.97788061475403,18.532064648328905,0.0 73.97788061475403,18.53314262666985,0.0 73.97761112016879,18.53314262666985,0.0 73.97761112016879,18.533412121255086,0.0 73.97734162558355,18.533412121255086,0.0 73.97734162558355,18.53314262666985,0.0 73.97707213099831,18.53314262666985,0.0 73.97707213099831,18.533412121255086,0.0 73.97680263641308,18.533412121255086,0.0 73.97680263641308,18.533951110425555,0.0 73.97707213099831,18.533951110425555,0.0 73.97707213099831,18.53422060501079,0.0 73.97653314182784,18.53422060501079,0.0 73.97653314182784,18.5350290887665,0.0 73.9762636472426,18.5350290887665,0.0 73.9762636472426,18.535298583351736,0.0 73.97599415265736,18.535298583351736,0.0 73.97599415265736,18.535837572522208,0.0 73.97572465807214,18.535837572522208,0.0 73.97572465807214,18.53637656169268,0.0 73.9754551634869,18.53637656169268,0.0 73.9754551634869,18.537993529204094,0.0 73.97518566890166,18.537993529204094,0.0 73.97518566890166,18.538802012959803,0.0 73.97491617431643,18.538802012959803,0.0 73.97491617431643,18.53907150754504,0.0 73.9746466797312,18.53907150754504,0.0 73.9746466797312,18.53961049671551,0.0 73.97437718514595,18.53961049671551,0.0 73.97437718514595,18.539879991300747,0.0 73.97410769056071,18.539879991300747,0.0 73.97410769056071,18.54014948588598,0.0 73.97383819597549,18.54014948588598,0.0 73.97383819597549,18.540418980471216,0.0 73.97356870139025,18.540418980471216,0.0 73.97356870139025,18.540688475056452,0.0 73.97329920680501,18.540688475056452,0.0 73.97329920680501,18.541227464226925,0.0 73.97302971221977,18.541227464226925,0.0 73.97302971221977,18.541766453397397,0.0 73.9724907230493,18.541766453397397,0.0 73.9724907230493,18.542035947982633,0.0 73.97222122846406,18.542035947982633,0.0 73.97222122846406,18.54230544256787,0.0 73.9716822392936,18.54230544256787,0.0 73.9716822392936,18.542574937153105,0.0 73.97114325012312,18.542574937153105,0.0 73.97114325012312,18.54284443173834,0.0 73.97060426095265,18.54284443173834,0.0 73.97060426095265,18.543113926323574,0.0 73.97006527178218,18.543113926323574,0.0 73.97006527178218,18.54338342090881,0.0 73.9679093151003,18.54338342090881,0.0 73.9679093151003,18.543652915494047,0.0 73.96683133675936,18.543652915494047,0.0 73.96683133675936,18.543922410079283,0.0 73.96602285300365,18.543922410079283,0.0 73.96602285300365,18.54419190466452,0.0 73.96575335841841,18.54419190466452,0.0 73.96575335841841,18.544461399249755,0.0 73.96413639090699,18.544461399249755,0.0 73.96413639090699,18.54473089383499,0.0 73.96359740173652,18.54473089383499,0.0 73.96359740173652,18.545000388420227,0.0 73.96305841256606,18.545000388420227,0.0 73.96305841256606,18.545269883005464,0.0 73.96278891798082,18.545269883005464,0.0 73.96278891798082,18.5455393775907,0.0 73.96198043422511,18.5455393775907,0.0 73.96198043422511,18.545808872175936,0.0 73.96117195046939,18.545808872175936,0.0 73.96117195046939,18.54607836676117,0.0 73.96090245588417,18.54607836676117,0.0 73.96090245588417,18.54661735593164,0.0 73.96036346671369,18.54661735593164,0.0 73.96036346671369,18.546886850516877,0.0 73.95928548837274,18.546886850516877,0.0 73.95928548837274,18.547156345102113,0.0 73.95712953169087,18.547156345102113,0.0</coordinates>
                        </LinearRing>
                    </outerBoundaryIs>
                </Polygon>
            </Placemark>
            <Placemark id="1041">
                <name>Class 5 - 82</name>
                <styleUrl>#1046</styleUrl>
                <Polygon id="1040">
                    <outerBoundaryIs>
                        <LinearRing id="1044">
                            <coordinates>73.98704343065204,18.525596778283244,0.0 73.98704343065204,18.525327283698008,0.0 73.98758241982252,18.525327283698008,0.0 73.98758241982252,18.525596778283244,0.0 73.98704343065204,18.525596778283244,0.0</coordinates>
                        </LinearRing>
                    </outerBoundaryIs>
                </Polygon>
            </Placemark>
            <Placemark id="1050">
                <name>Class 5 - 83</name>
                <styleUrl>#1055</styleUrl>
                <Polygon id="1049">
                    <outerBoundaryIs>
                        <LinearRing id="1053">
                            <coordinates>73.9897383765044,18.52478829452754,0.0 73.9897383765044,18.524518799942303,0.0 73.99000787108963,18.524518799942303,0.0 73.99000787108963,18.52478829452754,0.0 73.9897383765044,18.52478829452754,0.0</coordinates>
                        </LinearRing>
                    </outerBoundaryIs>
                </Polygon>
            </Placemark>
            <Placemark id="1059">
                <name>Class 5 - 84</name>
                <styleUrl>#1064</styleUrl>
                <Polygon id="1058">
                    <outerBoundaryIs>
                        <LinearRing id="1062">
                            <coordinates>73.99054686026011,18.52397981077183,0.0 73.99054686026011,18.523710316186595,0.0 73.99081635484534,18.523710316186595,0.0 73.99081635484534,18.52397981077183,0.0 73.99054686026011,18.52397981077183,0.0</coordinates>
                        </LinearRing>
                    </outerBoundaryIs>
                </Polygon>
            </Placemark>
            <Placemark id="1068">
                <name>Class 5 - 85</name>
                <styleUrl>#1073</styleUrl>
                <Polygon id="1067">
                    <outerBoundaryIs>
                        <LinearRing id="1071">
                            <coordinates>73.98919938733393,18.524249305357067,0.0 73.98919938733393,18.523710316186595,0.0 73.98946888191917,18.523710316186595,0.0 73.98946888191917,18.52344082160136,0.0 73.9897383765044,18.52344082160136,0.0 73.9897383765044,18.523171327016122,0.0 73.99000787108963,18.523171327016122,0.0 73.99000787108963,18.522901832430886,0.0 73.99027736567487,18.522901832430886,0.0 73.99027736567487,18.52344082160136,0.0 73.99000787108963,18.52344082160136,0.0 73.99000787108963,18.523710316186595,0.0 73.9897383765044,18.523710316186595,0.0 73.9897383765044,18.52397981077183,0.0 73.98946888191917,18.52397981077183,0.0 73.98946888191917,18.524249305357067,0.0 73.98919938733393,18.524249305357067,0.0</coordinates>
                        </LinearRing>
                    </outerBoundaryIs>
                </Polygon>
            </Placemark>
            <Placemark id="1077">
                <name>Class 5 - 86</name>
                <styleUrl>#1082</styleUrl>
                <Polygon id="1076">
                    <outerBoundaryIs>
                        <LinearRing id="1080">
                            <coordinates>73.99027736567487,18.522901832430886,0.0 73.99027736567487,18.52263233784565,0.0 73.99054686026011,18.52263233784565,0.0 73.99054686026011,18.522901832430886,0.0 73.99027736567487,18.522901832430886,0.0</coordinates>
                        </LinearRing>
                    </outerBoundaryIs>
                </Polygon>
            </Placemark>
            <Placemark id="1086">
                <name>Class 5 - 87</name>
                <styleUrl>#1091</styleUrl>
                <Polygon id="1085">
                    <outerBoundaryIs>
                        <LinearRing id="1089">
                            <coordinates>73.99243332235676,18.52182385408994,0.0 73.99243332235676,18.521284864919473,0.0 73.992702816942,18.521284864919473,0.0 73.992702816942,18.52182385408994,0.0 73.99243332235676,18.52182385408994,0.0</coordinates>
                        </LinearRing>
                    </outerBoundaryIs>
                </Polygon>
            </Placemark>
            <Placemark id="1095">
                <name>Class 5 - 88</name>
                <styleUrl>#1100</styleUrl>
                <Polygon id="1094">
                    <outerBoundaryIs>
                        <LinearRing id="1098">
                            <coordinates>73.99054686026011,18.52263233784565,0.0 73.99054686026011,18.522362843260414,0.0 73.99081635484534,18.522362843260414,0.0 73.99081635484534,18.52182385408994,0.0 73.99108584943058,18.52182385408994,0.0 73.99108584943058,18.52155435950471,0.0 73.99135534401582,18.52155435950471,0.0 73.99135534401582,18.521015370334236,0.0 73.99162483860106,18.521015370334236,0.0 73.99162483860106,18.520745875749,0.0 73.99189433318628,18.520745875749,0.0 73.99189433318628,18.521284864919473,0.0 73.99162483860106,18.521284864919473,0.0 73.99162483860106,18.52182385408994,0.0 73.99135534401582,18.52182385408994,0.0 73.99135534401582,18.522362843260414,0.0 73.99108584943058,18.522362843260414,0.0 73.99108584943058,18.52263233784565,0.0 73.99054686026011,18.52263233784565,0.0</coordinates>
                        </LinearRing>
                    </outerBoundaryIs>
                </Polygon>
            </Placemark>
        </Folder>
    </Document>
</kml>
