<?xml version="1.0" encoding="UTF-8"?>
<kml xmlns="http://www.opengis.net/kml/2.2" xmlns:gx="http://www.google.com/kml/ext/2.2">
    <Document id="2039">
        <name>1786697404249_TSS_Class_2026-05-01_2026-05-31</name>
        <Folder id="2040">
            <Style id="2047">
                <LineStyle id="2049">
                    <color>ff0000FF</color>
                    <colorMode>normal</colorMode>
                    <width>1.5</width>
                </LineStyle>
                <PolyStyle id="2048">
                    <color>ff0000FF</color>
                    <colorMode>normal</colorMode>
                    <fill>1</fill>
                    <outline>1</outline>
                </PolyStyle>
            </Style>
            <Style id="2056">
                <LineStyle id="2058">
                    <color>ff0000FF</color>
                    <colorMode>normal</colorMode>
                    <width>1.5</width>
                </LineStyle>
                <PolyStyle id="2057">
                    <color>ff0000FF</color>
                    <colorMode>normal</colorMode>
                    <fill>1</fill>
                    <outline>1</outline>
                </PolyStyle>
            </Style>
            <Style id="2065">
                <LineStyle id="2067">
                    <color>ff0000FF</color>
                    <colorMode>normal</colorMode>
                    <width>1.5</width>
                </LineStyle>
                <PolyStyle id="2066">
                    <color>ff0000FF</color>
                    <colorMode>normal</colorMode>
                    <fill>1</fill>
                    <outline>1</outline>
                </PolyStyle>
            </Style>
            <Style id="2074">
                <LineStyle id="2076">
                    <color>ff0000FF</color>
                    <colorMode>normal</colorMode>
                    <width>1.5</width>
                </LineStyle>
                <PolyStyle id="2075">
                    <color>ff0000FF</color>
                    <colorMode>normal</colorMode>
                    <fill>1</fill>
                    <outline>1</outline>
                </PolyStyle>
            </Style>
            <Style id="2083">
                <LineStyle id="2085">
                    <color>ff0000FF</color>
                    <colorMode>normal</colorMode>
                    <width>1.5</width>
                </LineStyle>
                <PolyStyle id="2084">
                    <color>ff0000FF</color>
                    <colorMode>normal</colorMode>
                    <fill>1</fill>
                    <outline>1</outline>
                </PolyStyle>
            </Style>
            <Style id="2092">
                <LineStyle id="2094">
                    <color>ff0000FF</color>
                    <colorMode>normal</colorMode>
                    <width>1.5</width>
                </LineStyle>
                <PolyStyle id="2093">
                    <color>ff0000FF</color>
                    <colorMode>normal</colorMode>
                    <fill>1</fill>
                    <outline>1</outline>
                </PolyStyle>
            </Style>
            <Style id="2101">
                <LineStyle id="2103">
                    <color>ff0000FF</color>
                    <colorMode>normal</colorMode>
                    <width>1.5</width>
                </LineStyle>
                <PolyStyle id="2102">
                    <color>ff0000FF</color>
                    <colorMode>normal</colorMode>
                    <fill>1</fill>
                    <outline>1</outline>
                </PolyStyle>
            </Style>
            <Style id="2110">
                <LineStyle id="2112">
                    <color>ff0000FF</color>
                    <colorMode>normal</colorMode>
                    <width>1.5</width>
                </LineStyle>
                <PolyStyle id="2111">
                    <color>ff0000FF</color>
                    <colorMode>normal</colorMode>
                    <fill>1</fill>
                    <outline>1</outline>
                </PolyStyle>
            </Style>
            <Style id="2119">
                <LineStyle id="2121">
                    <color>ff0000FF</color>
                    <colorMode>normal</colorMode>
                    <width>1.5</width>
                </LineStyle>
                <PolyStyle id="2120">
                    <color>ff0000FF</color>
                    <colorMode>normal</colorMode>
                    <fill>1</fill>
                    <outline>1</outline>
                </PolyStyle>
            </Style>
            <Style id="2128">
                <LineStyle id="2130">
                    <color>ff0000FF</color>
                    <colorMode>normal</colorMode>
                    <width>1.5</width>
                </LineStyle>
                <PolyStyle id="2129">
                    <color>ff0000FF</color>
                    <colorMode>normal</colorMode>
                    <fill>1</fill>
                    <outline>1</outline>
                </PolyStyle>
            </Style>
            <Style id="2137">
                <LineStyle id="2139">
                    <color>ff0000FF</color>
                    <colorMode>normal</colorMode>
                    <width>1.5</width>
                </LineStyle>
                <PolyStyle id="2138">
                    <color>ff0000FF</color>
                    <colorMode>normal</colorMode>
                    <fill>1</fill>
                    <outline>1</outline>
                </PolyStyle>
            </Style>
            <Style id="2146">
                <LineStyle id="2148">
                    <color>ff0000FF</color>
                    <colorMode>normal</colorMode>
                    <width>1.5</width>
                </LineStyle>
                <PolyStyle id="2147">
                    <color>ff0000FF</color>
                    <colorMode>normal</colorMode>
                    <fill>1</fill>
                    <outline>1</outline>
                </PolyStyle>
            </Style>
            <Style id="2155">
                <LineStyle id="2157">
                    <color>ff0000FF</color>
                    <colorMode>normal</colorMode>
                    <width>1.5</width>
                </LineStyle>
                <PolyStyle id="2156">
                    <color>ff0000FF</color>
                    <colorMode>normal</colorMode>
                    <fill>1</fill>
                    <outline>1</outline>
                </PolyStyle>
            </Style>
            <Style id="2164">
                <LineStyle id="2166">
                    <color>ff0000FF</color>
                    <colorMode>normal</colorMode>
                    <width>1.5</width>
                </LineStyle>
                <PolyStyle id="2165">
                    <color>ff0000FF</color>
                    <colorMode>normal</colorMode>
                    <fill>1</fill>
                    <outline>1</outline>
                </PolyStyle>
            </Style>
            <Style id="2173">
                <LineStyle id="2175">
                    <color>ff0000FF</color>
                    <colorMode>normal</colorMode>
                    <width>1.5</width>
                </LineStyle>
                <PolyStyle id="2174">
                    <color>ff0000FF</color>
                    <colorMode>normal</colorMode>
                    <fill>1</fill>
                    <outline>1</outline>
                </PolyStyle>
            </Style>
            <Style id="2182">
                <LineStyle id="2184">
                    <color>ff0000FF</color>
                    <colorMode>normal</colorMode>
                    <width>1.5</width>
                </LineStyle>
                <PolyStyle id="2183">
                    <color>ff0000FF</color>
                    <colorMode>normal</colorMode>
                    <fill>1</fill>
                    <outline>1</outline>
                </PolyStyle>
            </Style>
            <Style id="2191">
                <LineStyle id="2193">
                    <color>ff0000FF</color>
                    <colorMode>normal</colorMode>
                    <width>1.5</width>
                </LineStyle>
                <PolyStyle id="2192">
                    <color>ff0000FF</color>
                    <colorMode>normal</colorMode>
                    <fill>1</fill>
                    <outline>1</outline>
                </PolyStyle>
            </Style>
            <Style id="2200">
                <LineStyle id="2202">
                    <color>ff0000FF</color>
                    <colorMode>normal</colorMode>
                    <width>1.5</width>
                </LineStyle>
                <PolyStyle id="2201">
                    <color>ff0000FF</color>
                    <colorMode>normal</colorMode>
                    <fill>1</fill>
                    <outline>1</outline>
                </PolyStyle>
            </Style>
            <Style id="2209">
                <LineStyle id="2211">
                    <color>ff0000FF</color>
                    <colorMode>normal</colorMode>
                    <width>1.5</width>
                </LineStyle>
                <PolyStyle id="2210">
                    <color>ff0000FF</color>
                    <colorMode>normal</colorMode>
                    <fill>1</fill>
                    <outline>1</outline>
                </PolyStyle>
            </Style>
            <Style id="2218">
                <LineStyle id="2220">
                    <color>ff0000FF</color>
                    <colorMode>normal</colorMode>
                    <width>1.5</width>
                </LineStyle>
                <PolyStyle id="2219">
                    <color>ff0000FF</color>
                    <colorMode>normal</colorMode>
                    <fill>1</fill>
                    <outline>1</outline>
                </PolyStyle>
            </Style>
            <Style id="2227">
                <LineStyle id="2229">
                    <color>ff0000FF</color>
                    <colorMode>normal</colorMode>
                    <width>1.5</width>
                </LineStyle>
                <PolyStyle id="2228">
                    <color>ff0000FF</color>
                    <colorMode>normal</colorMode>
                    <fill>1</fill>
                    <outline>1</outline>
                </PolyStyle>
            </Style>
            <Style id="2236">
                <LineStyle id="2238">
                    <color>ff0000FF</color>
                    <colorMode>normal</colorMode>
                    <width>1.5</width>
                </LineStyle>
                <PolyStyle id="2237">
                    <color>ff0000FF</color>
                    <colorMode>normal</colorMode>
                    <fill>1</fill>
                    <outline>1</outline>
                </PolyStyle>
            </Style>
            <Style id="2245">
                <LineStyle id="2247">
                    <color>ff0000FF</color>
                    <colorMode>normal</colorMode>
                    <width>1.5</width>
                </LineStyle>
                <PolyStyle id="2246">
                    <color>ff0000FF</color>
                    <colorMode>normal</colorMode>
                    <fill>1</fill>
                    <outline>1</outline>
                </PolyStyle>
            </Style>
            <Style id="2254">
                <LineStyle id="2256">
                    <color>ff0000FF</color>
                    <colorMode>normal</colorMode>
                    <width>1.5</width>
                </LineStyle>
                <PolyStyle id="2255">
                    <color>ff0000FF</color>
                    <colorMode>normal</colorMode>
                    <fill>1</fill>
                    <outline>1</outline>
                </PolyStyle>
            </Style>
            <Style id="2263">
                <LineStyle id="2265">
                    <color>ff0000FF</color>
                    <colorMode>normal</colorMode>
                    <width>1.5</width>
                </LineStyle>
                <PolyStyle id="2264">
                    <color>ff0000FF</color>
                    <colorMode>normal</colorMode>
                    <fill>1</fill>
                    <outline>1</outline>
                </PolyStyle>
            </Style>
            <Style id="2272">
                <LineStyle id="2274">
                    <color>ff0000FF</color>
                    <colorMode>normal</colorMode>
                    <width>1.5</width>
                </LineStyle>
                <PolyStyle id="2273">
                    <color>ff0000FF</color>
                    <colorMode>normal</colorMode>
                    <fill>1</fill>
                    <outline>1</outline>
                </PolyStyle>
            </Style>
            <Style id="2281">
                <LineStyle id="2283">
                    <color>ff0000FF</color>
                    <colorMode>normal</colorMode>
                    <width>1.5</width>
                </LineStyle>
                <PolyStyle id="2282">
                    <color>ff0000FF</color>
                    <colorMode>normal</colorMode>
                    <fill>1</fill>
                    <outline>1</outline>
                </PolyStyle>
            </Style>
            <Style id="2290">
                <LineStyle id="2292">
                    <color>ff0000FF</color>
                    <colorMode>normal</colorMode>
                    <width>1.5</width>
                </LineStyle>
                <PolyStyle id="2291">
                    <color>ff0000FF</color>
                    <colorMode>normal</colorMode>
                    <fill>1</fill>
                    <outline>1</outline>
                </PolyStyle>
            </Style>
            <Style id="2299">
                <LineStyle id="2301">
                    <color>ff0000FF</color>
                    <colorMode>normal</colorMode>
                    <width>1.5</width>
                </LineStyle>
                <PolyStyle id="2300">
                    <color>ff0000FF</color>
                    <colorMode>normal</colorMode>
                    <fill>1</fill>
                    <outline>1</outline>
                </PolyStyle>
            </Style>
            <Style id="2308">
                <LineStyle id="2310">
                    <color>ff0000FF</color>
                    <colorMode>normal</colorMode>
                    <width>1.5</width>
                </LineStyle>
                <PolyStyle id="2309">
                    <color>ff0000FF</color>
                    <colorMode>normal</colorMode>
                    <fill>1</fill>
                    <outline>1</outline>
                </PolyStyle>
            </Style>
            <Style id="2317">
                <LineStyle id="2319">
                    <color>ff0000FF</color>
                    <colorMode>normal</colorMode>
                    <width>1.5</width>
                </LineStyle>
                <PolyStyle id="2318">
                    <color>ff0000FF</color>
                    <colorMode>normal</colorMode>
                    <fill>1</fill>
                    <outline>1</outline>
                </PolyStyle>
            </Style>
            <Style id="2326">
                <LineStyle id="2328">
                    <color>ff0000FF</color>
                    <colorMode>normal</colorMode>
                    <width>1.5</width>
                </LineStyle>
                <PolyStyle id="2327">
                    <color>ff0000FF</color>
                    <colorMode>normal</colorMode>
                    <fill>1</fill>
                    <outline>1</outline>
                </PolyStyle>
            </Style>
            <Style id="2335">
                <LineStyle id="2337">
                    <color>ff0000FF</color>
                    <colorMode>normal</colorMode>
                    <width>1.5</width>
                </LineStyle>
                <PolyStyle id="2336">
                    <color>ff0000FF</color>
                    <colorMode>normal</colorMode>
                    <fill>1</fill>
                    <outline>1</outline>
                </PolyStyle>
            </Style>
            <Style id="2344">
                <LineStyle id="2346">
                    <color>ff0000FF</color>
                    <colorMode>normal</colorMode>
                    <width>1.5</width>
                </LineStyle>
                <PolyStyle id="2345">
                    <color>ff0000FF</color>
                    <colorMode>normal</colorMode>
                    <fill>1</fill>
                    <outline>1</outline>
                </PolyStyle>
            </Style>
            <Style id="2353">
                <LineStyle id="2355">
                    <color>ff0000FF</color>
                    <colorMode>normal</colorMode>
                    <width>1.5</width>
                </LineStyle>
                <PolyStyle id="2354">
                    <color>ff0000FF</color>
                    <colorMode>normal</colorMode>
                    <fill>1</fill>
                    <outline>1</outline>
                </PolyStyle>
            </Style>
            <Style id="2362">
                <LineStyle id="2364">
                    <color>ff0000FF</color>
                    <colorMode>normal</colorMode>
                    <width>1.5</width>
                </LineStyle>
                <PolyStyle id="2363">
                    <color>ff0000FF</color>
                    <colorMode>normal</colorMode>
                    <fill>1</fill>
                    <outline>1</outline>
                </PolyStyle>
            </Style>
            <Style id="2371">
                <LineStyle id="2373">
                    <color>ff0000FF</color>
                    <colorMode>normal</colorMode>
                    <width>1.5</width>
                </LineStyle>
                <PolyStyle id="2372">
                    <color>ff0000FF</color>
                    <colorMode>normal</colorMode>
                    <fill>1</fill>
                    <outline>1</outline>
                </PolyStyle>
            </Style>
            <Style id="2380">
                <LineStyle id="2382">
                    <color>ff0000FF</color>
                    <colorMode>normal</colorMode>
                    <width>1.5</width>
                </LineStyle>
                <PolyStyle id="2381">
                    <color>ff0000FF</color>
                    <colorMode>normal</colorMode>
                    <fill>1</fill>
                    <outline>1</outline>
                </PolyStyle>
            </Style>
            <Style id="2389">
                <LineStyle id="2391">
                    <color>ff0000FF</color>
                    <colorMode>normal</colorMode>
                    <width>1.5</width>
                </LineStyle>
                <PolyStyle id="2390">
                    <color>ff0000FF</color>
                    <colorMode>normal</colorMode>
                    <fill>1</fill>
                    <outline>1</outline>
                </PolyStyle>
            </Style>
            <Style id="2398">
                <LineStyle id="2400">
                    <color>ff0000FF</color>
                    <colorMode>normal</colorMode>
                    <width>1.5</width>
                </LineStyle>
                <PolyStyle id="2399">
                    <color>ff0000FF</color>
                    <colorMode>normal</colorMode>
                    <fill>1</fill>
                    <outline>1</outline>
                </PolyStyle>
            </Style>
            <Style id="2407">
                <LineStyle id="2409">
                    <color>ff0000FF</color>
                    <colorMode>normal</colorMode>
                    <width>1.5</width>
                </LineStyle>
                <PolyStyle id="2408">
                    <color>ff0000FF</color>
                    <colorMode>normal</colorMode>
                    <fill>1</fill>
                    <outline>1</outline>
                </PolyStyle>
            </Style>
            <Style id="2416">
                <LineStyle id="2418">
                    <color>ff0000FF</color>
                    <colorMode>normal</colorMode>
                    <width>1.5</width>
                </LineStyle>
                <PolyStyle id="2417">
                    <color>ff0000FF</color>
                    <colorMode>normal</colorMode>
                    <fill>1</fill>
                    <outline>1</outline>
                </PolyStyle>
            </Style>
            <Style id="2425">
                <LineStyle id="2427">
                    <color>ff0000FF</color>
                    <colorMode>normal</colorMode>
                    <width>1.5</width>
                </LineStyle>
                <PolyStyle id="2426">
                    <color>ff0000FF</color>
                    <colorMode>normal</colorMode>
                    <fill>1</fill>
                    <outline>1</outline>
                </PolyStyle>
            </Style>
            <Style id="2434">
                <LineStyle id="2436">
                    <color>ff0000FF</color>
                    <colorMode>normal</colorMode>
                    <width>1.5</width>
                </LineStyle>
                <PolyStyle id="2435">
                    <color>ff0000FF</color>
                    <colorMode>normal</colorMode>
                    <fill>1</fill>
                    <outline>1</outline>
                </PolyStyle>
            </Style>
            <Style id="2443">
                <LineStyle id="2445">
                    <color>ff0000FF</color>
                    <colorMode>normal</colorMode>
                    <width>1.5</width>
                </LineStyle>
                <PolyStyle id="2444">
                    <color>ff0000FF</color>
                    <colorMode>normal</colorMode>
                    <fill>1</fill>
                    <outline>1</outline>
                </PolyStyle>
            </Style>
            <Style id="2452">
                <LineStyle id="2454">
                    <color>ff0000FF</color>
                    <colorMode>normal</colorMode>
                    <width>1.5</width>
                </LineStyle>
                <PolyStyle id="2453">
                    <color>ff0000FF</color>
                    <colorMode>normal</colorMode>
                    <fill>1</fill>
                    <outline>1</outline>
                </PolyStyle>
            </Style>
            <Style id="2461">
                <LineStyle id="2463">
                    <color>ff0000FF</color>
                    <colorMode>normal</colorMode>
                    <width>1.5</width>
                </LineStyle>
                <PolyStyle id="2462">
                    <color>ff0000FF</color>
                    <colorMode>normal</colorMode>
                    <fill>1</fill>
                    <outline>1</outline>
                </PolyStyle>
            </Style>
            <Style id="2470">
                <LineStyle id="2472">
                    <color>ff0000FF</color>
                    <colorMode>normal</colorMode>
                    <width>1.5</width>
                </LineStyle>
                <PolyStyle id="2471">
                    <color>ff0000FF</color>
                    <colorMode>normal</colorMode>
                    <fill>1</fill>
                    <outline>1</outline>
                </PolyStyle>
            </Style>
            <Style id="2479">
                <LineStyle id="2481">
                    <color>ff0000FF</color>
                    <colorMode>normal</colorMode>
                    <width>1.5</width>
                </LineStyle>
                <PolyStyle id="2480">
                    <color>ff0000FF</color>
                    <colorMode>normal</colorMode>
                    <fill>1</fill>
                    <outline>1</outline>
                </PolyStyle>
            </Style>
            <Style id="2488">
                <LineStyle id="2490">
                    <color>ff0000FF</color>
                    <colorMode>normal</colorMode>
                    <width>1.5</width>
                </LineStyle>
                <PolyStyle id="2489">
                    <color>ff0000FF</color>
                    <colorMode>normal</colorMode>
                    <fill>1</fill>
                    <outline>1</outline>
                </PolyStyle>
            </Style>
            <Style id="2497">
                <LineStyle id="2499">
                    <color>ff0000FF</color>
                    <colorMode>normal</colorMode>
                    <width>1.5</width>
                </LineStyle>
                <PolyStyle id="2498">
                    <color>ff0000FF</color>
                    <colorMode>normal</colorMode>
                    <fill>1</fill>
                    <outline>1</outline>
                </PolyStyle>
            </Style>
            <Style id="2506">
                <LineStyle id="2508">
                    <color>ff0000FF</color>
                    <colorMode>normal</colorMode>
                    <width>1.5</width>
                </LineStyle>
                <PolyStyle id="2507">
                    <color>ff0000FF</color>
                    <colorMode>normal</colorMode>
                    <fill>1</fill>
                    <outline>1</outline>
                </PolyStyle>
            </Style>
            <Style id="2515">
                <LineStyle id="2517">
                    <color>ff0000FF</color>
                    <colorMode>normal</colorMode>
                    <width>1.5</width>
                </LineStyle>
                <PolyStyle id="2516">
                    <color>ff0000FF</color>
                    <colorMode>normal</colorMode>
                    <fill>1</fill>
                    <outline>1</outline>
                </PolyStyle>
            </Style>
            <Style id="2524">
                <LineStyle id="2526">
                    <color>ff0000FF</color>
                    <colorMode>normal</colorMode>
                    <width>1.5</width>
                </LineStyle>
                <PolyStyle id="2525">
                    <color>ff0000FF</color>
                    <colorMode>normal</colorMode>
                    <fill>1</fill>
                    <outline>1</outline>
                </PolyStyle>
            </Style>
            <Style id="2533">
                <LineStyle id="2535">
                    <color>ff0000FF</color>
                    <colorMode>normal</colorMode>
                    <width>1.5</width>
                </LineStyle>
                <PolyStyle id="2534">
                    <color>ff0000FF</color>
                    <colorMode>normal</colorMode>
                    <fill>1</fill>
                    <outline>1</outline>
                </PolyStyle>
            </Style>
            <Style id="2542">
                <LineStyle id="2544">
                    <color>ff0000FF</color>
                    <colorMode>normal</colorMode>
                    <width>1.5</width>
                </LineStyle>
                <PolyStyle id="2543">
                    <color>ff0000FF</color>
                    <colorMode>normal</colorMode>
                    <fill>1</fill>
                    <outline>1</outline>
                </PolyStyle>
            </Style>
            <Style id="2551">
                <LineStyle id="2553">
                    <color>ff0000FF</color>
                    <colorMode>normal</colorMode>
                    <width>1.5</width>
                </LineStyle>
                <PolyStyle id="2552">
                    <color>ff0000FF</color>
                    <colorMode>normal</colorMode>
                    <fill>1</fill>
                    <outline>1</outline>
                </PolyStyle>
            </Style>
            <Style id="2560">
                <LineStyle id="2562">
                    <color>ff0000FF</color>
                    <colorMode>normal</colorMode>
                    <width>1.5</width>
                </LineStyle>
                <PolyStyle id="2561">
                    <color>ff0000FF</color>
                    <colorMode>normal</colorMode>
                    <fill>1</fill>
                    <outline>1</outline>
                </PolyStyle>
            </Style>
            <Style id="2569">
                <LineStyle id="2571">
                    <color>ff0000FF</color>
                    <colorMode>normal</colorMode>
                    <width>1.5</width>
                </LineStyle>
                <PolyStyle id="2570">
                    <color>ff0000FF</color>
                    <colorMode>normal</colorMode>
                    <fill>1</fill>
                    <outline>1</outline>
                </PolyStyle>
            </Style>
            <Style id="2578">
                <LineStyle id="2580">
                    <color>ff0000FF</color>
                    <colorMode>normal</colorMode>
                    <width>1.5</width>
                </LineStyle>
                <PolyStyle id="2579">
                    <color>ff0000FF</color>
                    <colorMode>normal</colorMode>
                    <fill>1</fill>
                    <outline>1</outline>
                </PolyStyle>
            </Style>
            <Style id="2587">
                <LineStyle id="2589">
                    <color>ff0000FF</color>
                    <colorMode>normal</colorMode>
                    <width>1.5</width>
                </LineStyle>
                <PolyStyle id="2588">
                    <color>ff0000FF</color>
                    <colorMode>normal</colorMode>
                    <fill>1</fill>
                    <outline>1</outline>
                </PolyStyle>
            </Style>
            <Style id="2596">
                <LineStyle id="2598">
                    <color>ff0000FF</color>
                    <colorMode>normal</colorMode>
                    <width>1.5</width>
                </LineStyle>
                <PolyStyle id="2597">
                    <color>ff0000FF</color>
                    <colorMode>normal</colorMode>
                    <fill>1</fill>
                    <outline>1</outline>
                </PolyStyle>
            </Style>
            <Style id="2605">
                <LineStyle id="2607">
                    <color>ff0000FF</color>
                    <colorMode>normal</colorMode>
                    <width>1.5</width>
                </LineStyle>
                <PolyStyle id="2606">
                    <color>ff0000FF</color>
                    <colorMode>normal</colorMode>
                    <fill>1</fill>
                    <outline>1</outline>
                </PolyStyle>
            </Style>
            <Style id="2614">
                <LineStyle id="2616">
                    <color>ff0000FF</color>
                    <colorMode>normal</colorMode>
                    <width>1.5</width>
                </LineStyle>
                <PolyStyle id="2615">
                    <color>ff0000FF</color>
                    <colorMode>normal</colorMode>
                    <fill>1</fill>
                    <outline>1</outline>
                </PolyStyle>
            </Style>
            <Style id="2623">
                <LineStyle id="2625">
                    <color>ff0000FF</color>
                    <colorMode>normal</colorMode>
                    <width>1.5</width>
                </LineStyle>
                <PolyStyle id="2624">
                    <color>ff0000FF</color>
                    <colorMode>normal</colorMode>
                    <fill>1</fill>
                    <outline>1</outline>
                </PolyStyle>
            </Style>
            <Style id="2632">
                <LineStyle id="2634">
                    <color>ff0000FF</color>
                    <colorMode>normal</colorMode>
                    <width>1.5</width>
                </LineStyle>
                <PolyStyle id="2633">
                    <color>ff0000FF</color>
                    <colorMode>normal</colorMode>
                    <fill>1</fill>
                    <outline>1</outline>
                </PolyStyle>
            </Style>
            <Style id="2641">
                <LineStyle id="2643">
                    <color>ff0000FF</color>
                    <colorMode>normal</colorMode>
                    <width>1.5</width>
                </LineStyle>
                <PolyStyle id="2642">
                    <color>ff0000FF</color>
                    <colorMode>normal</colorMode>
                    <fill>1</fill>
                    <outline>1</outline>
                </PolyStyle>
            </Style>
            <Style id="2650">
                <LineStyle id="2652">
                    <color>ff0000FF</color>
                    <colorMode>normal</colorMode>
                    <width>1.5</width>
                </LineStyle>
                <PolyStyle id="2651">
                    <color>ff0000FF</color>
                    <colorMode>normal</colorMode>
                    <fill>1</fill>
                    <outline>1</outline>
                </PolyStyle>
            </Style>
            <Style id="2659">
                <LineStyle id="2661">
                    <color>ff0000FF</color>
                    <colorMode>normal</colorMode>
                    <width>1.5</width>
                </LineStyle>
                <PolyStyle id="2660">
                    <color>ff0000FF</color>
                    <colorMode>normal</colorMode>
                    <fill>1</fill>
                    <outline>1</outline>
                </PolyStyle>
            </Style>
            <Style id="2668">
                <LineStyle id="2670">
                    <color>ff0000FF</color>
                    <colorMode>normal</colorMode>
                    <width>1.5</width>
                </LineStyle>
                <PolyStyle id="2669">
                    <color>ff0000FF</color>
                    <colorMode>normal</colorMode>
                    <fill>1</fill>
                    <outline>1</outline>
                </PolyStyle>
            </Style>
            <Style id="2677">
                <LineStyle id="2679">
                    <color>ff0000FF</color>
                    <colorMode>normal</colorMode>
                    <width>1.5</width>
                </LineStyle>
                <PolyStyle id="2678">
                    <color>ff0000FF</color>
                    <colorMode>normal</colorMode>
                    <fill>1</fill>
                    <outline>1</outline>
                </PolyStyle>
            </Style>
            <Style id="2686">
                <LineStyle id="2688">
                    <color>ff0000FF</color>
                    <colorMode>normal</colorMode>
                    <width>1.5</width>
                </LineStyle>
                <PolyStyle id="2687">
                    <color>ff0000FF</color>
                    <colorMode>normal</colorMode>
                    <fill>1</fill>
                    <outline>1</outline>
                </PolyStyle>
            </Style>
            <Style id="2695">
                <LineStyle id="2697">
                    <color>ff0000FF</color>
                    <colorMode>normal</colorMode>
                    <width>1.5</width>
                </LineStyle>
                <PolyStyle id="2696">
                    <color>ff0000FF</color>
                    <colorMode>normal</colorMode>
                    <fill>1</fill>
                    <outline>1</outline>
                </PolyStyle>
            </Style>
            <Style id="2704">
                <LineStyle id="2706">
                    <color>ff0000FF</color>
                    <colorMode>normal</colorMode>
                    <width>1.5</width>
                </LineStyle>
                <PolyStyle id="2705">
                    <color>ff0000FF</color>
                    <colorMode>normal</colorMode>
                    <fill>1</fill>
                    <outline>1</outline>
                </PolyStyle>
            </Style>
            <Style id="2713">
                <LineStyle id="2715">
                    <color>ff0000FF</color>
                    <colorMode>normal</colorMode>
                    <width>1.5</width>
                </LineStyle>
                <PolyStyle id="2714">
                    <color>ff0000FF</color>
                    <colorMode>normal</colorMode>
                    <fill>1</fill>
                    <outline>1</outline>
                </PolyStyle>
            </Style>
            <Style id="2722">
                <LineStyle id="2724">
                    <color>ff0000FF</color>
                    <colorMode>normal</colorMode>
                    <width>1.5</width>
                </LineStyle>
                <PolyStyle id="2723">
                    <color>ff0000FF</color>
                    <colorMode>normal</colorMode>
                    <fill>1</fill>
                    <outline>1</outline>
                </PolyStyle>
            </Style>
            <Style id="2731">
                <LineStyle id="2733">
                    <color>ff0000FF</color>
                    <colorMode>normal</colorMode>
                    <width>1.5</width>
                </LineStyle>
                <PolyStyle id="2732">
                    <color>ff0000FF</color>
                    <colorMode>normal</colorMode>
                    <fill>1</fill>
                    <outline>1</outline>
                </PolyStyle>
            </Style>
            <Style id="2740">
                <LineStyle id="2742">
                    <color>ff0000FF</color>
                    <colorMode>normal</colorMode>
                    <width>1.5</width>
                </LineStyle>
                <PolyStyle id="2741">
                    <color>ff0000FF</color>
                    <colorMode>normal</colorMode>
                    <fill>1</fill>
                    <outline>1</outline>
                </PolyStyle>
            </Style>
            <Style id="2749">
                <LineStyle id="2751">
                    <color>ff0000FF</color>
                    <colorMode>normal</colorMode>
                    <width>1.5</width>
                </LineStyle>
                <PolyStyle id="2750">
                    <color>ff0000FF</color>
                    <colorMode>normal</colorMode>
                    <fill>1</fill>
                    <outline>1</outline>
                </PolyStyle>
            </Style>
            <Style id="2758">
                <LineStyle id="2760">
                    <color>ff0000FF</color>
                    <colorMode>normal</colorMode>
                    <width>1.5</width>
                </LineStyle>
                <PolyStyle id="2759">
                    <color>ff0000FF</color>
                    <colorMode>normal</colorMode>
                    <fill>1</fill>
                    <outline>1</outline>
                </PolyStyle>
            </Style>
            <Style id="2767">
                <LineStyle id="2769">
                    <color>ff0000FF</color>
                    <colorMode>normal</colorMode>
                    <width>1.5</width>
                </LineStyle>
                <PolyStyle id="2768">
                    <color>ff0000FF</color>
                    <colorMode>normal</colorMode>
                    <fill>1</fill>
                    <outline>1</outline>
                </PolyStyle>
            </Style>
            <Style id="2776">
                <LineStyle id="2778">
                    <color>ff0000FF</color>
                    <colorMode>normal</colorMode>
                    <width>1.5</width>
                </LineStyle>
                <PolyStyle id="2777">
                    <color>ff0000FF</color>
                    <colorMode>normal</colorMode>
                    <fill>1</fill>
                    <outline>1</outline>
                </PolyStyle>
            </Style>
            <Style id="2785">
                <LineStyle id="2787">
                    <color>ff0000FF</color>
                    <colorMode>normal</colorMode>
                    <width>1.5</width>
                </LineStyle>
                <PolyStyle id="2786">
                    <color>ff0000FF</color>
                    <colorMode>normal</colorMode>
                    <fill>1</fill>
                    <outline>1</outline>
                </PolyStyle>
            </Style>
            <Style id="2794">
                <LineStyle id="2796">
                    <color>ff0000FF</color>
                    <colorMode>normal</colorMode>
                    <width>1.5</width>
                </LineStyle>
                <PolyStyle id="2795">
                    <color>ff0000FF</color>
                    <colorMode>normal</colorMode>
                    <fill>1</fill>
                    <outline>1</outline>
                </PolyStyle>
            </Style>
            <Style id="2803">
                <LineStyle id="2805">
                    <color>ff0000FF</color>
                    <colorMode>normal</colorMode>
                    <width>1.5</width>
                </LineStyle>
                <PolyStyle id="2804">
                    <color>ff0000FF</color>
                    <colorMode>normal</colorMode>
                    <fill>1</fill>
                    <outline>1</outline>
                </PolyStyle>
            </Style>
            <Style id="2812">
                <LineStyle id="2814">
                    <color>ff0000FF</color>
                    <colorMode>normal</colorMode>
                    <width>1.5</width>
                </LineStyle>
                <PolyStyle id="2813">
                    <color>ff0000FF</color>
                    <colorMode>normal</colorMode>
                    <fill>1</fill>
                    <outline>1</outline>
                </PolyStyle>
            </Style>
            <Style id="2821">
                <LineStyle id="2823">
                    <color>ff0000FF</color>
                    <colorMode>normal</colorMode>
                    <width>1.5</width>
                </LineStyle>
                <PolyStyle id="2822">
                    <color>ff0000FF</color>
                    <colorMode>normal</colorMode>
                    <fill>1</fill>
                    <outline>1</outline>
                </PolyStyle>
            </Style>
            <Style id="2830">
                <LineStyle id="2832">
                    <color>ff0000FF</color>
                    <colorMode>normal</colorMode>
                    <width>1.5</width>
                </LineStyle>
                <PolyStyle id="2831">
                    <color>ff0000FF</color>
                    <colorMode>normal</colorMode>
                    <fill>1</fill>
                    <outline>1</outline>
                </PolyStyle>
            </Style>
            <Style id="2839">
                <LineStyle id="2841">
                    <color>ff0000FF</color>
                    <colorMode>normal</colorMode>
                    <width>1.5</width>
                </LineStyle>
                <PolyStyle id="2840">
                    <color>ff0000FF</color>
                    <colorMode>normal</colorMode>
                    <fill>1</fill>
                    <outline>1</outline>
                </PolyStyle>
            </Style>
            <Style id="2848">
                <LineStyle id="2850">
                    <color>ff0000FF</color>
                    <colorMode>normal</colorMode>
                    <width>1.5</width>
                </LineStyle>
                <PolyStyle id="2849">
                    <color>ff0000FF</color>
                    <colorMode>normal</colorMode>
                    <fill>1</fill>
                    <outline>1</outline>
                </PolyStyle>
            </Style>
            <Style id="2857">
                <LineStyle id="2859">
                    <color>ff0000FF</color>
                    <colorMode>normal</colorMode>
                    <width>1.5</width>
                </LineStyle>
                <PolyStyle id="2858">
                    <color>ff0000FF</color>
                    <colorMode>normal</colorMode>
                    <fill>1</fill>
                    <outline>1</outline>
                </PolyStyle>
            </Style>
            <Style id="2866">
                <LineStyle id="2868">
                    <color>ff0000FF</color>
                    <colorMode>normal</colorMode>
                    <width>1.5</width>
                </LineStyle>
                <PolyStyle id="2867">
                    <color>ff0000FF</color>
                    <colorMode>normal</colorMode>
                    <fill>1</fill>
                    <outline>1</outline>
                </PolyStyle>
            </Style>
            <Style id="2875">
                <LineStyle id="2877">
                    <color>ff0000FF</color>
                    <colorMode>normal</colorMode>
                    <width>1.5</width>
                </LineStyle>
                <PolyStyle id="2876">
                    <color>ff0000FF</color>
                    <colorMode>normal</colorMode>
                    <fill>1</fill>
                    <outline>1</outline>
                </PolyStyle>
            </Style>
            <Style id="2884">
                <LineStyle id="2886">
                    <color>ff0000FF</color>
                    <colorMode>normal</colorMode>
                    <width>1.5</width>
                </LineStyle>
                <PolyStyle id="2885">
                    <color>ff0000FF</color>
                    <colorMode>normal</colorMode>
                    <fill>1</fill>
                    <outline>1</outline>
                </PolyStyle>
            </Style>
            <Style id="2893">
                <LineStyle id="2895">
                    <color>ff0000FF</color>
                    <colorMode>normal</colorMode>
                    <width>1.5</width>
                </LineStyle>
                <PolyStyle id="2894">
                    <color>ff0000FF</color>
                    <colorMode>normal</colorMode>
                    <fill>1</fill>
                    <outline>1</outline>
                </PolyStyle>
            </Style>
            <Style id="2902">
                <LineStyle id="2904">
                    <color>ff0000FF</color>
                    <colorMode>normal</colorMode>
                    <width>1.5</width>
                </LineStyle>
                <PolyStyle id="2903">
                    <color>ff0000FF</color>
                    <colorMode>normal</colorMode>
                    <fill>1</fill>
                    <outline>1</outline>
                </PolyStyle>
            </Style>
            <Style id="2911">
                <LineStyle id="2913">
                    <color>ff0000FF</color>
                    <colorMode>normal</colorMode>
                    <width>1.5</width>
                </LineStyle>
                <PolyStyle id="2912">
                    <color>ff0000FF</color>
                    <colorMode>normal</colorMode>
                    <fill>1</fill>
                    <outline>1</outline>
                </PolyStyle>
            </Style>
            <Style id="2920">
                <LineStyle id="2922">
                    <color>ff0000FF</color>
                    <colorMode>normal</colorMode>
                    <width>1.5</width>
                </LineStyle>
                <PolyStyle id="2921">
                    <color>ff0000FF</color>
                    <colorMode>normal</colorMode>
                    <fill>1</fill>
                    <outline>1</outline>
                </PolyStyle>
            </Style>
            <Style id="2929">
                <LineStyle id="2931">
                    <color>ff0000FF</color>
                    <colorMode>normal</colorMode>
                    <width>1.5</width>
                </LineStyle>
                <PolyStyle id="2930">
                    <color>ff0000FF</color>
                    <colorMode>normal</colorMode>
                    <fill>1</fill>
                    <outline>1</outline>
                </PolyStyle>
            </Style>
            <Style id="2938">
                <LineStyle id="2940">
                    <color>ff0000FF</color>
                    <colorMode>normal</colorMode>
                    <width>1.5</width>
                </LineStyle>
                <PolyStyle id="2939">
                    <color>ff0000FF</color>
                    <colorMode>normal</colorMode>
                    <fill>1</fill>
                    <outline>1</outline>
                </PolyStyle>
            </Style>
            <Style id="2947">
                <LineStyle id="2949">
                    <color>ff0000FF</color>
                    <colorMode>normal</colorMode>
                    <width>1.5</width>
                </LineStyle>
                <PolyStyle id="2948">
                    <color>ff0000FF</color>
                    <colorMode>normal</colorMode>
                    <fill>1</fill>
                    <outline>1</outline>
                </PolyStyle>
            </Style>
            <Style id="2956">
                <LineStyle id="2958">
                    <color>ff0000FF</color>
                    <colorMode>normal</colorMode>
                    <width>1.5</width>
                </LineStyle>
                <PolyStyle id="2957">
                    <color>ff0000FF</color>
                    <colorMode>normal</colorMode>
                    <fill>1</fill>
                    <outline>1</outline>
                </PolyStyle>
            </Style>
            <Style id="2965">
                <LineStyle id="2967">
                    <color>ff0000FF</color>
                    <colorMode>normal</colorMode>
                    <width>1.5</width>
                </LineStyle>
                <PolyStyle id="2966">
                    <color>ff0000FF</color>
                    <colorMode>normal</colorMode>
                    <fill>1</fill>
                    <outline>1</outline>
                </PolyStyle>
            </Style>
            <Style id="2974">
                <LineStyle id="2976">
                    <color>ff0000FF</color>
                    <colorMode>normal</colorMode>
                    <width>1.5</width>
                </LineStyle>
                <PolyStyle id="2975">
                    <color>ff0000FF</color>
                    <colorMode>normal</colorMode>
                    <fill>1</fill>
                    <outline>1</outline>
                </PolyStyle>
            </Style>
            <Style id="2983">
                <LineStyle id="2985">
                    <color>ff0000FF</color>
                    <colorMode>normal</colorMode>
                    <width>1.5</width>
                </LineStyle>
                <PolyStyle id="2984">
                    <color>ff0000FF</color>
                    <colorMode>normal</colorMode>
                    <fill>1</fill>
                    <outline>1</outline>
                </PolyStyle>
            </Style>
            <Style id="2992">
                <LineStyle id="2994">
                    <color>ff0000FF</color>
                    <colorMode>normal</colorMode>
                    <width>1.5</width>
                </LineStyle>
                <PolyStyle id="2993">
                    <color>ff0000FF</color>
                    <colorMode>normal</colorMode>
                    <fill>1</fill>
                    <outline>1</outline>
                </PolyStyle>
            </Style>
            <Style id="3001">
                <LineStyle id="3003">
                    <color>ff0000FF</color>
                    <colorMode>normal</colorMode>
                    <width>1.5</width>
                </LineStyle>
                <PolyStyle id="3002">
                    <color>ff0000FF</color>
                    <colorMode>normal</colorMode>
                    <fill>1</fill>
                    <outline>1</outline>
                </PolyStyle>
            </Style>
            <Style id="3010">
                <LineStyle id="3012">
                    <color>ff0000FF</color>
                    <colorMode>normal</colorMode>
                    <width>1.5</width>
                </LineStyle>
                <PolyStyle id="3011">
                    <color>ff0000FF</color>
                    <colorMode>normal</colorMode>
                    <fill>1</fill>
                    <outline>1</outline>
                </PolyStyle>
            </Style>
            <Style id="3019">
                <LineStyle id="3021">
                    <color>ff0000FF</color>
                    <colorMode>normal</colorMode>
                    <width>1.5</width>
                </LineStyle>
                <PolyStyle id="3020">
                    <color>ff0000FF</color>
                    <colorMode>normal</colorMode>
                    <fill>1</fill>
                    <outline>1</outline>
                </PolyStyle>
            </Style>
            <Style id="3028">
                <LineStyle id="3030">
                    <color>ff0000FF</color>
                    <colorMode>normal</colorMode>
                    <width>1.5</width>
                </LineStyle>
                <PolyStyle id="3029">
                    <color>ff0000FF</color>
                    <colorMode>normal</colorMode>
                    <fill>1</fill>
                    <outline>1</outline>
                </PolyStyle>
            </Style>
            <Style id="3037">
                <LineStyle id="3039">
                    <color>ff0000FF</color>
                    <colorMode>normal</colorMode>
                    <width>1.5</width>
                </LineStyle>
                <PolyStyle id="3038">
                    <color>ff0000FF</color>
                    <colorMode>normal</colorMode>
                    <fill>1</fill>
                    <outline>1</outline>
                </PolyStyle>
            </Style>
            <Style id="3046">
                <LineStyle id="3048">
                    <color>ff0000FF</color>
                    <colorMode>normal</colorMode>
                    <width>1.5</width>
                </LineStyle>
                <PolyStyle id="3047">
                    <color>ff0000FF</color>
                    <colorMode>normal</colorMode>
                    <fill>1</fill>
                    <outline>1</outline>
                </PolyStyle>
            </Style>
            <Style id="3055">
                <LineStyle id="3057">
                    <color>ff0000FF</color>
                    <colorMode>normal</colorMode>
                    <width>1.5</width>
                </LineStyle>
                <PolyStyle id="3056">
                    <color>ff0000FF</color>
                    <colorMode>normal</colorMode>
                    <fill>1</fill>
                    <outline>1</outline>
                </PolyStyle>
            </Style>
            <Style id="3064">
                <LineStyle id="3066">
                    <color>ff0000FF</color>
                    <colorMode>normal</colorMode>
                    <width>1.5</width>
                </LineStyle>
                <PolyStyle id="3065">
                    <color>ff0000FF</color>
                    <colorMode>normal</colorMode>
                    <fill>1</fill>
                    <outline>1</outline>
                </PolyStyle>
            </Style>
            <Style id="3073">
                <LineStyle id="3075">
                    <color>ff0000FF</color>
                    <colorMode>normal</colorMode>
                    <width>1.5</width>
                </LineStyle>
                <PolyStyle id="3074">
                    <color>ff0000FF</color>
                    <colorMode>normal</colorMode>
                    <fill>1</fill>
                    <outline>1</outline>
                </PolyStyle>
            </Style>
            <Style id="3082">
                <LineStyle id="3084">
                    <color>ff0000FF</color>
                    <colorMode>normal</colorMode>
                    <width>1.5</width>
                </LineStyle>
                <PolyStyle id="3083">
                    <color>ff0000FF</color>
                    <colorMode>normal</colorMode>
                    <fill>1</fill>
                    <outline>1</outline>
                </PolyStyle>
            </Style>
            <Style id="3091">
                <LineStyle id="3093">
                    <color>ff0000FF</color>
                    <colorMode>normal</colorMode>
                    <width>1.5</width>
                </LineStyle>
                <PolyStyle id="3092">
                    <color>ff0000FF</color>
                    <colorMode>normal</colorMode>
                    <fill>1</fill>
                    <outline>1</outline>
                </PolyStyle>
            </Style>
            <Style id="3100">
                <LineStyle id="3102">
                    <color>ff0000FF</color>
                    <colorMode>normal</colorMode>
                    <width>1.5</width>
                </LineStyle>
                <PolyStyle id="3101">
                    <color>ff0000FF</color>
                    <colorMode>normal</colorMode>
                    <fill>1</fill>
                    <outline>1</outline>
                </PolyStyle>
            </Style>
            <Style id="3109">
                <LineStyle id="3111">
                    <color>ff0000FF</color>
                    <colorMode>normal</colorMode>
                    <width>1.5</width>
                </LineStyle>
                <PolyStyle id="3110">
                    <color>ff0000FF</color>
                    <colorMode>normal</colorMode>
                    <fill>1</fill>
                    <outline>1</outline>
                </PolyStyle>
            </Style>
            <Style id="3118">
                <LineStyle id="3120">
                    <color>ff0000FF</color>
                    <colorMode>normal</colorMode>
                    <width>1.5</width>
                </LineStyle>
                <PolyStyle id="3119">
                    <color>ff0000FF</color>
                    <colorMode>normal</colorMode>
                    <fill>1</fill>
                    <outline>1</outline>
                </PolyStyle>
            </Style>
            <Style id="3127">
                <LineStyle id="3129">
                    <color>ff0000FF</color>
                    <colorMode>normal</colorMode>
                    <width>1.5</width>
                </LineStyle>
                <PolyStyle id="3128">
                    <color>ff0000FF</color>
                    <colorMode>normal</colorMode>
                    <fill>1</fill>
                    <outline>1</outline>
                </PolyStyle>
            </Style>
            <Style id="3136">
                <LineStyle id="3138">
                    <color>ff0000FF</color>
                    <colorMode>normal</colorMode>
                    <width>1.5</width>
                </LineStyle>
                <PolyStyle id="3137">
                    <color>ff0000FF</color>
                    <colorMode>normal</colorMode>
                    <fill>1</fill>
                    <outline>1</outline>
                </PolyStyle>
            </Style>
            <Style id="3145">
                <LineStyle id="3147">
                    <color>ff0000FF</color>
                    <colorMode>normal</colorMode>
                    <width>1.5</width>
                </LineStyle>
                <PolyStyle id="3146">
                    <color>ff0000FF</color>
                    <colorMode>normal</colorMode>
                    <fill>1</fill>
                    <outline>1</outline>
                </PolyStyle>
            </Style>
            <Style id="3154">
                <LineStyle id="3156">
                    <color>ff0000FF</color>
                    <colorMode>normal</colorMode>
                    <width>1.5</width>
                </LineStyle>
                <PolyStyle id="3155">
                    <color>ff0000FF</color>
                    <colorMode>normal</colorMode>
                    <fill>1</fill>
                    <outline>1</outline>
                </PolyStyle>
            </Style>
            <Style id="3163">
                <LineStyle id="3165">
                    <color>ff0000FF</color>
                    <colorMode>normal</colorMode>
                    <width>1.5</width>
                </LineStyle>
                <PolyStyle id="3164">
                    <color>ff0000FF</color>
                    <colorMode>normal</colorMode>
                    <fill>1</fill>
                    <outline>1</outline>
                </PolyStyle>
            </Style>
            <Style id="3172">
                <LineStyle id="3174">
                    <color>ff0000FF</color>
                    <colorMode>normal</colorMode>
                    <width>1.5</width>
                </LineStyle>
                <PolyStyle id="3173">
                    <color>ff0000FF</color>
                    <colorMode>normal</colorMode>
                    <fill>1</fill>
                    <outline>1</outline>
                </PolyStyle>
            </Style>
            <Style id="3181">
                <LineStyle id="3183">
                    <color>ff0000FF</color>
                    <colorMode>normal</colorMode>
                    <width>1.5</width>
                </LineStyle>
                <PolyStyle id="3182">
                    <color>ff0000FF</color>
                    <colorMode>normal</colorMode>
                    <fill>1</fill>
                    <outline>1</outline>
                </PolyStyle>
            </Style>
            <Style id="3190">
                <LineStyle id="3192">
                    <color>ff0000FF</color>
                    <colorMode>normal</colorMode>
                    <width>1.5</width>
                </LineStyle>
                <PolyStyle id="3191">
                    <color>ff0000FF</color>
                    <colorMode>normal</colorMode>
                    <fill>1</fill>
                    <outline>1</outline>
                </PolyStyle>
            </Style>
            <Style id="3199">
                <LineStyle id="3201">
                    <color>ff0000FF</color>
                    <colorMode>normal</colorMode>
                    <width>1.5</width>
                </LineStyle>
                <PolyStyle id="3200">
                    <color>ff0000FF</color>
                    <colorMode>normal</colorMode>
                    <fill>1</fill>
                    <outline>1</outline>
                </PolyStyle>
            </Style>
            <Style id="3208">
                <LineStyle id="3210">
                    <color>ff0000FF</color>
                    <colorMode>normal</colorMode>
                    <width>1.5</width>
                </LineStyle>
                <PolyStyle id="3209">
                    <color>ff0000FF</color>
                    <colorMode>normal</colorMode>
                    <fill>1</fill>
                    <outline>1</outline>
                </PolyStyle>
            </Style>
            <Style id="3217">
                <LineStyle id="3219">
                    <color>ff0000FF</color>
                    <colorMode>normal</colorMode>
                    <width>1.5</width>
                </LineStyle>
                <PolyStyle id="3218">
                    <color>ff0000FF</color>
                    <colorMode>normal</colorMode>
                    <fill>1</fill>
                    <outline>1</outline>
                </PolyStyle>
            </Style>
            <Style id="3226">
                <LineStyle id="3228">
                    <color>ff0000FF</color>
                    <colorMode>normal</colorMode>
                    <width>1.5</width>
                </LineStyle>
                <PolyStyle id="3227">
                    <color>ff0000FF</color>
                    <colorMode>normal</colorMode>
                    <fill>1</fill>
                    <outline>1</outline>
                </PolyStyle>
            </Style>
            <Style id="3235">
                <LineStyle id="3237">
                    <color>ff0000FF</color>
                    <colorMode>normal</colorMode>
                    <width>1.5</width>
                </LineStyle>
                <PolyStyle id="3236">
                    <color>ff0000FF</color>
                    <colorMode>normal</colorMode>
                    <fill>1</fill>
                    <outline>1</outline>
                </PolyStyle>
            </Style>
            <Style id="3244">
                <LineStyle id="3246">
                    <color>ff0000FF</color>
                    <colorMode>normal</colorMode>
                    <width>1.5</width>
                </LineStyle>
                <PolyStyle id="3245">
                    <color>ff0000FF</color>
                    <colorMode>normal</colorMode>
                    <fill>1</fill>
                    <outline>1</outline>
                </PolyStyle>
            </Style>
            <Style id="3253">
                <LineStyle id="3255">
                    <color>ff0000FF</color>
                    <colorMode>normal</colorMode>
                    <width>1.5</width>
                </LineStyle>
                <PolyStyle id="3254">
                    <color>ff0000FF</color>
                    <colorMode>normal</colorMode>
                    <fill>1</fill>
                    <outline>1</outline>
                </PolyStyle>
            </Style>
            <Style id="3262">
                <LineStyle id="3264">
                    <color>ff0000FF</color>
                    <colorMode>normal</colorMode>
                    <width>1.5</width>
                </LineStyle>
                <PolyStyle id="3263">
                    <color>ff0000FF</color>
                    <colorMode>normal</colorMode>
                    <fill>1</fill>
                    <outline>1</outline>
                </PolyStyle>
            </Style>
            <Style id="3271">
                <LineStyle id="3273">
                    <color>ff0000FF</color>
                    <colorMode>normal</colorMode>
                    <width>1.5</width>
                </LineStyle>
                <PolyStyle id="3272">
                    <color>ff0000FF</color>
                    <colorMode>normal</colorMode>
                    <fill>1</fill>
                    <outline>1</outline>
                </PolyStyle>
            </Style>
            <Style id="3280">
                <LineStyle id="3282">
                    <color>ff0000FF</color>
                    <colorMode>normal</colorMode>
                    <width>1.5</width>
                </LineStyle>
                <PolyStyle id="3281">
                    <color>ff0000FF</color>
                    <colorMode>normal</colorMode>
                    <fill>1</fill>
                    <outline>1</outline>
                </PolyStyle>
            </Style>
            <Style id="3289">
                <LineStyle id="3291">
                    <color>ff0000FF</color>
                    <colorMode>normal</colorMode>
                    <width>1.5</width>
                </LineStyle>
                <PolyStyle id="3290">
                    <color>ff0000FF</color>
                    <colorMode>normal</colorMode>
                    <fill>1</fill>
                    <outline>1</outline>
                </PolyStyle>
            </Style>
            <Style id="3298">
                <LineStyle id="3300">
                    <color>ff0000FF</color>
                    <colorMode>normal</colorMode>
                    <width>1.5</width>
                </LineStyle>
                <PolyStyle id="3299">
                    <color>ff0000FF</color>
                    <colorMode>normal</colorMode>
                    <fill>1</fill>
                    <outline>1</outline>
                </PolyStyle>
            </Style>
            <Style id="3307">
                <LineStyle id="3309">
                    <color>ff0000FF</color>
                    <colorMode>normal</colorMode>
                    <width>1.5</width>
                </LineStyle>
                <PolyStyle id="3308">
                    <color>ff0000FF</color>
                    <colorMode>normal</colorMode>
                    <fill>1</fill>
                    <outline>1</outline>
                </PolyStyle>
            </Style>
            <Style id="3316">
                <LineStyle id="3318">
                    <color>ff0000FF</color>
                    <colorMode>normal</colorMode>
                    <width>1.5</width>
                </LineStyle>
                <PolyStyle id="3317">
                    <color>ff0000FF</color>
                    <colorMode>normal</colorMode>
                    <fill>1</fill>
                    <outline>1</outline>
                </PolyStyle>
            </Style>
            <Style id="3325">
                <LineStyle id="3327">
                    <color>ff0000FF</color>
                    <colorMode>normal</colorMode>
                    <width>1.5</width>
                </LineStyle>
                <PolyStyle id="3326">
                    <color>ff0000FF</color>
                    <colorMode>normal</colorMode>
                    <fill>1</fill>
                    <outline>1</outline>
                </PolyStyle>
            </Style>
            <Style id="3334">
                <LineStyle id="3336">
                    <color>ff0000FF</color>
                    <colorMode>normal</colorMode>
                    <width>1.5</width>
                </LineStyle>
                <PolyStyle id="3335">
                    <color>ff0000FF</color>
                    <colorMode>normal</colorMode>
                    <fill>1</fill>
                    <outline>1</outline>
                </PolyStyle>
            </Style>
            <Style id="3343">
                <LineStyle id="3345">
                    <color>ff0000FF</color>
                    <colorMode>normal</colorMode>
                    <width>1.5</width>
                </LineStyle>
                <PolyStyle id="3344">
                    <color>ff0000FF</color>
                    <colorMode>normal</colorMode>
                    <fill>1</fill>
                    <outline>1</outline>
                </PolyStyle>
            </Style>
            <Style id="3352">
                <LineStyle id="3354">
                    <color>ff0000FF</color>
                    <colorMode>normal</colorMode>
                    <width>1.5</width>
                </LineStyle>
                <PolyStyle id="3353">
                    <color>ff0000FF</color>
                    <colorMode>normal</colorMode>
                    <fill>1</fill>
                    <outline>1</outline>
                </PolyStyle>
            </Style>
            <Style id="3361">
                <LineStyle id="3363">
                    <color>ff0000FF</color>
                    <colorMode>normal</colorMode>
                    <width>1.5</width>
                </LineStyle>
                <PolyStyle id="3362">
                    <color>ff0000FF</color>
                    <colorMode>normal</colorMode>
                    <fill>1</fill>
                    <outline>1</outline>
                </PolyStyle>
            </Style>
            <Style id="3370">
                <LineStyle id="3372">
                    <color>ff0000FF</color>
                    <colorMode>normal</colorMode>
                    <width>1.5</width>
                </LineStyle>
                <PolyStyle id="3371">
                    <color>ff0000FF</color>
                    <colorMode>normal</colorMode>
                    <fill>1</fill>
                    <outline>1</outline>
                </PolyStyle>
            </Style>
            <Style id="3379">
                <LineStyle id="3381">
                    <color>ff0000FF</color>
                    <colorMode>normal</colorMode>
                    <width>1.5</width>
                </LineStyle>
                <PolyStyle id="3380">
                    <color>ff0000FF</color>
                    <colorMode>normal</colorMode>
                    <fill>1</fill>
                    <outline>1</outline>
                </PolyStyle>
            </Style>
            <Style id="3388">
                <LineStyle id="3390">
                    <color>ff0000FF</color>
                    <colorMode>normal</colorMode>
                    <width>1.5</width>
                </LineStyle>
                <PolyStyle id="3389">
                    <color>ff0000FF</color>
                    <colorMode>normal</colorMode>
                    <fill>1</fill>
                    <outline>1</outline>
                </PolyStyle>
            </Style>
            <Style id="3397">
                <LineStyle id="3399">
                    <color>ff0000FF</color>
                    <colorMode>normal</colorMode>
                    <width>1.5</width>
                </LineStyle>
                <PolyStyle id="3398">
                    <color>ff0000FF</color>
                    <colorMode>normal</colorMode>
                    <fill>1</fill>
                    <outline>1</outline>
                </PolyStyle>
            </Style>
            <Style id="3406">
                <LineStyle id="3408">
                    <color>ff0000FF</color>
                    <colorMode>normal</colorMode>
                    <width>1.5</width>
                </LineStyle>
                <PolyStyle id="3407">
                    <color>ff0000FF</color>
                    <colorMode>normal</colorMode>
                    <fill>1</fill>
                    <outline>1</outline>
                </PolyStyle>
            </Style>
            <Style id="3415">
                <LineStyle id="3417">
                    <color>ff0000FF</color>
                    <colorMode>normal</colorMode>
                    <width>1.5</width>
                </LineStyle>
                <PolyStyle id="3416">
                    <color>ff0000FF</color>
                    <colorMode>normal</colorMode>
                    <fill>1</fill>
                    <outline>1</outline>
                </PolyStyle>
            </Style>
            <Style id="3424">
                <LineStyle id="3426">
                    <color>ff0000FF</color>
                    <colorMode>normal</colorMode>
                    <width>1.5</width>
                </LineStyle>
                <PolyStyle id="3425">
                    <color>ff0000FF</color>
                    <colorMode>normal</colorMode>
                    <fill>1</fill>
                    <outline>1</outline>
                </PolyStyle>
            </Style>
            <Style id="3433">
                <LineStyle id="3435">
                    <color>ff0000FF</color>
                    <colorMode>normal</colorMode>
                    <width>1.5</width>
                </LineStyle>
                <PolyStyle id="3434">
                    <color>ff0000FF</color>
                    <colorMode>normal</colorMode>
                    <fill>1</fill>
                    <outline>1</outline>
                </PolyStyle>
            </Style>
            <Style id="3442">
                <LineStyle id="3444">
                    <color>ff0000FF</color>
                    <colorMode>normal</colorMode>
                    <width>1.5</width>
                </LineStyle>
                <PolyStyle id="3443">
                    <color>ff0000FF</color>
                    <colorMode>normal</colorMode>
                    <fill>1</fill>
                    <outline>1</outline>
                </PolyStyle>
            </Style>
            <Style id="3451">
                <LineStyle id="3453">
                    <color>ff0000FF</color>
                    <colorMode>normal</colorMode>
                    <width>1.5</width>
                </LineStyle>
                <PolyStyle id="3452">
                    <color>ff0000FF</color>
                    <colorMode>normal</colorMode>
                    <fill>1</fill>
                    <outline>1</outline>
                </PolyStyle>
            </Style>
            <Style id="3460">
                <LineStyle id="3462">
                    <color>ff0000FF</color>
                    <colorMode>normal</colorMode>
                    <width>1.5</width>
                </LineStyle>
                <PolyStyle id="3461">
                    <color>ff0000FF</color>
                    <colorMode>normal</colorMode>
                    <fill>1</fill>
                    <outline>1</outline>
                </PolyStyle>
            </Style>
            <Style id="3469">
                <LineStyle id="3471">
                    <color>ff0000FF</color>
                    <colorMode>normal</colorMode>
                    <width>1.5</width>
                </LineStyle>
                <PolyStyle id="3470">
                    <color>ff0000FF</color>
                    <colorMode>normal</colorMode>
                    <fill>1</fill>
                    <outline>1</outline>
                </PolyStyle>
            </Style>
            <Style id="3478">
                <LineStyle id="3480">
                    <color>ff0000FF</color>
                    <colorMode>normal</colorMode>
                    <width>1.5</width>
                </LineStyle>
                <PolyStyle id="3479">
                    <color>ff0000FF</color>
                    <colorMode>normal</colorMode>
                    <fill>1</fill>
                    <outline>1</outline>
                </PolyStyle>
            </Style>
            <Style id="3487">
                <LineStyle id="3489">
                    <color>ff0000FF</color>
                    <colorMode>normal</colorMode>
                    <width>1.5</width>
                </LineStyle>
                <PolyStyle id="3488">
                    <color>ff0000FF</color>
                    <colorMode>normal</colorMode>
                    <fill>1</fill>
                    <outline>1</outline>
                </PolyStyle>
            </Style>
            <Style id="3496">
                <LineStyle id="3498">
                    <color>ff0000FF</color>
                    <colorMode>normal</colorMode>
                    <width>1.5</width>
                </LineStyle>
                <PolyStyle id="3497">
                    <color>ff0000FF</color>
                    <colorMode>normal</colorMode>
                    <fill>1</fill>
                    <outline>1</outline>
                </PolyStyle>
            </Style>
            <Style id="3505">
                <LineStyle id="3507">
                    <color>ff0000FF</color>
                    <colorMode>normal</colorMode>
                    <width>1.5</width>
                </LineStyle>
                <PolyStyle id="3506">
                    <color>ff0000FF</color>
                    <colorMode>normal</colorMode>
                    <fill>1</fill>
                    <outline>1</outline>
                </PolyStyle>
            </Style>
            <Style id="3514">
                <LineStyle id="3516">
                    <color>ff0000FF</color>
                    <colorMode>normal</colorMode>
                    <width>1.5</width>
                </LineStyle>
                <PolyStyle id="3515">
                    <color>ff0000FF</color>
                    <colorMode>normal</colorMode>
                    <fill>1</fill>
                    <outline>1</outline>
                </PolyStyle>
            </Style>
            <Style id="3523">
                <LineStyle id="3525">
                    <color>ff0000FF</color>
                    <colorMode>normal</colorMode>
                    <width>1.5</width>
                </LineStyle>
                <PolyStyle id="3524">
                    <color>ff0000FF</color>
                    <colorMode>normal</colorMode>
                    <fill>1</fill>
                    <outline>1</outline>
                </PolyStyle>
            </Style>
            <Style id="3532">
                <LineStyle id="3534">
                    <color>ff0000FF</color>
                    <colorMode>normal</colorMode>
                    <width>1.5</width>
                </LineStyle>
                <PolyStyle id="3533">
                    <color>ff0000FF</color>
                    <colorMode>normal</colorMode>
                    <fill>1</fill>
                    <outline>1</outline>
                </PolyStyle>
            </Style>
            <Style id="3541">
                <LineStyle id="3543">
                    <color>ff0000FF</color>
                    <colorMode>normal</colorMode>
                    <width>1.5</width>
                </LineStyle>
                <PolyStyle id="3542">
                    <color>ff0000FF</color>
                    <colorMode>normal</colorMode>
                    <fill>1</fill>
                    <outline>1</outline>
                </PolyStyle>
            </Style>
            <Style id="3550">
                <LineStyle id="3552">
                    <color>ff0000FF</color>
                    <colorMode>normal</colorMode>
                    <width>1.5</width>
                </LineStyle>
                <PolyStyle id="3551">
                    <color>ff0000FF</color>
                    <colorMode>normal</colorMode>
                    <fill>1</fill>
                    <outline>1</outline>
                </PolyStyle>
            </Style>
            <Style id="3559">
                <LineStyle id="3561">
                    <color>ff0000FF</color>
                    <colorMode>normal</colorMode>
                    <width>1.5</width>
                </LineStyle>
                <PolyStyle id="3560">
                    <color>ff0000FF</color>
                    <colorMode>normal</colorMode>
                    <fill>1</fill>
                    <outline>1</outline>
                </PolyStyle>
            </Style>
            <Style id="3568">
                <LineStyle id="3570">
                    <color>ff0000FF</color>
                    <colorMode>normal</colorMode>
                    <width>1.5</width>
                </LineStyle>
                <PolyStyle id="3569">
                    <color>ff0000FF</color>
                    <colorMode>normal</colorMode>
                    <fill>1</fill>
                    <outline>1</outline>
                </PolyStyle>
            </Style>
            <Style id="3577">
                <LineStyle id="3579">
                    <color>ff0000FF</color>
                    <colorMode>normal</colorMode>
                    <width>1.5</width>
                </LineStyle>
                <PolyStyle id="3578">
                    <color>ff0000FF</color>
                    <colorMode>normal</colorMode>
                    <fill>1</fill>
                    <outline>1</outline>
                </PolyStyle>
            </Style>
            <Style id="3586">
                <LineStyle id="3588">
                    <color>ff0000FF</color>
                    <colorMode>normal</colorMode>
                    <width>1.5</width>
                </LineStyle>
                <PolyStyle id="3587">
                    <color>ff0000FF</color>
                    <colorMode>normal</colorMode>
                    <fill>1</fill>
                    <outline>1</outline>
                </PolyStyle>
            </Style>
            <Style id="3595">
                <LineStyle id="3597">
                    <color>ff0000FF</color>
                    <colorMode>normal</colorMode>
                    <width>1.5</width>
                </LineStyle>
                <PolyStyle id="3596">
                    <color>ff0000FF</color>
                    <colorMode>normal</colorMode>
                    <fill>1</fill>
                    <outline>1</outline>
                </PolyStyle>
            </Style>
            <Style id="3604">
                <LineStyle id="3606">
                    <color>ff0000FF</color>
                    <colorMode>normal</colorMode>
                    <width>1.5</width>
                </LineStyle>
                <PolyStyle id="3605">
                    <color>ff0000FF</color>
                    <colorMode>normal</colorMode>
                    <fill>1</fill>
                    <outline>1</outline>
                </PolyStyle>
            </Style>
            <Style id="3613">
                <LineStyle id="3615">
                    <color>ff0000FF</color>
                    <colorMode>normal</colorMode>
                    <width>1.5</width>
                </LineStyle>
                <PolyStyle id="3614">
                    <color>ff0000FF</color>
                    <colorMode>normal</colorMode>
                    <fill>1</fill>
                    <outline>1</outline>
                </PolyStyle>
            </Style>
            <Style id="3622">
                <LineStyle id="3624">
                    <color>ff0000FF</color>
                    <colorMode>normal</colorMode>
                    <width>1.5</width>
                </LineStyle>
                <PolyStyle id="3623">
                    <color>ff0000FF</color>
                    <colorMode>normal</colorMode>
                    <fill>1</fill>
                    <outline>1</outline>
                </PolyStyle>
            </Style>
            <Style id="3631">
                <LineStyle id="3633">
                    <color>ff0000FF</color>
                    <colorMode>normal</colorMode>
                    <width>1.5</width>
                </LineStyle>
                <PolyStyle id="3632">
                    <color>ff0000FF</color>
                    <colorMode>normal</colorMode>
                    <fill>1</fill>
                    <outline>1</outline>
                </PolyStyle>
            </Style>
            <Style id="3640">
                <LineStyle id="3642">
                    <color>ff0000FF</color>
                    <colorMode>normal</colorMode>
                    <width>1.5</width>
                </LineStyle>
                <PolyStyle id="3641">
                    <color>ff0000FF</color>
                    <colorMode>normal</colorMode>
                    <fill>1</fill>
                    <outline>1</outline>
                </PolyStyle>
            </Style>
            <Style id="3649">
                <LineStyle id="3651">
                    <color>ff0000FF</color>
                    <colorMode>normal</colorMode>
                    <width>1.5</width>
                </LineStyle>
                <PolyStyle id="3650">
                    <color>ff0000FF</color>
                    <colorMode>normal</colorMode>
                    <fill>1</fill>
                    <outline>1</outline>
                </PolyStyle>
            </Style>
            <Style id="3658">
                <LineStyle id="3660">
                    <color>ff0000FF</color>
                    <colorMode>normal</colorMode>
                    <width>1.5</width>
                </LineStyle>
                <PolyStyle id="3659">
                    <color>ff0000FF</color>
                    <colorMode>normal</colorMode>
                    <fill>1</fill>
                    <outline>1</outline>
                </PolyStyle>
            </Style>
            <Style id="3667">
                <LineStyle id="3669">
                    <color>ff0000FF</color>
                    <colorMode>normal</colorMode>
                    <width>1.5</width>
                </LineStyle>
                <PolyStyle id="3668">
                    <color>ff0000FF</color>
                    <colorMode>normal</colorMode>
                    <fill>1</fill>
                    <outline>1</outline>
                </PolyStyle>
            </Style>
            <Style id="3676">
                <LineStyle id="3678">
                    <color>ff0000FF</color>
                    <colorMode>normal</colorMode>
                    <width>1.5</width>
                </LineStyle>
                <PolyStyle id="3677">
                    <color>ff0000FF</color>
                    <colorMode>normal</colorMode>
                    <fill>1</fill>
                    <outline>1</outline>
                </PolyStyle>
            </Style>
            <Style id="3685">
                <LineStyle id="3687">
                    <color>ff0000FF</color>
                    <colorMode>normal</colorMode>
                    <width>1.5</width>
                </LineStyle>
                <PolyStyle id="3686">
                    <color>ff0000FF</color>
                    <colorMode>normal</colorMode>
                    <fill>1</fill>
                    <outline>1</outline>
                </PolyStyle>
            </Style>
            <Style id="3694">
                <LineStyle id="3696">
                    <color>ff0000FF</color>
                    <colorMode>normal</colorMode>
                    <width>1.5</width>
                </LineStyle>
                <PolyStyle id="3695">
                    <color>ff0000FF</color>
                    <colorMode>normal</colorMode>
                    <fill>1</fill>
                    <outline>1</outline>
                </PolyStyle>
            </Style>
            <Style id="3703">
                <LineStyle id="3705">
                    <color>ff0000FF</color>
                    <colorMode>normal</colorMode>
                    <width>1.5</width>
                </LineStyle>
                <PolyStyle id="3704">
                    <color>ff0000FF</color>
                    <colorMode>normal</colorMode>
                    <fill>1</fill>
                    <outline>1</outline>
                </PolyStyle>
            </Style>
            <Style id="3712">
                <LineStyle id="3714">
                    <color>ff0000FF</color>
                    <colorMode>normal</colorMode>
                    <width>1.5</width>
                </LineStyle>
                <PolyStyle id="3713">
                    <color>ff0000FF</color>
                    <colorMode>normal</colorMode>
                    <fill>1</fill>
                    <outline>1</outline>
                </PolyStyle>
            </Style>
            <Style id="3721">
                <LineStyle id="3723">
                    <color>ff0000FF</color>
                    <colorMode>normal</colorMode>
                    <width>1.5</width>
                </LineStyle>
                <PolyStyle id="3722">
                    <color>ff0000FF</color>
                    <colorMode>normal</colorMode>
                    <fill>1</fill>
                    <outline>1</outline>
                </PolyStyle>
            </Style>
            <Style id="3730">
                <LineStyle id="3732">
                    <color>ff0000FF</color>
                    <colorMode>normal</colorMode>
                    <width>1.5</width>
                </LineStyle>
                <PolyStyle id="3731">
                    <color>ff0000FF</color>
                    <colorMode>normal</colorMode>
                    <fill>1</fill>
                    <outline>1</outline>
                </PolyStyle>
            </Style>
            <Style id="3739">
                <LineStyle id="3741">
                    <color>ff0000FF</color>
                    <colorMode>normal</colorMode>
                    <width>1.5</width>
                </LineStyle>
                <PolyStyle id="3740">
                    <color>ff0000FF</color>
                    <colorMode>normal</colorMode>
                    <fill>1</fill>
                    <outline>1</outline>
                </PolyStyle>
            </Style>
            <Style id="3748">
                <LineStyle id="3750">
                    <color>ff0000FF</color>
                    <colorMode>normal</colorMode>
                    <width>1.5</width>
                </LineStyle>
                <PolyStyle id="3749">
                    <color>ff0000FF</color>
                    <colorMode>normal</colorMode>
                    <fill>1</fill>
                    <outline>1</outline>
                </PolyStyle>
            </Style>
            <Style id="3757">
                <LineStyle id="3759">
                    <color>ff0000FF</color>
                    <colorMode>normal</colorMode>
                    <width>1.5</width>
                </LineStyle>
                <PolyStyle id="3758">
                    <color>ff0000FF</color>
                    <colorMode>normal</colorMode>
                    <fill>1</fill>
                    <outline>1</outline>
                </PolyStyle>
            </Style>
            <name>Class 1</name>
            <Placemark id="2042">
                <name>Class 1 - 1</name>
                <styleUrl>#2047</styleUrl>
                <Polygon id="2041">
                    <outerBoundaryIs>
                        <LinearRing id="2045">
                            <coordinates>73.96009397212846,18.546886850516877,0.0 73.96009397212846,18.54661735593164,0.0 73.96036346671369,18.54661735593164,0.0 73.96036346671369,18.546886850516877,0.0 73.96009397212846,18.546886850516877,0.0</coordinates>
                        </LinearRing>
                    </outerBoundaryIs>
                </Polygon>
            </Placemark>
            <Placemark id="2051">
                <name>Class 1 - 2</name>
                <styleUrl>#2056</styleUrl>
                <Polygon id="2050">
                    <outerBoundaryIs>
                        <LinearRing id="2054">
                            <coordinates>73.9582075100318,18.54661735593164,0.0 73.9582075100318,18.546347861346405,0.0 73.95847700461704,18.546347861346405,0.0 73.95847700461704,18.54661735593164,0.0 73.9582075100318,18.54661735593164,0.0</coordinates>
                        </LinearRing>
                    </outerBoundaryIs>
                </Polygon>
            </Placemark>
            <Placemark id="2060">
                <name>Class 1 - 3</name>
                <styleUrl>#2065</styleUrl>
                <Polygon id="2059">
                    <outerBoundaryIs>
                        <LinearRing id="2063">
                            <coordinates>73.95901599378752,18.54661735593164,0.0 73.95901599378752,18.546347861346405,0.0 73.95928548837274,18.546347861346405,0.0 73.95928548837274,18.54661735593164,0.0 73.95901599378752,18.54661735593164,0.0</coordinates>
                        </LinearRing>
                    </outerBoundaryIs>
                </Polygon>
            </Placemark>
            <Placemark id="2069">
                <name>Class 1 - 4</name>
                <styleUrl>#2074</styleUrl>
                <Polygon id="2068">
                    <outerBoundaryIs>
                        <LinearRing id="2072">
                            <coordinates>73.96063296129893,18.54661735593164,0.0 73.96063296129893,18.546347861346405,0.0 73.96090245588417,18.546347861346405,0.0 73.96090245588417,18.54661735593164,0.0 73.96063296129893,18.54661735593164,0.0</coordinates>
                        </LinearRing>
                    </outerBoundaryIs>
                </Polygon>
            </Placemark>
            <Placemark id="2078">
                <name>Class 1 - 5</name>
                <styleUrl>#2083</styleUrl>
                <Polygon id="2077">
                    <outerBoundaryIs>
                        <LinearRing id="2081">
                            <coordinates>73.95955498295798,18.546347861346405,0.0 73.95955498295798,18.54607836676117,0.0 73.96009397212846,18.54607836676117,0.0 73.96009397212846,18.546347861346405,0.0 73.95955498295798,18.546347861346405,0.0</coordinates>
                        </LinearRing>
                    </outerBoundaryIs>
                </Polygon>
            </Placemark>
            <Placemark id="2087">
                <name>Class 1 - 6</name>
                <styleUrl>#2092</styleUrl>
                <Polygon id="2086">
                    <outerBoundaryIs>
                        <LinearRing id="2090">
                            <coordinates>73.94958368330425,18.54607836676117,0.0 73.94958368330425,18.545808872175936,0.0 73.9498531778895,18.545808872175936,0.0 73.9498531778895,18.54607836676117,0.0 73.94958368330425,18.54607836676117,0.0</coordinates>
                        </LinearRing>
                    </outerBoundaryIs>
                </Polygon>
            </Placemark>
            <Placemark id="2096">
                <name>Class 1 - 7</name>
                <styleUrl>#2101</styleUrl>
                <Polygon id="2095">
                    <outerBoundaryIs>
                        <LinearRing id="2099">
                            <coordinates>73.95712953169087,18.547156345102113,0.0 73.95712953169087,18.546886850516877,0.0 73.95632104793515,18.546886850516877,0.0 73.95632104793515,18.54661735593164,0.0 73.95470408042374,18.54661735593164,0.0 73.95470408042374,18.546347861346405,0.0 73.95416509125327,18.546347861346405,0.0 73.95416509125327,18.54607836676117,0.0 73.95335660749755,18.54607836676117,0.0 73.95335660749755,18.545808872175936,0.0 73.9544345858385,18.545808872175936,0.0 73.9544345858385,18.5455393775907,0.0 73.9552430695942,18.5455393775907,0.0 73.9552430695942,18.545808872175936,0.0 73.95470408042374,18.545808872175936,0.0 73.95470408042374,18.54607836676117,0.0 73.9552430695942,18.54607836676117,0.0 73.9552430695942,18.546347861346405,0.0 73.95551256417944,18.546347861346405,0.0 73.95551256417944,18.54607836676117,0.0 73.95578205876468,18.54607836676117,0.0 73.95578205876468,18.546347861346405,0.0 73.95632104793515,18.546347861346405,0.0 73.95632104793515,18.54607836676117,0.0 73.95686003710563,18.54607836676117,0.0 73.95686003710563,18.54661735593164,0.0 73.95712953169087,18.54661735593164,0.0 73.95712953169087,18.546347861346405,0.0 73.95793801544657,18.546347861346405,0.0 73.95793801544657,18.546886850516877,0.0 73.95928548837274,18.546886850516877,0.0 73.95928548837274,18.547156345102113,0.0 73.95712953169087,18.547156345102113,0.0</coordinates>
                        </LinearRing>
                    </outerBoundaryIs>
                </Polygon>
            </Placemark>
            <Placemark id="2105">
                <name>Class 1 - 8</name>
                <styleUrl>#2110</styleUrl>
                <Polygon id="2104">
                    <outerBoundaryIs>
                        <LinearRing id="2108">
                            <coordinates>73.95120065081566,18.545808872175936,0.0 73.95120065081566,18.5455393775907,0.0 73.9514701454009,18.5455393775907,0.0 73.9514701454009,18.545808872175936,0.0 73.95120065081566,18.545808872175936,0.0</coordinates>
                        </LinearRing>
                    </outerBoundaryIs>
                </Polygon>
            </Placemark>
            <Placemark id="2114">
                <name>Class 1 - 9</name>
                <styleUrl>#2119</styleUrl>
                <Polygon id="2113">
                    <outerBoundaryIs>
                        <LinearRing id="2117">
                            <coordinates>73.9536261020828,18.5455393775907,0.0 73.9536261020828,18.545269883005464,0.0 73.95389559666803,18.545269883005464,0.0 73.95389559666803,18.5455393775907,0.0 73.9536261020828,18.5455393775907,0.0</coordinates>
                        </LinearRing>
                    </outerBoundaryIs>
                </Polygon>
            </Placemark>
            <Placemark id="2123">
                <name>Class 1 - 10</name>
                <styleUrl>#2128</styleUrl>
                <Polygon id="2122">
                    <outerBoundaryIs>
                        <LinearRing id="2126">
                            <coordinates>73.96090245588417,18.54607836676117,0.0 73.96090245588417,18.5455393775907,0.0 73.96117195046939,18.5455393775907,0.0 73.96117195046939,18.545269883005464,0.0 73.96144144505463,18.545269883005464,0.0 73.96144144505463,18.545000388420227,0.0 73.96171093963987,18.545000388420227,0.0 73.96171093963987,18.545269883005464,0.0 73.96198043422511,18.545269883005464,0.0 73.96198043422511,18.5455393775907,0.0 73.96144144505463,18.5455393775907,0.0 73.96144144505463,18.545808872175936,0.0 73.96117195046939,18.545808872175936,0.0 73.96117195046939,18.54607836676117,0.0 73.96090245588417,18.54607836676117,0.0</coordinates>
                        </LinearRing>
                    </outerBoundaryIs>
                </Polygon>
            </Placemark>
            <Placemark id="2132">
                <name>Class 1 - 11</name>
                <styleUrl>#2137</styleUrl>
                <Polygon id="2131">
                    <outerBoundaryIs>
                        <LinearRing id="2135">
                            <coordinates>73.94473278077001,18.545269883005464,0.0 73.94473278077001,18.545000388420227,0.0 73.94500227535525,18.545000388420227,0.0 73.94500227535525,18.545269883005464,0.0 73.94473278077001,18.545269883005464,0.0</coordinates>
                        </LinearRing>
                    </outerBoundaryIs>
                </Polygon>
            </Placemark>
            <Placemark id="2141">
                <name>Class 1 - 12</name>
                <styleUrl>#2146</styleUrl>
                <Polygon id="2140">
                    <outerBoundaryIs>
                        <LinearRing id="2144">
                            <coordinates>73.9506616616452,18.5455393775907,0.0 73.9506616616452,18.545269883005464,0.0 73.95039216705996,18.545269883005464,0.0 73.95039216705996,18.545000388420227,0.0 73.9506616616452,18.545000388420227,0.0 73.9506616616452,18.54473089383499,0.0 73.95093115623044,18.54473089383499,0.0 73.95093115623044,18.5455393775907,0.0 73.9506616616452,18.5455393775907,0.0</coordinates>
                        </LinearRing>
                    </outerBoundaryIs>
                </Polygon>
            </Placemark>
            <Placemark id="2150">
                <name>Class 1 - 13</name>
                <styleUrl>#2155</styleUrl>
                <Polygon id="2149">
                    <outerBoundaryIs>
                        <LinearRing id="2153">
                            <coordinates>73.94446328618477,18.545000388420227,0.0 73.94446328618477,18.54473089383499,0.0 73.94473278077001,18.54473089383499,0.0 73.94473278077001,18.545000388420227,0.0 73.94446328618477,18.545000388420227,0.0</coordinates>
                        </LinearRing>
                    </outerBoundaryIs>
                </Polygon>
            </Placemark>
            <Placemark id="2159">
                <name>Class 1 - 14</name>
                <styleUrl>#2164</styleUrl>
                <Polygon id="2158">
                    <outerBoundaryIs>
                        <LinearRing id="2162">
                            <coordinates>73.9468887374519,18.545000388420227,0.0 73.9468887374519,18.54473089383499,0.0 73.94742772662237,18.54473089383499,0.0 73.94742772662237,18.545000388420227,0.0 73.9468887374519,18.545000388420227,0.0</coordinates>
                        </LinearRing>
                    </outerBoundaryIs>
                </Polygon>
            </Placemark>
            <Placemark id="2168">
                <name>Class 1 - 15</name>
                <styleUrl>#2173</styleUrl>
                <Polygon id="2167">
                    <outerBoundaryIs>
                        <LinearRing id="2171">
                            <coordinates>73.9476972212076,18.545000388420227,0.0 73.9476972212076,18.54473089383499,0.0 73.94958368330425,18.54473089383499,0.0 73.94958368330425,18.545000388420227,0.0 73.9476972212076,18.545000388420227,0.0</coordinates>
                        </LinearRing>
                    </outerBoundaryIs>
                </Polygon>
            </Placemark>
            <Placemark id="2177">
                <name>Class 1 - 16</name>
                <styleUrl>#2182</styleUrl>
                <Polygon id="2176">
                    <outerBoundaryIs>
                        <LinearRing id="2180">
                            <coordinates>73.96171093963987,18.545000388420227,0.0 73.96171093963987,18.54473089383499,0.0 73.96198043422511,18.54473089383499,0.0 73.96198043422511,18.545000388420227,0.0 73.96171093963987,18.545000388420227,0.0</coordinates>
                        </LinearRing>
                    </outerBoundaryIs>
                </Polygon>
            </Placemark>
            <Placemark id="2186">
                <name>Class 1 - 17</name>
                <styleUrl>#2191</styleUrl>
                <Polygon id="2185">
                    <outerBoundaryIs>
                        <LinearRing id="2189">
                            <coordinates>73.96224992881034,18.5455393775907,0.0 73.96224992881034,18.545269883005464,0.0 73.96198043422511,18.545269883005464,0.0 73.96198043422511,18.545000388420227,0.0 73.96251942339558,18.545000388420227,0.0 73.96251942339558,18.54473089383499,0.0 73.96305841256606,18.54473089383499,0.0 73.96305841256606,18.544461399249755,0.0 73.96332790715128,18.544461399249755,0.0 73.96332790715128,18.54473089383499,0.0 73.96359740173652,18.54473089383499,0.0 73.96359740173652,18.545000388420227,0.0 73.96305841256606,18.545000388420227,0.0 73.96305841256606,18.545269883005464,0.0 73.96278891798082,18.545269883005464,0.0 73.96278891798082,18.5455393775907,0.0 73.96224992881034,18.5455393775907,0.0</coordinates>
                        </LinearRing>
                    </outerBoundaryIs>
                </Polygon>
            </Placemark>
            <Placemark id="2195">
                <name>Class 1 - 18</name>
                <styleUrl>#2200</styleUrl>
                <Polygon id="2194">
                    <outerBoundaryIs>
                        <LinearRing id="2198">
                            <coordinates>73.94581075911096,18.545808872175936,0.0 73.94581075911096,18.545000388420227,0.0 73.94554126452572,18.545000388420227,0.0 73.94554126452572,18.544461399249755,0.0 73.94581075911096,18.544461399249755,0.0 73.94581075911096,18.54473089383499,0.0 73.94661924286666,18.54473089383499,0.0 73.94661924286666,18.545269883005464,0.0 73.9468887374519,18.545269883005464,0.0 73.9468887374519,18.5455393775907,0.0 73.94634974828142,18.5455393775907,0.0 73.94634974828142,18.545808872175936,0.0 73.94581075911096,18.545808872175936,0.0</coordinates>
                        </LinearRing>
                    </outerBoundaryIs>
                </Polygon>
            </Placemark>
            <Placemark id="2204">
                <name>Class 1 - 19</name>
                <styleUrl>#2209</styleUrl>
                <Polygon id="2203">
                    <outerBoundaryIs>
                        <LinearRing id="2207">
                            <coordinates>73.94419379159955,18.54473089383499,0.0 73.94419379159955,18.544461399249755,0.0 73.94446328618477,18.544461399249755,0.0 73.94446328618477,18.54473089383499,0.0 73.94419379159955,18.54473089383499,0.0</coordinates>
                        </LinearRing>
                    </outerBoundaryIs>
                </Polygon>
            </Placemark>
            <Placemark id="2213">
                <name>Class 1 - 20</name>
                <styleUrl>#2218</styleUrl>
                <Polygon id="2212">
                    <outerBoundaryIs>
                        <LinearRing id="2216">
                            <coordinates>73.96224992881034,18.54473089383499,0.0 73.96224992881034,18.544461399249755,0.0 73.96251942339558,18.544461399249755,0.0 73.96251942339558,18.54473089383499,0.0 73.96224992881034,18.54473089383499,0.0</coordinates>
                        </LinearRing>
                    </outerBoundaryIs>
                </Polygon>
            </Placemark>
            <Placemark id="2222">
                <name>Class 1 - 21</name>
                <styleUrl>#2227</styleUrl>
                <Polygon id="2221">
                    <outerBoundaryIs>
                        <LinearRing id="2225">
                            <coordinates>73.94527176994048,18.544461399249755,0.0 73.94527176994048,18.54419190466452,0.0 73.94554126452572,18.54419190466452,0.0 73.94554126452572,18.544461399249755,0.0 73.94527176994048,18.544461399249755,0.0</coordinates>
                        </LinearRing>
                    </outerBoundaryIs>
                </Polygon>
            </Placemark>
            <Placemark id="2231">
                <name>Class 1 - 22</name>
                <styleUrl>#2236</styleUrl>
                <Polygon id="2230">
                    <outerBoundaryIs>
                        <LinearRing id="2234">
                            <coordinates>73.96278891798082,18.544461399249755,0.0 73.96278891798082,18.54419190466452,0.0 73.96305841256606,18.54419190466452,0.0 73.96305841256606,18.544461399249755,0.0 73.96278891798082,18.544461399249755,0.0</coordinates>
                        </LinearRing>
                    </outerBoundaryIs>
                </Polygon>
            </Placemark>
            <Placemark id="2240">
                <name>Class 1 - 23</name>
                <styleUrl>#2245</styleUrl>
                <Polygon id="2239">
                    <outerBoundaryIs>
                        <LinearRing id="2243">
                            <coordinates>73.88598296118859,18.54419190466452,0.0 73.88598296118859,18.543922410079283,0.0 73.88706093952953,18.543922410079283,0.0 73.88706093952953,18.54419190466452,0.0 73.88598296118859,18.54419190466452,0.0</coordinates>
                        </LinearRing>
                    </outerBoundaryIs>
                </Polygon>
            </Placemark>
            <Placemark id="2249">
                <name>Class 1 - 24</name>
                <styleUrl>#2254</styleUrl>
                <Polygon id="2248">
                    <outerBoundaryIs>
                        <LinearRing id="2252">
                            <coordinates>73.88733043411477,18.54419190466452,0.0 73.88733043411477,18.543922410079283,0.0 73.88759992870001,18.543922410079283,0.0 73.88759992870001,18.54419190466452,0.0 73.88733043411477,18.54419190466452,0.0</coordinates>
                        </LinearRing>
                    </outerBoundaryIs>
                </Polygon>
            </Placemark>
            <Placemark id="2258">
                <name>Class 1 - 25</name>
                <styleUrl>#2263</styleUrl>
                <Polygon id="2257">
                    <outerBoundaryIs>
                        <LinearRing id="2261">
                            <coordinates>73.88867790704096,18.54419190466452,0.0 73.88867790704096,18.543922410079283,0.0 73.88948639079666,18.543922410079283,0.0 73.88948639079666,18.54419190466452,0.0 73.88867790704096,18.54419190466452,0.0</coordinates>
                        </LinearRing>
                    </outerBoundaryIs>
                </Polygon>
            </Placemark>
            <Placemark id="2267">
                <name>Class 1 - 26</name>
                <styleUrl>#2272</styleUrl>
                <Polygon id="2266">
                    <outerBoundaryIs>
                        <LinearRing id="2270">
                            <coordinates>73.96305841256606,18.54419190466452,0.0 73.96305841256606,18.543922410079283,0.0 73.96332790715128,18.543922410079283,0.0 73.96332790715128,18.54419190466452,0.0 73.96305841256606,18.54419190466452,0.0</coordinates>
                        </LinearRing>
                    </outerBoundaryIs>
                </Polygon>
            </Placemark>
            <Placemark id="2276">
                <name>Class 1 - 27</name>
                <styleUrl>#2281</styleUrl>
                <Polygon id="2275">
                    <outerBoundaryIs>
                        <LinearRing id="2279">
                            <coordinates>73.89245083123426,18.543922410079283,0.0 73.89245083123426,18.543652915494047,0.0 73.89325931498996,18.543652915494047,0.0 73.89325931498996,18.543922410079283,0.0 73.89245083123426,18.543922410079283,0.0</coordinates>
                        </LinearRing>
                    </outerBoundaryIs>
                </Polygon>
            </Placemark>
            <Placemark id="2285">
                <name>Class 1 - 28</name>
                <styleUrl>#2290</styleUrl>
                <Polygon id="2284">
                    <outerBoundaryIs>
                        <LinearRing id="2288">
                            <coordinates>73.96359740173652,18.543922410079283,0.0 73.96359740173652,18.543652915494047,0.0 73.96386689632176,18.543652915494047,0.0 73.96386689632176,18.543922410079283,0.0 73.96359740173652,18.543922410079283,0.0</coordinates>
                        </LinearRing>
                    </outerBoundaryIs>
                </Polygon>
            </Placemark>
            <Placemark id="2294">
                <name>Class 1 - 29</name>
                <styleUrl>#2299</styleUrl>
                <Polygon id="2293">
                    <outerBoundaryIs>
                        <LinearRing id="2297">
                            <coordinates>73.88086256406912,18.543652915494047,0.0 73.88086256406912,18.54338342090881,0.0 73.88274902616577,18.54338342090881,0.0 73.88274902616577,18.543652915494047,0.0 73.88086256406912,18.543652915494047,0.0</coordinates>
                        </LinearRing>
                    </outerBoundaryIs>
                </Polygon>
            </Placemark>
            <Placemark id="2303">
                <name>Class 1 - 30</name>
                <styleUrl>#2308</styleUrl>
                <Polygon id="2302">
                    <outerBoundaryIs>
                        <LinearRing id="2306">
                            <coordinates>73.89218133664902,18.543652915494047,0.0 73.89218133664902,18.54338342090881,0.0 73.89245083123426,18.54338342090881,0.0 73.89245083123426,18.543652915494047,0.0 73.89218133664902,18.543652915494047,0.0</coordinates>
                        </LinearRing>
                    </outerBoundaryIs>
                </Polygon>
            </Placemark>
            <Placemark id="2312">
                <name>Class 1 - 31</name>
                <styleUrl>#2317</styleUrl>
                <Polygon id="2311">
                    <outerBoundaryIs>
                        <LinearRing id="2315">
                            <coordinates>73.8935288095752,18.543652915494047,0.0 73.8935288095752,18.54338342090881,0.0 73.89379830416044,18.54338342090881,0.0 73.89379830416044,18.543652915494047,0.0 73.8935288095752,18.543652915494047,0.0</coordinates>
                        </LinearRing>
                    </outerBoundaryIs>
                </Polygon>
            </Placemark>
            <Placemark id="2321">
                <name>Class 1 - 32</name>
                <styleUrl>#2326</styleUrl>
                <Polygon id="2320">
                    <outerBoundaryIs>
                        <LinearRing id="2324">
                            <coordinates>73.96413639090699,18.543652915494047,0.0 73.96413639090699,18.54338342090881,0.0 73.96467538007747,18.54338342090881,0.0 73.96467538007747,18.543652915494047,0.0 73.96413639090699,18.543652915494047,0.0</coordinates>
                        </LinearRing>
                    </outerBoundaryIs>
                </Polygon>
            </Placemark>
            <Placemark id="2330">
                <name>Class 1 - 33</name>
                <styleUrl>#2335</styleUrl>
                <Polygon id="2329">
                    <outerBoundaryIs>
                        <LinearRing id="2333">
                            <coordinates>73.8800540803134,18.54338342090881,0.0 73.8800540803134,18.543113926323574,0.0 73.88059306948388,18.543113926323574,0.0 73.88059306948388,18.54338342090881,0.0 73.8800540803134,18.54338342090881,0.0</coordinates>
                        </LinearRing>
                    </outerBoundaryIs>
                </Polygon>
            </Placemark>
            <Placemark id="2339">
                <name>Class 1 - 34</name>
                <styleUrl>#2344</styleUrl>
                <Polygon id="2338">
                    <outerBoundaryIs>
                        <LinearRing id="2342">
                            <coordinates>73.88571346660336,18.54338342090881,0.0 73.88571346660336,18.543113926323574,0.0 73.88652195035907,18.543113926323574,0.0 73.88652195035907,18.54338342090881,0.0 73.88571346660336,18.54338342090881,0.0</coordinates>
                        </LinearRing>
                    </outerBoundaryIs>
                </Polygon>
            </Placemark>
            <Placemark id="2348">
                <name>Class 1 - 35</name>
                <styleUrl>#2353</styleUrl>
                <Polygon id="2347">
                    <outerBoundaryIs>
                        <LinearRing id="2351">
                            <coordinates>73.88706093952953,18.543652915494047,0.0 73.88706093952953,18.54338342090881,0.0 73.88679144494431,18.54338342090881,0.0 73.88679144494431,18.543113926323574,0.0 73.88733043411477,18.543113926323574,0.0 73.88733043411477,18.54338342090881,0.0 73.88759992870001,18.54338342090881,0.0 73.88759992870001,18.543652915494047,0.0 73.88706093952953,18.543652915494047,0.0</coordinates>
                        </LinearRing>
                    </outerBoundaryIs>
                </Polygon>
            </Placemark>
            <Placemark id="2357">
                <name>Class 1 - 36</name>
                <styleUrl>#2362</styleUrl>
                <Polygon id="2356">
                    <outerBoundaryIs>
                        <LinearRing id="2360">
                            <coordinates>73.89137285289331,18.54338342090881,0.0 73.89137285289331,18.543113926323574,0.0 73.89164234747855,18.543113926323574,0.0 73.89164234747855,18.54338342090881,0.0 73.89137285289331,18.54338342090881,0.0</coordinates>
                        </LinearRing>
                    </outerBoundaryIs>
                </Polygon>
            </Placemark>
            <Placemark id="2366">
                <name>Class 1 - 37</name>
                <styleUrl>#2371</styleUrl>
                <Polygon id="2365">
                    <outerBoundaryIs>
                        <LinearRing id="2369">
                            <coordinates>73.8943372933309,18.54338342090881,0.0 73.8943372933309,18.543113926323574,0.0 73.89460678791615,18.543113926323574,0.0 73.89460678791615,18.54338342090881,0.0 73.8943372933309,18.54338342090881,0.0</coordinates>
                        </LinearRing>
                    </outerBoundaryIs>
                </Polygon>
            </Placemark>
            <Placemark id="2375">
                <name>Class 1 - 38</name>
                <styleUrl>#2380</styleUrl>
                <Polygon id="2374">
                    <outerBoundaryIs>
                        <LinearRing id="2378">
                            <coordinates>73.9649448746627,18.54338342090881,0.0 73.9649448746627,18.543113926323574,0.0 73.96521436924793,18.543113926323574,0.0 73.96521436924793,18.54338342090881,0.0 73.9649448746627,18.54338342090881,0.0</coordinates>
                        </LinearRing>
                    </outerBoundaryIs>
                </Polygon>
            </Placemark>
            <Placemark id="2384">
                <name>Class 1 - 39</name>
                <styleUrl>#2389</styleUrl>
                <Polygon id="2383">
                    <outerBoundaryIs>
                        <LinearRing id="2387">
                            <coordinates>73.87816761821675,18.543113926323574,0.0 73.87816761821675,18.54284443173834,0.0 73.87951509114293,18.54284443173834,0.0 73.87951509114293,18.543113926323574,0.0 73.87816761821675,18.543113926323574,0.0</coordinates>
                        </LinearRing>
                    </outerBoundaryIs>
                </Polygon>
            </Placemark>
            <Placemark id="2393">
                <name>Class 1 - 40</name>
                <styleUrl>#2398</styleUrl>
                <Polygon id="2392">
                    <outerBoundaryIs>
                        <LinearRing id="2396">
                            <coordinates>73.89245083123426,18.543113926323574,0.0 73.89245083123426,18.54284443173834,0.0 73.89298982040472,18.54284443173834,0.0 73.89298982040472,18.543113926323574,0.0 73.89245083123426,18.543113926323574,0.0</coordinates>
                        </LinearRing>
                    </outerBoundaryIs>
                </Polygon>
            </Placemark>
            <Placemark id="2402">
                <name>Class 1 - 41</name>
                <styleUrl>#2407</styleUrl>
                <Polygon id="2401">
                    <outerBoundaryIs>
                        <LinearRing id="2405">
                            <coordinates>73.89460678791615,18.543113926323574,0.0 73.89460678791615,18.54284443173834,0.0 73.89487628250137,18.54284443173834,0.0 73.89487628250137,18.543113926323574,0.0 73.89460678791615,18.543113926323574,0.0</coordinates>
                        </LinearRing>
                    </outerBoundaryIs>
                </Polygon>
            </Placemark>
            <Placemark id="2411">
                <name>Class 1 - 42</name>
                <styleUrl>#2416</styleUrl>
                <Polygon id="2410">
                    <outerBoundaryIs>
                        <LinearRing id="2414">
                            <coordinates>73.87735913446105,18.54284443173834,0.0 73.87735913446105,18.542574937153105,0.0 73.87762862904628,18.542574937153105,0.0 73.87762862904628,18.54284443173834,0.0 73.87735913446105,18.54284443173834,0.0</coordinates>
                        </LinearRing>
                    </outerBoundaryIs>
                </Polygon>
            </Placemark>
            <Placemark id="2420">
                <name>Class 1 - 43</name>
                <styleUrl>#2425</styleUrl>
                <Polygon id="2419">
                    <outerBoundaryIs>
                        <LinearRing id="2423">
                            <coordinates>73.88274902616577,18.543113926323574,0.0 73.88274902616577,18.54284443173834,0.0 73.88194054241005,18.54284443173834,0.0 73.88194054241005,18.542574937153105,0.0 73.88328801533623,18.542574937153105,0.0 73.88328801533623,18.543113926323574,0.0 73.88274902616577,18.543113926323574,0.0</coordinates>
                        </LinearRing>
                    </outerBoundaryIs>
                </Polygon>
            </Placemark>
            <Placemark id="2429">
                <name>Class 1 - 44</name>
                <styleUrl>#2434</styleUrl>
                <Polygon id="2428">
                    <outerBoundaryIs>
                        <LinearRing id="2432">
                            <coordinates>73.8943372933309,18.54284443173834,0.0 73.8943372933309,18.542574937153105,0.0 73.89460678791615,18.542574937153105,0.0 73.89460678791615,18.54284443173834,0.0 73.8943372933309,18.54284443173834,0.0</coordinates>
                        </LinearRing>
                    </outerBoundaryIs>
                </Polygon>
            </Placemark>
            <Placemark id="2438">
                <name>Class 1 - 45</name>
                <styleUrl>#2443</styleUrl>
                <Polygon id="2437">
                    <outerBoundaryIs>
                        <LinearRing id="2441">
                            <coordinates>73.8964932500128,18.54284443173834,0.0 73.8964932500128,18.542574937153105,0.0 73.89703223918326,18.542574937153105,0.0 73.89703223918326,18.54284443173834,0.0 73.8964932500128,18.54284443173834,0.0</coordinates>
                        </LinearRing>
                    </outerBoundaryIs>
                </Polygon>
            </Placemark>
            <Placemark id="2447">
                <name>Class 1 - 46</name>
                <styleUrl>#2452</styleUrl>
                <Polygon id="2446">
                    <outerBoundaryIs>
                        <LinearRing id="2450">
                            <coordinates>73.8770896398758,18.542574937153105,0.0 73.8770896398758,18.54230544256787,0.0 73.87735913446105,18.54230544256787,0.0 73.87735913446105,18.542574937153105,0.0 73.8770896398758,18.542574937153105,0.0</coordinates>
                        </LinearRing>
                    </outerBoundaryIs>
                </Polygon>
            </Placemark>
            <Placemark id="2456">
                <name>Class 1 - 47</name>
                <styleUrl>#2461</styleUrl>
                <Polygon id="2455">
                    <outerBoundaryIs>
                        <LinearRing id="2459">
                            <coordinates>73.88032357489864,18.542574937153105,0.0 73.88032357489864,18.54230544256787,0.0 73.88059306948388,18.54230544256787,0.0 73.88059306948388,18.542574937153105,0.0 73.88032357489864,18.542574937153105,0.0</coordinates>
                        </LinearRing>
                    </outerBoundaryIs>
                </Polygon>
            </Placemark>
            <Placemark id="2465">
                <name>Class 1 - 48</name>
                <styleUrl>#2470</styleUrl>
                <Polygon id="2464">
                    <outerBoundaryIs>
                        <LinearRing id="2468">
                            <coordinates>73.88167104782482,18.542574937153105,0.0 73.88167104782482,18.54230544256787,0.0 73.88194054241005,18.54230544256787,0.0 73.88194054241005,18.542574937153105,0.0 73.88167104782482,18.542574937153105,0.0</coordinates>
                        </LinearRing>
                    </outerBoundaryIs>
                </Polygon>
            </Placemark>
            <Placemark id="2474">
                <name>Class 1 - 49</name>
                <styleUrl>#2479</styleUrl>
                <Polygon id="2473">
                    <outerBoundaryIs>
                        <LinearRing id="2477">
                            <coordinates>73.87520317777916,18.54230544256787,0.0 73.87520317777916,18.542035947982633,0.0 73.87682014529058,18.542035947982633,0.0 73.87682014529058,18.54230544256787,0.0 73.87520317777916,18.54230544256787,0.0</coordinates>
                        </LinearRing>
                    </outerBoundaryIs>
                </Polygon>
            </Placemark>
            <Placemark id="2483">
                <name>Class 1 - 50</name>
                <styleUrl>#2488</styleUrl>
                <Polygon id="2482">
                    <outerBoundaryIs>
                        <LinearRing id="2486">
                            <coordinates>73.87843711280199,18.54230544256787,0.0 73.87843711280199,18.542035947982633,0.0 73.8800540803134,18.542035947982633,0.0 73.8800540803134,18.54230544256787,0.0 73.87843711280199,18.54230544256787,0.0</coordinates>
                        </LinearRing>
                    </outerBoundaryIs>
                </Polygon>
            </Placemark>
            <Placemark id="2492">
                <name>Class 1 - 51</name>
                <styleUrl>#2497</styleUrl>
                <Polygon id="2491">
                    <outerBoundaryIs>
                        <LinearRing id="2495">
                            <coordinates>73.89784072293897,18.54230544256787,0.0 73.89784072293897,18.542035947982633,0.0 73.89837971210945,18.542035947982633,0.0 73.89837971210945,18.54230544256787,0.0 73.89784072293897,18.54230544256787,0.0</coordinates>
                        </LinearRing>
                    </outerBoundaryIs>
                </Polygon>
            </Placemark>
            <Placemark id="2501">
                <name>Class 1 - 52</name>
                <styleUrl>#2506</styleUrl>
                <Polygon id="2500">
                    <outerBoundaryIs>
                        <LinearRing id="2504">
                            <coordinates>73.87466418860869,18.541766453397397,0.0 73.87466418860869,18.54149695881216,0.0 73.87493368319393,18.54149695881216,0.0 73.87493368319393,18.541766453397397,0.0 73.87466418860869,18.541766453397397,0.0</coordinates>
                        </LinearRing>
                    </outerBoundaryIs>
                </Polygon>
            </Placemark>
            <Placemark id="2510">
                <name>Class 1 - 53</name>
                <styleUrl>#2515</styleUrl>
                <Polygon id="2509">
                    <outerBoundaryIs>
                        <LinearRing id="2513">
                            <coordinates>73.90134415254704,18.541766453397397,0.0 73.90134415254704,18.54149695881216,0.0 73.90215263630274,18.54149695881216,0.0 73.90215263630274,18.541766453397397,0.0 73.90134415254704,18.541766453397397,0.0</coordinates>
                        </LinearRing>
                    </outerBoundaryIs>
                </Polygon>
            </Placemark>
            <Placemark id="2519">
                <name>Class 1 - 54</name>
                <styleUrl>#2524</styleUrl>
                <Polygon id="2518">
                    <outerBoundaryIs>
                        <LinearRing id="2522">
                            <coordinates>73.90592556049604,18.541766453397397,0.0 73.90592556049604,18.54149695881216,0.0 73.90619505508128,18.54149695881216,0.0 73.90619505508128,18.541766453397397,0.0 73.90592556049604,18.541766453397397,0.0</coordinates>
                        </LinearRing>
                    </outerBoundaryIs>
                </Polygon>
            </Placemark>
            <Placemark id="2528">
                <name>Class 1 - 55</name>
                <styleUrl>#2533</styleUrl>
                <Polygon id="2527">
                    <outerBoundaryIs>
                        <LinearRing id="2531">
                            <coordinates>73.96359740173652,18.54473089383499,0.0 73.96359740173652,18.544461399249755,0.0 73.96332790715128,18.544461399249755,0.0 73.96332790715128,18.54419190466452,0.0 73.96413639090699,18.54419190466452,0.0 73.96413639090699,18.543922410079283,0.0 73.96467538007747,18.543922410079283,0.0 73.96467538007747,18.543652915494047,0.0 73.96521436924793,18.543652915494047,0.0 73.96521436924793,18.54338342090881,0.0 73.96548386383317,18.54338342090881,0.0 73.96548386383317,18.543113926323574,0.0 73.96575335841841,18.543113926323574,0.0 73.96575335841841,18.54284443173834,0.0 73.96683133675936,18.54284443173834,0.0 73.96683133675936,18.543113926323574,0.0 73.96710083134458,18.543113926323574,0.0 73.96710083134458,18.54284443173834,0.0 73.96737032592982,18.54284443173834,0.0 73.96737032592982,18.543113926323574,0.0 73.96817880968553,18.543113926323574,0.0 73.96817880968553,18.54284443173834,0.0 73.96844830427077,18.54284443173834,0.0 73.96844830427077,18.542574937153105,0.0 73.96898729344124,18.542574937153105,0.0 73.96898729344124,18.54230544256787,0.0 73.96979577719695,18.54230544256787,0.0 73.96979577719695,18.542574937153105,0.0 73.97006527178218,18.542574937153105,0.0 73.97006527178218,18.542035947982633,0.0 73.97033476636742,18.542035947982633,0.0 73.97033476636742,18.541766453397397,0.0 73.9708737555379,18.541766453397397,0.0 73.9708737555379,18.542035947982633,0.0 73.97141274470836,18.542035947982633,0.0 73.97141274470836,18.541766453397397,0.0 73.9716822392936,18.541766453397397,0.0 73.9716822392936,18.541227464226925,0.0 73.97276021763454,18.541227464226925,0.0 73.97276021763454,18.54149695881216,0.0 73.97302971221977,18.54149695881216,0.0 73.97302971221977,18.541766453397397,0.0 73.9724907230493,18.541766453397397,0.0 73.9724907230493,18.542035947982633,0.0 73.97222122846406,18.542035947982633,0.0 73.97222122846406,18.54230544256787,0.0 73.9716822392936,18.54230544256787,0.0 73.9716822392936,18.542574937153105,0.0 73.97114325012312,18.542574937153105,0.0 73.97114325012312,18.54284443173834,0.0 73.97060426095265,18.54284443173834,0.0 73.97060426095265,18.543113926323574,0.0 73.97006527178218,18.543113926323574,0.0 73.97006527178218,18.54338342090881,0.0 73.9679093151003,18.54338342090881,0.0 73.9679093151003,18.543652915494047,0.0 73.96683133675936,18.543652915494047,0.0 73.96683133675936,18.543922410079283,0.0 73.96602285300365,18.543922410079283,0.0 73.96602285300365,18.54419190466452,0.0 73.96575335841841,18.54419190466452,0.0 73.96575335841841,18.544461399249755,0.0 73.96413639090699,18.544461399249755,0.0 73.96413639090699,18.54473089383499,0.0 73.96359740173652,18.54473089383499,0.0</coordinates>
                        </LinearRing>
                    </outerBoundaryIs>
                </Polygon>
            </Placemark>
            <Placemark id="2537">
                <name>Class 1 - 56</name>
                <styleUrl>#2542</styleUrl>
                <Polygon id="2536">
                    <outerBoundaryIs>
                        <LinearRing id="2540">
                            <coordinates>73.9431158132586,18.543922410079283,0.0 73.9431158132586,18.543113926323574,0.0 73.94257682408812,18.543113926323574,0.0 73.94257682408812,18.542574937153105,0.0 73.94230732950288,18.542574937153105,0.0 73.94230732950288,18.542035947982633,0.0 73.94203783491766,18.542035947982633,0.0 73.94203783491766,18.541766453397397,0.0 73.94230732950288,18.541766453397397,0.0 73.94230732950288,18.541227464226925,0.0 73.94257682408812,18.541227464226925,0.0 73.94257682408812,18.54149695881216,0.0 73.94284631867336,18.54149695881216,0.0 73.94284631867336,18.541227464226925,0.0 73.9431158132586,18.541227464226925,0.0 73.9431158132586,18.542035947982633,0.0 73.94338530784383,18.542035947982633,0.0 73.94338530784383,18.542574937153105,0.0 73.94365480242907,18.542574937153105,0.0 73.94365480242907,18.54284443173834,0.0 73.9439242970143,18.54284443173834,0.0 73.9439242970143,18.543922410079283,0.0 73.9431158132586,18.543922410079283,0.0</coordinates>
                        </LinearRing>
                    </outerBoundaryIs>
                </Polygon>
            </Placemark>
            <Placemark id="2546">
                <name>Class 1 - 57</name>
                <styleUrl>#2551</styleUrl>
                <Polygon id="2545">
                    <outerBoundaryIs>
                        <LinearRing id="2549">
                            <coordinates>73.89999667962086,18.541766453397397,0.0 73.89999667962086,18.541227464226925,0.0 73.9002661742061,18.541227464226925,0.0 73.9002661742061,18.54149695881216,0.0 73.9010746579618,18.54149695881216,0.0 73.9010746579618,18.541766453397397,0.0 73.89999667962086,18.541766453397397,0.0</coordinates>
                        </LinearRing>
                    </outerBoundaryIs>
                </Polygon>
            </Placemark>
            <Placemark id="2555">
                <name>Class 1 - 58</name>
                <styleUrl>#2560</styleUrl>
                <Polygon id="2554">
                    <outerBoundaryIs>
                        <LinearRing id="2558">
                            <coordinates>73.87601166153486,18.54149695881216,0.0 73.87601166153486,18.541227464226925,0.0 73.87682014529058,18.541227464226925,0.0 73.87682014529058,18.54149695881216,0.0 73.87601166153486,18.54149695881216,0.0</coordinates>
                        </LinearRing>
                    </outerBoundaryIs>
                </Polygon>
            </Placemark>
            <Placemark id="2564">
                <name>Class 1 - 59</name>
                <styleUrl>#2569</styleUrl>
                <Polygon id="2563">
                    <outerBoundaryIs>
                        <LinearRing id="2567">
                            <coordinates>73.90619505508128,18.54149695881216,0.0 73.90619505508128,18.541227464226925,0.0 73.90673404425175,18.541227464226925,0.0 73.90673404425175,18.54149695881216,0.0 73.90619505508128,18.54149695881216,0.0</coordinates>
                        </LinearRing>
                    </outerBoundaryIs>
                </Polygon>
            </Placemark>
            <Placemark id="2573">
                <name>Class 1 - 60</name>
                <styleUrl>#2578</styleUrl>
                <Polygon id="2572">
                    <outerBoundaryIs>
                        <LinearRing id="2576">
                            <coordinates>73.87304722109727,18.541227464226925,0.0 73.87304722109727,18.54095796964169,0.0 73.8733167156825,18.54095796964169,0.0 73.8733167156825,18.541227464226925,0.0 73.87304722109727,18.541227464226925,0.0</coordinates>
                        </LinearRing>
                    </outerBoundaryIs>
                </Polygon>
            </Placemark>
            <Placemark id="2582">
                <name>Class 1 - 61</name>
                <styleUrl>#2587</styleUrl>
                <Polygon id="2581">
                    <outerBoundaryIs>
                        <LinearRing id="2585">
                            <coordinates>73.90889000093364,18.541227464226925,0.0 73.90889000093364,18.54095796964169,0.0 73.90915949551888,18.54095796964169,0.0 73.90915949551888,18.541227464226925,0.0 73.90889000093364,18.541227464226925,0.0</coordinates>
                        </LinearRing>
                    </outerBoundaryIs>
                </Polygon>
            </Placemark>
            <Placemark id="2591">
                <name>Class 1 - 62</name>
                <styleUrl>#2596</styleUrl>
                <Polygon id="2590">
                    <outerBoundaryIs>
                        <LinearRing id="2594">
                            <coordinates>73.94203783491766,18.541227464226925,0.0 73.94203783491766,18.54095796964169,0.0 73.94230732950288,18.54095796964169,0.0 73.94230732950288,18.541227464226925,0.0 73.94203783491766,18.541227464226925,0.0</coordinates>
                        </LinearRing>
                    </outerBoundaryIs>
                </Polygon>
            </Placemark>
            <Placemark id="2600">
                <name>Class 1 - 63</name>
                <styleUrl>#2605</styleUrl>
                <Polygon id="2599">
                    <outerBoundaryIs>
                        <LinearRing id="2603">
                            <coordinates>73.87439469402345,18.54095796964169,0.0 73.87439469402345,18.540688475056452,0.0 73.87466418860869,18.540688475056452,0.0 73.87466418860869,18.54095796964169,0.0 73.87439469402345,18.54095796964169,0.0</coordinates>
                        </LinearRing>
                    </outerBoundaryIs>
                </Polygon>
            </Placemark>
            <Placemark id="2609">
                <name>Class 1 - 64</name>
                <styleUrl>#2614</styleUrl>
                <Polygon id="2608">
                    <outerBoundaryIs>
                        <LinearRing id="2612">
                            <coordinates>73.90619505508128,18.54095796964169,0.0 73.90619505508128,18.540688475056452,0.0 73.90727303342223,18.540688475056452,0.0 73.90727303342223,18.54095796964169,0.0 73.90619505508128,18.54095796964169,0.0</coordinates>
                        </LinearRing>
                    </outerBoundaryIs>
                </Polygon>
            </Placemark>
            <Placemark id="2618">
                <name>Class 1 - 65</name>
                <styleUrl>#2623</styleUrl>
                <Polygon id="2617">
                    <outerBoundaryIs>
                        <LinearRing id="2621">
                            <coordinates>73.8716997481711,18.540688475056452,0.0 73.8716997481711,18.540418980471216,0.0 73.87223873734156,18.540418980471216,0.0 73.87223873734156,18.540688475056452,0.0 73.8716997481711,18.540688475056452,0.0</coordinates>
                        </LinearRing>
                    </outerBoundaryIs>
                </Polygon>
            </Placemark>
            <Placemark id="2627">
                <name>Class 1 - 66</name>
                <styleUrl>#2632</styleUrl>
                <Polygon id="2626">
                    <outerBoundaryIs>
                        <LinearRing id="2630">
                            <coordinates>73.90915949551888,18.540688475056452,0.0 73.90915949551888,18.540418980471216,0.0 73.90942899010412,18.540418980471216,0.0 73.90942899010412,18.540688475056452,0.0 73.90915949551888,18.540688475056452,0.0</coordinates>
                        </LinearRing>
                    </outerBoundaryIs>
                </Polygon>
            </Placemark>
            <Placemark id="2636">
                <name>Class 1 - 67</name>
                <styleUrl>#2641</styleUrl>
                <Polygon id="2635">
                    <outerBoundaryIs>
                        <LinearRing id="2639">
                            <coordinates>73.91185444137123,18.540418980471216,0.0 73.91185444137123,18.54014948588598,0.0 73.91320191429742,18.54014948588598,0.0 73.91320191429742,18.540418980471216,0.0 73.91185444137123,18.540418980471216,0.0</coordinates>
                        </LinearRing>
                    </outerBoundaryIs>
                </Polygon>
            </Placemark>
            <Placemark id="2645">
                <name>Class 1 - 68</name>
                <styleUrl>#2650</styleUrl>
                <Polygon id="2644">
                    <outerBoundaryIs>
                        <LinearRing id="2648">
                            <coordinates>73.91347140888266,18.540418980471216,0.0 73.91347140888266,18.54014948588598,0.0 73.91374090346788,18.54014948588598,0.0 73.91374090346788,18.540418980471216,0.0 73.91347140888266,18.540418980471216,0.0</coordinates>
                        </LinearRing>
                    </outerBoundaryIs>
                </Polygon>
            </Placemark>
            <Placemark id="2654">
                <name>Class 1 - 69</name>
                <styleUrl>#2659</styleUrl>
                <Polygon id="2653">
                    <outerBoundaryIs>
                        <LinearRing id="2657">
                            <coordinates>73.86981328607445,18.54014948588598,0.0 73.86981328607445,18.539879991300747,0.0 73.87008278065967,18.539879991300747,0.0 73.87008278065967,18.54014948588598,0.0 73.86981328607445,18.54014948588598,0.0</coordinates>
                        </LinearRing>
                    </outerBoundaryIs>
                </Polygon>
            </Placemark>
            <Placemark id="2663">
                <name>Class 1 - 70</name>
                <styleUrl>#2668</styleUrl>
                <Polygon id="2662">
                    <outerBoundaryIs>
                        <LinearRing id="2666">
                            <coordinates>73.86900480231874,18.539879991300747,0.0 73.86900480231874,18.53961049671551,0.0 73.8695437914892,18.53961049671551,0.0 73.8695437914892,18.539879991300747,0.0 73.86900480231874,18.539879991300747,0.0</coordinates>
                        </LinearRing>
                    </outerBoundaryIs>
                </Polygon>
            </Placemark>
            <Placemark id="2672">
                <name>Class 1 - 71</name>
                <styleUrl>#2677</styleUrl>
                <Polygon id="2671">
                    <outerBoundaryIs>
                        <LinearRing id="2675">
                            <coordinates>73.87035227524491,18.54014948588598,0.0 73.87035227524491,18.539879991300747,0.0 73.87008278065967,18.539879991300747,0.0 73.87008278065967,18.53961049671551,0.0 73.87089126441539,18.53961049671551,0.0 73.87089126441539,18.54014948588598,0.0 73.87035227524491,18.54014948588598,0.0</coordinates>
                        </LinearRing>
                    </outerBoundaryIs>
                </Polygon>
            </Placemark>
            <Placemark id="2681">
                <name>Class 1 - 72</name>
                <styleUrl>#2686</styleUrl>
                <Polygon id="2680">
                    <outerBoundaryIs>
                        <LinearRing id="2684">
                            <coordinates>73.87143025358586,18.539879991300747,0.0 73.87143025358586,18.53961049671551,0.0 73.8716997481711,18.53961049671551,0.0 73.8716997481711,18.539879991300747,0.0 73.87143025358586,18.539879991300747,0.0</coordinates>
                        </LinearRing>
                    </outerBoundaryIs>
                </Polygon>
            </Placemark>
            <Placemark id="2690">
                <name>Class 1 - 73</name>
                <styleUrl>#2695</styleUrl>
                <Polygon id="2689">
                    <outerBoundaryIs>
                        <LinearRing id="2693">
                            <coordinates>73.86765732939256,18.53961049671551,0.0 73.86765732939256,18.539341002130275,0.0 73.8687353077335,18.539341002130275,0.0 73.8687353077335,18.53961049671551,0.0 73.86765732939256,18.53961049671551,0.0</coordinates>
                        </LinearRing>
                    </outerBoundaryIs>
                </Polygon>
            </Placemark>
            <Placemark id="2699">
                <name>Class 1 - 74</name>
                <styleUrl>#2704</styleUrl>
                <Polygon id="2698">
                    <outerBoundaryIs>
                        <LinearRing id="2702">
                            <coordinates>73.8695437914892,18.53961049671551,0.0 73.8695437914892,18.539341002130275,0.0 73.86981328607445,18.539341002130275,0.0 73.86981328607445,18.53961049671551,0.0 73.8695437914892,18.53961049671551,0.0</coordinates>
                        </LinearRing>
                    </outerBoundaryIs>
                </Polygon>
            </Placemark>
            <Placemark id="2708">
                <name>Class 1 - 75</name>
                <styleUrl>#2713</styleUrl>
                <Polygon id="2707">
                    <outerBoundaryIs>
                        <LinearRing id="2711">
                            <coordinates>73.91427989263836,18.539879991300747,0.0 73.91427989263836,18.53961049671551,0.0 73.91401039805312,18.53961049671551,0.0 73.91401039805312,18.539341002130275,0.0 73.9145493872236,18.539341002130275,0.0 73.9145493872236,18.53961049671551,0.0 73.91508837639407,18.53961049671551,0.0 73.91508837639407,18.539879991300747,0.0 73.91427989263836,18.539879991300747,0.0</coordinates>
                        </LinearRing>
                    </outerBoundaryIs>
                </Polygon>
            </Placemark>
            <Placemark id="2717">
                <name>Class 1 - 76</name>
                <styleUrl>#2722</styleUrl>
                <Polygon id="2716">
                    <outerBoundaryIs>
                        <LinearRing id="2720">
                            <coordinates>73.91508837639407,18.53961049671551,0.0 73.91508837639407,18.539341002130275,0.0 73.91562736556453,18.539341002130275,0.0 73.91562736556453,18.53961049671551,0.0 73.91508837639407,18.53961049671551,0.0</coordinates>
                        </LinearRing>
                    </outerBoundaryIs>
                </Polygon>
            </Placemark>
            <Placemark id="2726">
                <name>Class 1 - 77</name>
                <styleUrl>#2731</styleUrl>
                <Polygon id="2725">
                    <outerBoundaryIs>
                        <LinearRing id="2729">
                            <coordinates>73.97302971221977,18.541227464226925,0.0 73.97302971221977,18.54095796964169,0.0 73.97276021763454,18.54095796964169,0.0 73.97276021763454,18.540688475056452,0.0 73.97302971221977,18.540688475056452,0.0 73.97302971221977,18.540418980471216,0.0 73.97329920680501,18.540418980471216,0.0 73.97329920680501,18.539879991300747,0.0 73.97356870139025,18.539879991300747,0.0 73.97356870139025,18.539341002130275,0.0 73.97383819597549,18.539341002130275,0.0 73.97383819597549,18.53961049671551,0.0 73.97410769056071,18.53961049671551,0.0 73.97410769056071,18.539341002130275,0.0 73.97437718514595,18.539341002130275,0.0 73.97437718514595,18.53907150754504,0.0 73.9746466797312,18.53907150754504,0.0 73.9746466797312,18.53961049671551,0.0 73.97437718514595,18.53961049671551,0.0 73.97437718514595,18.539879991300747,0.0 73.97410769056071,18.539879991300747,0.0 73.97410769056071,18.54014948588598,0.0 73.97383819597549,18.54014948588598,0.0 73.97383819597549,18.540418980471216,0.0 73.97356870139025,18.540418980471216,0.0 73.97356870139025,18.540688475056452,0.0 73.97329920680501,18.540688475056452,0.0 73.97329920680501,18.541227464226925,0.0 73.97302971221977,18.541227464226925,0.0</coordinates>
                        </LinearRing>
                    </outerBoundaryIs>
                </Polygon>
            </Placemark>
            <Placemark id="2735">
                <name>Class 1 - 78</name>
                <styleUrl>#2740</styleUrl>
                <Polygon id="2734">
                    <outerBoundaryIs>
                        <LinearRing id="2738">
                            <coordinates>73.86738783480732,18.539341002130275,0.0 73.86738783480732,18.53907150754504,0.0 73.86765732939256,18.53907150754504,0.0 73.86765732939256,18.539341002130275,0.0 73.86738783480732,18.539341002130275,0.0</coordinates>
                        </LinearRing>
                    </outerBoundaryIs>
                </Polygon>
            </Placemark>
            <Placemark id="2744">
                <name>Class 1 - 79</name>
                <styleUrl>#2749</styleUrl>
                <Polygon id="2743">
                    <outerBoundaryIs>
                        <LinearRing id="2747">
                            <coordinates>73.8687353077335,18.539341002130275,0.0 73.8687353077335,18.53907150754504,0.0 73.86927429690397,18.53907150754504,0.0 73.86927429690397,18.539341002130275,0.0 73.8687353077335,18.539341002130275,0.0</coordinates>
                        </LinearRing>
                    </outerBoundaryIs>
                </Polygon>
            </Placemark>
            <Placemark id="2753">
                <name>Class 1 - 80</name>
                <styleUrl>#2758</styleUrl>
                <Polygon id="2752">
                    <outerBoundaryIs>
                        <LinearRing id="2756">
                            <coordinates>73.91697483849072,18.539341002130275,0.0 73.91697483849072,18.53907150754504,0.0 73.91724433307596,18.53907150754504,0.0 73.91724433307596,18.539341002130275,0.0 73.91697483849072,18.539341002130275,0.0</coordinates>
                        </LinearRing>
                    </outerBoundaryIs>
                </Polygon>
            </Placemark>
            <Placemark id="2762">
                <name>Class 1 - 81</name>
                <styleUrl>#2767</styleUrl>
                <Polygon id="2761">
                    <outerBoundaryIs>
                        <LinearRing id="2765">
                            <coordinates>73.9175138276612,18.539341002130275,0.0 73.9175138276612,18.538802012959803,0.0 73.91993927892831,18.538802012959803,0.0 73.91993927892831,18.53907150754504,0.0 73.91859180600213,18.53907150754504,0.0 73.91859180600213,18.539341002130275,0.0 73.9175138276612,18.539341002130275,0.0</coordinates>
                        </LinearRing>
                    </outerBoundaryIs>
                </Polygon>
            </Placemark>
            <Placemark id="2771">
                <name>Class 1 - 82</name>
                <styleUrl>#2776</styleUrl>
                <Polygon id="2770">
                    <outerBoundaryIs>
                        <LinearRing id="2774">
                            <coordinates>73.92452068687732,18.53907150754504,0.0 73.92452068687732,18.538802012959803,0.0 73.92479018146255,18.538802012959803,0.0 73.92479018146255,18.53907150754504,0.0 73.92452068687732,18.53907150754504,0.0</coordinates>
                        </LinearRing>
                    </outerBoundaryIs>
                </Polygon>
            </Placemark>
            <Placemark id="2780">
                <name>Class 1 - 83</name>
                <styleUrl>#2785</styleUrl>
                <Polygon id="2779">
                    <outerBoundaryIs>
                        <LinearRing id="2783">
                            <coordinates>73.9746466797312,18.53907150754504,0.0 73.9746466797312,18.538802012959803,0.0 73.97491617431643,18.538802012959803,0.0 73.97491617431643,18.53907150754504,0.0 73.9746466797312,18.53907150754504,0.0</coordinates>
                        </LinearRing>
                    </outerBoundaryIs>
                </Polygon>
            </Placemark>
            <Placemark id="2789">
                <name>Class 1 - 84</name>
                <styleUrl>#2794</styleUrl>
                <Polygon id="2788">
                    <outerBoundaryIs>
                        <LinearRing id="2792">
                            <coordinates>73.97383819597549,18.539341002130275,0.0 73.97383819597549,18.538532518374566,0.0 73.97410769056071,18.538532518374566,0.0 73.97410769056071,18.539341002130275,0.0 73.97383819597549,18.539341002130275,0.0</coordinates>
                        </LinearRing>
                    </outerBoundaryIs>
                </Polygon>
            </Placemark>
            <Placemark id="2798">
                <name>Class 1 - 85</name>
                <styleUrl>#2803</styleUrl>
                <Polygon id="2797">
                    <outerBoundaryIs>
                        <LinearRing id="2801">
                            <coordinates>73.86657935105161,18.53907150754504,0.0 73.86657935105161,18.538802012959803,0.0 73.86684884563685,18.538802012959803,0.0 73.86684884563685,18.538532518374566,0.0 73.8679268239778,18.538532518374566,0.0 73.8679268239778,18.538802012959803,0.0 73.86711834022208,18.538802012959803,0.0 73.86711834022208,18.53907150754504,0.0 73.86657935105161,18.53907150754504,0.0</coordinates>
                        </LinearRing>
                    </outerBoundaryIs>
                </Polygon>
            </Placemark>
            <Placemark id="2807">
                <name>Class 1 - 86</name>
                <styleUrl>#2812</styleUrl>
                <Polygon id="2806">
                    <outerBoundaryIs>
                        <LinearRing id="2810">
                            <coordinates>73.86630985646637,18.538802012959803,0.0 73.86630985646637,18.538532518374566,0.0 73.86657935105161,18.538532518374566,0.0 73.86657935105161,18.538802012959803,0.0 73.86630985646637,18.538802012959803,0.0</coordinates>
                        </LinearRing>
                    </outerBoundaryIs>
                </Polygon>
            </Placemark>
            <Placemark id="2816">
                <name>Class 1 - 87</name>
                <styleUrl>#2821</styleUrl>
                <Polygon id="2815">
                    <outerBoundaryIs>
                        <LinearRing id="2819">
                            <coordinates>73.92074776268402,18.538802012959803,0.0 73.92074776268402,18.538532518374566,0.0 73.92101725726926,18.538532518374566,0.0 73.92101725726926,18.538802012959803,0.0 73.92074776268402,18.538802012959803,0.0</coordinates>
                        </LinearRing>
                    </outerBoundaryIs>
                </Polygon>
            </Placemark>
            <Placemark id="2825">
                <name>Class 1 - 88</name>
                <styleUrl>#2830</styleUrl>
                <Polygon id="2824">
                    <outerBoundaryIs>
                        <LinearRing id="2828">
                            <coordinates>73.92155624643972,18.538802012959803,0.0 73.92155624643972,18.538532518374566,0.0 73.92182574102496,18.538532518374566,0.0 73.92182574102496,18.538802012959803,0.0 73.92155624643972,18.538802012959803,0.0</coordinates>
                        </LinearRing>
                    </outerBoundaryIs>
                </Polygon>
            </Placemark>
            <Placemark id="2834">
                <name>Class 1 - 89</name>
                <styleUrl>#2839</styleUrl>
                <Polygon id="2833">
                    <outerBoundaryIs>
                        <LinearRing id="2837">
                            <coordinates>73.9220952356102,18.538802012959803,0.0 73.9220952356102,18.538532518374566,0.0 73.92263422478067,18.538532518374566,0.0 73.92263422478067,18.538802012959803,0.0 73.9220952356102,18.538802012959803,0.0</coordinates>
                        </LinearRing>
                    </outerBoundaryIs>
                </Polygon>
            </Placemark>
            <Placemark id="2843">
                <name>Class 1 - 90</name>
                <styleUrl>#2848</styleUrl>
                <Polygon id="2842">
                    <outerBoundaryIs>
                        <LinearRing id="2846">
                            <coordinates>73.86604036188115,18.538532518374566,0.0 73.86604036188115,18.53826302378933,0.0 73.86630985646637,18.53826302378933,0.0 73.86630985646637,18.538532518374566,0.0 73.86604036188115,18.538532518374566,0.0</coordinates>
                        </LinearRing>
                    </outerBoundaryIs>
                </Polygon>
            </Placemark>
            <Placemark id="2852">
                <name>Class 1 - 91</name>
                <styleUrl>#2857</styleUrl>
                <Polygon id="2851">
                    <outerBoundaryIs>
                        <LinearRing id="2855">
                            <coordinates>73.92074776268402,18.539341002130275,0.0 73.92074776268402,18.53907150754504,0.0 73.92344270853638,18.53907150754504,0.0 73.92344270853638,18.538532518374566,0.0 73.92317321395115,18.538532518374566,0.0 73.92317321395115,18.53826302378933,0.0 73.92398169770685,18.53826302378933,0.0 73.92398169770685,18.538532518374566,0.0 73.92371220312161,18.538532518374566,0.0 73.92371220312161,18.53907150754504,0.0 73.92398169770685,18.53907150754504,0.0 73.92398169770685,18.539341002130275,0.0 73.92074776268402,18.539341002130275,0.0</coordinates>
                        </LinearRing>
                    </outerBoundaryIs>
                </Polygon>
            </Placemark>
            <Placemark id="2861">
                <name>Class 1 - 92</name>
                <styleUrl>#2866</styleUrl>
                <Polygon id="2860">
                    <outerBoundaryIs>
                        <LinearRing id="2864">
                            <coordinates>73.97410769056071,18.538532518374566,0.0 73.97410769056071,18.53826302378933,0.0 73.97437718514595,18.53826302378933,0.0 73.97437718514595,18.538532518374566,0.0 73.97410769056071,18.538532518374566,0.0</coordinates>
                        </LinearRing>
                    </outerBoundaryIs>
                </Polygon>
            </Placemark>
            <Placemark id="2870">
                <name>Class 1 - 93</name>
                <styleUrl>#2875</styleUrl>
                <Polygon id="2869">
                    <outerBoundaryIs>
                        <LinearRing id="2873">
                            <coordinates>73.92559866521826,18.538802012959803,0.0 73.92559866521826,18.538532518374566,0.0 73.92640714897398,18.538532518374566,0.0 73.92640714897398,18.53826302378933,0.0 73.9266766435592,18.53826302378933,0.0 73.9266766435592,18.537993529204094,0.0 73.92694613814444,18.537993529204094,0.0 73.92694613814444,18.53826302378933,0.0 73.92721563272968,18.53826302378933,0.0 73.92721563272968,18.538532518374566,0.0 73.9266766435592,18.538532518374566,0.0 73.9266766435592,18.538802012959803,0.0 73.92559866521826,18.538802012959803,0.0</coordinates>
                        </LinearRing>
                    </outerBoundaryIs>
                </Polygon>
            </Placemark>
            <Placemark id="2879">
                <name>Class 1 - 94</name>
                <styleUrl>#2884</styleUrl>
                <Polygon id="2878">
                    <outerBoundaryIs>
                        <LinearRing id="2882">
                            <coordinates>73.94149884574718,18.54095796964169,0.0 73.94149884574718,18.540418980471216,0.0 73.94122935116195,18.540418980471216,0.0 73.94122935116195,18.53961049671551,0.0 73.94095985657671,18.53961049671551,0.0 73.94095985657671,18.539341002130275,0.0 73.94069036199147,18.539341002130275,0.0 73.94069036199147,18.538532518374566,0.0 73.94042086740623,18.538532518374566,0.0 73.94042086740623,18.53826302378933,0.0 73.94069036199147,18.53826302378933,0.0 73.94069036199147,18.537993529204094,0.0 73.94095985657671,18.537993529204094,0.0 73.94095985657671,18.538532518374566,0.0 73.94122935116195,18.538532518374566,0.0 73.94122935116195,18.538802012959803,0.0 73.94149884574718,18.538802012959803,0.0 73.94149884574718,18.538532518374566,0.0 73.94176834033242,18.538532518374566,0.0 73.94176834033242,18.538802012959803,0.0 73.94203783491766,18.538802012959803,0.0 73.94203783491766,18.539341002130275,0.0 73.94176834033242,18.539341002130275,0.0 73.94176834033242,18.539879991300747,0.0 73.94203783491766,18.539879991300747,0.0 73.94203783491766,18.53961049671551,0.0 73.94230732950288,18.53961049671551,0.0 73.94230732950288,18.54014948588598,0.0 73.94257682408812,18.54014948588598,0.0 73.94257682408812,18.540688475056452,0.0 73.94176834033242,18.540688475056452,0.0 73.94176834033242,18.54095796964169,0.0 73.94149884574718,18.54095796964169,0.0</coordinates>
                        </LinearRing>
                    </outerBoundaryIs>
                </Polygon>
            </Placemark>
            <Placemark id="2888">
                <name>Class 1 - 95</name>
                <styleUrl>#2893</styleUrl>
                <Polygon id="2887">
                    <outerBoundaryIs>
                        <LinearRing id="2891">
                            <coordinates>73.94122935116195,18.538532518374566,0.0 73.94122935116195,18.537993529204094,0.0 73.94149884574718,18.537993529204094,0.0 73.94149884574718,18.538532518374566,0.0 73.94122935116195,18.538532518374566,0.0</coordinates>
                        </LinearRing>
                    </outerBoundaryIs>
                </Polygon>
            </Placemark>
            <Placemark id="2897">
                <name>Class 1 - 96</name>
                <styleUrl>#2902</styleUrl>
                <Polygon id="2896">
                    <outerBoundaryIs>
                        <LinearRing id="2900">
                            <coordinates>73.86630985646637,18.53826302378933,0.0 73.86630985646637,18.537993529204094,0.0 73.86657935105161,18.537993529204094,0.0 73.86657935105161,18.53826302378933,0.0 73.86630985646637,18.53826302378933,0.0</coordinates>
                        </LinearRing>
                    </outerBoundaryIs>
                </Polygon>
            </Placemark>
            <Placemark id="2906">
                <name>Class 1 - 97</name>
                <styleUrl>#2911</styleUrl>
                <Polygon id="2905">
                    <outerBoundaryIs>
                        <LinearRing id="2909">
                            <coordinates>73.92479018146255,18.53826302378933,0.0 73.92479018146255,18.537993529204094,0.0 73.9250596760478,18.537993529204094,0.0 73.9250596760478,18.53826302378933,0.0 73.92479018146255,18.53826302378933,0.0</coordinates>
                        </LinearRing>
                    </outerBoundaryIs>
                </Polygon>
            </Placemark>
            <Placemark id="2915">
                <name>Class 1 - 98</name>
                <styleUrl>#2920</styleUrl>
                <Polygon id="2914">
                    <outerBoundaryIs>
                        <LinearRing id="2918">
                            <coordinates>73.92559866521826,18.53826302378933,0.0 73.92559866521826,18.537993529204094,0.0 73.9258681598035,18.537993529204094,0.0 73.9258681598035,18.53826302378933,0.0 73.92559866521826,18.53826302378933,0.0</coordinates>
                        </LinearRing>
                    </outerBoundaryIs>
                </Polygon>
            </Placemark>
            <Placemark id="2924">
                <name>Class 1 - 99</name>
                <styleUrl>#2929</styleUrl>
                <Polygon id="2923">
                    <outerBoundaryIs>
                        <LinearRing id="2927">
                            <coordinates>73.97437718514595,18.53826302378933,0.0 73.97437718514595,18.537724034618858,0.0 73.9746466797312,18.537724034618858,0.0 73.9746466797312,18.53826302378933,0.0 73.97437718514595,18.53826302378933,0.0</coordinates>
                        </LinearRing>
                    </outerBoundaryIs>
                </Polygon>
            </Placemark>
            <Placemark id="2933">
                <name>Class 1 - 100</name>
                <styleUrl>#2938</styleUrl>
                <Polygon id="2932">
                    <outerBoundaryIs>
                        <LinearRing id="2936">
                            <coordinates>73.92613765438874,18.537993529204094,0.0 73.92613765438874,18.537724034618858,0.0 73.92640714897398,18.537724034618858,0.0 73.92640714897398,18.537993529204094,0.0 73.92613765438874,18.537993529204094,0.0</coordinates>
                        </LinearRing>
                    </outerBoundaryIs>
                </Polygon>
            </Placemark>
            <Placemark id="2942">
                <name>Class 1 - 101</name>
                <styleUrl>#2947</styleUrl>
                <Polygon id="2941">
                    <outerBoundaryIs>
                        <LinearRing id="2945">
                            <coordinates>73.92856310565585,18.537993529204094,0.0 73.92856310565585,18.537724034618858,0.0 73.92937158941157,18.537724034618858,0.0 73.92937158941157,18.537993529204094,0.0 73.92856310565585,18.537993529204094,0.0</coordinates>
                        </LinearRing>
                    </outerBoundaryIs>
                </Polygon>
            </Placemark>
            <Placemark id="2951">
                <name>Class 1 - 102</name>
                <styleUrl>#2956</styleUrl>
                <Polygon id="2950">
                    <outerBoundaryIs>
                        <LinearRing id="2954">
                            <coordinates>73.86577086729591,18.53826302378933,0.0 73.86577086729591,18.53745454003362,0.0 73.86604036188115,18.53745454003362,0.0 73.86604036188115,18.537724034618858,0.0 73.86630985646637,18.537724034618858,0.0 73.86630985646637,18.537993529204094,0.0 73.86604036188115,18.537993529204094,0.0 73.86604036188115,18.53826302378933,0.0 73.86577086729591,18.53826302378933,0.0</coordinates>
                        </LinearRing>
                    </outerBoundaryIs>
                </Polygon>
            </Placemark>
            <Placemark id="2960">
                <name>Class 1 - 103</name>
                <styleUrl>#2965</styleUrl>
                <Polygon id="2959">
                    <outerBoundaryIs>
                        <LinearRing id="2963">
                            <coordinates>73.94095985657671,18.537993529204094,0.0 73.94095985657671,18.53745454003362,0.0 73.94122935116195,18.53745454003362,0.0 73.94122935116195,18.537993529204094,0.0 73.94095985657671,18.537993529204094,0.0</coordinates>
                        </LinearRing>
                    </outerBoundaryIs>
                </Polygon>
            </Placemark>
            <Placemark id="2969">
                <name>Class 1 - 104</name>
                <styleUrl>#2974</styleUrl>
                <Polygon id="2968">
                    <outerBoundaryIs>
                        <LinearRing id="2972">
                            <coordinates>73.86469288895496,18.537724034618858,0.0 73.86469288895496,18.53745454003362,0.0 73.8649623835402,18.53745454003362,0.0 73.8649623835402,18.537724034618858,0.0 73.86469288895496,18.537724034618858,0.0</coordinates>
                        </LinearRing>
                    </outerBoundaryIs>
                </Polygon>
            </Placemark>
            <Placemark id="2978">
                <name>Class 1 - 105</name>
                <styleUrl>#2983</styleUrl>
                <Polygon id="2977">
                    <outerBoundaryIs>
                        <LinearRing id="2981">
                            <coordinates>73.92748512731491,18.53826302378933,0.0 73.92748512731491,18.537724034618858,0.0 73.92721563272968,18.537724034618858,0.0 73.92721563272968,18.53745454003362,0.0 73.92775462190015,18.53745454003362,0.0 73.92775462190015,18.537993529204094,0.0 73.92802411648539,18.537993529204094,0.0 73.92802411648539,18.53826302378933,0.0 73.92748512731491,18.53826302378933,0.0</coordinates>
                        </LinearRing>
                    </outerBoundaryIs>
                </Polygon>
            </Placemark>
            <Placemark id="2987">
                <name>Class 1 - 106</name>
                <styleUrl>#2992</styleUrl>
                <Polygon id="2986">
                    <outerBoundaryIs>
                        <LinearRing id="2990">
                            <coordinates>73.86523187812543,18.53745454003362,0.0 73.86523187812543,18.537185045448386,0.0 73.86577086729591,18.537185045448386,0.0 73.86577086729591,18.53745454003362,0.0 73.86523187812543,18.53745454003362,0.0</coordinates>
                        </LinearRing>
                    </outerBoundaryIs>
                </Polygon>
            </Placemark>
            <Placemark id="2996">
                <name>Class 1 - 107</name>
                <styleUrl>#3001</styleUrl>
                <Polygon id="2995">
                    <outerBoundaryIs>
                        <LinearRing id="2999">
                            <coordinates>73.92802411648539,18.53745454003362,0.0 73.92802411648539,18.537185045448386,0.0 73.92856310565585,18.537185045448386,0.0 73.92856310565585,18.53745454003362,0.0 73.92802411648539,18.53745454003362,0.0</coordinates>
                        </LinearRing>
                    </outerBoundaryIs>
                </Polygon>
            </Placemark>
            <Placemark id="3005">
                <name>Class 1 - 108</name>
                <styleUrl>#3010</styleUrl>
                <Polygon id="3004">
                    <outerBoundaryIs>
                        <LinearRing id="3008">
                            <coordinates>73.93018007316728,18.53745454003362,0.0 73.93018007316728,18.537185045448386,0.0 73.9304495677525,18.537185045448386,0.0 73.9304495677525,18.53745454003362,0.0 73.93018007316728,18.53745454003362,0.0</coordinates>
                        </LinearRing>
                    </outerBoundaryIs>
                </Polygon>
            </Placemark>
            <Placemark id="3014">
                <name>Class 1 - 109</name>
                <styleUrl>#3019</styleUrl>
                <Polygon id="3013">
                    <outerBoundaryIs>
                        <LinearRing id="3017">
                            <coordinates>73.940151372821,18.53826302378933,0.0 73.940151372821,18.53745454003362,0.0 73.93961238365053,18.53745454003362,0.0 73.93961238365053,18.53691555086315,0.0 73.93988187823577,18.53691555086315,0.0 73.93988187823577,18.537185045448386,0.0 73.94042086740623,18.537185045448386,0.0 73.94042086740623,18.537724034618858,0.0 73.94069036199147,18.537724034618858,0.0 73.94069036199147,18.537993529204094,0.0 73.94042086740623,18.537993529204094,0.0 73.94042086740623,18.53826302378933,0.0 73.940151372821,18.53826302378933,0.0</coordinates>
                        </LinearRing>
                    </outerBoundaryIs>
                </Polygon>
            </Placemark>
            <Placemark id="3023">
                <name>Class 1 - 110</name>
                <styleUrl>#3028</styleUrl>
                <Polygon id="3022">
                    <outerBoundaryIs>
                        <LinearRing id="3026">
                            <coordinates>73.9288326002411,18.537185045448386,0.0 73.9288326002411,18.53691555086315,0.0 73.92910209482633,18.53691555086315,0.0 73.92910209482633,18.537185045448386,0.0 73.9288326002411,18.537185045448386,0.0</coordinates>
                        </LinearRing>
                    </outerBoundaryIs>
                </Polygon>
            </Placemark>
            <Placemark id="3032">
                <name>Class 1 - 111</name>
                <styleUrl>#3037</styleUrl>
                <Polygon id="3031">
                    <outerBoundaryIs>
                        <LinearRing id="3035">
                            <coordinates>73.92937158941157,18.537185045448386,0.0 73.92937158941157,18.53691555086315,0.0 73.9296410839968,18.53691555086315,0.0 73.9296410839968,18.537185045448386,0.0 73.92937158941157,18.537185045448386,0.0</coordinates>
                        </LinearRing>
                    </outerBoundaryIs>
                </Polygon>
            </Placemark>
            <Placemark id="3041">
                <name>Class 1 - 112</name>
                <styleUrl>#3046</styleUrl>
                <Polygon id="3040">
                    <outerBoundaryIs>
                        <LinearRing id="3044">
                            <coordinates>73.93233602984917,18.53691555086315,0.0 73.93233602984917,18.536646056277917,0.0 73.93368350277534,18.536646056277917,0.0 73.93368350277534,18.53691555086315,0.0 73.93233602984917,18.53691555086315,0.0</coordinates>
                        </LinearRing>
                    </outerBoundaryIs>
                </Polygon>
            </Placemark>
            <Placemark id="3050">
                <name>Class 1 - 113</name>
                <styleUrl>#3055</styleUrl>
                <Polygon id="3049">
                    <outerBoundaryIs>
                        <LinearRing id="3053">
                            <coordinates>73.93880389989482,18.53691555086315,0.0 73.93880389989482,18.536646056277917,0.0 73.93934288906529,18.536646056277917,0.0 73.93934288906529,18.53691555086315,0.0 73.93880389989482,18.53691555086315,0.0</coordinates>
                        </LinearRing>
                    </outerBoundaryIs>
                </Polygon>
            </Placemark>
            <Placemark id="3059">
                <name>Class 1 - 114</name>
                <styleUrl>#3064</styleUrl>
                <Polygon id="3058">
                    <outerBoundaryIs>
                        <LinearRing id="3062">
                            <coordinates>73.94042086740623,18.53691555086315,0.0 73.94042086740623,18.536646056277917,0.0 73.94069036199147,18.536646056277917,0.0 73.94069036199147,18.53691555086315,0.0 73.94042086740623,18.53691555086315,0.0</coordinates>
                        </LinearRing>
                    </outerBoundaryIs>
                </Polygon>
            </Placemark>
            <Placemark id="3068">
                <name>Class 1 - 115</name>
                <styleUrl>#3073</styleUrl>
                <Polygon id="3067">
                    <outerBoundaryIs>
                        <LinearRing id="3071">
                            <coordinates>73.92991057858204,18.536646056277917,0.0 73.92991057858204,18.53637656169268,0.0 73.9304495677525,18.53637656169268,0.0 73.9304495677525,18.536646056277917,0.0 73.92991057858204,18.536646056277917,0.0</coordinates>
                        </LinearRing>
                    </outerBoundaryIs>
                </Polygon>
            </Placemark>
            <Placemark id="3077">
                <name>Class 1 - 116</name>
                <styleUrl>#3082</styleUrl>
                <Polygon id="3076">
                    <outerBoundaryIs>
                        <LinearRing id="3080">
                            <coordinates>73.93098855692298,18.536646056277917,0.0 73.93098855692298,18.53637656169268,0.0 73.93125805150822,18.53637656169268,0.0 73.93125805150822,18.536646056277917,0.0 73.93098855692298,18.536646056277917,0.0</coordinates>
                        </LinearRing>
                    </outerBoundaryIs>
                </Polygon>
            </Placemark>
            <Placemark id="3086">
                <name>Class 1 - 117</name>
                <styleUrl>#3091</styleUrl>
                <Polygon id="3085">
                    <outerBoundaryIs>
                        <LinearRing id="3089">
                            <coordinates>73.93449198653104,18.536646056277917,0.0 73.93449198653104,18.53637656169268,0.0 73.93476148111628,18.53637656169268,0.0 73.93476148111628,18.536646056277917,0.0 73.93449198653104,18.536646056277917,0.0</coordinates>
                        </LinearRing>
                    </outerBoundaryIs>
                </Polygon>
            </Placemark>
            <Placemark id="3095">
                <name>Class 1 - 118</name>
                <styleUrl>#3100</styleUrl>
                <Polygon id="3094">
                    <outerBoundaryIs>
                        <LinearRing id="3098">
                            <coordinates>73.93530047028676,18.536646056277917,0.0 73.93530047028676,18.53637656169268,0.0 73.93556996487199,18.53637656169268,0.0 73.93556996487199,18.536646056277917,0.0 73.93530047028676,18.536646056277917,0.0</coordinates>
                        </LinearRing>
                    </outerBoundaryIs>
                </Polygon>
            </Placemark>
            <Placemark id="3104">
                <name>Class 1 - 119</name>
                <styleUrl>#3109</styleUrl>
                <Polygon id="3103">
                    <outerBoundaryIs>
                        <LinearRing id="3107">
                            <coordinates>73.93826491072436,18.536646056277917,0.0 73.93826491072436,18.53637656169268,0.0 73.93880389989482,18.53637656169268,0.0 73.93880389989482,18.536646056277917,0.0 73.93826491072436,18.536646056277917,0.0</coordinates>
                        </LinearRing>
                    </outerBoundaryIs>
                </Polygon>
            </Placemark>
            <Placemark id="3113">
                <name>Class 1 - 120</name>
                <styleUrl>#3118</styleUrl>
                <Polygon id="3112">
                    <outerBoundaryIs>
                        <LinearRing id="3116">
                            <coordinates>73.940151372821,18.536646056277917,0.0 73.940151372821,18.53637656169268,0.0 73.94042086740623,18.53637656169268,0.0 73.94042086740623,18.536646056277917,0.0 73.940151372821,18.536646056277917,0.0</coordinates>
                        </LinearRing>
                    </outerBoundaryIs>
                </Polygon>
            </Placemark>
            <Placemark id="3122">
                <name>Class 1 - 121</name>
                <styleUrl>#3127</styleUrl>
                <Polygon id="3121">
                    <outerBoundaryIs>
                        <LinearRing id="3125">
                            <coordinates>73.9746466797312,18.53745454003362,0.0 73.9746466797312,18.536107067107444,0.0 73.97491617431643,18.536107067107444,0.0 73.97491617431643,18.53745454003362,0.0 73.9746466797312,18.53745454003362,0.0</coordinates>
                        </LinearRing>
                    </outerBoundaryIs>
                </Polygon>
            </Placemark>
            <Placemark id="3131">
                <name>Class 1 - 122</name>
                <styleUrl>#3136</styleUrl>
                <Polygon id="3130">
                    <outerBoundaryIs>
                        <LinearRing id="3134">
                            <coordinates>73.93556996487199,18.53637656169268,0.0 73.93556996487199,18.536107067107444,0.0 73.93799541613912,18.536107067107444,0.0 73.93799541613912,18.53637656169268,0.0 73.93556996487199,18.53637656169268,0.0</coordinates>
                        </LinearRing>
                    </outerBoundaryIs>
                </Polygon>
            </Placemark>
            <Placemark id="3140">
                <name>Class 1 - 123</name>
                <styleUrl>#3145</styleUrl>
                <Polygon id="3139">
                    <outerBoundaryIs>
                        <LinearRing id="3143">
                            <coordinates>73.9326055244344,18.536107067107444,0.0 73.9326055244344,18.535837572522208,0.0 73.93314451360487,18.535837572522208,0.0 73.93314451360487,18.536107067107444,0.0 73.9326055244344,18.536107067107444,0.0</coordinates>
                        </LinearRing>
                    </outerBoundaryIs>
                </Polygon>
            </Placemark>
            <Placemark id="3149">
                <name>Class 1 - 124</name>
                <styleUrl>#3154</styleUrl>
                <Polygon id="3148">
                    <outerBoundaryIs>
                        <LinearRing id="3152">
                            <coordinates>73.93988187823577,18.53637656169268,0.0 73.93988187823577,18.536107067107444,0.0 73.93961238365053,18.536107067107444,0.0 73.93961238365053,18.535837572522208,0.0 73.940151372821,18.535837572522208,0.0 73.940151372821,18.53637656169268,0.0 73.93988187823577,18.53637656169268,0.0</coordinates>
                        </LinearRing>
                    </outerBoundaryIs>
                </Polygon>
            </Placemark>
            <Placemark id="3158">
                <name>Class 1 - 125</name>
                <styleUrl>#3163</styleUrl>
                <Polygon id="3157">
                    <outerBoundaryIs>
                        <LinearRing id="3161">
                            <coordinates>73.86415389978448,18.537185045448386,0.0 73.86415389978448,18.535568077936972,0.0 73.86442339436972,18.535568077936972,0.0 73.86442339436972,18.535837572522208,0.0 73.86469288895496,18.535837572522208,0.0 73.86469288895496,18.536646056277917,0.0 73.86523187812543,18.536646056277917,0.0 73.86523187812543,18.53691555086315,0.0 73.86442339436972,18.53691555086315,0.0 73.86442339436972,18.537185045448386,0.0 73.86415389978448,18.537185045448386,0.0</coordinates>
                        </LinearRing>
                    </outerBoundaryIs>
                </Polygon>
            </Placemark>
            <Placemark id="3167">
                <name>Class 1 - 126</name>
                <styleUrl>#3172</styleUrl>
                <Polygon id="3166">
                    <outerBoundaryIs>
                        <LinearRing id="3170">
                            <coordinates>73.93422249194582,18.536107067107444,0.0 73.93422249194582,18.535837572522208,0.0 73.93449198653104,18.535837572522208,0.0 73.93449198653104,18.535568077936972,0.0 73.93476148111628,18.535568077936972,0.0 73.93476148111628,18.536107067107444,0.0 73.93422249194582,18.536107067107444,0.0</coordinates>
                        </LinearRing>
                    </outerBoundaryIs>
                </Polygon>
            </Placemark>
            <Placemark id="3176">
                <name>Class 1 - 127</name>
                <styleUrl>#3181</styleUrl>
                <Polygon id="3175">
                    <outerBoundaryIs>
                        <LinearRing id="3179">
                            <coordinates>73.93934288906529,18.535837572522208,0.0 73.93934288906529,18.535568077936972,0.0 73.93961238365053,18.535568077936972,0.0 73.93961238365053,18.535837572522208,0.0 73.93934288906529,18.535837572522208,0.0</coordinates>
                        </LinearRing>
                    </outerBoundaryIs>
                </Polygon>
            </Placemark>
            <Placemark id="3185">
                <name>Class 1 - 128</name>
                <styleUrl>#3190</styleUrl>
                <Polygon id="3184">
                    <outerBoundaryIs>
                        <LinearRing id="3188">
                            <coordinates>73.86361491061402,18.535568077936972,0.0 73.86361491061402,18.535298583351736,0.0 73.86388440519926,18.535298583351736,0.0 73.86388440519926,18.535568077936972,0.0 73.86361491061402,18.535568077936972,0.0</coordinates>
                        </LinearRing>
                    </outerBoundaryIs>
                </Polygon>
            </Placemark>
            <Placemark id="3194">
                <name>Class 1 - 129</name>
                <styleUrl>#3199</styleUrl>
                <Polygon id="3193">
                    <outerBoundaryIs>
                        <LinearRing id="3197">
                            <coordinates>73.93476148111628,18.535568077936972,0.0 73.93476148111628,18.535298583351736,0.0 73.93503097570152,18.535298583351736,0.0 73.93503097570152,18.535568077936972,0.0 73.93476148111628,18.535568077936972,0.0</coordinates>
                        </LinearRing>
                    </outerBoundaryIs>
                </Polygon>
            </Placemark>
            <Placemark id="3203">
                <name>Class 1 - 130</name>
                <styleUrl>#3208</styleUrl>
                <Polygon id="3202">
                    <outerBoundaryIs>
                        <LinearRing id="3206">
                            <coordinates>73.93853440530958,18.535568077936972,0.0 73.93853440530958,18.535298583351736,0.0 73.93907339448006,18.535298583351736,0.0 73.93907339448006,18.535568077936972,0.0 73.93853440530958,18.535568077936972,0.0</coordinates>
                        </LinearRing>
                    </outerBoundaryIs>
                </Polygon>
            </Placemark>
            <Placemark id="3212">
                <name>Class 1 - 131</name>
                <styleUrl>#3217</styleUrl>
                <Polygon id="3211">
                    <outerBoundaryIs>
                        <LinearRing id="3215">
                            <coordinates>73.93691743779817,18.535298583351736,0.0 73.93691743779817,18.5350290887665,0.0 73.93745642696864,18.5350290887665,0.0 73.93745642696864,18.535298583351736,0.0 73.93691743779817,18.535298583351736,0.0</coordinates>
                        </LinearRing>
                    </outerBoundaryIs>
                </Polygon>
            </Placemark>
            <Placemark id="3221">
                <name>Class 1 - 132</name>
                <styleUrl>#3226</styleUrl>
                <Polygon id="3220">
                    <outerBoundaryIs>
                        <LinearRing id="3224">
                            <coordinates>73.93772592155388,18.535298583351736,0.0 73.93772592155388,18.5350290887665,0.0 73.93799541613912,18.5350290887665,0.0 73.93799541613912,18.535298583351736,0.0 73.93772592155388,18.535298583351736,0.0</coordinates>
                        </LinearRing>
                    </outerBoundaryIs>
                </Polygon>
            </Placemark>
            <Placemark id="3230">
                <name>Class 1 - 133</name>
                <styleUrl>#3235</styleUrl>
                <Polygon id="3229">
                    <outerBoundaryIs>
                        <LinearRing id="3233">
                            <coordinates>73.97572465807214,18.535298583351736,0.0 73.97572465807214,18.5350290887665,0.0 73.9762636472426,18.5350290887665,0.0 73.9762636472426,18.535298583351736,0.0 73.97572465807214,18.535298583351736,0.0</coordinates>
                        </LinearRing>
                    </outerBoundaryIs>
                </Polygon>
            </Placemark>
            <Placemark id="3239">
                <name>Class 1 - 134</name>
                <styleUrl>#3244</styleUrl>
                <Polygon id="3238">
                    <outerBoundaryIs>
                        <LinearRing id="3242">
                            <coordinates>73.97491617431643,18.538802012959803,0.0 73.97491617431643,18.537724034618858,0.0 73.97518566890166,18.537724034618858,0.0 73.97518566890166,18.536107067107444,0.0 73.97491617431643,18.536107067107444,0.0 73.97491617431643,18.535837572522208,0.0 73.97518566890166,18.535837572522208,0.0 73.97518566890166,18.534759594181264,0.0 73.9754551634869,18.534759594181264,0.0 73.9754551634869,18.535568077936972,0.0 73.97599415265736,18.535568077936972,0.0 73.97599415265736,18.535837572522208,0.0 73.97572465807214,18.535837572522208,0.0 73.97572465807214,18.53637656169268,0.0 73.9754551634869,18.53637656169268,0.0 73.9754551634869,18.537993529204094,0.0 73.97518566890166,18.537993529204094,0.0 73.97518566890166,18.538802012959803,0.0 73.97491617431643,18.538802012959803,0.0</coordinates>
                        </LinearRing>
                    </outerBoundaryIs>
                </Polygon>
            </Placemark>
            <Placemark id="3248">
                <name>Class 1 - 135</name>
                <styleUrl>#3253</styleUrl>
                <Polygon id="3247">
                    <outerBoundaryIs>
                        <LinearRing id="3251">
                            <coordinates>73.93556996487199,18.535298583351736,0.0 73.93556996487199,18.534759594181264,0.0 73.93610895404247,18.534759594181264,0.0 73.93610895404247,18.5350290887665,0.0 73.93583945945723,18.5350290887665,0.0 73.93583945945723,18.535298583351736,0.0 73.93556996487199,18.535298583351736,0.0</coordinates>
                        </LinearRing>
                    </outerBoundaryIs>
                </Polygon>
            </Placemark>
            <Placemark id="3257">
                <name>Class 1 - 136</name>
                <styleUrl>#3262</styleUrl>
                <Polygon id="3256">
                    <outerBoundaryIs>
                        <LinearRing id="3260">
                            <coordinates>73.86307592144355,18.5350290887665,0.0 73.86307592144355,18.534759594181264,0.0 73.86361491061402,18.534759594181264,0.0 73.86361491061402,18.5350290887665,0.0 73.86307592144355,18.5350290887665,0.0</coordinates>
                        </LinearRing>
                    </outerBoundaryIs>
                </Polygon>
            </Placemark>
            <Placemark id="3266">
                <name>Class 1 - 137</name>
                <styleUrl>#3271</styleUrl>
                <Polygon id="3265">
                    <outerBoundaryIs>
                        <LinearRing id="3269">
                            <coordinates>73.9754551634869,18.534759594181264,0.0 73.9754551634869,18.534490099596027,0.0 73.97572465807214,18.534490099596027,0.0 73.97572465807214,18.534759594181264,0.0 73.9754551634869,18.534759594181264,0.0</coordinates>
                        </LinearRing>
                    </outerBoundaryIs>
                </Polygon>
            </Placemark>
            <Placemark id="3275">
                <name>Class 1 - 138</name>
                <styleUrl>#3280</styleUrl>
                <Polygon id="3274">
                    <outerBoundaryIs>
                        <LinearRing id="3278">
                            <coordinates>73.9762636472426,18.5350290887665,0.0 73.9762636472426,18.534759594181264,0.0 73.97599415265736,18.534759594181264,0.0 73.97599415265736,18.534490099596027,0.0 73.97653314182784,18.534490099596027,0.0 73.97653314182784,18.5350290887665,0.0 73.9762636472426,18.5350290887665,0.0</coordinates>
                        </LinearRing>
                    </outerBoundaryIs>
                </Polygon>
            </Placemark>
            <Placemark id="3284">
                <name>Class 1 - 139</name>
                <styleUrl>#3289</styleUrl>
                <Polygon id="3283">
                    <outerBoundaryIs>
                        <LinearRing id="3287">
                            <coordinates>73.97572465807214,18.534490099596027,0.0 73.97572465807214,18.53422060501079,0.0 73.97599415265736,18.53422060501079,0.0 73.97599415265736,18.534490099596027,0.0 73.97572465807214,18.534490099596027,0.0</coordinates>
                        </LinearRing>
                    </outerBoundaryIs>
                </Polygon>
            </Placemark>
            <Placemark id="3293">
                <name>Class 1 - 140</name>
                <styleUrl>#3298</styleUrl>
                <Polygon id="3292">
                    <outerBoundaryIs>
                        <LinearRing id="3296">
                            <coordinates>73.86253693227307,18.53422060501079,0.0 73.86253693227307,18.533951110425555,0.0 73.86280642685831,18.533951110425555,0.0 73.86280642685831,18.53422060501079,0.0 73.86253693227307,18.53422060501079,0.0</coordinates>
                        </LinearRing>
                    </outerBoundaryIs>
                </Polygon>
            </Placemark>
            <Placemark id="3302">
                <name>Class 1 - 141</name>
                <styleUrl>#3307</styleUrl>
                <Polygon id="3301">
                    <outerBoundaryIs>
                        <LinearRing id="3305">
                            <coordinates>73.86226743768783,18.533951110425555,0.0 73.86226743768783,18.533412121255086,0.0 73.86253693227307,18.533412121255086,0.0 73.86253693227307,18.533951110425555,0.0 73.86226743768783,18.533951110425555,0.0</coordinates>
                        </LinearRing>
                    </outerBoundaryIs>
                </Polygon>
            </Placemark>
            <Placemark id="3311">
                <name>Class 1 - 142</name>
                <styleUrl>#3316</styleUrl>
                <Polygon id="3310">
                    <outerBoundaryIs>
                        <LinearRing id="3314">
                            <coordinates>73.86307592144355,18.533951110425555,0.0 73.86307592144355,18.533412121255086,0.0 73.86334541602878,18.533412121255086,0.0 73.86334541602878,18.533951110425555,0.0 73.86307592144355,18.533951110425555,0.0</coordinates>
                        </LinearRing>
                    </outerBoundaryIs>
                </Polygon>
            </Placemark>
            <Placemark id="3320">
                <name>Class 1 - 143</name>
                <styleUrl>#3325</styleUrl>
                <Polygon id="3319">
                    <outerBoundaryIs>
                        <LinearRing id="3323">
                            <coordinates>73.97599415265736,18.533951110425555,0.0 73.97599415265736,18.53314262666985,0.0 73.9762636472426,18.53314262666985,0.0 73.9762636472426,18.533951110425555,0.0 73.97599415265736,18.533951110425555,0.0</coordinates>
                        </LinearRing>
                    </outerBoundaryIs>
                </Polygon>
            </Placemark>
            <Placemark id="3329">
                <name>Class 1 - 144</name>
                <styleUrl>#3334</styleUrl>
                <Polygon id="3328">
                    <outerBoundaryIs>
                        <LinearRing id="3332">
                            <coordinates>73.85553007305694,18.533412121255086,0.0 73.85553007305694,18.53314262666985,0.0 73.85579956764218,18.53314262666985,0.0 73.85579956764218,18.533412121255086,0.0 73.85553007305694,18.533412121255086,0.0</coordinates>
                        </LinearRing>
                    </outerBoundaryIs>
                </Polygon>
            </Placemark>
            <Placemark id="3338">
                <name>Class 1 - 145</name>
                <styleUrl>#3343</styleUrl>
                <Polygon id="3337">
                    <outerBoundaryIs>
                        <LinearRing id="3341">
                            <coordinates>73.86199794310261,18.533412121255086,0.0 73.86199794310261,18.53314262666985,0.0 73.86226743768783,18.53314262666985,0.0 73.86226743768783,18.533412121255086,0.0 73.86199794310261,18.533412121255086,0.0</coordinates>
                        </LinearRing>
                    </outerBoundaryIs>
                </Polygon>
            </Placemark>
            <Placemark id="3347">
                <name>Class 1 - 146</name>
                <styleUrl>#3352</styleUrl>
                <Polygon id="3346">
                    <outerBoundaryIs>
                        <LinearRing id="3350">
                            <coordinates>73.86280642685831,18.533412121255086,0.0 73.86280642685831,18.53314262666985,0.0 73.86307592144355,18.53314262666985,0.0 73.86307592144355,18.533412121255086,0.0 73.86280642685831,18.533412121255086,0.0</coordinates>
                        </LinearRing>
                    </outerBoundaryIs>
                </Polygon>
            </Placemark>
            <Placemark id="3356">
                <name>Class 1 - 147</name>
                <styleUrl>#3361</styleUrl>
                <Polygon id="3355">
                    <outerBoundaryIs>
                        <LinearRing id="3359">
                            <coordinates>73.86253693227307,18.53314262666985,0.0 73.86253693227307,18.532873132084614,0.0 73.86280642685831,18.532873132084614,0.0 73.86280642685831,18.53314262666985,0.0 73.86253693227307,18.53314262666985,0.0</coordinates>
                        </LinearRing>
                    </outerBoundaryIs>
                </Polygon>
            </Placemark>
            <Placemark id="3365">
                <name>Class 1 - 148</name>
                <styleUrl>#3370</styleUrl>
                <Polygon id="3364">
                    <outerBoundaryIs>
                        <LinearRing id="3368">
                            <coordinates>73.9762636472426,18.53314262666985,0.0 73.9762636472426,18.532873132084614,0.0 73.97653314182784,18.532873132084614,0.0 73.97653314182784,18.53314262666985,0.0 73.9762636472426,18.53314262666985,0.0</coordinates>
                        </LinearRing>
                    </outerBoundaryIs>
                </Polygon>
            </Placemark>
            <Placemark id="3374">
                <name>Class 1 - 149</name>
                <styleUrl>#3379</styleUrl>
                <Polygon id="3373">
                    <outerBoundaryIs>
                        <LinearRing id="3377">
                            <coordinates>73.85579956764218,18.53314262666985,0.0 73.85579956764218,18.532873132084614,0.0 73.8552605784717,18.532873132084614,0.0 73.8552605784717,18.532603637499378,0.0 73.85606906222742,18.532603637499378,0.0 73.85606906222742,18.53314262666985,0.0 73.85579956764218,18.53314262666985,0.0</coordinates>
                        </LinearRing>
                    </outerBoundaryIs>
                </Polygon>
            </Placemark>
            <Placemark id="3383">
                <name>Class 1 - 150</name>
                <styleUrl>#3388</styleUrl>
                <Polygon id="3382">
                    <outerBoundaryIs>
                        <LinearRing id="3386">
                            <coordinates>73.86172844851737,18.53314262666985,0.0 73.86172844851737,18.532873132084614,0.0 73.86145895393213,18.532873132084614,0.0 73.86145895393213,18.532603637499378,0.0 73.86199794310261,18.532603637499378,0.0 73.86199794310261,18.53314262666985,0.0 73.86172844851737,18.53314262666985,0.0</coordinates>
                        </LinearRing>
                    </outerBoundaryIs>
                </Polygon>
            </Placemark>
            <Placemark id="3392">
                <name>Class 1 - 151</name>
                <styleUrl>#3397</styleUrl>
                <Polygon id="3391">
                    <outerBoundaryIs>
                        <LinearRing id="3395">
                            <coordinates>73.97653314182784,18.532873132084614,0.0 73.97653314182784,18.532603637499378,0.0 73.97680263641308,18.532603637499378,0.0 73.97680263641308,18.532873132084614,0.0 73.97653314182784,18.532873132084614,0.0</coordinates>
                        </LinearRing>
                    </outerBoundaryIs>
                </Polygon>
            </Placemark>
            <Placemark id="3401">
                <name>Class 1 - 152</name>
                <styleUrl>#3406</styleUrl>
                <Polygon id="3400">
                    <outerBoundaryIs>
                        <LinearRing id="3404">
                            <coordinates>73.86199794310261,18.532603637499378,0.0 73.86199794310261,18.53233414291414,0.0 73.86226743768783,18.53233414291414,0.0 73.86226743768783,18.532603637499378,0.0 73.86199794310261,18.532603637499378,0.0</coordinates>
                        </LinearRing>
                    </outerBoundaryIs>
                </Polygon>
            </Placemark>
            <Placemark id="3410">
                <name>Class 1 - 153</name>
                <styleUrl>#3415</styleUrl>
                <Polygon id="3409">
                    <outerBoundaryIs>
                        <LinearRing id="3413">
                            <coordinates>73.85606906222742,18.53233414291414,0.0 73.85606906222742,18.532064648328905,0.0 73.85633855681264,18.532064648328905,0.0 73.85633855681264,18.53233414291414,0.0 73.85606906222742,18.53233414291414,0.0</coordinates>
                        </LinearRing>
                    </outerBoundaryIs>
                </Polygon>
            </Placemark>
            <Placemark id="3419">
                <name>Class 1 - 154</name>
                <styleUrl>#3424</styleUrl>
                <Polygon id="3418">
                    <outerBoundaryIs>
                        <LinearRing id="3422">
                            <coordinates>73.86038097559118,18.53233414291414,0.0 73.86038097559118,18.532064648328905,0.0 73.86118945934689,18.532064648328905,0.0 73.86118945934689,18.53233414291414,0.0 73.86038097559118,18.53233414291414,0.0</coordinates>
                        </LinearRing>
                    </outerBoundaryIs>
                </Polygon>
            </Placemark>
            <Placemark id="3428">
                <name>Class 1 - 155</name>
                <styleUrl>#3433</styleUrl>
                <Polygon id="3427">
                    <outerBoundaryIs>
                        <LinearRing id="3431">
                            <coordinates>73.85687754598312,18.532064648328905,0.0 73.85687754598312,18.53179515374367,0.0 73.85741653515359,18.53179515374367,0.0 73.85741653515359,18.532064648328905,0.0 73.85687754598312,18.532064648328905,0.0</coordinates>
                        </LinearRing>
                    </outerBoundaryIs>
                </Polygon>
            </Placemark>
            <Placemark id="3437">
                <name>Class 1 - 156</name>
                <styleUrl>#3442</styleUrl>
                <Polygon id="3436">
                    <outerBoundaryIs>
                        <LinearRing id="3440">
                            <coordinates>73.8582250189093,18.53179515374367,0.0 73.8582250189093,18.531525659158433,0.0 73.85984198642072,18.531525659158433,0.0 73.85984198642072,18.53179515374367,0.0 73.8582250189093,18.53179515374367,0.0</coordinates>
                        </LinearRing>
                    </outerBoundaryIs>
                </Polygon>
            </Placemark>
            <Placemark id="3446">
                <name>Class 1 - 157</name>
                <styleUrl>#3451</styleUrl>
                <Polygon id="3445">
                    <outerBoundaryIs>
                        <LinearRing id="3449">
                            <coordinates>73.86091996476166,18.531525659158433,0.0 73.86091996476166,18.53098666998796,0.0 73.86118945934689,18.53098666998796,0.0 73.86118945934689,18.531525659158433,0.0 73.86091996476166,18.531525659158433,0.0</coordinates>
                        </LinearRing>
                    </outerBoundaryIs>
                </Polygon>
            </Placemark>
            <Placemark id="3455">
                <name>Class 1 - 158</name>
                <styleUrl>#3460</styleUrl>
                <Polygon id="3454">
                    <outerBoundaryIs>
                        <LinearRing id="3458">
                            <coordinates>73.85741653515359,18.531256164573197,0.0 73.85741653515359,18.53098666998796,0.0 73.85768602973883,18.53098666998796,0.0 73.85768602973883,18.531256164573197,0.0 73.85741653515359,18.531256164573197,0.0</coordinates>
                        </LinearRing>
                    </outerBoundaryIs>
                </Polygon>
            </Placemark>
            <Placemark id="3464">
                <name>Class 1 - 159</name>
                <styleUrl>#3469</styleUrl>
                <Polygon id="3463">
                    <outerBoundaryIs>
                        <LinearRing id="3467">
                            <coordinates>73.8582250189093,18.53098666998796,0.0 73.8582250189093,18.530717175402728,0.0 73.85876400807977,18.530717175402728,0.0 73.85876400807977,18.53098666998796,0.0 73.8582250189093,18.53098666998796,0.0</coordinates>
                        </LinearRing>
                    </outerBoundaryIs>
                </Polygon>
            </Placemark>
            <Placemark id="3473">
                <name>Class 1 - 160</name>
                <styleUrl>#3478</styleUrl>
                <Polygon id="3472">
                    <outerBoundaryIs>
                        <LinearRing id="3476">
                            <coordinates>73.86011148100596,18.531256164573197,0.0 73.86011148100596,18.53098666998796,0.0 73.86038097559118,18.53098666998796,0.0 73.86038097559118,18.530447680817492,0.0 73.86065047017642,18.530447680817492,0.0 73.86065047017642,18.531256164573197,0.0 73.86011148100596,18.531256164573197,0.0</coordinates>
                        </LinearRing>
                    </outerBoundaryIs>
                </Polygon>
            </Placemark>
            <Placemark id="3482">
                <name>Class 1 - 161</name>
                <styleUrl>#3487</styleUrl>
                <Polygon id="3481">
                    <outerBoundaryIs>
                        <LinearRing id="3485">
                            <coordinates>73.97868909850973,18.530717175402728,0.0 73.97868909850973,18.530447680817492,0.0 73.97895859309496,18.530447680817492,0.0 73.97895859309496,18.530717175402728,0.0 73.97868909850973,18.530717175402728,0.0</coordinates>
                        </LinearRing>
                    </outerBoundaryIs>
                </Polygon>
            </Placemark>
            <Placemark id="3491">
                <name>Class 1 - 162</name>
                <styleUrl>#3496</styleUrl>
                <Polygon id="3490">
                    <outerBoundaryIs>
                        <LinearRing id="3494">
                            <coordinates>73.97895859309496,18.530447680817492,0.0 73.97895859309496,18.530178186232256,0.0 73.9792280876802,18.530178186232256,0.0 73.9792280876802,18.530447680817492,0.0 73.97895859309496,18.530447680817492,0.0</coordinates>
                        </LinearRing>
                    </outerBoundaryIs>
                </Polygon>
            </Placemark>
            <Placemark id="3500">
                <name>Class 1 - 163</name>
                <styleUrl>#3505</styleUrl>
                <Polygon id="3499">
                    <outerBoundaryIs>
                        <LinearRing id="3503">
                            <coordinates>73.9792280876802,18.530178186232256,0.0 73.9792280876802,18.52990869164702,0.0 73.97949758226544,18.52990869164702,0.0 73.97949758226544,18.530178186232256,0.0 73.9792280876802,18.530178186232256,0.0</coordinates>
                        </LinearRing>
                    </outerBoundaryIs>
                </Polygon>
            </Placemark>
            <Placemark id="3509">
                <name>Class 1 - 164</name>
                <styleUrl>#3514</styleUrl>
                <Polygon id="3508">
                    <outerBoundaryIs>
                        <LinearRing id="3512">
                            <coordinates>73.98057556060638,18.529369702476547,0.0 73.98057556060638,18.52910020789131,0.0 73.98084505519162,18.52910020789131,0.0 73.98084505519162,18.529369702476547,0.0 73.98057556060638,18.529369702476547,0.0</coordinates>
                        </LinearRing>
                    </outerBoundaryIs>
                </Polygon>
            </Placemark>
            <Placemark id="3518">
                <name>Class 1 - 165</name>
                <styleUrl>#3523</styleUrl>
                <Polygon id="3517">
                    <outerBoundaryIs>
                        <LinearRing id="3521">
                            <coordinates>73.98084505519162,18.52910020789131,0.0 73.98084505519162,18.528830713306075,0.0 73.98111454977685,18.528830713306075,0.0 73.98111454977685,18.52910020789131,0.0 73.98084505519162,18.52910020789131,0.0</coordinates>
                        </LinearRing>
                    </outerBoundaryIs>
                </Polygon>
            </Placemark>
            <Placemark id="3527">
                <name>Class 1 - 166</name>
                <styleUrl>#3532</styleUrl>
                <Polygon id="3526">
                    <outerBoundaryIs>
                        <LinearRing id="3530">
                            <coordinates>73.97653314182784,18.53422060501079,0.0 73.97653314182784,18.533951110425555,0.0 73.97680263641308,18.533951110425555,0.0 73.97680263641308,18.533412121255086,0.0 73.97707213099831,18.533412121255086,0.0 73.97707213099831,18.53233414291414,0.0 73.97734162558355,18.53233414291414,0.0 73.97734162558355,18.532064648328905,0.0 73.97761112016879,18.532064648328905,0.0 73.97761112016879,18.531525659158433,0.0 73.97788061475403,18.531525659158433,0.0 73.97788061475403,18.531256164573197,0.0 73.97815010933925,18.531256164573197,0.0 73.97815010933925,18.53098666998796,0.0 73.9784196039245,18.53098666998796,0.0 73.9784196039245,18.530717175402728,0.0 73.97868909850973,18.530717175402728,0.0 73.97868909850973,18.53098666998796,0.0 73.97895859309496,18.53098666998796,0.0 73.97895859309496,18.530717175402728,0.0 73.9792280876802,18.530717175402728,0.0 73.9792280876802,18.530447680817492,0.0 73.97949758226544,18.530447680817492,0.0 73.97949758226544,18.530178186232256,0.0 73.9800365714359,18.530178186232256,0.0 73.9800365714359,18.52990869164702,0.0 73.97976707685068,18.52990869164702,0.0 73.97976707685068,18.529639197061783,0.0 73.9800365714359,18.529639197061783,0.0 73.9800365714359,18.529369702476547,0.0 73.98030606602114,18.529369702476547,0.0 73.98030606602114,18.529639197061783,0.0 73.98138404436209,18.529639197061783,0.0 73.98138404436209,18.529369702476547,0.0 73.98111454977685,18.529369702476547,0.0 73.98111454977685,18.52910020789131,0.0 73.98219252811779,18.52910020789131,0.0 73.98219252811779,18.528830713306075,0.0 73.98246202270303,18.528830713306075,0.0 73.98246202270303,18.52856121872084,0.0 73.98327050645874,18.52856121872084,0.0 73.98327050645874,18.528830713306075,0.0 73.98273151728827,18.528830713306075,0.0 73.98273151728827,18.52910020789131,0.0 73.98246202270303,18.52910020789131,0.0 73.98246202270303,18.529369702476547,0.0 73.98165353894733,18.529369702476547,0.0 73.98165353894733,18.52990869164702,0.0 73.98111454977685,18.52990869164702,0.0 73.98111454977685,18.530178186232256,0.0 73.98057556060638,18.530178186232256,0.0 73.98057556060638,18.530717175402728,0.0 73.9800365714359,18.530717175402728,0.0 73.9800365714359,18.53098666998796,0.0 73.9792280876802,18.53098666998796,0.0 73.9792280876802,18.531256164573197,0.0 73.97895859309496,18.531256164573197,0.0 73.97895859309496,18.531525659158433,0.0 73.97868909850973,18.531525659158433,0.0 73.97868909850973,18.53179515374367,0.0 73.9784196039245,18.53179515374367,0.0 73.9784196039245,18.532064648328905,0.0 73.97788061475403,18.532064648328905,0.0 73.97788061475403,18.53314262666985,0.0 73.97761112016879,18.53314262666985,0.0 73.97761112016879,18.533412121255086,0.0 73.97734162558355,18.533412121255086,0.0 73.97734162558355,18.533681615840322,0.0 73.97707213099831,18.533681615840322,0.0 73.97707213099831,18.53422060501079,0.0 73.97653314182784,18.53422060501079,0.0</coordinates>
                        </LinearRing>
                    </outerBoundaryIs>
                </Polygon>
            </Placemark>
            <Placemark id="3536">
                <name>Class 1 - 167</name>
                <styleUrl>#3541</styleUrl>
                <Polygon id="3535">
                    <outerBoundaryIs>
                        <LinearRing id="3539">
                            <coordinates>73.98111454977685,18.528830713306075,0.0 73.98111454977685,18.52856121872084,0.0 73.98138404436209,18.52856121872084,0.0 73.98138404436209,18.528830713306075,0.0 73.98111454977685,18.528830713306075,0.0</coordinates>
                        </LinearRing>
                    </outerBoundaryIs>
                </Polygon>
            </Placemark>
            <Placemark id="3545">
                <name>Class 1 - 168</name>
                <styleUrl>#3550</styleUrl>
                <Polygon id="3544">
                    <outerBoundaryIs>
                        <LinearRing id="3548">
                            <coordinates>73.98165353894733,18.52856121872084,0.0 73.98165353894733,18.528291724135602,0.0 73.98219252811779,18.528291724135602,0.0 73.98219252811779,18.52856121872084,0.0 73.98165353894733,18.52856121872084,0.0</coordinates>
                        </LinearRing>
                    </outerBoundaryIs>
                </Polygon>
            </Placemark>
            <Placemark id="3554">
                <name>Class 1 - 169</name>
                <styleUrl>#3559</styleUrl>
                <Polygon id="3553">
                    <outerBoundaryIs>
                        <LinearRing id="3557">
                            <coordinates>73.98327050645874,18.52856121872084,0.0 73.98327050645874,18.528291724135602,0.0 73.98354000104398,18.528291724135602,0.0 73.98354000104398,18.528022229550366,0.0 73.98434848479968,18.528022229550366,0.0 73.98434848479968,18.528291724135602,0.0 73.98380949562922,18.528291724135602,0.0 73.98380949562922,18.52856121872084,0.0 73.98327050645874,18.52856121872084,0.0</coordinates>
                        </LinearRing>
                    </outerBoundaryIs>
                </Polygon>
            </Placemark>
            <Placemark id="3563">
                <name>Class 1 - 170</name>
                <styleUrl>#3568</styleUrl>
                <Polygon id="3562">
                    <outerBoundaryIs>
                        <LinearRing id="3566">
                            <coordinates>73.98246202270303,18.528022229550366,0.0 73.98246202270303,18.527752734965134,0.0 73.98273151728827,18.527752734965134,0.0 73.98273151728827,18.528022229550366,0.0 73.98246202270303,18.528022229550366,0.0</coordinates>
                        </LinearRing>
                    </outerBoundaryIs>
                </Polygon>
            </Placemark>
            <Placemark id="3572">
                <name>Class 1 - 171</name>
                <styleUrl>#3577</styleUrl>
                <Polygon id="3571">
                    <outerBoundaryIs>
                        <LinearRing id="3575">
                            <coordinates>73.98434848479968,18.528022229550366,0.0 73.98434848479968,18.527752734965134,0.0 73.98461797938492,18.527752734965134,0.0 73.98461797938492,18.528022229550366,0.0 73.98434848479968,18.528022229550366,0.0</coordinates>
                        </LinearRing>
                    </outerBoundaryIs>
                </Polygon>
            </Placemark>
            <Placemark id="3581">
                <name>Class 1 - 172</name>
                <styleUrl>#3586</styleUrl>
                <Polygon id="3580">
                    <outerBoundaryIs>
                        <LinearRing id="3584">
                            <coordinates>73.9830010118735,18.527752734965134,0.0 73.9830010118735,18.527483240379897,0.0 73.98327050645874,18.527483240379897,0.0 73.98327050645874,18.527752734965134,0.0 73.9830010118735,18.527752734965134,0.0</coordinates>
                        </LinearRing>
                    </outerBoundaryIs>
                </Polygon>
            </Placemark>
            <Placemark id="3590">
                <name>Class 1 - 173</name>
                <styleUrl>#3595</styleUrl>
                <Polygon id="3589">
                    <outerBoundaryIs>
                        <LinearRing id="3593">
                            <coordinates>73.98461797938492,18.527752734965134,0.0 73.98461797938492,18.527483240379897,0.0 73.98515696855539,18.527483240379897,0.0 73.98515696855539,18.527752734965134,0.0 73.98461797938492,18.527752734965134,0.0</coordinates>
                        </LinearRing>
                    </outerBoundaryIs>
                </Polygon>
            </Placemark>
            <Placemark id="3599">
                <name>Class 1 - 174</name>
                <styleUrl>#3604</styleUrl>
                <Polygon id="3598">
                    <outerBoundaryIs>
                        <LinearRing id="3602">
                            <coordinates>73.98327050645874,18.527483240379897,0.0 73.98327050645874,18.52721374579466,0.0 73.98380949562922,18.52721374579466,0.0 73.98380949562922,18.527483240379897,0.0 73.98327050645874,18.527483240379897,0.0</coordinates>
                        </LinearRing>
                    </outerBoundaryIs>
                </Polygon>
            </Placemark>
            <Placemark id="3608">
                <name>Class 1 - 175</name>
                <styleUrl>#3613</styleUrl>
                <Polygon id="3607">
                    <outerBoundaryIs>
                        <LinearRing id="3611">
                            <coordinates>73.98515696855539,18.527483240379897,0.0 73.98515696855539,18.52721374579466,0.0 73.98569595772587,18.52721374579466,0.0 73.98569595772587,18.527483240379897,0.0 73.98515696855539,18.527483240379897,0.0</coordinates>
                        </LinearRing>
                    </outerBoundaryIs>
                </Polygon>
            </Placemark>
            <Placemark id="3617">
                <name>Class 1 - 176</name>
                <styleUrl>#3622</styleUrl>
                <Polygon id="3616">
                    <outerBoundaryIs>
                        <LinearRing id="3620">
                            <coordinates>73.98461797938492,18.526944251209425,0.0 73.98461797938492,18.52667475662419,0.0 73.98515696855539,18.52667475662419,0.0 73.98515696855539,18.526944251209425,0.0 73.98461797938492,18.526944251209425,0.0</coordinates>
                        </LinearRing>
                    </outerBoundaryIs>
                </Polygon>
            </Placemark>
            <Placemark id="3626">
                <name>Class 1 - 177</name>
                <styleUrl>#3631</styleUrl>
                <Polygon id="3625">
                    <outerBoundaryIs>
                        <LinearRing id="3629">
                            <coordinates>73.98515696855539,18.52667475662419,0.0 73.98515696855539,18.526405262038953,0.0 73.98542646314063,18.526405262038953,0.0 73.98542646314063,18.52667475662419,0.0 73.98515696855539,18.52667475662419,0.0</coordinates>
                        </LinearRing>
                    </outerBoundaryIs>
                </Polygon>
            </Placemark>
            <Placemark id="3635">
                <name>Class 1 - 178</name>
                <styleUrl>#3640</styleUrl>
                <Polygon id="3634">
                    <outerBoundaryIs>
                        <LinearRing id="3638">
                            <coordinates>73.98704343065204,18.52667475662419,0.0 73.98704343065204,18.526405262038953,0.0 73.98758241982252,18.526405262038953,0.0 73.98758241982252,18.52667475662419,0.0 73.98704343065204,18.52667475662419,0.0</coordinates>
                        </LinearRing>
                    </outerBoundaryIs>
                </Polygon>
            </Placemark>
            <Placemark id="3644">
                <name>Class 1 - 179</name>
                <styleUrl>#3649</styleUrl>
                <Polygon id="3643">
                    <outerBoundaryIs>
                        <LinearRing id="3647">
                            <coordinates>73.98569595772587,18.52721374579466,0.0 73.98569595772587,18.526944251209425,0.0 73.98596545231109,18.526944251209425,0.0 73.98596545231109,18.526405262038953,0.0 73.98542646314063,18.526405262038953,0.0 73.98542646314063,18.526135767453717,0.0 73.98596545231109,18.526135767453717,0.0 73.98596545231109,18.52586627286848,0.0 73.98623494689633,18.52586627286848,0.0 73.98623494689633,18.525596778283244,0.0 73.98650444148157,18.525596778283244,0.0 73.98650444148157,18.526135767453717,0.0 73.98623494689633,18.526135767453717,0.0 73.98623494689633,18.52667475662419,0.0 73.98704343065204,18.52667475662419,0.0 73.98704343065204,18.526944251209425,0.0 73.98650444148157,18.526944251209425,0.0 73.98650444148157,18.52721374579466,0.0 73.98569595772587,18.52721374579466,0.0</coordinates>
                        </LinearRing>
                    </outerBoundaryIs>
                </Polygon>
            </Placemark>
            <Placemark id="3653">
                <name>Class 1 - 180</name>
                <styleUrl>#3658</styleUrl>
                <Polygon id="3652">
                    <outerBoundaryIs>
                        <LinearRing id="3656">
                            <coordinates>73.98758241982252,18.526135767453717,0.0 73.98758241982252,18.52586627286848,0.0 73.98731292523728,18.52586627286848,0.0 73.98731292523728,18.525327283698008,0.0 73.98758241982252,18.525327283698008,0.0 73.98758241982252,18.525596778283244,0.0 73.98785191440774,18.525596778283244,0.0 73.98785191440774,18.526135767453717,0.0 73.98758241982252,18.526135767453717,0.0</coordinates>
                        </LinearRing>
                    </outerBoundaryIs>
                </Polygon>
            </Placemark>
            <Placemark id="3662">
                <name>Class 1 - 181</name>
                <styleUrl>#3667</styleUrl>
                <Polygon id="3661">
                    <outerBoundaryIs>
                        <LinearRing id="3665">
                            <coordinates>73.9897383765044,18.52478829452754,0.0 73.9897383765044,18.524518799942303,0.0 73.98946888191917,18.524518799942303,0.0 73.98946888191917,18.524249305357067,0.0 73.99027736567487,18.524249305357067,0.0 73.99027736567487,18.524518799942303,0.0 73.99000787108963,18.524518799942303,0.0 73.99000787108963,18.52478829452754,0.0 73.9897383765044,18.52478829452754,0.0</coordinates>
                        </LinearRing>
                    </outerBoundaryIs>
                </Polygon>
            </Placemark>
            <Placemark id="3671">
                <name>Class 1 - 182</name>
                <styleUrl>#3676</styleUrl>
                <Polygon id="3670">
                    <outerBoundaryIs>
                        <LinearRing id="3674">
                            <coordinates>73.98919938733393,18.524249305357067,0.0 73.98919938733393,18.52397981077183,0.0 73.98946888191917,18.52397981077183,0.0 73.98946888191917,18.524249305357067,0.0 73.98919938733393,18.524249305357067,0.0</coordinates>
                        </LinearRing>
                    </outerBoundaryIs>
                </Polygon>
            </Placemark>
            <Placemark id="3680">
                <name>Class 1 - 183</name>
                <styleUrl>#3685</styleUrl>
                <Polygon id="3679">
                    <outerBoundaryIs>
                        <LinearRing id="3683">
                            <coordinates>73.99054686026011,18.52397981077183,0.0 73.99054686026011,18.523710316186595,0.0 73.99081635484534,18.523710316186595,0.0 73.99081635484534,18.52397981077183,0.0 73.99054686026011,18.52397981077183,0.0</coordinates>
                        </LinearRing>
                    </outerBoundaryIs>
                </Polygon>
            </Placemark>
            <Placemark id="3689">
                <name>Class 1 - 184</name>
                <styleUrl>#3694</styleUrl>
                <Polygon id="3688">
                    <outerBoundaryIs>
                        <LinearRing id="3692">
                            <coordinates>73.98946888191917,18.523710316186595,0.0 73.98946888191917,18.52344082160136,0.0 73.9897383765044,18.52344082160136,0.0 73.9897383765044,18.523710316186595,0.0 73.98946888191917,18.523710316186595,0.0</coordinates>
                        </LinearRing>
                    </outerBoundaryIs>
                </Polygon>
            </Placemark>
            <Placemark id="3698">
                <name>Class 1 - 185</name>
                <styleUrl>#3703</styleUrl>
                <Polygon id="3697">
                    <outerBoundaryIs>
                        <LinearRing id="3701">
                            <coordinates>73.99108584943058,18.52344082160136,0.0 73.99108584943058,18.523171327016122,0.0 73.99162483860106,18.523171327016122,0.0 73.99162483860106,18.52344082160136,0.0 73.99108584943058,18.52344082160136,0.0</coordinates>
                        </LinearRing>
                    </outerBoundaryIs>
                </Polygon>
            </Placemark>
            <Placemark id="3707">
                <name>Class 1 - 186</name>
                <styleUrl>#3712</styleUrl>
                <Polygon id="3706">
                    <outerBoundaryIs>
                        <LinearRing id="3710">
                            <coordinates>73.9897383765044,18.52344082160136,0.0 73.9897383765044,18.523171327016122,0.0 73.99000787108963,18.523171327016122,0.0 73.99000787108963,18.522901832430886,0.0 73.99027736567487,18.522901832430886,0.0 73.99027736567487,18.52263233784565,0.0 73.99054686026011,18.52263233784565,0.0 73.99054686026011,18.523171327016122,0.0 73.99027736567487,18.523171327016122,0.0 73.99027736567487,18.52344082160136,0.0 73.9897383765044,18.52344082160136,0.0</coordinates>
                        </LinearRing>
                    </outerBoundaryIs>
                </Polygon>
            </Placemark>
            <Placemark id="3716">
                <name>Class 1 - 187</name>
                <styleUrl>#3721</styleUrl>
                <Polygon id="3715">
                    <outerBoundaryIs>
                        <LinearRing id="3719">
                            <coordinates>73.99162483860106,18.522901832430886,0.0 73.99162483860106,18.52263233784565,0.0 73.99189433318628,18.52263233784565,0.0 73.99189433318628,18.522901832430886,0.0 73.99162483860106,18.522901832430886,0.0</coordinates>
                        </LinearRing>
                    </outerBoundaryIs>
                </Polygon>
            </Placemark>
            <Placemark id="3725">
                <name>Class 1 - 188</name>
                <styleUrl>#3730</styleUrl>
                <Polygon id="3724">
                    <outerBoundaryIs>
                        <LinearRing id="3728">
                            <coordinates>73.99054686026011,18.52263233784565,0.0 73.99054686026011,18.522362843260414,0.0 73.99081635484534,18.522362843260414,0.0 73.99081635484534,18.52263233784565,0.0 73.99054686026011,18.52263233784565,0.0</coordinates>
                        </LinearRing>
                    </outerBoundaryIs>
                </Polygon>
            </Placemark>
            <Placemark id="3734">
                <name>Class 1 - 189</name>
                <styleUrl>#3739</styleUrl>
                <Polygon id="3733">
                    <outerBoundaryIs>
                        <LinearRing id="3737">
                            <coordinates>73.99189433318628,18.522362843260414,0.0 73.99189433318628,18.522093348675178,0.0 73.99216382777152,18.522093348675178,0.0 73.99216382777152,18.522362843260414,0.0 73.99189433318628,18.522362843260414,0.0</coordinates>
                        </LinearRing>
                    </outerBoundaryIs>
                </Polygon>
            </Placemark>
            <Placemark id="3743">
                <name>Class 1 - 190</name>
                <styleUrl>#3748</styleUrl>
                <Polygon id="3742">
                    <outerBoundaryIs>
                        <LinearRing id="3746">
                            <coordinates>73.99081635484534,18.522362843260414,0.0 73.99081635484534,18.52182385408994,0.0 73.99135534401582,18.52182385408994,0.0 73.99135534401582,18.522093348675178,0.0 73.99108584943058,18.522093348675178,0.0 73.99108584943058,18.522362843260414,0.0 73.99081635484534,18.522362843260414,0.0</coordinates>
                        </LinearRing>
                    </outerBoundaryIs>
                </Polygon>
            </Placemark>
            <Placemark id="3752">
                <name>Class 1 - 191</name>
                <styleUrl>#3757</styleUrl>
                <Polygon id="3751">
                    <outerBoundaryIs>
                        <LinearRing id="3755">
                            <coordinates>73.99216382777152,18.522093348675178,0.0 73.99216382777152,18.52155435950471,0.0 73.99243332235676,18.52155435950471,0.0 73.99243332235676,18.521015370334236,0.0 73.99189433318628,18.521015370334236,0.0 73.99189433318628,18.52155435950471,0.0 73.99135534401582,18.52155435950471,0.0 73.99135534401582,18.521015370334236,0.0 73.99162483860106,18.521015370334236,0.0 73.99162483860106,18.520745875749,0.0 73.992702816942,18.520745875749,0.0 73.992702816942,18.52182385408994,0.0 73.99243332235676,18.52182385408994,0.0 73.99243332235676,18.522093348675178,0.0 73.99216382777152,18.522093348675178,0.0</coordinates>
                        </LinearRing>
                    </outerBoundaryIs>
                </Polygon>
            </Placemark>
        </Folder>
        <Folder id="3760">
            <Style id="3767">
                <LineStyle id="3769">
                    <color>ff00A5FF</color>
                    <colorMode>normal</colorMode>
                    <width>1.5</width>
                </LineStyle>
                <PolyStyle id="3768">
                    <color>ff00A5FF</color>
                    <colorMode>normal</colorMode>
                    <fill>1</fill>
                    <outline>1</outline>
                </PolyStyle>
            </Style>
            <Style id="3776">
                <LineStyle id="3778">
                    <color>ff00A5FF</color>
                    <colorMode>normal</colorMode>
                    <width>1.5</width>
                </LineStyle>
                <PolyStyle id="3777">
                    <color>ff00A5FF</color>
                    <colorMode>normal</colorMode>
                    <fill>1</fill>
                    <outline>1</outline>
                </PolyStyle>
            </Style>
            <Style id="3785">
                <LineStyle id="3787">
                    <color>ff00A5FF</color>
                    <colorMode>normal</colorMode>
                    <width>1.5</width>
                </LineStyle>
                <PolyStyle id="3786">
                    <color>ff00A5FF</color>
                    <colorMode>normal</colorMode>
                    <fill>1</fill>
                    <outline>1</outline>
                </PolyStyle>
            </Style>
            <Style id="3794">
                <LineStyle id="3796">
                    <color>ff00A5FF</color>
                    <colorMode>normal</colorMode>
                    <width>1.5</width>
                </LineStyle>
                <PolyStyle id="3795">
                    <color>ff00A5FF</color>
                    <colorMode>normal</colorMode>
                    <fill>1</fill>
                    <outline>1</outline>
                </PolyStyle>
            </Style>
            <Style id="3803">
                <LineStyle id="3805">
                    <color>ff00A5FF</color>
                    <colorMode>normal</colorMode>
                    <width>1.5</width>
                </LineStyle>
                <PolyStyle id="3804">
                    <color>ff00A5FF</color>
                    <colorMode>normal</colorMode>
                    <fill>1</fill>
                    <outline>1</outline>
                </PolyStyle>
            </Style>
            <Style id="3812">
                <LineStyle id="3814">
                    <color>ff00A5FF</color>
                    <colorMode>normal</colorMode>
                    <width>1.5</width>
                </LineStyle>
                <PolyStyle id="3813">
                    <color>ff00A5FF</color>
                    <colorMode>normal</colorMode>
                    <fill>1</fill>
                    <outline>1</outline>
                </PolyStyle>
            </Style>
            <Style id="3821">
                <LineStyle id="3823">
                    <color>ff00A5FF</color>
                    <colorMode>normal</colorMode>
                    <width>1.5</width>
                </LineStyle>
                <PolyStyle id="3822">
                    <color>ff00A5FF</color>
                    <colorMode>normal</colorMode>
                    <fill>1</fill>
                    <outline>1</outline>
                </PolyStyle>
            </Style>
            <Style id="3830">
                <LineStyle id="3832">
                    <color>ff00A5FF</color>
                    <colorMode>normal</colorMode>
                    <width>1.5</width>
                </LineStyle>
                <PolyStyle id="3831">
                    <color>ff00A5FF</color>
                    <colorMode>normal</colorMode>
                    <fill>1</fill>
                    <outline>1</outline>
                </PolyStyle>
            </Style>
            <Style id="3839">
                <LineStyle id="3841">
                    <color>ff00A5FF</color>
                    <colorMode>normal</colorMode>
                    <width>1.5</width>
                </LineStyle>
                <PolyStyle id="3840">
                    <color>ff00A5FF</color>
                    <colorMode>normal</colorMode>
                    <fill>1</fill>
                    <outline>1</outline>
                </PolyStyle>
            </Style>
            <Style id="3848">
                <LineStyle id="3850">
                    <color>ff00A5FF</color>
                    <colorMode>normal</colorMode>
                    <width>1.5</width>
                </LineStyle>
                <PolyStyle id="3849">
                    <color>ff00A5FF</color>
                    <colorMode>normal</colorMode>
                    <fill>1</fill>
                    <outline>1</outline>
                </PolyStyle>
            </Style>
            <Style id="3857">
                <LineStyle id="3859">
                    <color>ff00A5FF</color>
                    <colorMode>normal</colorMode>
                    <width>1.5</width>
                </LineStyle>
                <PolyStyle id="3858">
                    <color>ff00A5FF</color>
                    <colorMode>normal</colorMode>
                    <fill>1</fill>
                    <outline>1</outline>
                </PolyStyle>
            </Style>
            <Style id="3866">
                <LineStyle id="3868">
                    <color>ff00A5FF</color>
                    <colorMode>normal</colorMode>
                    <width>1.5</width>
                </LineStyle>
                <PolyStyle id="3867">
                    <color>ff00A5FF</color>
                    <colorMode>normal</colorMode>
                    <fill>1</fill>
                    <outline>1</outline>
                </PolyStyle>
            </Style>
            <Style id="3875">
                <LineStyle id="3877">
                    <color>ff00A5FF</color>
                    <colorMode>normal</colorMode>
                    <width>1.5</width>
                </LineStyle>
                <PolyStyle id="3876">
                    <color>ff00A5FF</color>
                    <colorMode>normal</colorMode>
                    <fill>1</fill>
                    <outline>1</outline>
                </PolyStyle>
            </Style>
            <Style id="3884">
                <LineStyle id="3886">
                    <color>ff00A5FF</color>
                    <colorMode>normal</colorMode>
                    <width>1.5</width>
                </LineStyle>
                <PolyStyle id="3885">
                    <color>ff00A5FF</color>
                    <colorMode>normal</colorMode>
                    <fill>1</fill>
                    <outline>1</outline>
                </PolyStyle>
            </Style>
            <Style id="3893">
                <LineStyle id="3895">
                    <color>ff00A5FF</color>
                    <colorMode>normal</colorMode>
                    <width>1.5</width>
                </LineStyle>
                <PolyStyle id="3894">
                    <color>ff00A5FF</color>
                    <colorMode>normal</colorMode>
                    <fill>1</fill>
                    <outline>1</outline>
                </PolyStyle>
            </Style>
            <Style id="3902">
                <LineStyle id="3904">
                    <color>ff00A5FF</color>
                    <colorMode>normal</colorMode>
                    <width>1.5</width>
                </LineStyle>
                <PolyStyle id="3903">
                    <color>ff00A5FF</color>
                    <colorMode>normal</colorMode>
                    <fill>1</fill>
                    <outline>1</outline>
                </PolyStyle>
            </Style>
            <Style id="3911">
                <LineStyle id="3913">
                    <color>ff00A5FF</color>
                    <colorMode>normal</colorMode>
                    <width>1.5</width>
                </LineStyle>
                <PolyStyle id="3912">
                    <color>ff00A5FF</color>
                    <colorMode>normal</colorMode>
                    <fill>1</fill>
                    <outline>1</outline>
                </PolyStyle>
            </Style>
            <Style id="3920">
                <LineStyle id="3922">
                    <color>ff00A5FF</color>
                    <colorMode>normal</colorMode>
                    <width>1.5</width>
                </LineStyle>
                <PolyStyle id="3921">
                    <color>ff00A5FF</color>
                    <colorMode>normal</colorMode>
                    <fill>1</fill>
                    <outline>1</outline>
                </PolyStyle>
            </Style>
            <Style id="3929">
                <LineStyle id="3931">
                    <color>ff00A5FF</color>
                    <colorMode>normal</colorMode>
                    <width>1.5</width>
                </LineStyle>
                <PolyStyle id="3930">
                    <color>ff00A5FF</color>
                    <colorMode>normal</colorMode>
                    <fill>1</fill>
                    <outline>1</outline>
                </PolyStyle>
            </Style>
            <Style id="3938">
                <LineStyle id="3940">
                    <color>ff00A5FF</color>
                    <colorMode>normal</colorMode>
                    <width>1.5</width>
                </LineStyle>
                <PolyStyle id="3939">
                    <color>ff00A5FF</color>
                    <colorMode>normal</colorMode>
                    <fill>1</fill>
                    <outline>1</outline>
                </PolyStyle>
            </Style>
            <Style id="3947">
                <LineStyle id="3949">
                    <color>ff00A5FF</color>
                    <colorMode>normal</colorMode>
                    <width>1.5</width>
                </LineStyle>
                <PolyStyle id="3948">
                    <color>ff00A5FF</color>
                    <colorMode>normal</colorMode>
                    <fill>1</fill>
                    <outline>1</outline>
                </PolyStyle>
            </Style>
            <Style id="3956">
                <LineStyle id="3958">
                    <color>ff00A5FF</color>
                    <colorMode>normal</colorMode>
                    <width>1.5</width>
                </LineStyle>
                <PolyStyle id="3957">
                    <color>ff00A5FF</color>
                    <colorMode>normal</colorMode>
                    <fill>1</fill>
                    <outline>1</outline>
                </PolyStyle>
            </Style>
            <Style id="3965">
                <LineStyle id="3967">
                    <color>ff00A5FF</color>
                    <colorMode>normal</colorMode>
                    <width>1.5</width>
                </LineStyle>
                <PolyStyle id="3966">
                    <color>ff00A5FF</color>
                    <colorMode>normal</colorMode>
                    <fill>1</fill>
                    <outline>1</outline>
                </PolyStyle>
            </Style>
            <Style id="3974">
                <LineStyle id="3976">
                    <color>ff00A5FF</color>
                    <colorMode>normal</colorMode>
                    <width>1.5</width>
                </LineStyle>
                <PolyStyle id="3975">
                    <color>ff00A5FF</color>
                    <colorMode>normal</colorMode>
                    <fill>1</fill>
                    <outline>1</outline>
                </PolyStyle>
            </Style>
            <Style id="3983">
                <LineStyle id="3985">
                    <color>ff00A5FF</color>
                    <colorMode>normal</colorMode>
                    <width>1.5</width>
                </LineStyle>
                <PolyStyle id="3984">
                    <color>ff00A5FF</color>
                    <colorMode>normal</colorMode>
                    <fill>1</fill>
                    <outline>1</outline>
                </PolyStyle>
            </Style>
            <Style id="3992">
                <LineStyle id="3994">
                    <color>ff00A5FF</color>
                    <colorMode>normal</colorMode>
                    <width>1.5</width>
                </LineStyle>
                <PolyStyle id="3993">
                    <color>ff00A5FF</color>
                    <colorMode>normal</colorMode>
                    <fill>1</fill>
                    <outline>1</outline>
                </PolyStyle>
            </Style>
            <Style id="4001">
                <LineStyle id="4003">
                    <color>ff00A5FF</color>
                    <colorMode>normal</colorMode>
                    <width>1.5</width>
                </LineStyle>
                <PolyStyle id="4002">
                    <color>ff00A5FF</color>
                    <colorMode>normal</colorMode>
                    <fill>1</fill>
                    <outline>1</outline>
                </PolyStyle>
            </Style>
            <Style id="4010">
                <LineStyle id="4012">
                    <color>ff00A5FF</color>
                    <colorMode>normal</colorMode>
                    <width>1.5</width>
                </LineStyle>
                <PolyStyle id="4011">
                    <color>ff00A5FF</color>
                    <colorMode>normal</colorMode>
                    <fill>1</fill>
                    <outline>1</outline>
                </PolyStyle>
            </Style>
            <Style id="4019">
                <LineStyle id="4021">
                    <color>ff00A5FF</color>
                    <colorMode>normal</colorMode>
                    <width>1.5</width>
                </LineStyle>
                <PolyStyle id="4020">
                    <color>ff00A5FF</color>
                    <colorMode>normal</colorMode>
                    <fill>1</fill>
                    <outline>1</outline>
                </PolyStyle>
            </Style>
            <Style id="4028">
                <LineStyle id="4030">
                    <color>ff00A5FF</color>
                    <colorMode>normal</colorMode>
                    <width>1.5</width>
                </LineStyle>
                <PolyStyle id="4029">
                    <color>ff00A5FF</color>
                    <colorMode>normal</colorMode>
                    <fill>1</fill>
                    <outline>1</outline>
                </PolyStyle>
            </Style>
            <Style id="4037">
                <LineStyle id="4039">
                    <color>ff00A5FF</color>
                    <colorMode>normal</colorMode>
                    <width>1.5</width>
                </LineStyle>
                <PolyStyle id="4038">
                    <color>ff00A5FF</color>
                    <colorMode>normal</colorMode>
                    <fill>1</fill>
                    <outline>1</outline>
                </PolyStyle>
            </Style>
            <Style id="4046">
                <LineStyle id="4048">
                    <color>ff00A5FF</color>
                    <colorMode>normal</colorMode>
                    <width>1.5</width>
                </LineStyle>
                <PolyStyle id="4047">
                    <color>ff00A5FF</color>
                    <colorMode>normal</colorMode>
                    <fill>1</fill>
                    <outline>1</outline>
                </PolyStyle>
            </Style>
            <Style id="4055">
                <LineStyle id="4057">
                    <color>ff00A5FF</color>
                    <colorMode>normal</colorMode>
                    <width>1.5</width>
                </LineStyle>
                <PolyStyle id="4056">
                    <color>ff00A5FF</color>
                    <colorMode>normal</colorMode>
                    <fill>1</fill>
                    <outline>1</outline>
                </PolyStyle>
            </Style>
            <Style id="4064">
                <LineStyle id="4066">
                    <color>ff00A5FF</color>
                    <colorMode>normal</colorMode>
                    <width>1.5</width>
                </LineStyle>
                <PolyStyle id="4065">
                    <color>ff00A5FF</color>
                    <colorMode>normal</colorMode>
                    <fill>1</fill>
                    <outline>1</outline>
                </PolyStyle>
            </Style>
            <Style id="4073">
                <LineStyle id="4075">
                    <color>ff00A5FF</color>
                    <colorMode>normal</colorMode>
                    <width>1.5</width>
                </LineStyle>
                <PolyStyle id="4074">
                    <color>ff00A5FF</color>
                    <colorMode>normal</colorMode>
                    <fill>1</fill>
                    <outline>1</outline>
                </PolyStyle>
            </Style>
            <Style id="4082">
                <LineStyle id="4084">
                    <color>ff00A5FF</color>
                    <colorMode>normal</colorMode>
                    <width>1.5</width>
                </LineStyle>
                <PolyStyle id="4083">
                    <color>ff00A5FF</color>
                    <colorMode>normal</colorMode>
                    <fill>1</fill>
                    <outline>1</outline>
                </PolyStyle>
            </Style>
            <Style id="4091">
                <LineStyle id="4093">
                    <color>ff00A5FF</color>
                    <colorMode>normal</colorMode>
                    <width>1.5</width>
                </LineStyle>
                <PolyStyle id="4092">
                    <color>ff00A5FF</color>
                    <colorMode>normal</colorMode>
                    <fill>1</fill>
                    <outline>1</outline>
                </PolyStyle>
            </Style>
            <Style id="4100">
                <LineStyle id="4102">
                    <color>ff00A5FF</color>
                    <colorMode>normal</colorMode>
                    <width>1.5</width>
                </LineStyle>
                <PolyStyle id="4101">
                    <color>ff00A5FF</color>
                    <colorMode>normal</colorMode>
                    <fill>1</fill>
                    <outline>1</outline>
                </PolyStyle>
            </Style>
            <Style id="4109">
                <LineStyle id="4111">
                    <color>ff00A5FF</color>
                    <colorMode>normal</colorMode>
                    <width>1.5</width>
                </LineStyle>
                <PolyStyle id="4110">
                    <color>ff00A5FF</color>
                    <colorMode>normal</colorMode>
                    <fill>1</fill>
                    <outline>1</outline>
                </PolyStyle>
            </Style>
            <Style id="4118">
                <LineStyle id="4120">
                    <color>ff00A5FF</color>
                    <colorMode>normal</colorMode>
                    <width>1.5</width>
                </LineStyle>
                <PolyStyle id="4119">
                    <color>ff00A5FF</color>
                    <colorMode>normal</colorMode>
                    <fill>1</fill>
                    <outline>1</outline>
                </PolyStyle>
            </Style>
            <Style id="4127">
                <LineStyle id="4129">
                    <color>ff00A5FF</color>
                    <colorMode>normal</colorMode>
                    <width>1.5</width>
                </LineStyle>
                <PolyStyle id="4128">
                    <color>ff00A5FF</color>
                    <colorMode>normal</colorMode>
                    <fill>1</fill>
                    <outline>1</outline>
                </PolyStyle>
            </Style>
            <Style id="4136">
                <LineStyle id="4138">
                    <color>ff00A5FF</color>
                    <colorMode>normal</colorMode>
                    <width>1.5</width>
                </LineStyle>
                <PolyStyle id="4137">
                    <color>ff00A5FF</color>
                    <colorMode>normal</colorMode>
                    <fill>1</fill>
                    <outline>1</outline>
                </PolyStyle>
            </Style>
            <Style id="4145">
                <LineStyle id="4147">
                    <color>ff00A5FF</color>
                    <colorMode>normal</colorMode>
                    <width>1.5</width>
                </LineStyle>
                <PolyStyle id="4146">
                    <color>ff00A5FF</color>
                    <colorMode>normal</colorMode>
                    <fill>1</fill>
                    <outline>1</outline>
                </PolyStyle>
            </Style>
            <Style id="4154">
                <LineStyle id="4156">
                    <color>ff00A5FF</color>
                    <colorMode>normal</colorMode>
                    <width>1.5</width>
                </LineStyle>
                <PolyStyle id="4155">
                    <color>ff00A5FF</color>
                    <colorMode>normal</colorMode>
                    <fill>1</fill>
                    <outline>1</outline>
                </PolyStyle>
            </Style>
            <Style id="4163">
                <LineStyle id="4165">
                    <color>ff00A5FF</color>
                    <colorMode>normal</colorMode>
                    <width>1.5</width>
                </LineStyle>
                <PolyStyle id="4164">
                    <color>ff00A5FF</color>
                    <colorMode>normal</colorMode>
                    <fill>1</fill>
                    <outline>1</outline>
                </PolyStyle>
            </Style>
            <Style id="4172">
                <LineStyle id="4174">
                    <color>ff00A5FF</color>
                    <colorMode>normal</colorMode>
                    <width>1.5</width>
                </LineStyle>
                <PolyStyle id="4173">
                    <color>ff00A5FF</color>
                    <colorMode>normal</colorMode>
                    <fill>1</fill>
                    <outline>1</outline>
                </PolyStyle>
            </Style>
            <Style id="4181">
                <LineStyle id="4183">
                    <color>ff00A5FF</color>
                    <colorMode>normal</colorMode>
                    <width>1.5</width>
                </LineStyle>
                <PolyStyle id="4182">
                    <color>ff00A5FF</color>
                    <colorMode>normal</colorMode>
                    <fill>1</fill>
                    <outline>1</outline>
                </PolyStyle>
            </Style>
            <Style id="4190">
                <LineStyle id="4192">
                    <color>ff00A5FF</color>
                    <colorMode>normal</colorMode>
                    <width>1.5</width>
                </LineStyle>
                <PolyStyle id="4191">
                    <color>ff00A5FF</color>
                    <colorMode>normal</colorMode>
                    <fill>1</fill>
                    <outline>1</outline>
                </PolyStyle>
            </Style>
            <Style id="4199">
                <LineStyle id="4201">
                    <color>ff00A5FF</color>
                    <colorMode>normal</colorMode>
                    <width>1.5</width>
                </LineStyle>
                <PolyStyle id="4200">
                    <color>ff00A5FF</color>
                    <colorMode>normal</colorMode>
                    <fill>1</fill>
                    <outline>1</outline>
                </PolyStyle>
            </Style>
            <Style id="4208">
                <LineStyle id="4210">
                    <color>ff00A5FF</color>
                    <colorMode>normal</colorMode>
                    <width>1.5</width>
                </LineStyle>
                <PolyStyle id="4209">
                    <color>ff00A5FF</color>
                    <colorMode>normal</colorMode>
                    <fill>1</fill>
                    <outline>1</outline>
                </PolyStyle>
            </Style>
            <Style id="4217">
                <LineStyle id="4219">
                    <color>ff00A5FF</color>
                    <colorMode>normal</colorMode>
                    <width>1.5</width>
                </LineStyle>
                <PolyStyle id="4218">
                    <color>ff00A5FF</color>
                    <colorMode>normal</colorMode>
                    <fill>1</fill>
                    <outline>1</outline>
                </PolyStyle>
            </Style>
            <Style id="4226">
                <LineStyle id="4228">
                    <color>ff00A5FF</color>
                    <colorMode>normal</colorMode>
                    <width>1.5</width>
                </LineStyle>
                <PolyStyle id="4227">
                    <color>ff00A5FF</color>
                    <colorMode>normal</colorMode>
                    <fill>1</fill>
                    <outline>1</outline>
                </PolyStyle>
            </Style>
            <Style id="4235">
                <LineStyle id="4237">
                    <color>ff00A5FF</color>
                    <colorMode>normal</colorMode>
                    <width>1.5</width>
                </LineStyle>
                <PolyStyle id="4236">
                    <color>ff00A5FF</color>
                    <colorMode>normal</colorMode>
                    <fill>1</fill>
                    <outline>1</outline>
                </PolyStyle>
            </Style>
            <Style id="4244">
                <LineStyle id="4246">
                    <color>ff00A5FF</color>
                    <colorMode>normal</colorMode>
                    <width>1.5</width>
                </LineStyle>
                <PolyStyle id="4245">
                    <color>ff00A5FF</color>
                    <colorMode>normal</colorMode>
                    <fill>1</fill>
                    <outline>1</outline>
                </PolyStyle>
            </Style>
            <Style id="4253">
                <LineStyle id="4255">
                    <color>ff00A5FF</color>
                    <colorMode>normal</colorMode>
                    <width>1.5</width>
                </LineStyle>
                <PolyStyle id="4254">
                    <color>ff00A5FF</color>
                    <colorMode>normal</colorMode>
                    <fill>1</fill>
                    <outline>1</outline>
                </PolyStyle>
            </Style>
            <Style id="4262">
                <LineStyle id="4264">
                    <color>ff00A5FF</color>
                    <colorMode>normal</colorMode>
                    <width>1.5</width>
                </LineStyle>
                <PolyStyle id="4263">
                    <color>ff00A5FF</color>
                    <colorMode>normal</colorMode>
                    <fill>1</fill>
                    <outline>1</outline>
                </PolyStyle>
            </Style>
            <Style id="4271">
                <LineStyle id="4273">
                    <color>ff00A5FF</color>
                    <colorMode>normal</colorMode>
                    <width>1.5</width>
                </LineStyle>
                <PolyStyle id="4272">
                    <color>ff00A5FF</color>
                    <colorMode>normal</colorMode>
                    <fill>1</fill>
                    <outline>1</outline>
                </PolyStyle>
            </Style>
            <Style id="4280">
                <LineStyle id="4282">
                    <color>ff00A5FF</color>
                    <colorMode>normal</colorMode>
                    <width>1.5</width>
                </LineStyle>
                <PolyStyle id="4281">
                    <color>ff00A5FF</color>
                    <colorMode>normal</colorMode>
                    <fill>1</fill>
                    <outline>1</outline>
                </PolyStyle>
            </Style>
            <Style id="4289">
                <LineStyle id="4291">
                    <color>ff00A5FF</color>
                    <colorMode>normal</colorMode>
                    <width>1.5</width>
                </LineStyle>
                <PolyStyle id="4290">
                    <color>ff00A5FF</color>
                    <colorMode>normal</colorMode>
                    <fill>1</fill>
                    <outline>1</outline>
                </PolyStyle>
            </Style>
            <Style id="4298">
                <LineStyle id="4300">
                    <color>ff00A5FF</color>
                    <colorMode>normal</colorMode>
                    <width>1.5</width>
                </LineStyle>
                <PolyStyle id="4299">
                    <color>ff00A5FF</color>
                    <colorMode>normal</colorMode>
                    <fill>1</fill>
                    <outline>1</outline>
                </PolyStyle>
            </Style>
            <Style id="4307">
                <LineStyle id="4309">
                    <color>ff00A5FF</color>
                    <colorMode>normal</colorMode>
                    <width>1.5</width>
                </LineStyle>
                <PolyStyle id="4308">
                    <color>ff00A5FF</color>
                    <colorMode>normal</colorMode>
                    <fill>1</fill>
                    <outline>1</outline>
                </PolyStyle>
            </Style>
            <Style id="4316">
                <LineStyle id="4318">
                    <color>ff00A5FF</color>
                    <colorMode>normal</colorMode>
                    <width>1.5</width>
                </LineStyle>
                <PolyStyle id="4317">
                    <color>ff00A5FF</color>
                    <colorMode>normal</colorMode>
                    <fill>1</fill>
                    <outline>1</outline>
                </PolyStyle>
            </Style>
            <Style id="4325">
                <LineStyle id="4327">
                    <color>ff00A5FF</color>
                    <colorMode>normal</colorMode>
                    <width>1.5</width>
                </LineStyle>
                <PolyStyle id="4326">
                    <color>ff00A5FF</color>
                    <colorMode>normal</colorMode>
                    <fill>1</fill>
                    <outline>1</outline>
                </PolyStyle>
            </Style>
            <Style id="4334">
                <LineStyle id="4336">
                    <color>ff00A5FF</color>
                    <colorMode>normal</colorMode>
                    <width>1.5</width>
                </LineStyle>
                <PolyStyle id="4335">
                    <color>ff00A5FF</color>
                    <colorMode>normal</colorMode>
                    <fill>1</fill>
                    <outline>1</outline>
                </PolyStyle>
            </Style>
            <Style id="4343">
                <LineStyle id="4345">
                    <color>ff00A5FF</color>
                    <colorMode>normal</colorMode>
                    <width>1.5</width>
                </LineStyle>
                <PolyStyle id="4344">
                    <color>ff00A5FF</color>
                    <colorMode>normal</colorMode>
                    <fill>1</fill>
                    <outline>1</outline>
                </PolyStyle>
            </Style>
            <Style id="4352">
                <LineStyle id="4354">
                    <color>ff00A5FF</color>
                    <colorMode>normal</colorMode>
                    <width>1.5</width>
                </LineStyle>
                <PolyStyle id="4353">
                    <color>ff00A5FF</color>
                    <colorMode>normal</colorMode>
                    <fill>1</fill>
                    <outline>1</outline>
                </PolyStyle>
            </Style>
            <Style id="4361">
                <LineStyle id="4363">
                    <color>ff00A5FF</color>
                    <colorMode>normal</colorMode>
                    <width>1.5</width>
                </LineStyle>
                <PolyStyle id="4362">
                    <color>ff00A5FF</color>
                    <colorMode>normal</colorMode>
                    <fill>1</fill>
                    <outline>1</outline>
                </PolyStyle>
            </Style>
            <Style id="4370">
                <LineStyle id="4372">
                    <color>ff00A5FF</color>
                    <colorMode>normal</colorMode>
                    <width>1.5</width>
                </LineStyle>
                <PolyStyle id="4371">
                    <color>ff00A5FF</color>
                    <colorMode>normal</colorMode>
                    <fill>1</fill>
                    <outline>1</outline>
                </PolyStyle>
            </Style>
            <Style id="4379">
                <LineStyle id="4381">
                    <color>ff00A5FF</color>
                    <colorMode>normal</colorMode>
                    <width>1.5</width>
                </LineStyle>
                <PolyStyle id="4380">
                    <color>ff00A5FF</color>
                    <colorMode>normal</colorMode>
                    <fill>1</fill>
                    <outline>1</outline>
                </PolyStyle>
            </Style>
            <Style id="4388">
                <LineStyle id="4390">
                    <color>ff00A5FF</color>
                    <colorMode>normal</colorMode>
                    <width>1.5</width>
                </LineStyle>
                <PolyStyle id="4389">
                    <color>ff00A5FF</color>
                    <colorMode>normal</colorMode>
                    <fill>1</fill>
                    <outline>1</outline>
                </PolyStyle>
            </Style>
            <Style id="4397">
                <LineStyle id="4399">
                    <color>ff00A5FF</color>
                    <colorMode>normal</colorMode>
                    <width>1.5</width>
                </LineStyle>
                <PolyStyle id="4398">
                    <color>ff00A5FF</color>
                    <colorMode>normal</colorMode>
                    <fill>1</fill>
                    <outline>1</outline>
                </PolyStyle>
            </Style>
            <Style id="4406">
                <LineStyle id="4408">
                    <color>ff00A5FF</color>
                    <colorMode>normal</colorMode>
                    <width>1.5</width>
                </LineStyle>
                <PolyStyle id="4407">
                    <color>ff00A5FF</color>
                    <colorMode>normal</colorMode>
                    <fill>1</fill>
                    <outline>1</outline>
                </PolyStyle>
            </Style>
            <Style id="4415">
                <LineStyle id="4417">
                    <color>ff00A5FF</color>
                    <colorMode>normal</colorMode>
                    <width>1.5</width>
                </LineStyle>
                <PolyStyle id="4416">
                    <color>ff00A5FF</color>
                    <colorMode>normal</colorMode>
                    <fill>1</fill>
                    <outline>1</outline>
                </PolyStyle>
            </Style>
            <Style id="4424">
                <LineStyle id="4426">
                    <color>ff00A5FF</color>
                    <colorMode>normal</colorMode>
                    <width>1.5</width>
                </LineStyle>
                <PolyStyle id="4425">
                    <color>ff00A5FF</color>
                    <colorMode>normal</colorMode>
                    <fill>1</fill>
                    <outline>1</outline>
                </PolyStyle>
            </Style>
            <Style id="4433">
                <LineStyle id="4435">
                    <color>ff00A5FF</color>
                    <colorMode>normal</colorMode>
                    <width>1.5</width>
                </LineStyle>
                <PolyStyle id="4434">
                    <color>ff00A5FF</color>
                    <colorMode>normal</colorMode>
                    <fill>1</fill>
                    <outline>1</outline>
                </PolyStyle>
            </Style>
            <Style id="4442">
                <LineStyle id="4444">
                    <color>ff00A5FF</color>
                    <colorMode>normal</colorMode>
                    <width>1.5</width>
                </LineStyle>
                <PolyStyle id="4443">
                    <color>ff00A5FF</color>
                    <colorMode>normal</colorMode>
                    <fill>1</fill>
                    <outline>1</outline>
                </PolyStyle>
            </Style>
            <Style id="4451">
                <LineStyle id="4453">
                    <color>ff00A5FF</color>
                    <colorMode>normal</colorMode>
                    <width>1.5</width>
                </LineStyle>
                <PolyStyle id="4452">
                    <color>ff00A5FF</color>
                    <colorMode>normal</colorMode>
                    <fill>1</fill>
                    <outline>1</outline>
                </PolyStyle>
            </Style>
            <Style id="4460">
                <LineStyle id="4462">
                    <color>ff00A5FF</color>
                    <colorMode>normal</colorMode>
                    <width>1.5</width>
                </LineStyle>
                <PolyStyle id="4461">
                    <color>ff00A5FF</color>
                    <colorMode>normal</colorMode>
                    <fill>1</fill>
                    <outline>1</outline>
                </PolyStyle>
            </Style>
            <Style id="4469">
                <LineStyle id="4471">
                    <color>ff00A5FF</color>
                    <colorMode>normal</colorMode>
                    <width>1.5</width>
                </LineStyle>
                <PolyStyle id="4470">
                    <color>ff00A5FF</color>
                    <colorMode>normal</colorMode>
                    <fill>1</fill>
                    <outline>1</outline>
                </PolyStyle>
            </Style>
            <Style id="4478">
                <LineStyle id="4480">
                    <color>ff00A5FF</color>
                    <colorMode>normal</colorMode>
                    <width>1.5</width>
                </LineStyle>
                <PolyStyle id="4479">
                    <color>ff00A5FF</color>
                    <colorMode>normal</colorMode>
                    <fill>1</fill>
                    <outline>1</outline>
                </PolyStyle>
            </Style>
            <Style id="4487">
                <LineStyle id="4489">
                    <color>ff00A5FF</color>
                    <colorMode>normal</colorMode>
                    <width>1.5</width>
                </LineStyle>
                <PolyStyle id="4488">
                    <color>ff00A5FF</color>
                    <colorMode>normal</colorMode>
                    <fill>1</fill>
                    <outline>1</outline>
                </PolyStyle>
            </Style>
            <Style id="4496">
                <LineStyle id="4498">
                    <color>ff00A5FF</color>
                    <colorMode>normal</colorMode>
                    <width>1.5</width>
                </LineStyle>
                <PolyStyle id="4497">
                    <color>ff00A5FF</color>
                    <colorMode>normal</colorMode>
                    <fill>1</fill>
                    <outline>1</outline>
                </PolyStyle>
            </Style>
            <Style id="4505">
                <LineStyle id="4507">
                    <color>ff00A5FF</color>
                    <colorMode>normal</colorMode>
                    <width>1.5</width>
                </LineStyle>
                <PolyStyle id="4506">
                    <color>ff00A5FF</color>
                    <colorMode>normal</colorMode>
                    <fill>1</fill>
                    <outline>1</outline>
                </PolyStyle>
            </Style>
            <Style id="4514">
                <LineStyle id="4516">
                    <color>ff00A5FF</color>
                    <colorMode>normal</colorMode>
                    <width>1.5</width>
                </LineStyle>
                <PolyStyle id="4515">
                    <color>ff00A5FF</color>
                    <colorMode>normal</colorMode>
                    <fill>1</fill>
                    <outline>1</outline>
                </PolyStyle>
            </Style>
            <Style id="4523">
                <LineStyle id="4525">
                    <color>ff00A5FF</color>
                    <colorMode>normal</colorMode>
                    <width>1.5</width>
                </LineStyle>
                <PolyStyle id="4524">
                    <color>ff00A5FF</color>
                    <colorMode>normal</colorMode>
                    <fill>1</fill>
                    <outline>1</outline>
                </PolyStyle>
            </Style>
            <Style id="4532">
                <LineStyle id="4534">
                    <color>ff00A5FF</color>
                    <colorMode>normal</colorMode>
                    <width>1.5</width>
                </LineStyle>
                <PolyStyle id="4533">
                    <color>ff00A5FF</color>
                    <colorMode>normal</colorMode>
                    <fill>1</fill>
                    <outline>1</outline>
                </PolyStyle>
            </Style>
            <name>Class 2</name>
            <Placemark id="3762">
                <name>Class 2 - 1</name>
                <styleUrl>#3767</styleUrl>
                <Polygon id="3761">
                    <outerBoundaryIs>
                        <LinearRing id="3765">
                            <coordinates>73.95686003710563,18.54661735593164,0.0 73.95686003710563,18.546347861346405,0.0 73.95712953169087,18.546347861346405,0.0 73.95712953169087,18.54661735593164,0.0 73.95686003710563,18.54661735593164,0.0</coordinates>
                        </LinearRing>
                    </outerBoundaryIs>
                </Polygon>
            </Placemark>
            <Placemark id="3771">
                <name>Class 2 - 2</name>
                <styleUrl>#3776</styleUrl>
                <Polygon id="3770">
                    <outerBoundaryIs>
                        <LinearRing id="3774">
                            <coordinates>73.95578205876468,18.546347861346405,0.0 73.95578205876468,18.54607836676117,0.0 73.95632104793515,18.54607836676117,0.0 73.95632104793515,18.546347861346405,0.0 73.95578205876468,18.546347861346405,0.0</coordinates>
                        </LinearRing>
                    </outerBoundaryIs>
                </Polygon>
            </Placemark>
            <Placemark id="3780">
                <name>Class 2 - 3</name>
                <styleUrl>#3785</styleUrl>
                <Polygon id="3779">
                    <outerBoundaryIs>
                        <LinearRing id="3783">
                            <coordinates>73.95793801544657,18.546886850516877,0.0 73.95793801544657,18.546347861346405,0.0 73.9582075100318,18.546347861346405,0.0 73.9582075100318,18.54661735593164,0.0 73.95928548837274,18.54661735593164,0.0 73.95928548837274,18.546347861346405,0.0 73.96009397212846,18.546347861346405,0.0 73.96009397212846,18.54607836676117,0.0 73.96036346671369,18.54607836676117,0.0 73.96036346671369,18.545808872175936,0.0 73.96090245588417,18.545808872175936,0.0 73.96090245588417,18.546347861346405,0.0 73.96063296129893,18.546347861346405,0.0 73.96063296129893,18.54661735593164,0.0 73.96009397212846,18.54661735593164,0.0 73.96009397212846,18.546886850516877,0.0 73.95793801544657,18.546886850516877,0.0</coordinates>
                        </LinearRing>
                    </outerBoundaryIs>
                </Polygon>
            </Placemark>
            <Placemark id="3789">
                <name>Class 2 - 4</name>
                <styleUrl>#3794</styleUrl>
                <Polygon id="3788">
                    <outerBoundaryIs>
                        <LinearRing id="3792">
                            <coordinates>73.9552430695942,18.546347861346405,0.0 73.9552430695942,18.54607836676117,0.0 73.95470408042374,18.54607836676117,0.0 73.95470408042374,18.545808872175936,0.0 73.95551256417944,18.545808872175936,0.0 73.95551256417944,18.546347861346405,0.0 73.9552430695942,18.546347861346405,0.0</coordinates>
                        </LinearRing>
                    </outerBoundaryIs>
                </Polygon>
            </Placemark>
            <Placemark id="3798">
                <name>Class 2 - 5</name>
                <styleUrl>#3803</styleUrl>
                <Polygon id="3797">
                    <outerBoundaryIs>
                        <LinearRing id="3801">
                            <coordinates>73.96144144505463,18.545808872175936,0.0 73.96144144505463,18.5455393775907,0.0 73.96198043422511,18.5455393775907,0.0 73.96198043422511,18.545808872175936,0.0 73.96144144505463,18.545808872175936,0.0</coordinates>
                        </LinearRing>
                    </outerBoundaryIs>
                </Polygon>
            </Placemark>
            <Placemark id="3807">
                <name>Class 2 - 6</name>
                <styleUrl>#3812</styleUrl>
                <Polygon id="3806">
                    <outerBoundaryIs>
                        <LinearRing id="3810">
                            <coordinates>73.95227862915661,18.54607836676117,0.0 73.95227862915661,18.545269883005464,0.0 73.9536261020828,18.545269883005464,0.0 73.9536261020828,18.5455393775907,0.0 73.9544345858385,18.5455393775907,0.0 73.9544345858385,18.545808872175936,0.0 73.95335660749755,18.545808872175936,0.0 73.95335660749755,18.54607836676117,0.0 73.95227862915661,18.54607836676117,0.0</coordinates>
                        </LinearRing>
                    </outerBoundaryIs>
                </Polygon>
            </Placemark>
            <Placemark id="3816">
                <name>Class 2 - 7</name>
                <styleUrl>#3821</styleUrl>
                <Polygon id="3815">
                    <outerBoundaryIs>
                        <LinearRing id="3819">
                            <coordinates>73.9460802536962,18.5455393775907,0.0 73.9460802536962,18.545269883005464,0.0 73.94634974828142,18.545269883005464,0.0 73.94634974828142,18.5455393775907,0.0 73.9460802536962,18.5455393775907,0.0</coordinates>
                        </LinearRing>
                    </outerBoundaryIs>
                </Polygon>
            </Placemark>
            <Placemark id="3825">
                <name>Class 2 - 8</name>
                <styleUrl>#3830</styleUrl>
                <Polygon id="3824">
                    <outerBoundaryIs>
                        <LinearRing id="3828">
                            <coordinates>73.96198043422511,18.5455393775907,0.0 73.96198043422511,18.545269883005464,0.0 73.96224992881034,18.545269883005464,0.0 73.96224992881034,18.5455393775907,0.0 73.96198043422511,18.5455393775907,0.0</coordinates>
                        </LinearRing>
                    </outerBoundaryIs>
                </Polygon>
            </Placemark>
            <Placemark id="3834">
                <name>Class 2 - 9</name>
                <styleUrl>#3839</styleUrl>
                <Polygon id="3833">
                    <outerBoundaryIs>
                        <LinearRing id="3837">
                            <coordinates>73.96171093963987,18.545269883005464,0.0 73.96171093963987,18.545000388420227,0.0 73.96198043422511,18.545000388420227,0.0 73.96198043422511,18.545269883005464,0.0 73.96171093963987,18.545269883005464,0.0</coordinates>
                        </LinearRing>
                    </outerBoundaryIs>
                </Polygon>
            </Placemark>
            <Placemark id="3843">
                <name>Class 2 - 10</name>
                <styleUrl>#3848</styleUrl>
                <Polygon id="3842">
                    <outerBoundaryIs>
                        <LinearRing id="3846">
                            <coordinates>73.9498531778895,18.54607836676117,0.0 73.9498531778895,18.545808872175936,0.0 73.94634974828142,18.545808872175936,0.0 73.94634974828142,18.5455393775907,0.0 73.9468887374519,18.5455393775907,0.0 73.9468887374519,18.545269883005464,0.0 73.94661924286666,18.545269883005464,0.0 73.94661924286666,18.545000388420227,0.0 73.94958368330425,18.545000388420227,0.0 73.94958368330425,18.54473089383499,0.0 73.9506616616452,18.54473089383499,0.0 73.9506616616452,18.545000388420227,0.0 73.95039216705996,18.545000388420227,0.0 73.95039216705996,18.545269883005464,0.0 73.9506616616452,18.545269883005464,0.0 73.9506616616452,18.5455393775907,0.0 73.95093115623044,18.5455393775907,0.0 73.95093115623044,18.545269883005464,0.0 73.95120065081566,18.545269883005464,0.0 73.95120065081566,18.54607836676117,0.0 73.9498531778895,18.54607836676117,0.0</coordinates>
                        </LinearRing>
                    </outerBoundaryIs>
                </Polygon>
            </Placemark>
            <Placemark id="3852">
                <name>Class 2 - 11</name>
                <styleUrl>#3857</styleUrl>
                <Polygon id="3851">
                    <outerBoundaryIs>
                        <LinearRing id="3855">
                            <coordinates>73.96198043422511,18.545000388420227,0.0 73.96198043422511,18.54473089383499,0.0 73.96251942339558,18.54473089383499,0.0 73.96251942339558,18.545000388420227,0.0 73.96198043422511,18.545000388420227,0.0</coordinates>
                        </LinearRing>
                    </outerBoundaryIs>
                </Polygon>
            </Placemark>
            <Placemark id="3861">
                <name>Class 2 - 12</name>
                <styleUrl>#3866</styleUrl>
                <Polygon id="3860">
                    <outerBoundaryIs>
                        <LinearRing id="3864">
                            <coordinates>73.96251942339558,18.54473089383499,0.0 73.96251942339558,18.544461399249755,0.0 73.96305841256606,18.544461399249755,0.0 73.96305841256606,18.54473089383499,0.0 73.96251942339558,18.54473089383499,0.0</coordinates>
                        </LinearRing>
                    </outerBoundaryIs>
                </Polygon>
            </Placemark>
            <Placemark id="3870">
                <name>Class 2 - 13</name>
                <styleUrl>#3875</styleUrl>
                <Polygon id="3869">
                    <outerBoundaryIs>
                        <LinearRing id="3873">
                            <coordinates>73.96332790715128,18.54473089383499,0.0 73.96332790715128,18.544461399249755,0.0 73.96359740173652,18.544461399249755,0.0 73.96359740173652,18.54473089383499,0.0 73.96332790715128,18.54473089383499,0.0</coordinates>
                        </LinearRing>
                    </outerBoundaryIs>
                </Polygon>
            </Placemark>
            <Placemark id="3879">
                <name>Class 2 - 14</name>
                <styleUrl>#3884</styleUrl>
                <Polygon id="3878">
                    <outerBoundaryIs>
                        <LinearRing id="3882">
                            <coordinates>73.96305841256606,18.544461399249755,0.0 73.96305841256606,18.54419190466452,0.0 73.96332790715128,18.54419190466452,0.0 73.96332790715128,18.544461399249755,0.0 73.96305841256606,18.544461399249755,0.0</coordinates>
                        </LinearRing>
                    </outerBoundaryIs>
                </Polygon>
            </Placemark>
            <Placemark id="3888">
                <name>Class 2 - 15</name>
                <styleUrl>#3893</styleUrl>
                <Polygon id="3887">
                    <outerBoundaryIs>
                        <LinearRing id="3891">
                            <coordinates>73.89029487455237,18.54419190466452,0.0 73.89029487455237,18.543922410079283,0.0 73.8905643691376,18.543922410079283,0.0 73.8905643691376,18.54419190466452,0.0 73.89029487455237,18.54419190466452,0.0</coordinates>
                        </LinearRing>
                    </outerBoundaryIs>
                </Polygon>
            </Placemark>
            <Placemark id="3897">
                <name>Class 2 - 16</name>
                <styleUrl>#3902</styleUrl>
                <Polygon id="3896">
                    <outerBoundaryIs>
                        <LinearRing id="3900">
                            <coordinates>73.94527176994048,18.5455393775907,0.0 73.94527176994048,18.545269883005464,0.0 73.94500227535525,18.545269883005464,0.0 73.94500227535525,18.545000388420227,0.0 73.94473278077001,18.545000388420227,0.0 73.94473278077001,18.54473089383499,0.0 73.94446328618477,18.54473089383499,0.0 73.94446328618477,18.544461399249755,0.0 73.94419379159955,18.544461399249755,0.0 73.94419379159955,18.54419190466452,0.0 73.9439242970143,18.54419190466452,0.0 73.9439242970143,18.543922410079283,0.0 73.94500227535525,18.543922410079283,0.0 73.94500227535525,18.54419190466452,0.0 73.94527176994048,18.54419190466452,0.0 73.94527176994048,18.544461399249755,0.0 73.94554126452572,18.544461399249755,0.0 73.94554126452572,18.545000388420227,0.0 73.94581075911096,18.545000388420227,0.0 73.94581075911096,18.5455393775907,0.0 73.94527176994048,18.5455393775907,0.0</coordinates>
                        </LinearRing>
                    </outerBoundaryIs>
                </Polygon>
            </Placemark>
            <Placemark id="3906">
                <name>Class 2 - 17</name>
                <styleUrl>#3911</styleUrl>
                <Polygon id="3905">
                    <outerBoundaryIs>
                        <LinearRing id="3909">
                            <coordinates>73.96332790715128,18.54419190466452,0.0 73.96332790715128,18.543922410079283,0.0 73.96386689632176,18.543922410079283,0.0 73.96386689632176,18.543652915494047,0.0 73.96467538007747,18.543652915494047,0.0 73.96467538007747,18.543922410079283,0.0 73.96413639090699,18.543922410079283,0.0 73.96413639090699,18.54419190466452,0.0 73.96332790715128,18.54419190466452,0.0</coordinates>
                        </LinearRing>
                    </outerBoundaryIs>
                </Polygon>
            </Placemark>
            <Placemark id="3915">
                <name>Class 2 - 18</name>
                <styleUrl>#3920</styleUrl>
                <Polygon id="3914">
                    <outerBoundaryIs>
                        <LinearRing id="3918">
                            <coordinates>73.89218133664902,18.543922410079283,0.0 73.89218133664902,18.543652915494047,0.0 73.89245083123426,18.543652915494047,0.0 73.89245083123426,18.543922410079283,0.0 73.89218133664902,18.543922410079283,0.0</coordinates>
                        </LinearRing>
                    </outerBoundaryIs>
                </Polygon>
            </Placemark>
            <Placemark id="3924">
                <name>Class 2 - 19</name>
                <styleUrl>#3929</styleUrl>
                <Polygon id="3923">
                    <outerBoundaryIs>
                        <LinearRing id="3927">
                            <coordinates>73.88948639079666,18.54419190466452,0.0 73.88948639079666,18.543922410079283,0.0 73.88867790704096,18.543922410079283,0.0 73.88867790704096,18.543652915494047,0.0 73.88840841245572,18.543652915494047,0.0 73.88840841245572,18.54338342090881,0.0 73.8897558853819,18.54338342090881,0.0 73.8897558853819,18.54419190466452,0.0 73.88948639079666,18.54419190466452,0.0</coordinates>
                        </LinearRing>
                    </outerBoundaryIs>
                </Polygon>
            </Placemark>
            <Placemark id="3933">
                <name>Class 2 - 20</name>
                <styleUrl>#3938</styleUrl>
                <Polygon id="3932">
                    <outerBoundaryIs>
                        <LinearRing id="3936">
                            <coordinates>73.96467538007747,18.543652915494047,0.0 73.96467538007747,18.54338342090881,0.0 73.96521436924793,18.54338342090881,0.0 73.96521436924793,18.543652915494047,0.0 73.96467538007747,18.543652915494047,0.0</coordinates>
                        </LinearRing>
                    </outerBoundaryIs>
                </Polygon>
            </Placemark>
            <Placemark id="3942">
                <name>Class 2 - 21</name>
                <styleUrl>#3947</styleUrl>
                <Polygon id="3941">
                    <outerBoundaryIs>
                        <LinearRing id="3945">
                            <coordinates>73.96548386383317,18.543652915494047,0.0 73.96548386383317,18.54338342090881,0.0 73.96575335841841,18.54338342090881,0.0 73.96575335841841,18.543652915494047,0.0 73.96548386383317,18.543652915494047,0.0</coordinates>
                        </LinearRing>
                    </outerBoundaryIs>
                </Polygon>
            </Placemark>
            <Placemark id="3951">
                <name>Class 2 - 22</name>
                <styleUrl>#3956</styleUrl>
                <Polygon id="3950">
                    <outerBoundaryIs>
                        <LinearRing id="3954">
                            <coordinates>73.96656184217412,18.543652915494047,0.0 73.96656184217412,18.54338342090881,0.0 73.96683133675936,18.54338342090881,0.0 73.96683133675936,18.543652915494047,0.0 73.96656184217412,18.543652915494047,0.0</coordinates>
                        </LinearRing>
                    </outerBoundaryIs>
                </Polygon>
            </Placemark>
            <Placemark id="3960">
                <name>Class 2 - 23</name>
                <styleUrl>#3965</styleUrl>
                <Polygon id="3959">
                    <outerBoundaryIs>
                        <LinearRing id="3963">
                            <coordinates>73.88706093952953,18.54419190466452,0.0 73.88706093952953,18.543922410079283,0.0 73.88598296118859,18.543922410079283,0.0 73.88598296118859,18.543652915494047,0.0 73.88571346660336,18.543652915494047,0.0 73.88571346660336,18.543922410079283,0.0 73.88544397201812,18.543922410079283,0.0 73.88544397201812,18.543652915494047,0.0 73.88517447743288,18.543652915494047,0.0 73.88517447743288,18.54338342090881,0.0 73.88652195035907,18.54338342090881,0.0 73.88652195035907,18.543113926323574,0.0 73.88679144494431,18.543113926323574,0.0 73.88679144494431,18.54338342090881,0.0 73.88706093952953,18.54338342090881,0.0 73.88706093952953,18.543652915494047,0.0 73.88786942328525,18.543652915494047,0.0 73.88786942328525,18.543922410079283,0.0 73.88733043411477,18.543922410079283,0.0 73.88733043411477,18.54419190466452,0.0 73.88706093952953,18.54419190466452,0.0</coordinates>
                        </LinearRing>
                    </outerBoundaryIs>
                </Polygon>
            </Placemark>
            <Placemark id="3969">
                <name>Class 2 - 24</name>
                <styleUrl>#3974</styleUrl>
                <Polygon id="3968">
                    <outerBoundaryIs>
                        <LinearRing id="3972">
                            <coordinates>73.96521436924793,18.54338342090881,0.0 73.96521436924793,18.543113926323574,0.0 73.96548386383317,18.543113926323574,0.0 73.96548386383317,18.54338342090881,0.0 73.96521436924793,18.54338342090881,0.0</coordinates>
                        </LinearRing>
                    </outerBoundaryIs>
                </Polygon>
            </Placemark>
            <Placemark id="3978">
                <name>Class 2 - 25</name>
                <styleUrl>#3983</styleUrl>
                <Polygon id="3977">
                    <outerBoundaryIs>
                        <LinearRing id="3981">
                            <coordinates>73.96629234758888,18.54338342090881,0.0 73.96629234758888,18.543113926323574,0.0 73.96656184217412,18.543113926323574,0.0 73.96656184217412,18.54338342090881,0.0 73.96629234758888,18.54338342090881,0.0</coordinates>
                        </LinearRing>
                    </outerBoundaryIs>
                </Polygon>
            </Placemark>
            <Placemark id="3987">
                <name>Class 2 - 26</name>
                <styleUrl>#3992</styleUrl>
                <Polygon id="3986">
                    <outerBoundaryIs>
                        <LinearRing id="3990">
                            <coordinates>73.89245083123426,18.543652915494047,0.0 73.89245083123426,18.54338342090881,0.0 73.89218133664902,18.54338342090881,0.0 73.89218133664902,18.543113926323574,0.0 73.89298982040472,18.543113926323574,0.0 73.89298982040472,18.54284443173834,0.0 73.89325931498996,18.54284443173834,0.0 73.89325931498996,18.543113926323574,0.0 73.8935288095752,18.543113926323574,0.0 73.8935288095752,18.54284443173834,0.0 73.89406779874567,18.54284443173834,0.0 73.89406779874567,18.543113926323574,0.0 73.8943372933309,18.543113926323574,0.0 73.8943372933309,18.54338342090881,0.0 73.8935288095752,18.54338342090881,0.0 73.8935288095752,18.543652915494047,0.0 73.89245083123426,18.543652915494047,0.0</coordinates>
                        </LinearRing>
                    </outerBoundaryIs>
                </Polygon>
            </Placemark>
            <Placemark id="3996">
                <name>Class 2 - 27</name>
                <styleUrl>#4001</styleUrl>
                <Polygon id="3995">
                    <outerBoundaryIs>
                        <LinearRing id="3999">
                            <coordinates>73.8943372933309,18.543113926323574,0.0 73.8943372933309,18.54284443173834,0.0 73.89460678791615,18.54284443173834,0.0 73.89460678791615,18.543113926323574,0.0 73.8943372933309,18.543113926323574,0.0</coordinates>
                        </LinearRing>
                    </outerBoundaryIs>
                </Polygon>
            </Placemark>
            <Placemark id="4005">
                <name>Class 2 - 28</name>
                <styleUrl>#4010</styleUrl>
                <Polygon id="4004">
                    <outerBoundaryIs>
                        <LinearRing id="4008">
                            <coordinates>73.96683133675936,18.543113926323574,0.0 73.96683133675936,18.54284443173834,0.0 73.96710083134458,18.54284443173834,0.0 73.96710083134458,18.543113926323574,0.0 73.96683133675936,18.543113926323574,0.0</coordinates>
                        </LinearRing>
                    </outerBoundaryIs>
                </Polygon>
            </Placemark>
            <Placemark id="4014">
                <name>Class 2 - 29</name>
                <styleUrl>#4019</styleUrl>
                <Polygon id="4013">
                    <outerBoundaryIs>
                        <LinearRing id="4017">
                            <coordinates>73.96737032592982,18.543113926323574,0.0 73.96737032592982,18.54284443173834,0.0 73.96817880968553,18.54284443173834,0.0 73.96817880968553,18.543113926323574,0.0 73.96737032592982,18.543113926323574,0.0</coordinates>
                        </LinearRing>
                    </outerBoundaryIs>
                </Polygon>
            </Placemark>
            <Placemark id="4023">
                <name>Class 2 - 30</name>
                <styleUrl>#4028</styleUrl>
                <Polygon id="4022">
                    <outerBoundaryIs>
                        <LinearRing id="4026">
                            <coordinates>73.89406779874567,18.54284443173834,0.0 73.89406779874567,18.542574937153105,0.0 73.8943372933309,18.542574937153105,0.0 73.8943372933309,18.54284443173834,0.0 73.89406779874567,18.54284443173834,0.0</coordinates>
                        </LinearRing>
                    </outerBoundaryIs>
                </Polygon>
            </Placemark>
            <Placemark id="4032">
                <name>Class 2 - 31</name>
                <styleUrl>#4037</styleUrl>
                <Polygon id="4031">
                    <outerBoundaryIs>
                        <LinearRing id="4035">
                            <coordinates>73.97033476636742,18.54284443173834,0.0 73.97033476636742,18.542574937153105,0.0 73.97060426095265,18.542574937153105,0.0 73.97060426095265,18.54284443173834,0.0 73.97033476636742,18.54284443173834,0.0</coordinates>
                        </LinearRing>
                    </outerBoundaryIs>
                </Polygon>
            </Placemark>
            <Placemark id="4041">
                <name>Class 2 - 32</name>
                <styleUrl>#4046</styleUrl>
                <Polygon id="4040">
                    <outerBoundaryIs>
                        <LinearRing id="4044">
                            <coordinates>73.96979577719695,18.542574937153105,0.0 73.96979577719695,18.54230544256787,0.0 73.97006527178218,18.54230544256787,0.0 73.97006527178218,18.542574937153105,0.0 73.96979577719695,18.542574937153105,0.0</coordinates>
                        </LinearRing>
                    </outerBoundaryIs>
                </Polygon>
            </Placemark>
            <Placemark id="4050">
                <name>Class 2 - 33</name>
                <styleUrl>#4055</styleUrl>
                <Polygon id="4049">
                    <outerBoundaryIs>
                        <LinearRing id="4053">
                            <coordinates>73.8964932500128,18.542574937153105,0.0 73.8964932500128,18.54230544256787,0.0 73.89622375542756,18.54230544256787,0.0 73.89622375542756,18.542035947982633,0.0 73.8973017337685,18.542035947982633,0.0 73.8973017337685,18.54230544256787,0.0 73.89757122835374,18.54230544256787,0.0 73.89757122835374,18.542574937153105,0.0 73.8964932500128,18.542574937153105,0.0</coordinates>
                        </LinearRing>
                    </outerBoundaryIs>
                </Polygon>
            </Placemark>
            <Placemark id="4059">
                <name>Class 2 - 34</name>
                <styleUrl>#4064</styleUrl>
                <Polygon id="4058">
                    <outerBoundaryIs>
                        <LinearRing id="4062">
                            <coordinates>73.89757122835374,18.54230544256787,0.0 73.89757122835374,18.542035947982633,0.0 73.89784072293897,18.542035947982633,0.0 73.89784072293897,18.54230544256787,0.0 73.89757122835374,18.54230544256787,0.0</coordinates>
                        </LinearRing>
                    </outerBoundaryIs>
                </Polygon>
            </Placemark>
            <Placemark id="4068">
                <name>Class 2 - 35</name>
                <styleUrl>#4073</styleUrl>
                <Polygon id="4067">
                    <outerBoundaryIs>
                        <LinearRing id="4071">
                            <coordinates>73.9708737555379,18.542035947982633,0.0 73.9708737555379,18.541766453397397,0.0 73.97114325012312,18.541766453397397,0.0 73.97114325012312,18.54149695881216,0.0 73.9716822392936,18.54149695881216,0.0 73.9716822392936,18.541766453397397,0.0 73.97141274470836,18.541766453397397,0.0 73.97141274470836,18.542035947982633,0.0 73.9708737555379,18.542035947982633,0.0</coordinates>
                        </LinearRing>
                    </outerBoundaryIs>
                </Polygon>
            </Placemark>
            <Placemark id="4077">
                <name>Class 2 - 36</name>
                <styleUrl>#4082</styleUrl>
                <Polygon id="4076">
                    <outerBoundaryIs>
                        <LinearRing id="4080">
                            <coordinates>73.89784072293897,18.542035947982633,0.0 73.89784072293897,18.541766453397397,0.0 73.89757122835374,18.541766453397397,0.0 73.89757122835374,18.54149695881216,0.0 73.8981102175242,18.54149695881216,0.0 73.8981102175242,18.541766453397397,0.0 73.89864920669469,18.541766453397397,0.0 73.89864920669469,18.542035947982633,0.0 73.89784072293897,18.542035947982633,0.0</coordinates>
                        </LinearRing>
                    </outerBoundaryIs>
                </Polygon>
            </Placemark>
            <Placemark id="4086">
                <name>Class 2 - 37</name>
                <styleUrl>#4091</styleUrl>
                <Polygon id="4085">
                    <outerBoundaryIs>
                        <LinearRing id="4089">
                            <coordinates>73.9010746579618,18.541766453397397,0.0 73.9010746579618,18.54149695881216,0.0 73.90134415254704,18.54149695881216,0.0 73.90134415254704,18.541766453397397,0.0 73.9010746579618,18.541766453397397,0.0</coordinates>
                        </LinearRing>
                    </outerBoundaryIs>
                </Polygon>
            </Placemark>
            <Placemark id="4095">
                <name>Class 2 - 38</name>
                <styleUrl>#4100</styleUrl>
                <Polygon id="4094">
                    <outerBoundaryIs>
                        <LinearRing id="4098">
                            <coordinates>73.87574216694964,18.54149695881216,0.0 73.87574216694964,18.541227464226925,0.0 73.87601166153486,18.541227464226925,0.0 73.87601166153486,18.54149695881216,0.0 73.87574216694964,18.54149695881216,0.0</coordinates>
                        </LinearRing>
                    </outerBoundaryIs>
                </Polygon>
            </Placemark>
            <Placemark id="4104">
                <name>Class 2 - 39</name>
                <styleUrl>#4109</styleUrl>
                <Polygon id="4103">
                    <outerBoundaryIs>
                        <LinearRing id="4107">
                            <coordinates>73.9002661742061,18.54149695881216,0.0 73.9002661742061,18.541227464226925,0.0 73.90080516337656,18.541227464226925,0.0 73.90080516337656,18.54149695881216,0.0 73.9002661742061,18.54149695881216,0.0</coordinates>
                        </LinearRing>
                    </outerBoundaryIs>
                </Polygon>
            </Placemark>
            <Placemark id="4113">
                <name>Class 2 - 40</name>
                <styleUrl>#4118</styleUrl>
                <Polygon id="4112">
                    <outerBoundaryIs>
                        <LinearRing id="4116">
                            <coordinates>73.90215263630274,18.541766453397397,0.0 73.90215263630274,18.54095796964169,0.0 73.90242213088798,18.54095796964169,0.0 73.90242213088798,18.541227464226925,0.0 73.90269162547322,18.541227464226925,0.0 73.90269162547322,18.54095796964169,0.0 73.90323061464369,18.54095796964169,0.0 73.90323061464369,18.541227464226925,0.0 73.90350010922893,18.541227464226925,0.0 73.90350010922893,18.54095796964169,0.0 73.90376960381415,18.54095796964169,0.0 73.90376960381415,18.541227464226925,0.0 73.9040390983994,18.541227464226925,0.0 73.9040390983994,18.54149695881216,0.0 73.90242213088798,18.54149695881216,0.0 73.90242213088798,18.541766453397397,0.0 73.90215263630274,18.541766453397397,0.0</coordinates>
                        </LinearRing>
                    </outerBoundaryIs>
                </Polygon>
            </Placemark>
            <Placemark id="4122">
                <name>Class 2 - 41</name>
                <styleUrl>#4127</styleUrl>
                <Polygon id="4121">
                    <outerBoundaryIs>
                        <LinearRing id="4125">
                            <coordinates>73.90134415254704,18.54149695881216,0.0 73.90134415254704,18.54095796964169,0.0 73.9018831417175,18.54095796964169,0.0 73.9018831417175,18.541227464226925,0.0 73.90161364713228,18.541227464226925,0.0 73.90161364713228,18.54149695881216,0.0 73.90134415254704,18.54149695881216,0.0</coordinates>
                        </LinearRing>
                    </outerBoundaryIs>
                </Polygon>
            </Placemark>
            <Placemark id="4131">
                <name>Class 2 - 42</name>
                <styleUrl>#4136</styleUrl>
                <Polygon id="4130">
                    <outerBoundaryIs>
                        <LinearRing id="4134">
                            <coordinates>73.90511707674034,18.541766453397397,0.0 73.90511707674034,18.54149695881216,0.0 73.9048475821551,18.54149695881216,0.0 73.9048475821551,18.541227464226925,0.0 73.90457808756987,18.541227464226925,0.0 73.90457808756987,18.54095796964169,0.0 73.90592556049604,18.54095796964169,0.0 73.90592556049604,18.541227464226925,0.0 73.90619505508128,18.541227464226925,0.0 73.90619505508128,18.54149695881216,0.0 73.90592556049604,18.54149695881216,0.0 73.90592556049604,18.541766453397397,0.0 73.90511707674034,18.541766453397397,0.0</coordinates>
                        </LinearRing>
                    </outerBoundaryIs>
                </Polygon>
            </Placemark>
            <Placemark id="4140">
                <name>Class 2 - 43</name>
                <styleUrl>#4145</styleUrl>
                <Polygon id="4139">
                    <outerBoundaryIs>
                        <LinearRing id="4143">
                            <coordinates>73.94203783491766,18.541766453397397,0.0 73.94203783491766,18.54149695881216,0.0 73.94176834033242,18.54149695881216,0.0 73.94176834033242,18.541227464226925,0.0 73.94149884574718,18.541227464226925,0.0 73.94149884574718,18.54095796964169,0.0 73.94176834033242,18.54095796964169,0.0 73.94176834033242,18.540688475056452,0.0 73.94257682408812,18.540688475056452,0.0 73.94257682408812,18.54095796964169,0.0 73.94284631867336,18.54095796964169,0.0 73.94284631867336,18.54149695881216,0.0 73.94257682408812,18.54149695881216,0.0 73.94257682408812,18.541227464226925,0.0 73.94230732950288,18.541227464226925,0.0 73.94230732950288,18.541766453397397,0.0 73.94203783491766,18.541766453397397,0.0</coordinates>
                        </LinearRing>
                    </outerBoundaryIs>
                </Polygon>
            </Placemark>
            <Placemark id="4149">
                <name>Class 2 - 44</name>
                <styleUrl>#4154</styleUrl>
                <Polygon id="4148">
                    <outerBoundaryIs>
                        <LinearRing id="4152">
                            <coordinates>73.97276021763454,18.54149695881216,0.0 73.97276021763454,18.541227464226925,0.0 73.9724907230493,18.541227464226925,0.0 73.9724907230493,18.540688475056452,0.0 73.97276021763454,18.540688475056452,0.0 73.97276021763454,18.54095796964169,0.0 73.97302971221977,18.54095796964169,0.0 73.97302971221977,18.54149695881216,0.0 73.97276021763454,18.54149695881216,0.0</coordinates>
                        </LinearRing>
                    </outerBoundaryIs>
                </Polygon>
            </Placemark>
            <Placemark id="4158">
                <name>Class 2 - 45</name>
                <styleUrl>#4163</styleUrl>
                <Polygon id="4157">
                    <outerBoundaryIs>
                        <LinearRing id="4161">
                            <coordinates>73.90619505508128,18.541227464226925,0.0 73.90619505508128,18.54095796964169,0.0 73.90727303342223,18.54095796964169,0.0 73.90727303342223,18.540688475056452,0.0 73.90969848468934,18.540688475056452,0.0 73.90969848468934,18.540418980471216,0.0 73.90996797927458,18.540418980471216,0.0 73.90996797927458,18.54095796964169,0.0 73.90969848468934,18.54095796964169,0.0 73.90969848468934,18.541227464226925,0.0 73.90915949551888,18.541227464226925,0.0 73.90915949551888,18.54095796964169,0.0 73.90889000093364,18.54095796964169,0.0 73.90889000093364,18.541227464226925,0.0 73.90619505508128,18.541227464226925,0.0</coordinates>
                        </LinearRing>
                    </outerBoundaryIs>
                </Polygon>
            </Placemark>
            <Placemark id="4167">
                <name>Class 2 - 46</name>
                <styleUrl>#4172</styleUrl>
                <Polygon id="4166">
                    <outerBoundaryIs>
                        <LinearRing id="4170">
                            <coordinates>73.91077646303029,18.540418980471216,0.0 73.91077646303029,18.54014948588598,0.0 73.91104595761553,18.54014948588598,0.0 73.91104595761553,18.540418980471216,0.0 73.91077646303029,18.540418980471216,0.0</coordinates>
                        </LinearRing>
                    </outerBoundaryIs>
                </Polygon>
            </Placemark>
            <Placemark id="4176">
                <name>Class 2 - 47</name>
                <styleUrl>#4181</styleUrl>
                <Polygon id="4175">
                    <outerBoundaryIs>
                        <LinearRing id="4179">
                            <coordinates>73.94149884574718,18.540418980471216,0.0 73.94149884574718,18.54014948588598,0.0 73.94176834033242,18.54014948588598,0.0 73.94176834033242,18.540418980471216,0.0 73.94149884574718,18.540418980471216,0.0</coordinates>
                        </LinearRing>
                    </outerBoundaryIs>
                </Polygon>
            </Placemark>
            <Placemark id="4185">
                <name>Class 2 - 48</name>
                <styleUrl>#4190</styleUrl>
                <Polygon id="4184">
                    <outerBoundaryIs>
                        <LinearRing id="4188">
                            <coordinates>73.94203783491766,18.540418980471216,0.0 73.94203783491766,18.54014948588598,0.0 73.94230732950288,18.54014948588598,0.0 73.94230732950288,18.540418980471216,0.0 73.94203783491766,18.540418980471216,0.0</coordinates>
                        </LinearRing>
                    </outerBoundaryIs>
                </Polygon>
            </Placemark>
            <Placemark id="4194">
                <name>Class 2 - 49</name>
                <styleUrl>#4199</styleUrl>
                <Polygon id="4193">
                    <outerBoundaryIs>
                        <LinearRing id="4197">
                            <coordinates>73.87008278065967,18.54014948588598,0.0 73.87008278065967,18.539879991300747,0.0 73.87035227524491,18.539879991300747,0.0 73.87035227524491,18.54014948588598,0.0 73.87008278065967,18.54014948588598,0.0</coordinates>
                        </LinearRing>
                    </outerBoundaryIs>
                </Polygon>
            </Placemark>
            <Placemark id="4203">
                <name>Class 2 - 50</name>
                <styleUrl>#4208</styleUrl>
                <Polygon id="4202">
                    <outerBoundaryIs>
                        <LinearRing id="4206">
                            <coordinates>73.88274902616577,18.543652915494047,0.0 73.88274902616577,18.54338342090881,0.0 73.88059306948388,18.54338342090881,0.0 73.88059306948388,18.543113926323574,0.0 73.87951509114293,18.543113926323574,0.0 73.87951509114293,18.54284443173834,0.0 73.87762862904628,18.54284443173834,0.0 73.87762862904628,18.542574937153105,0.0 73.87735913446105,18.542574937153105,0.0 73.87735913446105,18.54230544256787,0.0 73.87682014529058,18.54230544256787,0.0 73.87682014529058,18.542035947982633,0.0 73.87493368319393,18.542035947982633,0.0 73.87493368319393,18.54149695881216,0.0 73.87412519943821,18.54149695881216,0.0 73.87412519943821,18.541227464226925,0.0 73.8733167156825,18.541227464226925,0.0 73.8733167156825,18.54095796964169,0.0 73.87277772651204,18.54095796964169,0.0 73.87277772651204,18.540688475056452,0.0 73.87223873734156,18.540688475056452,0.0 73.87223873734156,18.540418980471216,0.0 73.87089126441539,18.540418980471216,0.0 73.87089126441539,18.53961049671551,0.0 73.87143025358586,18.53961049671551,0.0 73.87143025358586,18.54014948588598,0.0 73.8716997481711,18.54014948588598,0.0 73.8716997481711,18.539879991300747,0.0 73.87223873734156,18.539879991300747,0.0 73.87223873734156,18.54014948588598,0.0 73.87304722109727,18.54014948588598,0.0 73.87304722109727,18.540418980471216,0.0 73.87358621026775,18.540418980471216,0.0 73.87358621026775,18.540688475056452,0.0 73.87439469402345,18.540688475056452,0.0 73.87439469402345,18.54095796964169,0.0 73.87520317777916,18.54095796964169,0.0 73.87520317777916,18.541227464226925,0.0 73.8754726723644,18.541227464226925,0.0 73.8754726723644,18.54149695881216,0.0 73.87574216694964,18.54149695881216,0.0 73.87574216694964,18.541766453397397,0.0 73.87601166153486,18.541766453397397,0.0 73.87601166153486,18.54149695881216,0.0 73.87735913446105,18.54149695881216,0.0 73.87735913446105,18.541766453397397,0.0 73.87816761821675,18.541766453397397,0.0 73.87816761821675,18.542035947982633,0.0 73.87843711280199,18.542035947982633,0.0 73.87843711280199,18.54230544256787,0.0 73.88032357489864,18.54230544256787,0.0 73.88032357489864,18.542574937153105,0.0 73.88059306948388,18.542574937153105,0.0 73.88059306948388,18.54230544256787,0.0 73.88167104782482,18.54230544256787,0.0 73.88167104782482,18.542574937153105,0.0 73.88194054241005,18.542574937153105,0.0 73.88194054241005,18.54284443173834,0.0 73.88274902616577,18.54284443173834,0.0 73.88274902616577,18.543113926323574,0.0 73.88328801533623,18.543113926323574,0.0 73.88328801533623,18.54338342090881,0.0 73.883018520751,18.54338342090881,0.0 73.883018520751,18.543652915494047,0.0 73.88274902616577,18.543652915494047,0.0</coordinates>
                        </LinearRing>
                    </outerBoundaryIs>
                </Polygon>
            </Placemark>
            <Placemark id="4212">
                <name>Class 2 - 51</name>
                <styleUrl>#4217</styleUrl>
                <Polygon id="4211">
                    <outerBoundaryIs>
                        <LinearRing id="4215">
                            <coordinates>73.91320191429742,18.540418980471216,0.0 73.91320191429742,18.54014948588598,0.0 73.91185444137123,18.54014948588598,0.0 73.91185444137123,18.539879991300747,0.0 73.91239343054171,18.539879991300747,0.0 73.91239343054171,18.53961049671551,0.0 73.91427989263836,18.53961049671551,0.0 73.91427989263836,18.539879991300747,0.0 73.91401039805312,18.539879991300747,0.0 73.91401039805312,18.54014948588598,0.0 73.91347140888266,18.54014948588598,0.0 73.91347140888266,18.540418980471216,0.0 73.91320191429742,18.540418980471216,0.0</coordinates>
                        </LinearRing>
                    </outerBoundaryIs>
                </Polygon>
            </Placemark>
            <Placemark id="4221">
                <name>Class 2 - 52</name>
                <styleUrl>#4226</styleUrl>
                <Polygon id="4220">
                    <outerBoundaryIs>
                        <LinearRing id="4224">
                            <coordinates>73.8695437914892,18.539879991300747,0.0 73.8695437914892,18.53961049671551,0.0 73.87008278065967,18.53961049671551,0.0 73.87008278065967,18.539879991300747,0.0 73.8695437914892,18.539879991300747,0.0</coordinates>
                        </LinearRing>
                    </outerBoundaryIs>
                </Polygon>
            </Placemark>
            <Placemark id="4230">
                <name>Class 2 - 53</name>
                <styleUrl>#4235</styleUrl>
                <Polygon id="4229">
                    <outerBoundaryIs>
                        <LinearRing id="4233">
                            <coordinates>73.91508837639407,18.539879991300747,0.0 73.91508837639407,18.53961049671551,0.0 73.91562736556453,18.53961049671551,0.0 73.91562736556453,18.539341002130275,0.0 73.91589686014977,18.539341002130275,0.0 73.91589686014977,18.539879991300747,0.0 73.91508837639407,18.539879991300747,0.0</coordinates>
                        </LinearRing>
                    </outerBoundaryIs>
                </Polygon>
            </Placemark>
            <Placemark id="4239">
                <name>Class 2 - 54</name>
                <styleUrl>#4244</styleUrl>
                <Polygon id="4238">
                    <outerBoundaryIs>
                        <LinearRing id="4242">
                            <coordinates>73.94176834033242,18.539879991300747,0.0 73.94176834033242,18.539341002130275,0.0 73.94203783491766,18.539341002130275,0.0 73.94203783491766,18.539879991300747,0.0 73.94176834033242,18.539879991300747,0.0</coordinates>
                        </LinearRing>
                    </outerBoundaryIs>
                </Polygon>
            </Placemark>
            <Placemark id="4248">
                <name>Class 2 - 55</name>
                <styleUrl>#4253</styleUrl>
                <Polygon id="4247">
                    <outerBoundaryIs>
                        <LinearRing id="4251">
                            <coordinates>73.8687353077335,18.53961049671551,0.0 73.8687353077335,18.539341002130275,0.0 73.8695437914892,18.539341002130275,0.0 73.8695437914892,18.53961049671551,0.0 73.8687353077335,18.53961049671551,0.0</coordinates>
                        </LinearRing>
                    </outerBoundaryIs>
                </Polygon>
            </Placemark>
            <Placemark id="4257">
                <name>Class 2 - 56</name>
                <styleUrl>#4262</styleUrl>
                <Polygon id="4256">
                    <outerBoundaryIs>
                        <LinearRing id="4260">
                            <coordinates>73.9145493872236,18.53961049671551,0.0 73.9145493872236,18.539341002130275,0.0 73.91508837639407,18.539341002130275,0.0 73.91508837639407,18.53961049671551,0.0 73.9145493872236,18.53961049671551,0.0</coordinates>
                        </LinearRing>
                    </outerBoundaryIs>
                </Polygon>
            </Placemark>
            <Placemark id="4266">
                <name>Class 2 - 57</name>
                <styleUrl>#4271</styleUrl>
                <Polygon id="4265">
                    <outerBoundaryIs>
                        <LinearRing id="4269">
                            <coordinates>73.97383819597549,18.53961049671551,0.0 73.97383819597549,18.539341002130275,0.0 73.97410769056071,18.539341002130275,0.0 73.97410769056071,18.53961049671551,0.0 73.97383819597549,18.53961049671551,0.0</coordinates>
                        </LinearRing>
                    </outerBoundaryIs>
                </Polygon>
            </Placemark>
            <Placemark id="4275">
                <name>Class 2 - 58</name>
                <styleUrl>#4280</styleUrl>
                <Polygon id="4274">
                    <outerBoundaryIs>
                        <LinearRing id="4278">
                            <coordinates>73.91724433307596,18.539341002130275,0.0 73.91724433307596,18.53907150754504,0.0 73.9175138276612,18.53907150754504,0.0 73.9175138276612,18.539341002130275,0.0 73.91724433307596,18.539341002130275,0.0</coordinates>
                        </LinearRing>
                    </outerBoundaryIs>
                </Polygon>
            </Placemark>
            <Placemark id="4284">
                <name>Class 2 - 59</name>
                <styleUrl>#4289</styleUrl>
                <Polygon id="4283">
                    <outerBoundaryIs>
                        <LinearRing id="4287">
                            <coordinates>73.86765732939256,18.539341002130275,0.0 73.86765732939256,18.53907150754504,0.0 73.86711834022208,18.53907150754504,0.0 73.86711834022208,18.538802012959803,0.0 73.86819631856302,18.538802012959803,0.0 73.86819631856302,18.53907150754504,0.0 73.8687353077335,18.53907150754504,0.0 73.8687353077335,18.539341002130275,0.0 73.86765732939256,18.539341002130275,0.0</coordinates>
                        </LinearRing>
                    </outerBoundaryIs>
                </Polygon>
            </Placemark>
            <Placemark id="4293">
                <name>Class 2 - 60</name>
                <styleUrl>#4298</styleUrl>
                <Polygon id="4292">
                    <outerBoundaryIs>
                        <LinearRing id="4296">
                            <coordinates>73.91859180600213,18.539341002130275,0.0 73.91859180600213,18.53907150754504,0.0 73.91993927892831,18.53907150754504,0.0 73.91993927892831,18.538532518374566,0.0 73.92074776268402,18.538532518374566,0.0 73.92074776268402,18.538802012959803,0.0 73.9212867518545,18.538802012959803,0.0 73.9212867518545,18.538532518374566,0.0 73.92155624643972,18.538532518374566,0.0 73.92155624643972,18.538802012959803,0.0 73.92263422478067,18.538802012959803,0.0 73.92263422478067,18.538532518374566,0.0 73.92344270853638,18.538532518374566,0.0 73.92344270853638,18.53907150754504,0.0 73.92074776268402,18.53907150754504,0.0 73.92074776268402,18.539341002130275,0.0 73.91859180600213,18.539341002130275,0.0</coordinates>
                        </LinearRing>
                    </outerBoundaryIs>
                </Polygon>
            </Placemark>
            <Placemark id="4302">
                <name>Class 2 - 61</name>
                <styleUrl>#4307</styleUrl>
                <Polygon id="4301">
                    <outerBoundaryIs>
                        <LinearRing id="4305">
                            <coordinates>73.94122935116195,18.538802012959803,0.0 73.94122935116195,18.538532518374566,0.0 73.94149884574718,18.538532518374566,0.0 73.94149884574718,18.538802012959803,0.0 73.94122935116195,18.538802012959803,0.0</coordinates>
                        </LinearRing>
                    </outerBoundaryIs>
                </Polygon>
            </Placemark>
            <Placemark id="4311">
                <name>Class 2 - 62</name>
                <styleUrl>#4316</styleUrl>
                <Polygon id="4310">
                    <outerBoundaryIs>
                        <LinearRing id="4314">
                            <coordinates>73.86657935105161,18.538802012959803,0.0 73.86657935105161,18.538532518374566,0.0 73.86630985646637,18.538532518374566,0.0 73.86630985646637,18.53826302378933,0.0 73.86684884563685,18.53826302378933,0.0 73.86684884563685,18.538802012959803,0.0 73.86657935105161,18.538802012959803,0.0</coordinates>
                        </LinearRing>
                    </outerBoundaryIs>
                </Polygon>
            </Placemark>
            <Placemark id="4320">
                <name>Class 2 - 63</name>
                <styleUrl>#4325</styleUrl>
                <Polygon id="4319">
                    <outerBoundaryIs>
                        <LinearRing id="4323">
                            <coordinates>73.94095985657671,18.538532518374566,0.0 73.94095985657671,18.537993529204094,0.0 73.94122935116195,18.537993529204094,0.0 73.94122935116195,18.538532518374566,0.0 73.94095985657671,18.538532518374566,0.0</coordinates>
                        </LinearRing>
                    </outerBoundaryIs>
                </Polygon>
            </Placemark>
            <Placemark id="4329">
                <name>Class 2 - 64</name>
                <styleUrl>#4334</styleUrl>
                <Polygon id="4328">
                    <outerBoundaryIs>
                        <LinearRing id="4332">
                            <coordinates>73.86604036188115,18.53826302378933,0.0 73.86604036188115,18.537993529204094,0.0 73.86630985646637,18.537993529204094,0.0 73.86630985646637,18.53826302378933,0.0 73.86604036188115,18.53826302378933,0.0</coordinates>
                        </LinearRing>
                    </outerBoundaryIs>
                </Polygon>
            </Placemark>
            <Placemark id="4338">
                <name>Class 2 - 65</name>
                <styleUrl>#4343</styleUrl>
                <Polygon id="4337">
                    <outerBoundaryIs>
                        <LinearRing id="4341">
                            <coordinates>73.94042086740623,18.53826302378933,0.0 73.94042086740623,18.537993529204094,0.0 73.94069036199147,18.537993529204094,0.0 73.94069036199147,18.53826302378933,0.0 73.94042086740623,18.53826302378933,0.0</coordinates>
                        </LinearRing>
                    </outerBoundaryIs>
                </Polygon>
            </Placemark>
            <Placemark id="4347">
                <name>Class 2 - 66</name>
                <styleUrl>#4352</styleUrl>
                <Polygon id="4346">
                    <outerBoundaryIs>
                        <LinearRing id="4350">
                            <coordinates>73.92371220312161,18.53907150754504,0.0 73.92371220312161,18.538532518374566,0.0 73.92398169770685,18.538532518374566,0.0 73.92398169770685,18.53826302378933,0.0 73.9250596760478,18.53826302378933,0.0 73.9250596760478,18.537993529204094,0.0 73.92559866521826,18.537993529204094,0.0 73.92559866521826,18.53826302378933,0.0 73.9258681598035,18.53826302378933,0.0 73.9258681598035,18.537993529204094,0.0 73.92640714897398,18.537993529204094,0.0 73.92640714897398,18.537724034618858,0.0 73.92748512731491,18.537724034618858,0.0 73.92748512731491,18.53826302378933,0.0 73.92694613814444,18.53826302378933,0.0 73.92694613814444,18.537993529204094,0.0 73.9266766435592,18.537993529204094,0.0 73.9266766435592,18.53826302378933,0.0 73.92640714897398,18.53826302378933,0.0 73.92640714897398,18.538532518374566,0.0 73.92559866521826,18.538532518374566,0.0 73.92559866521826,18.538802012959803,0.0 73.92452068687732,18.538802012959803,0.0 73.92452068687732,18.53907150754504,0.0 73.92371220312161,18.53907150754504,0.0</coordinates>
                        </LinearRing>
                    </outerBoundaryIs>
                </Polygon>
            </Placemark>
            <Placemark id="4356">
                <name>Class 2 - 67</name>
                <styleUrl>#4361</styleUrl>
                <Polygon id="4355">
                    <outerBoundaryIs>
                        <LinearRing id="4359">
                            <coordinates>73.86550137271067,18.537993529204094,0.0 73.86550137271067,18.537724034618858,0.0 73.8649623835402,18.537724034618858,0.0 73.8649623835402,18.53745454003362,0.0 73.86469288895496,18.53745454003362,0.0 73.86469288895496,18.537185045448386,0.0 73.86442339436972,18.537185045448386,0.0 73.86442339436972,18.53691555086315,0.0 73.86523187812543,18.53691555086315,0.0 73.86523187812543,18.53745454003362,0.0 73.86577086729591,18.53745454003362,0.0 73.86577086729591,18.537993529204094,0.0 73.86550137271067,18.537993529204094,0.0</coordinates>
                        </LinearRing>
                    </outerBoundaryIs>
                </Polygon>
            </Placemark>
            <Placemark id="4365">
                <name>Class 2 - 68</name>
                <styleUrl>#4370</styleUrl>
                <Polygon id="4364">
                    <outerBoundaryIs>
                        <LinearRing id="4368">
                            <coordinates>73.97410769056071,18.539341002130275,0.0 73.97410769056071,18.538532518374566,0.0 73.97437718514595,18.538532518374566,0.0 73.97437718514595,18.53826302378933,0.0 73.9746466797312,18.53826302378933,0.0 73.9746466797312,18.53745454003362,0.0 73.97491617431643,18.53745454003362,0.0 73.97491617431643,18.536107067107444,0.0 73.97518566890166,18.536107067107444,0.0 73.97518566890166,18.537724034618858,0.0 73.97491617431643,18.537724034618858,0.0 73.97491617431643,18.538802012959803,0.0 73.9746466797312,18.538802012959803,0.0 73.9746466797312,18.53907150754504,0.0 73.97437718514595,18.53907150754504,0.0 73.97437718514595,18.539341002130275,0.0 73.97410769056071,18.539341002130275,0.0</coordinates>
                        </LinearRing>
                    </outerBoundaryIs>
                </Polygon>
            </Placemark>
            <Placemark id="4374">
                <name>Class 2 - 69</name>
                <styleUrl>#4379</styleUrl>
                <Polygon id="4373">
                    <outerBoundaryIs>
                        <LinearRing id="4377">
                            <coordinates>73.92775462190015,18.537993529204094,0.0 73.92775462190015,18.53745454003362,0.0 73.92856310565585,18.53745454003362,0.0 73.92856310565585,18.53691555086315,0.0 73.9288326002411,18.53691555086315,0.0 73.9288326002411,18.537185045448386,0.0 73.92910209482633,18.537185045448386,0.0 73.92910209482633,18.53691555086315,0.0 73.92937158941157,18.53691555086315,0.0 73.92937158941157,18.537185045448386,0.0 73.9296410839968,18.537185045448386,0.0 73.9296410839968,18.53691555086315,0.0 73.92991057858204,18.53691555086315,0.0 73.92991057858204,18.536646056277917,0.0 73.9304495677525,18.536646056277917,0.0 73.9304495677525,18.53637656169268,0.0 73.93098855692298,18.53637656169268,0.0 73.93098855692298,18.536646056277917,0.0 73.93125805150822,18.536646056277917,0.0 73.93125805150822,18.53637656169268,0.0 73.93152754609345,18.53637656169268,0.0 73.93152754609345,18.536107067107444,0.0 73.93314451360487,18.536107067107444,0.0 73.93314451360487,18.535837572522208,0.0 73.93368350277534,18.535837572522208,0.0 73.93368350277534,18.536646056277917,0.0 73.93233602984917,18.536646056277917,0.0 73.93233602984917,18.53691555086315,0.0 73.93098855692298,18.53691555086315,0.0 73.93098855692298,18.537185045448386,0.0 73.93018007316728,18.537185045448386,0.0 73.93018007316728,18.53745454003362,0.0 73.9296410839968,18.53745454003362,0.0 73.9296410839968,18.537724034618858,0.0 73.92829361107063,18.537724034618858,0.0 73.92829361107063,18.537993529204094,0.0 73.92775462190015,18.537993529204094,0.0</coordinates>
                        </LinearRing>
                    </outerBoundaryIs>
                </Polygon>
            </Placemark>
            <Placemark id="4383">
                <name>Class 2 - 70</name>
                <styleUrl>#4388</styleUrl>
                <Polygon id="4382">
                    <outerBoundaryIs>
                        <LinearRing id="4386">
                            <coordinates>73.86388440519926,18.535568077936972,0.0 73.86388440519926,18.535298583351736,0.0 73.86415389978448,18.535298583351736,0.0 73.86415389978448,18.535568077936972,0.0 73.86388440519926,18.535568077936972,0.0</coordinates>
                        </LinearRing>
                    </outerBoundaryIs>
                </Polygon>
            </Placemark>
            <Placemark id="4392">
                <name>Class 2 - 71</name>
                <styleUrl>#4397</styleUrl>
                <Polygon id="4391">
                    <outerBoundaryIs>
                        <LinearRing id="4395">
                            <coordinates>73.94069036199147,18.537993529204094,0.0 73.94069036199147,18.537724034618858,0.0 73.94042086740623,18.537724034618858,0.0 73.94042086740623,18.537185045448386,0.0 73.93988187823577,18.537185045448386,0.0 73.93988187823577,18.53691555086315,0.0 73.93934288906529,18.53691555086315,0.0 73.93934288906529,18.536646056277917,0.0 73.93880389989482,18.536646056277917,0.0 73.93880389989482,18.53637656169268,0.0 73.93799541613912,18.53637656169268,0.0 73.93799541613912,18.536107067107444,0.0 73.93556996487199,18.536107067107444,0.0 73.93556996487199,18.53637656169268,0.0 73.93530047028676,18.53637656169268,0.0 73.93530047028676,18.536646056277917,0.0 73.93476148111628,18.536646056277917,0.0 73.93476148111628,18.53637656169268,0.0 73.93395299736058,18.53637656169268,0.0 73.93395299736058,18.535837572522208,0.0 73.93422249194582,18.535837572522208,0.0 73.93422249194582,18.536107067107444,0.0 73.93476148111628,18.536107067107444,0.0 73.93476148111628,18.535837572522208,0.0 73.93503097570152,18.535837572522208,0.0 73.93503097570152,18.536107067107444,0.0 73.93530047028676,18.536107067107444,0.0 73.93530047028676,18.535568077936972,0.0 73.93503097570152,18.535568077936972,0.0 73.93503097570152,18.535298583351736,0.0 73.93583945945723,18.535298583351736,0.0 73.93583945945723,18.5350290887665,0.0 73.93691743779817,18.5350290887665,0.0 73.93691743779817,18.535298583351736,0.0 73.93853440530958,18.535298583351736,0.0 73.93853440530958,18.535568077936972,0.0 73.93934288906529,18.535568077936972,0.0 73.93934288906529,18.535837572522208,0.0 73.93961238365053,18.535837572522208,0.0 73.93961238365053,18.536107067107444,0.0 73.93988187823577,18.536107067107444,0.0 73.93988187823577,18.53637656169268,0.0 73.940151372821,18.53637656169268,0.0 73.940151372821,18.536646056277917,0.0 73.94042086740623,18.536646056277917,0.0 73.94042086740623,18.53691555086315,0.0 73.94069036199147,18.53691555086315,0.0 73.94069036199147,18.537185045448386,0.0 73.94095985657671,18.537185045448386,0.0 73.94095985657671,18.537993529204094,0.0 73.94069036199147,18.537993529204094,0.0</coordinates>
                        </LinearRing>
                    </outerBoundaryIs>
                </Polygon>
            </Placemark>
            <Placemark id="4401">
                <name>Class 2 - 72</name>
                <styleUrl>#4406</styleUrl>
                <Polygon id="4400">
                    <outerBoundaryIs>
                        <LinearRing id="4404">
                            <coordinates>73.86334541602878,18.535298583351736,0.0 73.86334541602878,18.5350290887665,0.0 73.86361491061402,18.5350290887665,0.0 73.86361491061402,18.535298583351736,0.0 73.86334541602878,18.535298583351736,0.0</coordinates>
                        </LinearRing>
                    </outerBoundaryIs>
                </Polygon>
            </Placemark>
            <Placemark id="4410">
                <name>Class 2 - 73</name>
                <styleUrl>#4415</styleUrl>
                <Polygon id="4409">
                    <outerBoundaryIs>
                        <LinearRing id="4413">
                            <coordinates>73.9754551634869,18.535568077936972,0.0 73.9754551634869,18.534759594181264,0.0 73.97572465807214,18.534759594181264,0.0 73.97572465807214,18.534490099596027,0.0 73.97599415265736,18.534490099596027,0.0 73.97599415265736,18.534759594181264,0.0 73.9762636472426,18.534759594181264,0.0 73.9762636472426,18.5350290887665,0.0 73.97572465807214,18.5350290887665,0.0 73.97572465807214,18.535298583351736,0.0 73.97599415265736,18.535298583351736,0.0 73.97599415265736,18.535568077936972,0.0 73.9754551634869,18.535568077936972,0.0</coordinates>
                        </LinearRing>
                    </outerBoundaryIs>
                </Polygon>
            </Placemark>
            <Placemark id="4419">
                <name>Class 2 - 74</name>
                <styleUrl>#4424</styleUrl>
                <Polygon id="4418">
                    <outerBoundaryIs>
                        <LinearRing id="4422">
                            <coordinates>73.85499108388647,18.53314262666985,0.0 73.85499108388647,18.532873132084614,0.0 73.85579956764218,18.532873132084614,0.0 73.85579956764218,18.53314262666985,0.0 73.85499108388647,18.53314262666985,0.0</coordinates>
                        </LinearRing>
                    </outerBoundaryIs>
                </Polygon>
            </Placemark>
            <Placemark id="4428">
                <name>Class 2 - 75</name>
                <styleUrl>#4433</styleUrl>
                <Polygon id="4427">
                    <outerBoundaryIs>
                        <LinearRing id="4431">
                            <coordinates>73.97599415265736,18.534490099596027,0.0 73.97599415265736,18.533951110425555,0.0 73.9762636472426,18.533951110425555,0.0 73.9762636472426,18.53314262666985,0.0 73.97653314182784,18.53314262666985,0.0 73.97653314182784,18.532873132084614,0.0 73.97680263641308,18.532873132084614,0.0 73.97680263641308,18.532603637499378,0.0 73.97707213099831,18.532603637499378,0.0 73.97707213099831,18.533412121255086,0.0 73.97680263641308,18.533412121255086,0.0 73.97680263641308,18.533951110425555,0.0 73.97653314182784,18.533951110425555,0.0 73.97653314182784,18.534490099596027,0.0 73.97599415265736,18.534490099596027,0.0</coordinates>
                        </LinearRing>
                    </outerBoundaryIs>
                </Polygon>
            </Placemark>
            <Placemark id="4437">
                <name>Class 2 - 76</name>
                <styleUrl>#4442</styleUrl>
                <Polygon id="4436">
                    <outerBoundaryIs>
                        <LinearRing id="4440">
                            <coordinates>73.86307592144355,18.534759594181264,0.0 73.86307592144355,18.53422060501079,0.0 73.86280642685831,18.53422060501079,0.0 73.86280642685831,18.533951110425555,0.0 73.86253693227307,18.533951110425555,0.0 73.86253693227307,18.533412121255086,0.0 73.86226743768783,18.533412121255086,0.0 73.86226743768783,18.53314262666985,0.0 73.86199794310261,18.53314262666985,0.0 73.86199794310261,18.532603637499378,0.0 73.86226743768783,18.532603637499378,0.0 73.86226743768783,18.532873132084614,0.0 73.86253693227307,18.532873132084614,0.0 73.86253693227307,18.53314262666985,0.0 73.86280642685831,18.53314262666985,0.0 73.86280642685831,18.533412121255086,0.0 73.86307592144355,18.533412121255086,0.0 73.86307592144355,18.533951110425555,0.0 73.86334541602878,18.533951110425555,0.0 73.86334541602878,18.534759594181264,0.0 73.86307592144355,18.534759594181264,0.0</coordinates>
                        </LinearRing>
                    </outerBoundaryIs>
                </Polygon>
            </Placemark>
            <Placemark id="4446">
                <name>Class 2 - 77</name>
                <styleUrl>#4451</styleUrl>
                <Polygon id="4445">
                    <outerBoundaryIs>
                        <LinearRing id="4449">
                            <coordinates>73.97734162558355,18.532873132084614,0.0 73.97734162558355,18.53233414291414,0.0 73.97761112016879,18.53233414291414,0.0 73.97761112016879,18.532873132084614,0.0 73.97734162558355,18.532873132084614,0.0</coordinates>
                        </LinearRing>
                    </outerBoundaryIs>
                </Polygon>
            </Placemark>
            <Placemark id="4455">
                <name>Class 2 - 78</name>
                <styleUrl>#4460</styleUrl>
                <Polygon id="4454">
                    <outerBoundaryIs>
                        <LinearRing id="4458">
                            <coordinates>73.86118945934689,18.532603637499378,0.0 73.86118945934689,18.532064648328905,0.0 73.86038097559118,18.532064648328905,0.0 73.86038097559118,18.53179515374367,0.0 73.85984198642072,18.53179515374367,0.0 73.85984198642072,18.531525659158433,0.0 73.8582250189093,18.531525659158433,0.0 73.8582250189093,18.53179515374367,0.0 73.85687754598312,18.53179515374367,0.0 73.85687754598312,18.532064648328905,0.0 73.85660805139788,18.532064648328905,0.0 73.85660805139788,18.53233414291414,0.0 73.85633855681264,18.53233414291414,0.0 73.85633855681264,18.53179515374367,0.0 73.85660805139788,18.53179515374367,0.0 73.85660805139788,18.531525659158433,0.0 73.85714704056836,18.531525659158433,0.0 73.85714704056836,18.531256164573197,0.0 73.85768602973883,18.531256164573197,0.0 73.85768602973883,18.53098666998796,0.0 73.86011148100596,18.53098666998796,0.0 73.86011148100596,18.531256164573197,0.0 73.86065047017642,18.531256164573197,0.0 73.86065047017642,18.530717175402728,0.0 73.86091996476166,18.530717175402728,0.0 73.86091996476166,18.531525659158433,0.0 73.86145895393213,18.531525659158433,0.0 73.86145895393213,18.53179515374367,0.0 73.86172844851737,18.53179515374367,0.0 73.86172844851737,18.532064648328905,0.0 73.86199794310261,18.532064648328905,0.0 73.86199794310261,18.532603637499378,0.0 73.86118945934689,18.532603637499378,0.0</coordinates>
                        </LinearRing>
                    </outerBoundaryIs>
                </Polygon>
            </Placemark>
            <Placemark id="4464">
                <name>Class 2 - 79</name>
                <styleUrl>#4469</styleUrl>
                <Polygon id="4463">
                    <outerBoundaryIs>
                        <LinearRing id="4467">
                            <coordinates>73.97868909850973,18.53098666998796,0.0 73.97868909850973,18.530717175402728,0.0 73.97895859309496,18.530717175402728,0.0 73.97895859309496,18.53098666998796,0.0 73.97868909850973,18.53098666998796,0.0</coordinates>
                        </LinearRing>
                    </outerBoundaryIs>
                </Polygon>
            </Placemark>
            <Placemark id="4473">
                <name>Class 2 - 80</name>
                <styleUrl>#4478</styleUrl>
                <Polygon id="4472">
                    <outerBoundaryIs>
                        <LinearRing id="4476">
                            <coordinates>73.97895859309496,18.530717175402728,0.0 73.97895859309496,18.530447680817492,0.0 73.9792280876802,18.530447680817492,0.0 73.9792280876802,18.530717175402728,0.0 73.97895859309496,18.530717175402728,0.0</coordinates>
                        </LinearRing>
                    </outerBoundaryIs>
                </Polygon>
            </Placemark>
            <Placemark id="4482">
                <name>Class 2 - 81</name>
                <styleUrl>#4487</styleUrl>
                <Polygon id="4481">
                    <outerBoundaryIs>
                        <LinearRing id="4485">
                            <coordinates>73.9792280876802,18.530447680817492,0.0 73.9792280876802,18.530178186232256,0.0 73.97949758226544,18.530178186232256,0.0 73.97949758226544,18.530447680817492,0.0 73.9792280876802,18.530447680817492,0.0</coordinates>
                        </LinearRing>
                    </outerBoundaryIs>
                </Polygon>
            </Placemark>
            <Placemark id="4491">
                <name>Class 2 - 82</name>
                <styleUrl>#4496</styleUrl>
                <Polygon id="4490">
                    <outerBoundaryIs>
                        <LinearRing id="4494">
                            <coordinates>73.97949758226544,18.530178186232256,0.0 73.97949758226544,18.52990869164702,0.0 73.9800365714359,18.52990869164702,0.0 73.9800365714359,18.530178186232256,0.0 73.97949758226544,18.530178186232256,0.0</coordinates>
                        </LinearRing>
                    </outerBoundaryIs>
                </Polygon>
            </Placemark>
            <Placemark id="4500">
                <name>Class 2 - 83</name>
                <styleUrl>#4505</styleUrl>
                <Polygon id="4499">
                    <outerBoundaryIs>
                        <LinearRing id="4503">
                            <coordinates>73.98030606602114,18.529639197061783,0.0 73.98030606602114,18.529369702476547,0.0 73.98084505519162,18.529369702476547,0.0 73.98084505519162,18.52910020789131,0.0 73.98111454977685,18.52910020789131,0.0 73.98111454977685,18.529369702476547,0.0 73.98138404436209,18.529369702476547,0.0 73.98138404436209,18.529639197061783,0.0 73.98030606602114,18.529639197061783,0.0</coordinates>
                        </LinearRing>
                    </outerBoundaryIs>
                </Polygon>
            </Placemark>
            <Placemark id="4509">
                <name>Class 2 - 84</name>
                <styleUrl>#4514</styleUrl>
                <Polygon id="4508">
                    <outerBoundaryIs>
                        <LinearRing id="4512">
                            <coordinates>73.98111454977685,18.52910020789131,0.0 73.98111454977685,18.528830713306075,0.0 73.98138404436209,18.528830713306075,0.0 73.98138404436209,18.52856121872084,0.0 73.98219252811779,18.52856121872084,0.0 73.98219252811779,18.528022229550366,0.0 73.98273151728827,18.528022229550366,0.0 73.98273151728827,18.527752734965134,0.0 73.98327050645874,18.527752734965134,0.0 73.98327050645874,18.527483240379897,0.0 73.98380949562922,18.527483240379897,0.0 73.98380949562922,18.52721374579466,0.0 73.98407899021444,18.52721374579466,0.0 73.98407899021444,18.526944251209425,0.0 73.98515696855539,18.526944251209425,0.0 73.98515696855539,18.52667475662419,0.0 73.98542646314063,18.52667475662419,0.0 73.98542646314063,18.526405262038953,0.0 73.98596545231109,18.526405262038953,0.0 73.98596545231109,18.526944251209425,0.0 73.98569595772587,18.526944251209425,0.0 73.98569595772587,18.52721374579466,0.0 73.98515696855539,18.52721374579466,0.0 73.98515696855539,18.527483240379897,0.0 73.98461797938492,18.527483240379897,0.0 73.98461797938492,18.527752734965134,0.0 73.98434848479968,18.527752734965134,0.0 73.98434848479968,18.528022229550366,0.0 73.98354000104398,18.528022229550366,0.0 73.98354000104398,18.528291724135602,0.0 73.98327050645874,18.528291724135602,0.0 73.98327050645874,18.52856121872084,0.0 73.98246202270303,18.52856121872084,0.0 73.98246202270303,18.528830713306075,0.0 73.98219252811779,18.528830713306075,0.0 73.98219252811779,18.52910020789131,0.0 73.98111454977685,18.52910020789131,0.0</coordinates>
                        </LinearRing>
                    </outerBoundaryIs>
                </Polygon>
            </Placemark>
            <Placemark id="4518">
                <name>Class 2 - 85</name>
                <styleUrl>#4523</styleUrl>
                <Polygon id="4517">
                    <outerBoundaryIs>
                        <LinearRing id="4521">
                            <coordinates>73.98623494689633,18.52667475662419,0.0 73.98623494689633,18.526135767453717,0.0 73.98650444148157,18.526135767453717,0.0 73.98650444148157,18.525596778283244,0.0 73.98704343065204,18.525596778283244,0.0 73.98704343065204,18.525327283698008,0.0 73.98731292523728,18.525327283698008,0.0 73.98731292523728,18.52586627286848,0.0 73.98758241982252,18.52586627286848,0.0 73.98758241982252,18.526135767453717,0.0 73.98785191440774,18.526135767453717,0.0 73.98785191440774,18.526405262038953,0.0 73.98704343065204,18.526405262038953,0.0 73.98704343065204,18.52667475662419,0.0 73.98623494689633,18.52667475662419,0.0</coordinates>
                        </LinearRing>
                    </outerBoundaryIs>
                </Polygon>
            </Placemark>
            <Placemark id="4527">
                <name>Class 2 - 86</name>
                <styleUrl>#4532</styleUrl>
                <Polygon id="4526">
                    <outerBoundaryIs>
                        <LinearRing id="4530">
                            <coordinates>73.98946888191917,18.524249305357067,0.0 73.98946888191917,18.52397981077183,0.0 73.98919938733393,18.52397981077183,0.0 73.98919938733393,18.523710316186595,0.0 73.9897383765044,18.523710316186595,0.0 73.9897383765044,18.52344082160136,0.0 73.99027736567487,18.52344082160136,0.0 73.99027736567487,18.523171327016122,0.0 73.99054686026011,18.523171327016122,0.0 73.99054686026011,18.52263233784565,0.0 73.99081635484534,18.52263233784565,0.0 73.99081635484534,18.522362843260414,0.0 73.99108584943058,18.522362843260414,0.0 73.99108584943058,18.522093348675178,0.0 73.99135534401582,18.522093348675178,0.0 73.99135534401582,18.52182385408994,0.0 73.99108584943058,18.52182385408994,0.0 73.99108584943058,18.52155435950471,0.0 73.99189433318628,18.52155435950471,0.0 73.99189433318628,18.521015370334236,0.0 73.99243332235676,18.521015370334236,0.0 73.99243332235676,18.52155435950471,0.0 73.99216382777152,18.52155435950471,0.0 73.99216382777152,18.522093348675178,0.0 73.99189433318628,18.522093348675178,0.0 73.99189433318628,18.52263233784565,0.0 73.99162483860106,18.52263233784565,0.0 73.99162483860106,18.523171327016122,0.0 73.99108584943058,18.523171327016122,0.0 73.99108584943058,18.523710316186595,0.0 73.99054686026011,18.523710316186595,0.0 73.99054686026011,18.524249305357067,0.0 73.98946888191917,18.524249305357067,0.0</coordinates>
                        </LinearRing>
                    </outerBoundaryIs>
                </Polygon>
            </Placemark>
        </Folder>
        <Folder id="4535">
            <Style id="4542">
                <LineStyle id="4544">
                    <color>ff00CC00</color>
                    <colorMode>normal</colorMode>
                    <width>1.5</width>
                </LineStyle>
                <PolyStyle id="4543">
                    <color>ff00CC00</color>
                    <colorMode>normal</colorMode>
                    <fill>1</fill>
                    <outline>1</outline>
                </PolyStyle>
            </Style>
            <Style id="4551">
                <LineStyle id="4553">
                    <color>ff00CC00</color>
                    <colorMode>normal</colorMode>
                    <width>1.5</width>
                </LineStyle>
                <PolyStyle id="4552">
                    <color>ff00CC00</color>
                    <colorMode>normal</colorMode>
                    <fill>1</fill>
                    <outline>1</outline>
                </PolyStyle>
            </Style>
            <Style id="4560">
                <LineStyle id="4562">
                    <color>ff00CC00</color>
                    <colorMode>normal</colorMode>
                    <width>1.5</width>
                </LineStyle>
                <PolyStyle id="4561">
                    <color>ff00CC00</color>
                    <colorMode>normal</colorMode>
                    <fill>1</fill>
                    <outline>1</outline>
                </PolyStyle>
            </Style>
            <Style id="4569">
                <LineStyle id="4571">
                    <color>ff00CC00</color>
                    <colorMode>normal</colorMode>
                    <width>1.5</width>
                </LineStyle>
                <PolyStyle id="4570">
                    <color>ff00CC00</color>
                    <colorMode>normal</colorMode>
                    <fill>1</fill>
                    <outline>1</outline>
                </PolyStyle>
            </Style>
            <Style id="4578">
                <LineStyle id="4580">
                    <color>ff00CC00</color>
                    <colorMode>normal</colorMode>
                    <width>1.5</width>
                </LineStyle>
                <PolyStyle id="4579">
                    <color>ff00CC00</color>
                    <colorMode>normal</colorMode>
                    <fill>1</fill>
                    <outline>1</outline>
                </PolyStyle>
            </Style>
            <Style id="4587">
                <LineStyle id="4589">
                    <color>ff00CC00</color>
                    <colorMode>normal</colorMode>
                    <width>1.5</width>
                </LineStyle>
                <PolyStyle id="4588">
                    <color>ff00CC00</color>
                    <colorMode>normal</colorMode>
                    <fill>1</fill>
                    <outline>1</outline>
                </PolyStyle>
            </Style>
            <Style id="4596">
                <LineStyle id="4598">
                    <color>ff00CC00</color>
                    <colorMode>normal</colorMode>
                    <width>1.5</width>
                </LineStyle>
                <PolyStyle id="4597">
                    <color>ff00CC00</color>
                    <colorMode>normal</colorMode>
                    <fill>1</fill>
                    <outline>1</outline>
                </PolyStyle>
            </Style>
            <Style id="4605">
                <LineStyle id="4607">
                    <color>ff00CC00</color>
                    <colorMode>normal</colorMode>
                    <width>1.5</width>
                </LineStyle>
                <PolyStyle id="4606">
                    <color>ff00CC00</color>
                    <colorMode>normal</colorMode>
                    <fill>1</fill>
                    <outline>1</outline>
                </PolyStyle>
            </Style>
            <Style id="4614">
                <LineStyle id="4616">
                    <color>ff00CC00</color>
                    <colorMode>normal</colorMode>
                    <width>1.5</width>
                </LineStyle>
                <PolyStyle id="4615">
                    <color>ff00CC00</color>
                    <colorMode>normal</colorMode>
                    <fill>1</fill>
                    <outline>1</outline>
                </PolyStyle>
            </Style>
            <Style id="4623">
                <LineStyle id="4625">
                    <color>ff00CC00</color>
                    <colorMode>normal</colorMode>
                    <width>1.5</width>
                </LineStyle>
                <PolyStyle id="4624">
                    <color>ff00CC00</color>
                    <colorMode>normal</colorMode>
                    <fill>1</fill>
                    <outline>1</outline>
                </PolyStyle>
            </Style>
            <Style id="4632">
                <LineStyle id="4634">
                    <color>ff00CC00</color>
                    <colorMode>normal</colorMode>
                    <width>1.5</width>
                </LineStyle>
                <PolyStyle id="4633">
                    <color>ff00CC00</color>
                    <colorMode>normal</colorMode>
                    <fill>1</fill>
                    <outline>1</outline>
                </PolyStyle>
            </Style>
            <Style id="4641">
                <LineStyle id="4643">
                    <color>ff00CC00</color>
                    <colorMode>normal</colorMode>
                    <width>1.5</width>
                </LineStyle>
                <PolyStyle id="4642">
                    <color>ff00CC00</color>
                    <colorMode>normal</colorMode>
                    <fill>1</fill>
                    <outline>1</outline>
                </PolyStyle>
            </Style>
            <Style id="4650">
                <LineStyle id="4652">
                    <color>ff00CC00</color>
                    <colorMode>normal</colorMode>
                    <width>1.5</width>
                </LineStyle>
                <PolyStyle id="4651">
                    <color>ff00CC00</color>
                    <colorMode>normal</colorMode>
                    <fill>1</fill>
                    <outline>1</outline>
                </PolyStyle>
            </Style>
            <Style id="4659">
                <LineStyle id="4661">
                    <color>ff00CC00</color>
                    <colorMode>normal</colorMode>
                    <width>1.5</width>
                </LineStyle>
                <PolyStyle id="4660">
                    <color>ff00CC00</color>
                    <colorMode>normal</colorMode>
                    <fill>1</fill>
                    <outline>1</outline>
                </PolyStyle>
            </Style>
            <name>Class 3</name>
            <Placemark id="4537">
                <name>Class 3 - 1</name>
                <styleUrl>#4542</styleUrl>
                <Polygon id="4536">
                    <outerBoundaryIs>
                        <LinearRing id="4540">
                            <coordinates>73.89325931498996,18.543113926323574,0.0 73.89325931498996,18.54284443173834,0.0 73.8935288095752,18.54284443173834,0.0 73.8935288095752,18.543113926323574,0.0 73.89325931498996,18.543113926323574,0.0</coordinates>
                        </LinearRing>
                    </outerBoundaryIs>
                </Polygon>
            </Placemark>
            <Placemark id="4546">
                <name>Class 3 - 2</name>
                <styleUrl>#4551</styleUrl>
                <Polygon id="4545">
                    <outerBoundaryIs>
                        <LinearRing id="4549">
                            <coordinates>73.89406779874567,18.543113926323574,0.0 73.89406779874567,18.54284443173834,0.0 73.8943372933309,18.54284443173834,0.0 73.8943372933309,18.543113926323574,0.0 73.89406779874567,18.543113926323574,0.0</coordinates>
                        </LinearRing>
                    </outerBoundaryIs>
                </Polygon>
            </Placemark>
            <Placemark id="4555">
                <name>Class 3 - 3</name>
                <styleUrl>#4560</styleUrl>
                <Polygon id="4554">
                    <outerBoundaryIs>
                        <LinearRing id="4558">
                            <coordinates>73.89379830416044,18.54284443173834,0.0 73.89379830416044,18.542574937153105,0.0 73.89406779874567,18.542574937153105,0.0 73.89406779874567,18.54284443173834,0.0 73.89379830416044,18.54284443173834,0.0</coordinates>
                        </LinearRing>
                    </outerBoundaryIs>
                </Polygon>
            </Placemark>
            <Placemark id="4564">
                <name>Class 3 - 4</name>
                <styleUrl>#4569</styleUrl>
                <Polygon id="4563">
                    <outerBoundaryIs>
                        <LinearRing id="4567">
                            <coordinates>73.89622375542756,18.542574937153105,0.0 73.89622375542756,18.54230544256787,0.0 73.8964932500128,18.54230544256787,0.0 73.8964932500128,18.542574937153105,0.0 73.89622375542756,18.542574937153105,0.0</coordinates>
                        </LinearRing>
                    </outerBoundaryIs>
                </Polygon>
            </Placemark>
            <Placemark id="4573">
                <name>Class 3 - 5</name>
                <styleUrl>#4578</styleUrl>
                <Polygon id="4572">
                    <outerBoundaryIs>
                        <LinearRing id="4576">
                            <coordinates>73.8973017337685,18.54230544256787,0.0 73.8973017337685,18.541766453397397,0.0 73.89784072293897,18.541766453397397,0.0 73.89784072293897,18.542035947982633,0.0 73.89757122835374,18.542035947982633,0.0 73.89757122835374,18.54230544256787,0.0 73.8973017337685,18.54230544256787,0.0</coordinates>
                        </LinearRing>
                    </outerBoundaryIs>
                </Polygon>
            </Placemark>
            <Placemark id="4582">
                <name>Class 3 - 6</name>
                <styleUrl>#4587</styleUrl>
                <Polygon id="4581">
                    <outerBoundaryIs>
                        <LinearRing id="4585">
                            <coordinates>73.87574216694964,18.541766453397397,0.0 73.87574216694964,18.54149695881216,0.0 73.87601166153486,18.54149695881216,0.0 73.87601166153486,18.541766453397397,0.0 73.87574216694964,18.541766453397397,0.0</coordinates>
                        </LinearRing>
                    </outerBoundaryIs>
                </Polygon>
            </Placemark>
            <Placemark id="4591">
                <name>Class 3 - 7</name>
                <styleUrl>#4596</styleUrl>
                <Polygon id="4590">
                    <outerBoundaryIs>
                        <LinearRing id="4594">
                            <coordinates>73.8754726723644,18.54149695881216,0.0 73.8754726723644,18.541227464226925,0.0 73.87574216694964,18.541227464226925,0.0 73.87574216694964,18.54149695881216,0.0 73.8754726723644,18.54149695881216,0.0</coordinates>
                        </LinearRing>
                    </outerBoundaryIs>
                </Polygon>
            </Placemark>
            <Placemark id="4600">
                <name>Class 3 - 8</name>
                <styleUrl>#4605</styleUrl>
                <Polygon id="4599">
                    <outerBoundaryIs>
                        <LinearRing id="4603">
                            <coordinates>73.90080516337656,18.54149695881216,0.0 73.90080516337656,18.541227464226925,0.0 73.90134415254704,18.541227464226925,0.0 73.90134415254704,18.54149695881216,0.0 73.90080516337656,18.54149695881216,0.0</coordinates>
                        </LinearRing>
                    </outerBoundaryIs>
                </Polygon>
            </Placemark>
            <Placemark id="4609">
                <name>Class 3 - 9</name>
                <styleUrl>#4614</styleUrl>
                <Polygon id="4608">
                    <outerBoundaryIs>
                        <LinearRing id="4612">
                            <coordinates>73.90161364713228,18.54149695881216,0.0 73.90161364713228,18.541227464226925,0.0 73.9018831417175,18.541227464226925,0.0 73.9018831417175,18.54095796964169,0.0 73.90215263630274,18.54095796964169,0.0 73.90215263630274,18.54149695881216,0.0 73.90161364713228,18.54149695881216,0.0</coordinates>
                        </LinearRing>
                    </outerBoundaryIs>
                </Polygon>
            </Placemark>
            <Placemark id="4618">
                <name>Class 3 - 10</name>
                <styleUrl>#4623</styleUrl>
                <Polygon id="4617">
                    <outerBoundaryIs>
                        <LinearRing id="4621">
                            <coordinates>73.90242213088798,18.541227464226925,0.0 73.90242213088798,18.54095796964169,0.0 73.90269162547322,18.54095796964169,0.0 73.90269162547322,18.541227464226925,0.0 73.90242213088798,18.541227464226925,0.0</coordinates>
                        </LinearRing>
                    </outerBoundaryIs>
                </Polygon>
            </Placemark>
            <Placemark id="4627">
                <name>Class 3 - 11</name>
                <styleUrl>#4632</styleUrl>
                <Polygon id="4626">
                    <outerBoundaryIs>
                        <LinearRing id="4630">
                            <coordinates>73.90323061464369,18.541227464226925,0.0 73.90323061464369,18.54095796964169,0.0 73.90350010922893,18.54095796964169,0.0 73.90350010922893,18.541227464226925,0.0 73.90323061464369,18.541227464226925,0.0</coordinates>
                        </LinearRing>
                    </outerBoundaryIs>
                </Polygon>
            </Placemark>
            <Placemark id="4636">
                <name>Class 3 - 12</name>
                <styleUrl>#4641</styleUrl>
                <Polygon id="4635">
                    <outerBoundaryIs>
                        <LinearRing id="4639">
                            <coordinates>73.90592556049604,18.541227464226925,0.0 73.90592556049604,18.54095796964169,0.0 73.90619505508128,18.54095796964169,0.0 73.90619505508128,18.541227464226925,0.0 73.90592556049604,18.541227464226925,0.0</coordinates>
                        </LinearRing>
                    </outerBoundaryIs>
                </Polygon>
            </Placemark>
            <Placemark id="4645">
                <name>Class 3 - 13</name>
                <styleUrl>#4650</styleUrl>
                <Polygon id="4644">
                    <outerBoundaryIs>
                        <LinearRing id="4648">
                            <coordinates>73.87143025358586,18.54014948588598,0.0 73.87143025358586,18.539879991300747,0.0 73.8716997481711,18.539879991300747,0.0 73.8716997481711,18.54014948588598,0.0 73.87143025358586,18.54014948588598,0.0</coordinates>
                        </LinearRing>
                    </outerBoundaryIs>
                </Polygon>
            </Placemark>
            <Placemark id="4654">
                <name>Class 3 - 14</name>
                <styleUrl>#4659</styleUrl>
                <Polygon id="4653">
                    <outerBoundaryIs>
                        <LinearRing id="4657">
                            <coordinates>73.93503097570152,18.536107067107444,0.0 73.93503097570152,18.535837572522208,0.0 73.93476148111628,18.535837572522208,0.0 73.93476148111628,18.535568077936972,0.0 73.93530047028676,18.535568077936972,0.0 73.93530047028676,18.536107067107444,0.0 73.93503097570152,18.536107067107444,0.0</coordinates>
                        </LinearRing>
                    </outerBoundaryIs>
                </Polygon>
            </Placemark>
        </Folder>
    </Document>
</kml>
