{"type": "FeatureCollection", "name": "Mula-Mutha WRD red / blue / green lines (digitized)", "crs": {"type": "name", "properties": {"name": "urn:ogc:def:crs:OGC:1.3:CRS84"}}, "properties": {"kind": "Estimated", "source_pdf": "Mula Mutha River Sangam bridge Mudhava KTW.pdf", "note": "Colour-traced from Khadakwasla Irrigation Division plane-table sheets (1:4000), georeferenced with measured bridge GCPs and filtered to within ~450 m of the twin centreline. Not official WRD GIS."}, "features": [{"type": "Feature", "properties": {"line": "red", "color": "#c62828", "sheet": 2, "sheet_title": "Sheet 8 Sangam-BundGarden", "segment": "2-0", "source": "Mula Mutha River Sangam bridge Mudhava KTW.pdf", "kind": "Estimated", "note": "Digitized from scanned plane-table sheet; filtered to twin corridor."}, "geometry": {"type": "LineString", "coordinates": [[73.8811339928541, 18.545861216246372], [73.88112455749221, 18.54585717197856], [73.88111916639812, 18.545843692348857], [73.88111377530403, 18.54583021271915], [73.88110838420994, 18.545816733089445], [73.88109894884803, 18.545812688821638], [73.88109355775396, 18.54579920919193], [73.88108816665986, 18.545785729562223], [73.88107873129796, 18.545781685294415], [73.88107334020387, 18.54576820566471], [73.88106390484198, 18.5457641613969], [73.88105851374789, 18.545750681767196], [73.88104907838598, 18.545746637499388], [73.88104368729189, 18.54573315786968], [73.88103829619781, 18.545719678239976], [73.88102886083591, 18.545715633972165], [73.88102346974182, 18.54570215434246], [73.88101807864773, 18.545688674712753], [73.88101268755365, 18.54567519508305], [73.88100325219175, 18.54567115081524], [73.88099786109765, 18.545657671185534], [73.88098842573575, 18.545653626917726], [73.88098303464167, 18.54564014728802], [73.88097359927977, 18.54563610302021], [73.88096820818568, 18.545622623390503], [73.88096281709159, 18.5456091437608], [73.8809533817297, 18.54560509949299], [73.8809479906356, 18.545591619863284], [73.88094259954151, 18.54557814023358], [73.88093316417962, 18.54557409596577], [73.88092777308553, 18.545560616336065], [73.88092238199144, 18.545547136706357], [73.88091294662954, 18.54554309243855], [73.88090755553544, 18.545529612808846], [73.88089812017355, 18.545525568541034], [73.88089272907946, 18.54551208891133], [73.88088733798537, 18.545498609281623], [73.88087790262348, 18.545494565013815], [73.88087251152939, 18.545481085384107], [73.8808671204353, 18.545467605754403], [73.8808576850734, 18.545463561486596], [73.8808522939793, 18.545450081856888], [73.88084690288522, 18.545436602227184], [73.88083746752332, 18.545432557959373], [73.88083207642923, 18.54541907832967], [73.88082668533514, 18.54540559869996], [73.88081724997325, 18.545401554432154], [73.88081185887916, 18.545388074802446], [73.88080242351725, 18.54538403053464], [73.88079703242316, 18.545370550904934], [73.88079164132908, 18.545357071275227], [73.88078220596718, 18.54535302700742], [73.88077681487309, 18.54533954737771], [73.8807673795112, 18.545335503109904], [73.8807619884171, 18.5453220234802], [73.88075659732301, 18.545308543850492], [73.88074716196111, 18.545304499582684], [73.88074177086702, 18.545291019952977], [73.88073637977294, 18.545277540323273], [73.88072694441104, 18.545273496055465], [73.88072155331695, 18.545260016425757], [73.88071616222285, 18.54524653679605], [73.88070672686096, 18.545242492528242], [73.88070133576687, 18.545229012898538], [73.88069190040497, 18.54522496863073], [73.88068650931088, 18.545211489001023], [73.8806811182168, 18.545198009371315], [73.8806716828549, 18.545193965103508], [73.8806662917608, 18.545180485473804], [73.88065685639891, 18.545176441205996], [73.88065146530482, 18.54516296157629], [73.88064607421073, 18.54514948194658], [73.88064068311664, 18.545136002316877], [73.88063124775475, 18.54513195804907], [73.88062585666066, 18.54511847841936], [73.88062046556657, 18.545104998789654], [73.88061103020466, 18.545100954521846], [73.88060563911057, 18.545087474892142], [73.88060024801649, 18.545073995262435], [73.88059081265459, 18.545069950994627], [73.8805854215605, 18.54505647136492], [73.88057598619861, 18.54505242709711], [73.88057059510452, 18.545038947467408], [73.88056520401042, 18.5450254678377], [73.88055576864852, 18.545021423569892], [73.88055037755443, 18.545007943940185], [73.88054498646035, 18.54499446431048], [73.88053555109845, 18.544990420042673], [73.88053016000435, 18.544976940412965], [73.88052072464247, 18.544972896145158], [73.88051533354837, 18.54495941651545], [73.88050994245428, 18.544945936885746], [73.88050050709238, 18.54494189261794], [73.88049511599829, 18.54492841298823], [73.8804856806364, 18.544924368720423], [73.8804802895423, 18.544910889090716], [73.8804708541804, 18.544906844822908], [73.88046546308632, 18.544893365193204], [73.88046007199223, 18.544879885563496], [73.88045063663033, 18.54487584129569], [73.88044524553624, 18.54486236166598], [73.88043985444214, 18.544848882036277], [73.88043041908026, 18.544844837768466], [73.88042502798616, 18.54483135813876], [73.88041559262426, 18.544827313870954], [73.88041020153018, 18.544813834241246], [73.88040481043609, 18.544800354611542], [73.88039537507419, 18.54479631034373], [73.8803899839801, 18.544782830714027], [73.8803805486182, 18.54477878644622], [73.88037515752411, 18.54476530681651], [73.88036976643002, 18.544751827186808], [73.88036033106812, 18.544747782918996], [73.88035493997404, 18.544734303289292], [73.88034550461214, 18.544730259021485], [73.88034011351805, 18.544716779391777], [73.88033472242395, 18.54470329976207], [73.88032528706206, 18.544699255494262], [73.88031989596797, 18.544685775864558], [73.88031046060607, 18.54468173159675], [73.88030506951198, 18.544668251967042], [73.88029563415009, 18.544664207699235], [73.880290243056, 18.544650728069527], [73.8802848519619, 18.544637248439823], [73.88027541660001, 18.544633204172015], [73.88027002550592, 18.544619724542308], [73.88026463441183, 18.5446062449126], [73.88025519904993, 18.544602200644793], [73.88024980795583, 18.54458872101509], [73.88024037259395, 18.544584676747277], [73.88023498149985, 18.544571197117573], [73.88022959040576, 18.544557717487866], [73.88022015504387, 18.544553673220058], [73.88021476394978, 18.544540193590354], [73.88020532858788, 18.544536149322543], [73.88019993749379, 18.54452266969284], [73.8801945463997, 18.54450919006313], [73.8801851110378, 18.544505145795323], [73.88017971994371, 18.54449166616562], [73.88017028458181, 18.544487621897808], [73.88016489348773, 18.544474142268104], [73.88015950239364, 18.544460662638397], [73.88015006703174, 18.54445661837059], [73.88014467593764, 18.54444313874088], [73.88013524057575, 18.544439094473073], [73.88012984948166, 18.54442561484337], [73.88012445838757, 18.544412135213662], [73.88011502302567, 18.544408090945854], [73.88010963193159, 18.544394611316147], [73.88010019656969, 18.54439056704834], [73.8800948054756, 18.544377087418635], [73.8800894143815, 18.544363607788927], [73.88007997901961, 18.54435956352112], [73.88007458792552, 18.544346083891412], [73.88006515256362, 18.544342039623604], [73.88005976146952, 18.5443285599939], [73.88005032610764, 18.54432451572609], [73.88004493501354, 18.544311036096385], [73.88003549965164, 18.544306991828577], [73.88003010855756, 18.54429351219887], [73.88002471746347, 18.544280032569166], [73.88001932636938, 18.544266552939458], [73.88000989100748, 18.54426250867165], [73.88000449991338, 18.544249029041943], [73.8799950645515, 18.544244984774135], [73.8799896734574, 18.54423150514443], [73.87998428236331, 18.544218025514724], [73.87997484700142, 18.544213981246916], [73.87996945590733, 18.54420050161721], [73.87996002054543, 18.5441964573494], [73.87995462945133, 18.544182977719693], [73.87994923835724, 18.54416949808999], [73.87993980299535, 18.54416545382218], [73.87993441190126, 18.544151974192474], [73.87992497653936, 18.544147929924666], [73.87991958544528, 18.54413445029496], [73.87991419435119, 18.544120970665254], [73.87990475898928, 18.544116926397447], [73.87989936789519, 18.54410344676774], [73.8798899325333, 18.54409940249993], [73.8798804971714, 18.544095358232124], [73.87987510607731, 18.544081878602416], [73.87986971498322, 18.544068398972712], [73.87986432388914, 18.544054919343004], [73.87985488852723, 18.544050875075197], [73.87984949743314, 18.54403739544549], [73.87984410633905, 18.544023915815785], [73.87983467097716, 18.544019871547977], [73.87982523561526, 18.544015827280166], [73.87981984452117, 18.544002347650462], [73.87981445342707, 18.543988868020755], [73.879809062333, 18.54397538839105], [73.87979962697109, 18.543971344123243], [73.87979019160919, 18.54396729985543], [73.87978480051511, 18.543953820225727], [73.87977940942102, 18.54394034059602], [73.87976997405912, 18.543936296328212], [73.87976458296502, 18.543922816698505], [73.87975919187093, 18.5439093370688], [73.87974975650904, 18.543905292800993], [73.87974032114714, 18.543901248533185], [73.87973493005305, 18.543887768903478], [73.87972953895897, 18.54387428927377], [73.87972414786488, 18.543860809644066], [73.87971471250297, 18.54385676537626], [73.87970932140888, 18.54384328574655], [73.87969988604699, 18.543839241478743], [73.87969045068509, 18.543835197210935], [73.879685059591, 18.543821717581228], [73.8796796684969, 18.543808237951524], [73.87967023313502, 18.543804193683716], [73.87966079777311, 18.543800149415905], [73.87965540667902, 18.5437866697862], [73.87964597131713, 18.543782625518393], [73.87964058022304, 18.543769145888685], [73.87963114486114, 18.543765101620878], [73.87962575376706, 18.54375162199117], [73.87961227413734, 18.543757013085262], [73.87960688304325, 18.543743533455554], [73.87960149194916, 18.543730053825847], [73.87959205658727, 18.54372600955804], [73.87958666549318, 18.543712529928335], [73.87957723013128, 18.543708485660527], [73.8795718390372, 18.54369500603082], [73.8795664479431, 18.543681526401112], [73.8795570125812, 18.543677482133305], [73.87954757721931, 18.543673437865497], [73.87954218612522, 18.543659958235793], [73.87953275076332, 18.54365591396798], [73.87952735966923, 18.543642434338278], [73.87951792430734, 18.54363839007047], [73.87951253321324, 18.543624910440762], [73.87950309785134, 18.543620866172954], [73.87949366248945, 18.543616821905147], [73.87948827139536, 18.54360334227544], [73.87948288030127, 18.543589862645735], [73.87947344493936, 18.543585818377924], [73.87946805384527, 18.54357233874822], [73.87945861848338, 18.543568294480412], [73.87945322738929, 18.543554814850705], [73.87944379202739, 18.543550770582897], [73.87943840093331, 18.54353729095319], [73.8794289655714, 18.54353324668538], [73.87942357447731, 18.543519767055678], [73.87941413911543, 18.54351572278787], [73.87940470375352, 18.54351167852006], [73.87939931265943, 18.543498198890354], [73.87939392156534, 18.543484719260647], [73.87938448620345, 18.54348067499284], [73.87937909510936, 18.543467195363135], [73.87936965974745, 18.543463151095324], [73.87936426865336, 18.54344967146562], [73.87935483329147, 18.543445627197812], [73.87934539792957, 18.543441582930004], [73.87934000683548, 18.543428103300297], [73.87933057147359, 18.54342405903249], [73.8793251803795, 18.54341057940278], [73.87931574501759, 18.543406535134974], [73.8793063096557, 18.543402490867166], [73.87930091856161, 18.54338901123746], [73.87929552746752, 18.543375531607754], [73.87929013637343, 18.543362051978047], [73.87928474527934, 18.543348572348343], [73.87927530991745, 18.54334452808053], [73.87926991882335, 18.543331048450828], [73.87926048346145, 18.54332700418302], [73.87925509236736, 18.543313524553312], [73.87924565700547, 18.543309480285505], [73.87923622164357, 18.543305436017697], [73.87923083054947, 18.54329195638799], [73.87922139518759, 18.54328791212018], [73.8792160040935, 18.543274432490474], [73.87920656873159, 18.543270388222666], [73.87920117763751, 18.543256908592962], [73.87919174227561, 18.543252864325154], [73.8791823069137, 18.543248820057343], [73.87917691581961, 18.54323534042764], [73.87916748045772, 18.54323129615983]]}}, {"type": "Feature", "properties": {"line": "red", "color": "#c62828", "sheet": 2, "sheet_title": "Sheet 8 Sangam-BundGarden", "segment": "4-0", "source": "Mula Mutha River Sangam bridge Mudhava KTW.pdf", "kind": "Estimated", "note": "Digitized from scanned plane-table sheet; filtered to twin corridor."}, "geometry": {"type": "LineString", "coordinates": [[73.87261955527157, 18.535968295108454], [73.87262494636566, 18.53598177473816], [73.87263438172756, 18.53598581900597], [73.87264381708947, 18.535989863273777], [73.87264920818355, 18.536003342903484], [73.87265864354545, 18.536007387171292], [73.87266403463954, 18.536020866800996], [73.87266942573363, 18.536034346430704], [73.87267481682771, 18.53604782606041], [73.87268425218961, 18.53605187032822], [73.87269368755152, 18.536055914596027], [73.8727031229134, 18.536059958863834], [73.8727085140075, 18.536073438493542], [73.87271390510159, 18.536086918123246], [73.87271929619568, 18.536100397752953], [73.87272468728978, 18.536113877382657], [73.87273412265166, 18.536117921650465], [73.87274355801357, 18.536121965918277], [73.87275299337546, 18.536126010186084], [73.87275838446955, 18.53613948981579], [73.87276377556364, 18.536152969445496], [73.87276916665773, 18.5361664490752], [73.87277860201964, 18.53617049334301], [73.87278803738153, 18.53617453761082], [73.87279747274343, 18.536178581878627], [73.87280286383752, 18.53619206150833], [73.8728082549316, 18.536205541138038], [73.87281364602569, 18.536219020767746], [73.87281903711978, 18.53623250039745], [73.87282847248169, 18.536236544665257], [73.87283790784358, 18.53624058893307], [73.87284734320548, 18.536244633200877], [73.87285273429957, 18.53625811283058], [73.87285812539366, 18.536271592460288], [73.87286351648774, 18.536285072089992], [73.87287295184964, 18.536289116357803], [73.87288238721155, 18.53629316062561], [73.87289182257344, 18.53629720489342], [73.87289721366753, 18.536310684523123], [73.87290260476162, 18.53632416415283], [73.87290799585571, 18.536337643782538], [73.8729133869498, 18.536351123412242], [73.8729228223117, 18.53635516768005], [73.87293630194141, 18.53634977658596], [73.87294169303549, 18.53636325621567], [73.87294708412958, 18.536376735845373], [73.87295247522367, 18.53639021547508], [73.87295786631776, 18.536403695104784], [73.87296730167967, 18.536407739372596], [73.87297673704155, 18.536411783640403], [73.87298212813565, 18.536425263270107], [73.87298751922974, 18.536438742899815], [73.87299695459163, 18.536442787167623], [73.87300638995353, 18.53644683143543], [73.87301582531543, 18.53645087570324], [73.87302121640951, 18.536464355332946], [73.8730266075036, 18.53647783496265], [73.8730319985977, 18.536491314592357], [73.87303738969179, 18.536504794222065], [73.87304682505369, 18.536508838489873], [73.87305626041558, 18.53651288275768], [73.87306569577748, 18.536516927025488], [73.87307108687158, 18.536530406655196], [73.87307647796565, 18.5365438862849], [73.87308186905975, 18.536557365914607], [73.87308726015384, 18.53657084554431], [73.87309669551574, 18.536574889812123], [73.87310613087763, 18.53657893407993], [73.87311556623953, 18.536582978347738], [73.87312095733363, 18.536596457977442], [73.87312634842772, 18.53660993760715], [73.8731317395218, 18.536623417236857], [73.8731411748837, 18.536627461504665], [73.8731506102456, 18.536631505772473], [73.87315600133968, 18.53664498540218], [73.87316139243377, 18.536658465031884], [73.87316678352786, 18.53667194466159], [73.87317621888977, 18.5366759889294], [73.87318565425166, 18.536680033197207], [73.87319508961356, 18.536684077465015], [73.87320048070765, 18.536697557094723], [73.87320587180174, 18.536711036724427], [73.87321126289582, 18.536724516354134], [73.87321665398991, 18.536737995983838], [73.87322608935182, 18.53674204025165], [73.87323552471372, 18.536746084519457], [73.87324496007561, 18.536750128787265], [73.8732503511697, 18.53676360841697], [73.8732557422638, 18.536777088046676], [73.87326113335789, 18.536790567676384], [73.87327056871978, 18.53679461194419], [73.87328000408168, 18.536798656212], [73.87328539517577, 18.536812135841707], [73.87329078626986, 18.53682561547141], [73.87329617736394, 18.53683909510112], [73.87330561272584, 18.536843139368926], [73.87331504808775, 18.536847183636734], [73.87332448344964, 18.536851227904542], [73.87332987454373, 18.53686470753425], [73.87333526563782, 18.536878187163953], [73.87334065673191, 18.53689166679366], [73.8733500920938, 18.53689571106147], [73.8733595274557, 18.536899755329276], [73.8733689628176, 18.536903799597084], [73.87337435391169, 18.536917279226792], [73.87337974500578, 18.5369307588565], [73.87338918036768, 18.536934803124307], [73.87339457146177, 18.53694828275401], [73.87339996255585, 18.53696176238372], [73.87340535364994, 18.536975242013423], [73.87341478901185, 18.536979286281234], [73.87342422437374, 18.53698333054904], [73.87343365973564, 18.53698737481685], [73.87343905082973, 18.537000854446553], [73.87344444192382, 18.53701433407626], [73.87344983301792, 18.53702781370597], [73.8734592683798, 18.537031857973776], [73.87346870374171, 18.537035902241584], [73.8734781391036, 18.537039946509392], [73.87348353019769, 18.5370534261391], [73.87348892129178, 18.537066905768803], [73.87349835665368, 18.53707095003661], [73.87350779201557, 18.53707499430442], [73.87351722737748, 18.53707903857223], [73.87352261847157, 18.537092518201934], [73.87352800956566, 18.53710599783164], [73.87353744492755, 18.53711004209945], [73.87354688028945, 18.537114086367257], [73.87355631565134, 18.537118130635065], [73.87356575101325, 18.537122174902873], [73.87357114210734, 18.53713565453258], [73.87357653320143, 18.537149134162288], [73.87358596856332, 18.537153178430096], [73.87359540392522, 18.537157222697903], [73.87360483928713, 18.53716126696571], [73.8736102303812, 18.53717474659542], [73.8736156214753, 18.537188226225123], [73.8736250568372, 18.53719227049293], [73.87363449219909, 18.537196314760738], [73.87364392756099, 18.53720035902855], [73.8736533629229, 18.537204403296357], [73.87365875401697, 18.53721788292606], [73.87366414511106, 18.53723136255577], [73.87367358047297, 18.537235406823577], [73.87368301583487, 18.537239451091384], [73.87369245119676, 18.537243495359192], [73.87369784229085, 18.5372569749889], [73.87370727765276, 18.537261019256707], [73.87371671301464, 18.537265063524515], [73.87372210410874, 18.537278543154223], [73.87373153947064, 18.53728258742203], [73.87374097483253, 18.537286631689838], [73.87374636592662, 18.537300111319546], [73.87375580128852, 18.537304155587353], [73.87376119238262, 18.537317635217057], [73.8737706277445, 18.53732167948487], [73.87378006310641, 18.537325723752677], [73.8737854542005, 18.53733920338238], [73.87379488956239, 18.53734324765019], [73.8738043249243, 18.537347291918], [73.87380971601839, 18.537360771547704], [73.87381915138027, 18.53736481581551], [73.87382858674218, 18.53736886008332], [73.87383397783627, 18.537382339713027], [73.87383936893036, 18.537395819342734], [73.87384880429225, 18.537399863610542], [73.87385823965415, 18.53740390787835], [73.87386767501604, 18.537407952146157], [73.87387306611014, 18.537421431775865], [73.87388250147204, 18.537425476043673], [73.87389193683393, 18.53742952031148], [73.87390137219583, 18.53743356457929], [73.87390676328992, 18.537447044208996], [73.87391215438402, 18.5374605238387], [73.8739215897459, 18.537464568106508], [73.87393102510781, 18.537468612374315], [73.87394046046971, 18.537472656642127], [73.87394585156379, 18.53748613627183], [73.87395124265788, 18.537499615901538], [73.87396067801978, 18.537503660169346], [73.87397011338167, 18.537507704437154], [73.87397954874358, 18.53751174870496], [73.87398898410548, 18.53751579297277], [73.87399437519956, 18.537529272602477], [73.87399976629365, 18.537542752232184], [73.87400920165555, 18.537546796499992], [73.87401863701746, 18.5375508407678], [73.87402807237935, 18.537554885035608], [73.87403346347344, 18.537568364665315], [73.87403885456753, 18.53758184429502], [73.87404828992942, 18.537585888562827], [73.87405772529132, 18.537589932830635], [73.87406716065323, 18.537593977098446], [73.87407659601512, 18.537598021366254], [73.87408198710921, 18.537611500995958], [73.8740873782033, 18.537624980625665], [73.87409681356519, 18.537629024893473], [73.87410624892709, 18.53763306916128], [73.874115684289, 18.53763711342909], [73.87412107538309, 18.537650593058796], [73.87412646647716, 18.5376640726885], [73.87413590183907, 18.53766811695631], [73.87414533720097, 18.53767216122412], [73.87415477256286, 18.537676205491927], [73.87416420792476, 18.537680249759735], [73.87416959901886, 18.537693729389442], [73.87417499011293, 18.537707209019146], [73.87418442547484, 18.537711253286954], [73.87419386083674, 18.53771529755476], [73.87420329619863, 18.537719341822573], [73.87420868729272, 18.537732821452277], [73.87421812265463, 18.537736865720085], [73.87422351374872, 18.537750345349792], [73.8742329491106, 18.5377543896176], [73.87424238447251, 18.537758433885408], [73.8742518198344, 18.537762478153216], [73.87425721092849, 18.537775957782923], [73.87426260202258, 18.53778943741263], [73.87427203738449, 18.53779348168044], [73.87428147274638, 18.537797525948246], [73.87429090810828, 18.537801570216054], [73.87429629920237, 18.53781504984576], [73.87430169029646, 18.537828529475465], [73.87431112565835, 18.537832573743273], [73.87432056102026, 18.53783661801108], [73.87432999638214, 18.537840662278892], [73.87433538747624, 18.537854141908596], [73.87434482283814, 18.537858186176404], [73.87435425820003, 18.53786223044421], [73.87435964929412, 18.53787571007392], [73.87436908465602, 18.537879754341727], [73.87437852001793, 18.537883798609535], [73.874383911112, 18.537897278239242], [73.8743893022061, 18.537910757868946], [73.874398737568, 18.537914802136758], [73.87440817292989, 18.537918846404565], [73.8744176082918, 18.537922890672373], [73.87442299938589, 18.537936370302077], [73.87443243474777, 18.53794041456989], [73.87444187010968, 18.537944458837696], [73.87444726120377, 18.5379579384674], [73.87445265229786, 18.537971418097108], [73.87446208765975, 18.537975462364916], [73.87447152302165, 18.537979506632723], [73.87448095838356, 18.53798355090053], [73.87449039374545, 18.53798759516834], [73.87449578483954, 18.538001074798046], [73.87450117593363, 18.538014554427754], [73.87451061129552, 18.53801859869556], [73.87452004665742, 18.53802264296337], [73.87452948201933, 18.538026687231177], [73.87453487311342, 18.538040166860885], [73.8745402642075, 18.53805364649059], [73.8745496995694, 18.538057690758396], [73.8745591349313, 18.538061735026208], [73.87456857029319, 18.538065779294016], [73.8745780056551, 18.538069823561823], [73.87458339674919, 18.538083303191527], [73.87458878784327, 18.538096782821235], [73.87459822320517, 18.538100827089043], [73.87460765856707, 18.53810487135685], [73.87461709392896, 18.538108915624658], [73.87462248502305, 18.538122395254366], [73.87462787611715, 18.538135874884073], [73.87463731147905, 18.53813991915188], [73.87464674684094, 18.53814396341969], [73.87465618220284, 18.538148007687496], [73.87466561756473, 18.538152051955304], [73.87467100865882, 18.538165531585012], [73.87467639975291, 18.538179011214716], [73.87468583511482, 18.538183055482524], [73.8746952704767, 18.538187099750335], [73.87470470583861, 18.538191144018143], [73.8747100969327, 18.538204623647847], [73.8747154880268, 18.538218103277554], [73.87472492338868, 18.538222147545362], [73.87473435875059, 18.53822619181317], [73.87474379411248, 18.538230236080977], [73.87475322947438, 18.538234280348785], [73.87475862056847, 18.538247759978493], [73.87476401166256, 18.5382612396082], [73.87477344702445, 18.538265283876008], [73.87478288238636, 18.538269328143816], [73.87479231774826, 18.538273372411624], [73.87479770884234, 18.53828685204133], [73.87480309993643, 18.538300331671035], [73.87481253529833, 18.538304375938843], [73.87482197066022, 18.538308420206654], [73.87483140602212, 18.538312464474462], [73.87484084138403, 18.53831650874227], [73.8748462324781, 18.538329988371974], [73.87485566784001, 18.538334032639785], [73.8748610589341, 18.53834751226949], [73.874870494296, 18.538351556537297], [73.8748799296579, 18.538355600805104], [73.8748893650198, 18.538359645072916], [73.87489475611389, 18.53837312470262], [73.87490419147578, 18.538377168970428], [73.87491362683768, 18.538381213238235], [73.87491901793177, 18.538394692867943], [73.87492440902585, 18.53840817249765], [73.87493384438775, 18.538412216765458], [73.87494327974966, 18.538416261033266], [73.87495271511155, 18.538420305301074], [73.87496215047345, 18.53842434956888], [73.87496754156754, 18.53843782919859], [73.87497697692943, 18.538441873466397], [73.87498236802352, 18.5384553530961], [73.87499180338543, 18.538459397363912], [73.87500123874732, 18.53846344163172], [73.87501067410922, 18.538467485899528], [73.87501606520331, 18.53848096552923], [73.8750255005652, 18.538485009797043], [73.8750349359271, 18.53848905406485], [73.8750403270212, 18.538502533694555], [73.8750497623831, 18.538506577962362], [73.87505919774499, 18.538510622230174], [73.87506458883908, 18.538524101859878], [73.87507402420098, 18.538528146127685], [73.87508345956287, 18.538532190395497], [73.87508885065697, 18.5385456700252], [73.87509828601887, 18.53854971429301], [73.87510772138076, 18.538553758560816], [73.87511715674266, 18.538557802828628], [73.87512254783675, 18.53857128245833], [73.87512793893085, 18.53858476208804], [73.87513737429273, 18.538588806355847], [73.87514680965464, 18.538592850623655], [73.87515624501653, 18.538596894891462], [73.87516568037843, 18.53860093915927], [73.87517107147252, 18.538614418788978], [73.87517646256661, 18.53862789841868], [73.8751858979285, 18.538631942686493], [73.8751953332904, 18.5386359869543], [73.8752047686523, 18.53864003122211], [73.8752142040142, 18.538644075489916], [73.87521959510829, 18.538657555119624], [73.8752290304702, 18.53866159938743], [73.87523846583208, 18.53866564365524], [73.87524385692618, 18.538679123284943], [73.87525329228808, 18.538683167552755], [73.87526272764997, 18.538687211820562], [73.87526811874406, 18.538700691450266], [73.87527755410596, 18.538704735718074], [73.87528698946785, 18.538708779985885], [73.87529238056194, 18.53872225961559], [73.87530181592385, 18.538726303883397], [73.87531125128574, 18.538730348151205], [73.87531664237983, 18.538743827780912], [73.87532607774173, 18.53874787204872], [73.87533551310362, 18.538751916316528], [73.87534090419771, 18.538765395946236], [73.87535033955962, 18.538769440214043], [73.8753597749215, 18.53877348448185], [73.8753651660156, 18.53878696411156], [73.8753746013775, 18.538791008379366], [73.87538403673939, 18.538795052647174], [73.87538942783348, 18.53880853227688], [73.87539886319539, 18.53881257654469], [73.87540829855729, 18.538816620812497], [73.87541368965137, 18.538830100442205], [73.87542312501327, 18.538834144710012], [73.87543256037517, 18.53883818897782], [73.87543795146925, 18.538851668607524], [73.87544738683115, 18.538855712875336], [73.87545682219306, 18.538859757143143], [73.87546625755495, 18.53886380141095], [73.87547164864904, 18.538877281040655], [73.87547703974313, 18.538890760670363], [73.87548647510503, 18.53889480493817], [73.87549591046692, 18.538898849205978], [73.87550534582883, 18.538902893473786], [73.87551073692292, 18.538916373103493], [73.87552017228481, 18.5389204173713], [73.87552960764671, 18.53892446163911], [73.8755349987408, 18.538937941268816], [73.8755444341027, 18.538941985536624], [73.8755538694646, 18.538946029804432], [73.87555926055869, 18.53895950943414], [73.87556869592058, 18.538963553701947], [73.87557813128248, 18.538967597969755], [73.87558756664438, 18.538971642237563], [73.87559295773846, 18.53898512186727], [73.87560239310037, 18.538989166135078], [73.87561182846227, 18.538993210402886], [73.87561721955635, 18.539006690032593], [73.87562261065044, 18.539020169662297], [73.87563204601234, 18.539024213930105], [73.87564148137423, 18.539028258197913], [73.87565091673613, 18.539032302465724], [73.87566035209804, 18.539036346733532], [73.87566574319213, 18.539049826363236], [73.87567517855402, 18.539053870631044], [73.87568461391592, 18.539057914898855], [73.87569000501001, 18.53907139452856], [73.87569539610409, 18.539084874158267], [73.875704831466, 18.539088918426074], [73.8757142668279, 18.539092962693882], [73.87572370218979, 18.53909700696169], [73.87573313755169, 18.539101051229498], [73.87573852864578, 18.539114530859205], [73.87574796400767, 18.539118575127013], [73.87575739936958, 18.53912261939482], [73.87576279046367, 18.539136099024528], [73.87577222582556, 18.539140143292336], [73.87577761691965, 18.539153622922043], [73.87578705228155, 18.53915766718985], [73.87579648764344, 18.53916171145766], [73.87580592300534, 18.539165755725467], [73.87581131409944, 18.539179235355174], [73.87582074946133, 18.539183279622982], [73.87583018482323, 18.53918732389079], [73.87583557591732, 18.539200803520494], [73.87584096701141, 18.5392142831502], [73.8758504023733, 18.53921832741801], [73.8758598377352, 18.539222371685817], [73.87586927309711, 18.539226415953625], [73.875878708459, 18.539230460221436], [73.87588409955309, 18.53924393985114], [73.87588949064718, 18.539257419480847], [73.87589892600907, 18.539261463748655], [73.87590836137097, 18.539265508016463], [73.87591779673288, 18.53926955228427], [73.87592723209477, 18.53927359655208], [73.87593262318886, 18.539287076181786], [73.87594205855076, 18.539291120449594], [73.87595149391265, 18.5392951647174], [73.87595688500674, 18.53930864434711], [73.87596632036865, 18.539312688614917], [73.87597575573054, 18.539316732882725], [73.87598114682463, 18.539330212512432], [73.87599058218653, 18.53933425678024], [73.87600001754842, 18.539338301048048], [73.87600540864251, 18.539351780677755], [73.87601484400442, 18.539355824945563], [73.8760242793663, 18.53935986921337], [73.87603371472821, 18.53936391348118], [73.8760391058223, 18.539377393110886], [73.87604449691639, 18.53939087274059], [73.87605393227828, 18.539394917008398], [73.87606336764019, 18.539398961276206], [73.87607280300209, 18.539403005544017], [73.87608223836398, 18.539407049811825], [73.87608762945807, 18.53942052944153], [73.87609302055216, 18.539434009071236], [73.87610245591405, 18.539438053339044], [73.87611189127595, 18.53944209760685], [73.87612132663786, 18.53944614187466], [73.87613076199975, 18.539450186142467], [73.87613615309384, 18.539463665772175], [73.87614558845574, 18.539467710039983], [73.87615097954983, 18.53948118966969], [73.87616041491172, 18.539485233937498], [73.87616985027363, 18.539489278205306], [73.87617928563552, 18.539493322473113], [73.87618467672961, 18.53950680210282], [73.87619411209151, 18.53951084637063], [73.8762035474534, 18.539514890638436], [73.87620893854749, 18.539528370268144], [73.87621432964158, 18.539541849897848], [73.87622376500349, 18.539545894165656], [73.87623320036538, 18.539549938433463], [73.87624263572728, 18.539553982701275], [73.87625207108918, 18.539558026969083], [73.87625746218326, 18.539571506598786], [73.87626689754516, 18.539575550866594], [73.87627228863926, 18.539589030496302], [73.87628172400115, 18.53959307476411], [73.87629115936305, 18.539597119031917], [73.87630059472495, 18.539601163299725], [73.87630598581904, 18.539614642929433], [73.87631542118093, 18.53961868719724], [73.87632485654284, 18.539622731465048], [73.87633024763693, 18.539636211094756], [73.87633968299882, 18.539640255362563], [73.87634911836072, 18.53964429963037], [73.87635450945481, 18.53965777926008], [73.8763639448167, 18.539661823527886], [73.8763733801786, 18.539665867795694], [73.8763787712727, 18.539679347425402], [73.87638820663459, 18.53968339169321], [73.87639764199649, 18.539687435961017], [73.87640303309058, 18.539700915590725], [73.87641246845247, 18.539704959858533], [73.87642190381438, 18.53970900412634], [73.87643133917628, 18.539713048394148], [73.87643673027036, 18.539726528023856], [73.87644212136445, 18.53974000765356], [73.87645155672635, 18.539744051921367], [73.87646099208824, 18.539748096189175], [73.87647042745014, 18.539752140456986], [73.87647986281205, 18.539756184724794], [73.87648525390614, 18.5397696643545], [73.87649468926803, 18.539773708622306], [73.87650412462993, 18.539777752890117], [73.87650951572402, 18.53979123251982], [73.8765149068181, 18.53980471214953], [73.87652434218, 18.539808756417337], [73.87653377754191, 18.539812800685144], [73.8765432129038, 18.539816844952952], [73.8765526482657, 18.53982088922076], [73.8765580393598, 18.539834368850467], [73.87656747472168, 18.539838413118275], [73.87657691008359, 18.539842457386083], [73.87658230117768, 18.53985593701579], [73.87659173653957, 18.5398599812836], [73.87660117190147, 18.539864025551406], [73.87660656299556, 18.539877505181114], [73.87661599835745, 18.53988154944892], [73.87662543371935, 18.53988559371673], [73.87663082481345, 18.539899073346437], [73.87664026017534, 18.539903117614244], [73.87664969553724, 18.539907161882052], [73.87665508663133, 18.539920641511756], [73.87666452199323, 18.539924685779567], [73.87667395735512, 18.539928730047375], [73.87667934844922, 18.53994220967708], [73.87668878381112, 18.539946253944887], [73.87669821917301, 18.5399502982127], [73.8767036102671, 18.539963777842402], [73.87670900136119, 18.53997725747211], [73.87671843672308, 18.539981301739918], [73.87672787208498, 18.539985346007725], [73.87673326317908, 18.539998825637433], [73.87673865427317, 18.540012305267137], [73.87674808963506, 18.540016349534945], [73.87675752499696, 18.540020393802752], [73.87676291609105, 18.54003387343246], [73.87676830718515, 18.540047353062167], [73.87677369827922, 18.54006083269187], [73.87678313364113, 18.54006487695968], [73.87679256900303, 18.540068921227487], [73.87680200436492, 18.5400729654953], [73.87680739545901, 18.540086445125002], [73.8768127865531, 18.54009992475471], [73.8768181776472, 18.540113404384414], [73.87682761300908, 18.540117448652225], [73.87683704837099, 18.540121492920033], [73.87684648373289, 18.54012553718784], [73.87685187482697, 18.540139016817545], [73.87685726592106, 18.540152496447252], [73.87686265701515, 18.54016597607696], [73.87687209237706, 18.540170020344767], [73.87688152773895, 18.540174064612575], [73.87689096310085, 18.540178108880383], [73.87689635419494, 18.54019158851009], [73.87690174528903, 18.540205068139795], [73.87690713638311, 18.540218547769502], [73.87691657174501, 18.54022259203731], [73.87692600710692, 18.540226636305118], [73.876931398201, 18.540240115934825], [73.87693678929509, 18.54025359556453], [73.87694622465699, 18.540257639832337], [73.8769556600189, 18.540261684100148], [73.87696105111297, 18.540275163729852], [73.87696644220706, 18.54028864335956], [73.87697183330116, 18.540302122989264], [73.87698126866306, 18.54030616725707], [73.87699070402495, 18.540310211524883], [73.87700013938685, 18.54031425579269], [73.87700553048094, 18.540327735422395], [73.87701092157504, 18.540341215052102], [73.87701631266911, 18.540354694681806], [73.87702574803102, 18.540358738949617], [73.87703518339292, 18.540362783217425], [73.87704461875481, 18.540366827485233], [73.8770500098489, 18.540380307114937], [73.877055400943, 18.540393786744644], [73.87706079203708, 18.540407266374352], [73.87707022739897, 18.54041131064216], [73.87707966276088, 18.540415354909968], [73.87708909812278, 18.540419399177775], [73.87709448921686, 18.540432878807483], [73.87709988031095, 18.540446358437187], [73.87710527140504, 18.540459838066894], [73.87711470676695, 18.540463882334702], [73.87712414212884, 18.54046792660251], [73.87712953322293, 18.540481406232217], [73.87713492431702, 18.54049488586192], [73.87714435967892, 18.54049893012973], [73.87715379504081, 18.54050297439754], [73.8771591861349, 18.540516454027244], [73.877164577229, 18.540529933656952], [73.87717401259088, 18.54053397792476], [73.87718344795279, 18.540538022192568], [73.87718883904688, 18.540551501822275], [73.87719423014097, 18.54056498145198], [73.87720366550286, 18.540569025719787], [73.87721310086476, 18.540573069987598], [73.87721849195886, 18.540586549617302], [73.87722388305295, 18.54060002924701], [73.87722927414703, 18.540613508876714], [73.87723870950893, 18.54061755314452], [73.87724814487083, 18.540621597412333], [73.87725758023272, 18.54062564168014], [73.87726297132681, 18.540639121309844], [73.8772683624209, 18.540652600939552], [73.877273753515, 18.540666080569256], [73.87728318887689, 18.540670124837067], [73.87729262423879, 18.540674169104875], [73.8773020596007, 18.540678213372683], [73.87730745069477, 18.54069169300239], [73.87731284178886, 18.540705172632094], [73.87731823288296, 18.540718652261802], [73.87732766824486, 18.54072269652961], [73.87733710360675, 18.540726740797417], [73.87734249470084, 18.540740220427125], [73.87734788579493, 18.54075370005683], [73.87735732115684, 18.540757744324637], [73.87736675651873, 18.540761788592445], [73.87737214761282, 18.540775268222152], [73.87737753870691, 18.54078874785186], [73.8773869740688, 18.540792792119667], [73.8773964094307, 18.540796836387475], [73.8774018005248, 18.54081031601718], [73.87740719161889, 18.540823795646887], [73.87741662698078, 18.540827839914694], [73.87742606234268, 18.540831884182502], [73.87743145343677, 18.54084536381221], [73.87743684453086, 18.540858843441917], [73.87744627989275, 18.540862887709725], [73.87745571525465, 18.540866931977533], [73.87746110634875, 18.540880411607237], [73.87746649744282, 18.540893891236944], [73.87747593280473, 18.540897935504752], [73.87748536816663, 18.54090197977256], [73.87749075926071, 18.540915459402267], [73.8774961503548, 18.54092893903197], [73.8775015414489, 18.54094241866168], [73.8775109768108, 18.540946462929487], [73.87752041217269, 18.540950507197294], [73.87752984753459, 18.540954551465102], [73.87753523862868, 18.54096803109481], [73.87754062972277, 18.540981510724517], [73.87754602081685, 18.54099499035422], [73.87755545617875, 18.54099903462203], [73.87756489154066, 18.54100307888984], [73.87757432690255, 18.541007123157648], [73.87757971799664, 18.541020602787352], [73.87758510909073, 18.54103408241706], [73.87759050018482, 18.541047562046764], [73.87759993554671, 18.541051606314575], [73.87760937090862, 18.541055650582383], [73.87761880627052, 18.54105969485019], [73.8776241973646, 18.541073174479894], [73.87762958845869, 18.541086654109602], [73.87763497955278, 18.54110013373931], [73.87764441491468, 18.541104178007117], [73.87765385027657, 18.541108222274925], [73.87765924137067, 18.54112170190463], [73.87766463246476, 18.541135181534337], [73.87767002355885, 18.541148661164044], [73.87767945892074, 18.541152705431852], [73.87768889428264, 18.54115674969966], [73.87769832964455, 18.541160793967467], [73.87770372073864, 18.541174273597175], [73.87770911183271, 18.54118775322688], [73.8777145029268, 18.541201232856587], [73.87772393828871, 18.541205277124394], [73.8777333736506, 18.541209321392202], [73.8777428090125, 18.54121336566001], [73.8777482001066, 18.541226845289717], [73.87775359120069, 18.54124032491942], [73.87775898229476, 18.54125380454913], [73.87776841765667, 18.541257848816937], [73.87777785301857, 18.541261893084744], [73.87778728838046, 18.541265937352552], [73.87779267947455, 18.54127941698226], [73.87779807056864, 18.541292896611967], [73.87780346166274, 18.54130637624167], [73.87781289702463, 18.54131042050948], [73.87782233238653, 18.54131446477729], [73.87783176774843, 18.541318509045098], [73.87783715884251, 18.541331988674802], [73.8778425499366, 18.54134546830451], [73.8778479410307, 18.541358947934214], [73.8778573763926, 18.541362992202025], [73.87786681175449, 18.541367036469833], [73.87787220284858, 18.541380516099537], [73.87787759394267, 18.541393995729244], [73.87788702930457, 18.541398039997052], [73.87789646466646, 18.54140208426486], [73.87790185576056, 18.541415563894567], [73.87790724685465, 18.54142904352427], [73.87791263794874, 18.54144252315398], [73.87792207331063, 18.541446567421787], [73.87793150867253, 18.541450611689594], [73.87794094403444, 18.541454655957402], [73.87794633512851, 18.54146813558711], [73.8779517262226, 18.541481615216817], [73.87796116158451, 18.541485659484625], [73.8779705969464, 18.541489703752433], [73.87797598804049, 18.541503183382137], [73.87798137913458, 18.541516663011844], [73.87798677022867, 18.54153014264155], [73.87799620559058, 18.54153418690936], [73.87800564095247, 18.541538231177167], [73.87801103204656, 18.54155171080687], [73.87802046740846, 18.541555755074683], [73.87802585850254, 18.541569234704387], [73.87803124959663, 18.541582714334094], [73.87803664069072, 18.541596193963798], [73.87804607605263, 18.54160023823161], [73.87805551141452, 18.541604282499417], [73.87806494677642, 18.541608326767225], [73.87807033787051, 18.54162180639693], [73.8780757289646, 18.541635286026636], [73.87808112005868, 18.541648765656344], [73.87809055542058, 18.54165280992415], [73.87809999078249, 18.54165685419196], [73.87810942614438, 18.541660898459767], [73.87811481723847, 18.541674378089475], [73.87812020833256, 18.54168785771918], [73.87812964369446, 18.541691901986987], [73.87813907905635, 18.541695946254794], [73.87814447015045, 18.541709425884502], [73.87814986124454, 18.54172290551421], [73.87815525233863, 18.541736385143913], [73.87816468770052, 18.54174042941172], [73.87817412306242, 18.54174447367953], [73.87818355842431, 18.54174851794734], [73.8781889495184, 18.541761997577044], [73.8781943406125, 18.541775477206752], [73.87819973170659, 18.541788956836456], [73.87820916706849, 18.541793001104267], [73.87821860243038, 18.541797045372075], [73.87822803779228, 18.541801089639883], [73.87823342888638, 18.541814569269587], [73.87823881998045, 18.541828048899294], [73.87824421107454, 18.541841528529], [73.87825364643645, 18.54184557279681], [73.87826308179835, 18.541849617064617], [73.87826847289243, 18.54186309669432], [73.87827386398652, 18.54187657632403], [73.87828329934842, 18.541880620591837], [73.87829273471031, 18.541884664859644], [73.8782981258044, 18.541898144489352], [73.8783035168985, 18.54191162411906], [73.8783129522604, 18.541915668386867], [73.8783183433545, 18.54192914801657], [73.87832373444857, 18.54194262764628], [73.87832912554266, 18.541956107275983], [73.87833856090457, 18.541960151543794], [73.87834395199866, 18.541973631173498], [73.87834934309274, 18.541987110803205], [73.87835473418683, 18.54200059043291], [73.87836416954873, 18.542004634700717], [73.87836956064282, 18.542018114330425], [73.87837495173692, 18.542031593960132], [73.8783843870988, 18.54203563822794], [73.8783897781929, 18.542049117857644], [73.87839516928699, 18.54206259748735], [73.87840056038108, 18.54207607711706], [73.87840999574297, 18.542080121384867], [73.87841538683706, 18.54209360101457], [73.87842077793115, 18.54210708064428], [73.87843021329306, 18.542111124912086], [73.87843560438714, 18.542124604541794], [73.87844099548123, 18.542138084171498], [73.87844638657532, 18.542151563801205], [73.87845582193722, 18.542155608069013], [73.8784612130313, 18.54216908769872], [73.87846660412539, 18.542182567328425], [73.8784760394873, 18.542186611596232], [73.87848143058139, 18.54220009122594], [73.87848682167548, 18.542213570855644], [73.87849221276956, 18.54222705048535], [73.87850164813146, 18.54223109475316], [73.87850703922555, 18.542244574382867], [73.87851243031965, 18.54225805401257], [73.87851782141372, 18.54227153364228], [73.87852321250782, 18.542285013271986], [73.87853264786972, 18.542289057539794], [73.87854208323162, 18.5422931018076], [73.8785474743257, 18.542306581437305], [73.87855286541979, 18.542320061067013], [73.87855825651388, 18.54233354069672], [73.87856364760798, 18.542347020326424], [73.87856903870207, 18.542360499956132], [73.87857847406396, 18.54236454422394], [73.87858790942586, 18.542368588491748], [73.87859330051995, 18.542382068121455], [73.87859869161404, 18.54239554775116], [73.87860408270812, 18.542409027380867], [73.87860947380221, 18.54242250701057], [73.87861890916412, 18.542426551278382], [73.87862430025821, 18.542440030908086], [73.87862969135229, 18.542453510537793], [73.87863912671419, 18.5424575548056], [73.87864451780828, 18.542471034435305], [73.87864990890237, 18.542484514065013], [73.87865934426426, 18.54248855833282], [73.87866473535836, 18.542502037962528], [73.87867012645245, 18.542515517592232], [73.87867551754654, 18.54252899722194], [73.87868495290843, 18.542533041489747], [73.87869034400252, 18.542546521119455], [73.87869573509661, 18.54256000074916], [73.8787011261907, 18.542573480378866], [73.87871056155261, 18.542577524646674], [73.87871595264669, 18.54259100427638], [73.87872134374078, 18.542604483906086], [73.87873077910268, 18.542608528173893], [73.87873617019677, 18.5426220078036], [73.87874156129085, 18.54263548743331], [73.87874695238494, 18.542648967063013], [73.87875638774685, 18.54265301133082], [73.87876177884094, 18.542666490960528], [73.87876716993503, 18.542679970590232], [73.87877256102911, 18.54269345021994], [73.87878199639101, 18.542697494487747], [73.8787873874851, 18.542710974117455], [73.8787927785792, 18.54272445374716], [73.87880221394109, 18.542728498014966], [73.87880760503518, 18.542741977644674], [73.87881299612927, 18.54275545727438], [73.87881838722336, 18.542768936904086], [73.87882782258525, 18.542772981171893], [73.87883321367934, 18.5427864608016], [73.87883860477343, 18.54279994043131], [73.87884399586753, 18.542813420061012], [73.87884938696162, 18.54282689969072], [73.87885882232351, 18.542830943958528], [73.87886825768541, 18.542834988226335], [73.8788736487795, 18.542848467856043], [73.8788790398736, 18.542861947485747], [73.87888443096767, 18.542875427115455]]}}, {"type": "Feature", "properties": {"line": "blue", "color": "#1565c0", "sheet": 2, "sheet_title": "Sheet 8 Sangam-BundGarden", "segment": "0-0", "source": "Mula Mutha River Sangam bridge Mudhava KTW.pdf", "kind": "Estimated", "note": "Digitized from scanned plane-table sheet; filtered to twin corridor."}, "geometry": {"type": "LineString", "coordinates": [[73.8787536713605, 18.543076263367873], [73.87874828026641, 18.543062783738165], [73.87874288917232, 18.54304930410846], [73.87873749807822, 18.543035824478753], [73.87872806271633, 18.543031780210946], [73.87872267162224, 18.543018300581238], [73.87871728052815, 18.543004820951534], [73.87871188943406, 18.542991341321827], [73.87870245407217, 18.54298729705402], [73.87869706297808, 18.54297381742431], [73.87869167188398, 18.542960337794607], [73.87868223652208, 18.5429562935268], [73.878676845428, 18.542942813897092], [73.87867145433391, 18.542929334267384], [73.87866201897201, 18.542925289999577], [73.87865662787792, 18.542911810369873], [73.87865123678384, 18.542898330740165], [73.87864584568975, 18.542884851110458], [73.87863641032784, 18.54288080684265], [73.87863101923375, 18.542867327212946], [73.87862562813966, 18.54285384758324], [73.87861619277777, 18.54284980331543], [73.87861080168368, 18.542836323685723], [73.87860541058959, 18.54282284405602], [73.8786000194955, 18.54280936442631], [73.8785905841336, 18.542805320158504], [73.87858519303951, 18.542791840528796], [73.87857980194542, 18.542778360899092], [73.87857036658352, 18.542774316631284], [73.87856497548944, 18.542760837001577], [73.87855958439535, 18.542747357371873], [73.87855014903344, 18.54274331310406], [73.87854475793935, 18.542729833474358], [73.87853936684527, 18.54271635384465], [73.87853397575118, 18.542702874214946], [73.87852454038928, 18.54269882994714], [73.87851914929519, 18.54268535031743], [73.8785137582011, 18.542671870687723], [73.87850836710702, 18.54265839105802], [73.87849893174511, 18.54265434679021], [73.87849354065102, 18.542640867160504], [73.87848814955693, 18.542627387530796], [73.87847871419504, 18.54262334326299], [73.87847332310095, 18.542609863633285], [73.87846793200686, 18.542596384003577], [73.87846254091276, 18.542582904373873], [73.87845310555088, 18.54257886010606], [73.87844771445678, 18.542565380476358], [73.87844232336269, 18.54255190084665], [73.8784369322686, 18.542538421216946], [73.87842749690671, 18.542534376949135], [73.87842210581262, 18.54252089731943], [73.87841671471853, 18.542507417689723], [73.87840727935662, 18.542503373421916], [73.87840188826253, 18.54248989379221], [73.87839649716845, 18.542476414162504], [73.87839110607436, 18.542462934532796], [73.87838167071246, 18.54245889026499], [73.87837627961837, 18.542445410635285], [73.87836684425648, 18.542441366367473], [73.87836145316238, 18.54242788673777], [73.87835606206829, 18.542414407108062], [73.8783506709742, 18.542400927478358]]}}, {"type": "Feature", "properties": {"line": "green", "color": "#2e7d32", "sheet": 2, "sheet_title": "Sheet 8 Sangam-BundGarden", "segment": "0-0", "source": "Mula Mutha River Sangam bridge Mudhava KTW.pdf", "kind": "Estimated", "note": "Digitized from scanned plane-table sheet; filtered to twin corridor."}, "geometry": {"type": "LineString", "coordinates": [[73.87203454767806, 18.536030271851182], [73.87204398303994, 18.53603431611899], [73.87204937413404, 18.536047795748697], [73.87205880949594, 18.536051840016505], [73.87207228912564, 18.536046448922413], [73.87208172448754, 18.536050493190224], [73.87209115984945, 18.536054537458032], [73.87210463947915, 18.53604914636394], [73.87211811910885, 18.53604375526985], [73.87213159873856, 18.536038364175763], [73.87214507836826, 18.53603297308167], [73.87215855799798, 18.536027581987582], [73.87217203762768, 18.536022190893494], [73.87218551725738, 18.536016799799405], [73.8721989968871, 18.536011408705313], [73.87220843224898, 18.53601545297312], [73.87221786761089, 18.53601949724093], [73.87222730297279, 18.53602354150874], [73.87223673833468, 18.536027585776548], [73.87224617369658, 18.536031630044356], [73.87225560905847, 18.536035674312163], [73.87226504442037, 18.53603971857997], [73.87227447978228, 18.53604376284778], [73.87227987087635, 18.536057242477487], [73.87228526197045, 18.536070722107194], [73.87229065306454, 18.536084201736898], [73.87229604415863, 18.536097681366606], [73.87230143525272, 18.53611116099631], [73.87230682634682, 18.536124640626017], [73.87231221744089, 18.53613812025572], [73.87231760853498, 18.53615159988543], [73.87232299962908, 18.536165079515136], [73.87232839072317, 18.53617855914484], [73.87233782608507, 18.536182603412648], [73.87234321717915, 18.536196083042356], [73.87234860827324, 18.536209562672063], [73.87235804363515, 18.53621360693987], [73.87236343472924, 18.536227086569575], [73.87236882582332, 18.536240566199282], [73.87237421691741, 18.536254045828986], [73.8723796080115, 18.536267525458694], [73.87238499910559, 18.5362810050884], [73.8723944344675, 18.53628504935621], [73.87239982556157, 18.536298528985913], [73.87240926092348, 18.536302573253725], [73.87241465201757, 18.53631605288343], [73.87242004311166, 18.536329532513136], [73.87242947847355, 18.536333576780944], [73.87243486956764, 18.536347056410648], [73.87244430492954, 18.53635110067846], [73.87244969602364, 18.536364580308163], [73.87245913138553, 18.53636862457597]]}}, {"type": "Feature", "properties": {"line": "green", "color": "#2e7d32", "sheet": 2, "sheet_title": "Sheet 8 Sangam-BundGarden", "segment": "1-0", "source": "Mula Mutha River Sangam bridge Mudhava KTW.pdf", "kind": "Estimated", "note": "Digitized from scanned plane-table sheet; filtered to twin corridor."}, "geometry": {"type": "LineString", "coordinates": [[73.87798674370592, 18.54207740499852], [73.87798269943812, 18.542086840360415], [73.87797865517031, 18.542096275722315], [73.8779840462644, 18.54210975535202], [73.87798000199659, 18.54211919071392], [73.87797595772878, 18.542128626075815], [73.87797191346097, 18.542138061437715], [73.87797730455506, 18.54215154106742], [73.87797326028725, 18.54216097642932], [73.87797865138134, 18.542174456059023], [73.87798404247543, 18.54218793568873], [73.87797999820762, 18.542197371050626], [73.87798538930171, 18.542210850680334], [73.8779907803958, 18.542224330310038], [73.8779961714899, 18.542237809939746], [73.87800156258399, 18.542251289569453], [73.87800695367807, 18.542264769199157], [73.87801638903997, 18.542268813466965], [73.87802178013406, 18.542282293096672], [73.87803121549595, 18.54228633736448], [73.87803660659004, 18.542299816994188], [73.87804199768414, 18.54231329662389], [73.87805143304604, 18.5423173408917], [73.87806086840793, 18.54232138515951], [73.87806625950202, 18.542334864789215], [73.87807569486392, 18.542338909057023], [73.87808513022581, 18.54234295332483], [73.8780905213199, 18.542356432954538], [73.87809995668181, 18.542360477222346], [73.8781093920437, 18.542364521490153], [73.87811478313779, 18.54237800111986], [73.87812421849969, 18.54238204538767], [73.87813365386158, 18.542386089655476], [73.87813904495567, 18.542399569285184], [73.87814848031758, 18.54240361355299], [73.87815791567948, 18.5424076578208], [73.87816330677356, 18.542421137450507], [73.87817274213546, 18.542425181718315], [73.87818217749737, 18.542429225986123], [73.87818756859144, 18.542442705615827], [73.87819700395335, 18.542446749883638], [73.87820643931525, 18.542450794151446], [73.87821183040933, 18.54246427378115], [73.87822126577123, 18.542468318048957], [73.87823070113313, 18.54247236231677], [73.87823609222721, 18.542485841946473], [73.87824552758912, 18.54248988621428], [73.87825496295102, 18.542493930482088], [73.87826439831291, 18.5424979747499], [73.878269789407, 18.542511454379603], [73.8782792247689, 18.54251549864741], [73.87828866013079, 18.54251954291522], [73.87829405122488, 18.542533022544927], [73.87830348658679, 18.542537066812734], [73.87831292194868, 18.542541111080542], [73.87832235731058, 18.54254515534835], [73.87832774840467, 18.542558634978057], [73.87833718376658, 18.542562679245865], [73.87834661912846, 18.542566723513673], [73.87835201022256, 18.54258020314338], [73.87836144558446, 18.542584247411188], [73.87837088094635, 18.542588291678996], [73.87838031630825, 18.542592335946804], [73.87838975167014, 18.54259638021461], [73.87839514276423, 18.54260985984432], [73.87840457812614, 18.542613904112127]]}}, {"type": "Feature", "properties": {"line": "green", "color": "#2e7d32", "sheet": 2, "sheet_title": "Sheet 8 Sangam-BundGarden", "segment": "2-0", "source": "Mula Mutha River Sangam bridge Mudhava KTW.pdf", "kind": "Estimated", "note": "Digitized from scanned plane-table sheet; filtered to twin corridor."}, "geometry": {"type": "LineString", "coordinates": [[73.87711063218742, 18.541098760390277], [73.87710119682552, 18.54109471612247], [73.87709176146362, 18.54109067185466], [73.87708232610173, 18.541086627586854], [73.87707289073983, 18.541082583319046], [73.87706345537794, 18.541078539051234], [73.87705806428384, 18.54106505942153], [73.87704862892194, 18.541061015153723], [73.87704323782785, 18.541047535524015], [73.87703380246596, 18.541043491256207], [73.87702841137187, 18.5410300116265], [73.87701897600996, 18.541025967358692], [73.87701358491587, 18.541012487728988], [73.87700414955398, 18.54100844346118], [73.87699875845989, 18.540994963831473], [73.8769933673658, 18.540981484201765], [73.87698393200391, 18.540977439933958], [73.87697854090982, 18.540963960304254], [73.87697314981573, 18.540950480674546], [73.87696371445382, 18.54094643640674], [73.87695832335973, 18.54093295677703], [73.87694888799784, 18.540928912509223], [73.87693945263594, 18.540924868241415], [73.87693406154185, 18.540911388611708], [73.87692462617996, 18.5409073443439], [73.87691519081805, 18.540903300076092], [73.87690979972396, 18.540889820446388], [73.87690036436207, 18.540885776178577], [73.87689497326798, 18.540872296548873], [73.87688553790608, 18.540868252281065], [73.87688014681198, 18.540854772651358], [73.8768747557179, 18.540841293021654], [73.87686936462381, 18.540827813391946], [73.87686397352972, 18.54081433376224], [73.87685858243563, 18.540800854132534], [73.87685319134154, 18.540787374502827], [73.87684780024745, 18.540773894873123], [73.87684240915337, 18.540760415243415], [73.87683701805928, 18.540746935613708], [73.87683162696518, 18.540733455984004], [73.87682623587109, 18.540719976354296], [73.8768168005092, 18.54071593208649], [73.87681140941511, 18.54070245245678], [73.87680601832102, 18.540688972827077], [73.87679658295912, 18.54068492855927], [73.87678714759723, 18.54068088429146], [73.87678175650314, 18.540667404661754], [73.87677232114123, 18.540663360393946], [73.87676693004714, 18.54064988076424], [73.87675749468525, 18.54064583649643], [73.87675210359116, 18.540632356866727], [73.87674266822926, 18.540628312598916], [73.87673727713516, 18.54061483296921], [73.87672784177327, 18.540610788701404], [73.87671840641137, 18.540606744433596], [73.87671301531728, 18.54059326480389], [73.87670357995539, 18.54058922053608], [73.8766981888613, 18.540575740906373], [73.8766887534994, 18.540571696638565], [73.87668336240532, 18.540558217008858], [73.87667392704341, 18.54055417274105], [73.87666449168151, 18.540550128473242], [73.87665910058742, 18.54053664884354], [73.87664966522553, 18.540532604575727], [73.87664427413144, 18.540519124946023], [73.87663483876953, 18.540515080678215], [73.87662540340764, 18.540511036410408], [73.87662001231355, 18.5404975567807], [73.87661057695165, 18.540493512512892], [73.87660518585757, 18.540480032883185], [73.87659575049567, 18.540475988615377], [73.87658631513376, 18.54047194434757]]}}, {"type": "Feature", "properties": {"line": "green", "color": "#2e7d32", "sheet": 2, "sheet_title": "Sheet 8 Sangam-BundGarden", "segment": "4-0", "source": "Mula Mutha River Sangam bridge Mudhava KTW.pdf", "kind": "Estimated", "note": "Digitized from scanned plane-table sheet; filtered to twin corridor."}, "geometry": {"type": "LineString", "coordinates": [[73.87798944114745, 18.542045054645016], [73.87799348541526, 18.54203561928312], [73.87798809432117, 18.54202213965341], [73.87799213858898, 18.542012704291515], [73.87798674749489, 18.541999224661808], [73.8779813564008, 18.541985745032104], [73.8779759653067, 18.541972265402396], [73.87797057421263, 18.54195878577269], [73.87796113885072, 18.54195474150488], [73.87795574775663, 18.541941261875177], [73.87794631239473, 18.541937217607366], [73.87794092130065, 18.541923737977662], [73.87793148593875, 18.541919693709854], [73.87792609484465, 18.541906214080146], [73.87792070375056, 18.541892734450443], [73.87791126838867, 18.54188869018263], [73.87790587729458, 18.541875210552927], [73.87789644193268, 18.54187116628512], [73.8778910508386, 18.541857686655412], [73.8778856597445, 18.541844207025704], [73.8778762243826, 18.541840162757897], [73.87787083328851, 18.541826683128193], [73.87786139792662, 18.541822638860385], [73.87785600683253, 18.541809159230677], [73.87784657147063, 18.54180511496287], [73.87783713610874, 18.541801070695062], [73.87783174501465, 18.541787591065354], [73.87782635392055, 18.54177411143565], [73.87781691855865, 18.54177006716784], [73.87781152746456, 18.541756587538135], [73.87780209210267, 18.541752543270327], [73.87779670100858, 18.54173906364062], [73.87778726564667, 18.541735019372812], [73.8777818745526, 18.541721539743104], [73.8777724391907, 18.541717495475297], [73.8777670480966, 18.541704015845593], [73.87775761273471, 18.541699971577785], [73.87774817737281, 18.541695927309974], [73.87774278627872, 18.54168244768027], [73.87773335091681, 18.54167840341246], [73.87772795982274, 18.541664923782754], [73.87771852446083, 18.541660879514946], [73.87771313336674, 18.54164739988524], [73.87770369800485, 18.54164335561743], [73.87769426264295, 18.541639311349623], [73.87768887154886, 18.541625831719916], [73.87767943618697, 18.541621787452108], [73.87767404509287, 18.541608307822404], [73.87766460973097, 18.541604263554596], [73.87765921863688, 18.54159078392489], [73.87764978327499, 18.54158673965708], [73.8776443921809, 18.541573260027373], [73.877634956819, 18.541569215759566], [73.8776295657249, 18.54155573612986], [73.87762013036301, 18.54155169186205], [73.87761069500111, 18.541547647594243], [73.87760530390702, 18.54153416796454], [73.87759586854513, 18.54153012369673], [73.87759047745104, 18.541516644067023], [73.87758104208913, 18.541512599799216], [73.87757565099504, 18.541499120169508], [73.87756621563315, 18.5414950759017], [73.87757160672724, 18.541508555531408]]}}, {"type": "Feature", "properties": {"line": "green", "color": "#2e7d32", "sheet": 2, "sheet_title": "Sheet 8 Sangam-BundGarden", "segment": "7-0", "source": "Mula Mutha River Sangam bridge Mudhava KTW.pdf", "kind": "Estimated", "note": "Digitized from scanned plane-table sheet; filtered to twin corridor."}, "geometry": {"type": "LineString", "coordinates": [[73.8762304764011, 18.540129551143934], [73.8762210410392, 18.540125506876127], [73.87621160567731, 18.54012146260832], [73.87620621458322, 18.54010798297861], [73.87619677922132, 18.540103938710804], [73.87619138812724, 18.540090459081096], [73.87618195276534, 18.54008641481329], [73.87617251740343, 18.54008237054548], [73.87616712630935, 18.540068890915776], [73.87615769094745, 18.540064846647965], [73.87615229985336, 18.54005136701826], [73.87614286449146, 18.540047322750453], [73.87613342912957, 18.540043278482646], [73.87612803803547, 18.540029798852938], [73.87611860267357, 18.54002575458513], [73.8761132115795, 18.540012274955423], [73.87610377621759, 18.540008230687615], [73.87609434085569, 18.540004186419807], [73.87608894976161, 18.5399907067901], [73.8760795143997, 18.539986662522292], [73.87607412330561, 18.539973182892588], [73.87606468794371, 18.53996913862478], [73.87605525258182, 18.53996509435697], [73.87604986148773, 18.539951614727265], [73.87604042612583, 18.539947570459457], [73.87603503503175, 18.53993409082975], [73.87602559966984, 18.539930046561942], [73.87601616430794, 18.539926002294134], [73.87601077321386, 18.539912522664427], [73.87600133785196, 18.53990847839662], [73.87599594675787, 18.53989499876691], [73.87598651139596, 18.539890954499104], [73.87597707603408, 18.539886910231296], [73.87597168493998, 18.53987343060159], [73.87596224957808, 18.53986938633378], [73.87595281421619, 18.539865342065973], [73.8759474231221, 18.53985186243627], [73.8759379877602, 18.53984781816846], [73.87593259666612, 18.539834338538753], [73.87592316130421, 18.539830294270946], [73.87591372594231, 18.539826250003138], [73.87590833484822, 18.53981277037343], [73.87589889948633, 18.539808726105623], [73.87589350839224, 18.539795246475915], [73.87588407303033, 18.539791202208107], [73.87587463766845, 18.5397871579403]]}}, {"type": "Feature", "properties": {"line": "green", "color": "#2e7d32", "sheet": 2, "sheet_title": "Sheet 8 Sangam-BundGarden", "segment": "9-0", "source": "Mula Mutha River Sangam bridge Mudhava KTW.pdf", "kind": "Estimated", "note": "Digitized from scanned plane-table sheet; filtered to twin corridor."}, "geometry": {"type": "LineString", "coordinates": [[73.87528292246627, 18.53918729736804], [73.87527348710437, 18.53918325310023], [73.87526809601027, 18.539169773470526], [73.87525866064837, 18.53916572920272], [73.87524922528648, 18.53916168493491], [73.87523978992458, 18.5391576406671], [73.87523439883049, 18.539144161037395], [73.8752249634686, 18.539140116769588], [73.8752195723745, 18.53912663713988], [73.8752101370126, 18.539122592872072], [73.87520474591852, 18.539109113242365], [73.87519531055662, 18.539105068974557], [73.87518587519472, 18.53910102470675], [73.87517643983283, 18.53909698043894], [73.87517104873874, 18.539083500809234], [73.87516565764464, 18.53907002117953], [73.87515622228274, 18.539065976911722], [73.87514678692085, 18.53906193264391], [73.87514139582676, 18.539048453014207], [73.87513196046486, 18.5390444087464], [73.87512656937078, 18.53903092911669], [73.87511713400887, 18.539026884848884], [73.87510769864697, 18.539022840581076], [73.87510230755288, 18.53900936095137], [73.87509287219099, 18.53900531668356], [73.8750874810969, 18.538991837053857], [73.875078045735, 18.538987792786045], [73.8750686103731, 18.538983748518238], [73.87506321927901, 18.538970268888534], [73.87505378391711, 18.538966224620726], [73.87504839282303, 18.53895274499102], [73.87503895746113, 18.53894870072321], [73.87502952209923, 18.538944656455403], [73.87502413100513, 18.538931176825695], [73.87501469564324, 18.538927132557887], [73.87500930454915, 18.53891365292818], [73.87499986918725, 18.538909608660372], [73.87499447809317, 18.538896129030668], [73.87498504273127, 18.538892084762857], [73.87497560736936, 18.53888804049505], [73.87497021627529, 18.538874560865345], [73.87496078091338, 18.538870516597537], [73.87495538981929, 18.53885703696783], [73.8749459544574, 18.538852992700022], [73.8749365190955, 18.538848948432214], [73.8749311280014, 18.538835468802507], [73.8749216926395, 18.5388314245347], [73.87491225727761, 18.53882738026689], [73.87490686618352, 18.538813900637184], [73.87489743082162, 18.538809856369376], [73.87489203972754, 18.538796376739672], [73.87488260436564, 18.53879233247186], [73.87487316900373, 18.538788288204053], [73.87486777790966, 18.53877480857435], [73.87485834254775, 18.53877076430654]]}}, {"type": "Feature", "properties": {"line": "green", "color": "#2e7d32", "sheet": 2, "sheet_title": "Sheet 8 Sangam-BundGarden", "segment": "10-0", "source": "Mula Mutha River Sangam bridge Mudhava KTW.pdf", "kind": "Estimated", "note": "Digitized from scanned plane-table sheet; filtered to twin corridor."}, "geometry": {"type": "LineString", "coordinates": [[73.87134443837805, 18.535321223626028], [73.87134982947214, 18.53533470325573], [73.87135926483404, 18.535338747523543], [73.87136465592813, 18.535352227153247], [73.87137004702221, 18.535365706782954], [73.87137948238411, 18.535369751050762], [73.87138891774602, 18.53537379531857], [73.8713943088401, 18.535387274948278], [73.87139969993419, 18.53540075457798], [73.87140509102828, 18.53541423420769], [73.87141452639018, 18.535418278475497], [73.87141991748427, 18.535431758105204], [73.87142530857835, 18.53544523773491], [73.87143474394026, 18.535449282002716], [73.87144417930216, 18.535453326270524], [73.87144957039624, 18.53546680590023], [73.87145496149033, 18.53548028552994], [73.87146035258442, 18.535493765159643], [73.87146978794632, 18.53549780942745], [73.87147922330821, 18.53550185369526], [73.8714846144023, 18.535515333324966], [73.8714900054964, 18.535528812954674], [73.87149539659049, 18.535542292584378], [73.87150483195238, 18.535546336852185], [73.87151022304647, 18.535559816481893], [73.87151561414056, 18.5355732961116], [73.87152504950247, 18.535577340379408], [73.87153044059656, 18.535590820009112], [73.87153583169064, 18.53560429963882], [73.87154526705254, 18.535608343906627], [73.87155470241444, 18.535612388174435], [73.87156009350852, 18.535625867804143], [73.87156548460261, 18.535639347433847], [73.8715708756967, 18.535652827063554], [73.87158031105861, 18.535656871331362], [73.8715897464205, 18.53566091559917], [73.87159513751459, 18.535674395228877], [73.87160052860868, 18.53568787485858], [73.87160996397058, 18.53569191912639], [73.87161535506466, 18.535705398756097], [73.87162479042657, 18.535709443023904], [73.87163422578847, 18.535713487291712], [73.87163961688255, 18.53572696692142], [73.87164500797664, 18.535740446551127], [73.87165444333854, 18.535744490818935], [73.87166387870045, 18.535748535086743], [73.87166926979452, 18.535762014716447], [73.87167870515643, 18.535766058984258], [73.87168814051833, 18.535770103252066], [73.87169757588022, 18.535774147519874], [73.87170296697431, 18.535787627149578], [73.87171240233621, 18.53579167141739], [73.8717218376981, 18.535795715685197], [73.87173127306, 18.535799759953004], [73.87174475268971, 18.535794368858916], [73.87175418805161, 18.535798413126724], [73.87176766768131, 18.53579302203263], [73.87177710304321, 18.53579706630044], [73.87179058267292, 18.53579167520635], [73.87180406230263, 18.535786284112262], [73.87181754193233, 18.535780893018174], [73.87183102156203, 18.535775501924082], [73.87184450119175, 18.535770110829993], [73.87185798082145, 18.535764719735905], [73.87187146045116, 18.535759328641813], [73.87188494008086, 18.535753937547724], [73.87189841971056, 18.535748546453636], [73.87191189934028, 18.535743155359544], [73.87192537896998, 18.535737764265455], [73.87193481433188, 18.535741808533263], [73.87194829396158, 18.535736417439175], [73.87195772932348, 18.535740461706983], [73.87196716468537, 18.53574450597479], [73.87197660004728, 18.535748550242598], [73.87198603540918, 18.535752594510406], [73.87199142650327, 18.535766074140113], [73.87200086186516, 18.53577011840792], [73.87201029722706, 18.53577416267573], [73.87201568832116, 18.535787642305436], [73.87202107941523, 18.53580112193514], [73.87202647050933, 18.535814601564848], [73.87203186160342, 18.535828081194555], [73.8720278173356, 18.53583751655645], [73.87202377306781, 18.53584695191835], [73.8720197288, 18.535856387280248], [73.87202511989409, 18.535869866909955], [73.87202107562628, 18.53587930227185], [73.87201703135847, 18.535888737633748], [73.87202242245256, 18.535902217263455], [73.87201837818475, 18.535911652625355], [73.87201433391694, 18.53592108798725], [73.87201972501103, 18.53593456761696], [73.87201568074322, 18.535944002978855], [73.87201163647542, 18.53595343834075], [73.8720170275695, 18.53596691797046], [73.8720129833017, 18.53597635333236], [73.87200893903389, 18.535985788694255], [73.87201837439578, 18.535989832962063], [73.87202376548987, 18.53600331259177]]}}, {"type": "Feature", "properties": {"line": "green", "color": "#2e7d32", "sheet": 2, "sheet_title": "Sheet 8 Sangam-BundGarden", "segment": "11-0", "source": "Mula Mutha River Sangam bridge Mudhava KTW.pdf", "kind": "Estimated", "note": "Digitized from scanned plane-table sheet; filtered to twin corridor."}, "geometry": {"type": "LineString", "coordinates": [[73.86935358080657, 18.534389702781777], [73.86936301616846, 18.534393747049585], [73.86936840726256, 18.534407226679292], [73.86937784262446, 18.5344112709471], [73.86938727798635, 18.534415315214908], [73.86939266908044, 18.534428794844615], [73.86940210444234, 18.534432839112423], [73.86940749553644, 18.534446318742127], [73.86941693089832, 18.534450363009935], [73.86942636626023, 18.534454407277746], [73.86943175735432, 18.53446788690745], [73.8694371484484, 18.534481366537157], [73.8694465838103, 18.534485410804965], [73.8694560191722, 18.534489455072773], [73.86946141026628, 18.53450293470248], [73.86947084562819, 18.53450697897029], [73.86947623672228, 18.534520458599992], [73.86948567208418, 18.534524502867804], [73.86949510744607, 18.53452854713561], [73.86950049854016, 18.534542026765315], [73.86950993390207, 18.534546071033123], [73.86951532499614, 18.53455955066283], [73.86952476035805, 18.53456359493064], [73.86953419571995, 18.534567639198446], [73.86953958681403, 18.534581118828154], [73.86954497790812, 18.534594598457858], [73.86955441327002, 18.53459864272567], [73.86956384863193, 18.534602686993477], [73.86957328399382, 18.534606731261285], [73.86957867508791, 18.53462021089099], [73.869584066182, 18.534633690520696], [73.86959350154389, 18.534637734788504], [73.86960293690579, 18.53464177905631], [73.86960832799988, 18.53465525868602], [73.86961371909398, 18.534668738315723], [73.86962315445587, 18.534672782583534], [73.86963258981777, 18.534676826851342], [73.86963798091186, 18.534690306481046], [73.86964741627375, 18.534694350748854], [73.86965280736784, 18.53470783037856], [73.86966224272975, 18.53471187464637], [73.86967167809163, 18.534715918914177], [73.86967706918573, 18.534729398543885], [73.86968246027982, 18.534742878173592], [73.86969189564172, 18.5347469224414], [73.86970133100361, 18.534750966709208], [73.8697067220977, 18.53476444633891], [73.8697161574596, 18.534768490606723], [73.8697215485537, 18.534781970236427], [73.86973098391559, 18.534786014504235], [73.86973637500968, 18.534799494133942], [73.86974581037158, 18.53480353840175], [73.86975120146566, 18.534817018031458], [73.86976063682756, 18.534821062299265], [73.86977007218947, 18.534825106567073], [73.86977546328355, 18.534838586196777], [73.86978085437764, 18.534852065826485], [73.86979028973954, 18.534856110094292], [73.86979972510144, 18.5348601543621], [73.86980511619552, 18.534873633991808], [73.86981050728961, 18.534887113621515], [73.86981994265152, 18.534891157889323], [73.8698293780134, 18.53489520215713], [73.8698347691075, 18.534908681786835], [73.8698442044694, 18.534912726054646], [73.86985363983129, 18.534916770322454], [73.86985903092538, 18.534930249952158], [73.86986442201948, 18.534943729581865], [73.86987385738138, 18.534947773849673], [73.86988329274327, 18.53495181811748], [73.86988868383736, 18.53496529774719], [73.86989407493145, 18.534978777376892], [73.86990351029335, 18.5349828216447], [73.86990890138743, 18.534996301274408], [73.86991833674934, 18.535000345542215], [73.86992777211124, 18.535004389810023], [73.86993316320533, 18.53501786943973], [73.86993855429941, 18.535031349069435], [73.86994798966131, 18.535035393337246], [73.86995742502322, 18.535039437605054], [73.8699628161173, 18.535052917234758], [73.86996820721139, 18.535066396864465], [73.86997764257329, 18.535070441132273], [73.86998303366738, 18.53508392076198], [73.86999246902927, 18.53508796502979], [73.86999786012336, 18.535101444659492], [73.87000729548527, 18.535105488927304], [73.87001268657936, 18.535118968557008], [73.87002212194125, 18.535123012824815], [73.87003155730315, 18.535127057092623], [73.87003694839724, 18.53514053672233], [73.87004233949132, 18.53515401635204], [73.87005177485322, 18.535158060619846], [73.87005716594732, 18.53517154024955], [73.8700666013092, 18.535175584517358]]}}, {"type": "Feature", "properties": {"line": "green", "color": "#2e7d32", "sheet": 2, "sheet_title": "Sheet 8 Sangam-BundGarden", "segment": "12-0", "source": "Mula Mutha River Sangam bridge Mudhava KTW.pdf", "kind": "Estimated", "note": "Digitized from scanned plane-table sheet; filtered to twin corridor."}, "geometry": {"type": "LineString", "coordinates": [[73.86875512389506, 18.533831627924915], [73.86876455925695, 18.533835672192723], [73.86877399461885, 18.533839716460534], [73.86877938571294, 18.533853196090238], [73.86878882107483, 18.533857240358046], [73.86879825643673, 18.533861284625853], [73.86880364753083, 18.53387476425556], [73.86881308289271, 18.53387880852337], [73.86882251825462, 18.533882852791177], [73.86882790934871, 18.533896332420884], [73.86883734471061, 18.533900376688692], [73.8688467800725, 18.5339044209565], [73.8688521711666, 18.533917900586207], [73.8688616065285, 18.533921944854015], [73.86887104189039, 18.533925989121823], [73.86887643298448, 18.53393946875153], [73.86888586834638, 18.533943513019338], [73.86889530370827, 18.533947557287146], [73.86890473907017, 18.533951601554953], [73.86891013016427, 18.53396508118466], [73.86891956552616, 18.53396912545247], [73.86892900088806, 18.533973169720277], [73.86893439198215, 18.533986649349984], [73.86894382734404, 18.533990693617792], [73.86895326270594, 18.5339947378856], [73.86895865380004, 18.534008217515304], [73.86896808916192, 18.534012261783115], [73.86897752452383, 18.534016306050923], [73.86898291561792, 18.534029785680627], [73.86899235097981, 18.534033829948434], [73.86900178634171, 18.534037874216246], [73.8690071774358, 18.53405135384595], [73.86901661279771, 18.534055398113757], [73.86902200389179, 18.534068877743465], [73.86903143925369, 18.534072922011273], [73.86904087461559, 18.53407696627908], [73.86904626570967, 18.534090445908788], [73.86905570107157, 18.534094490176596], [73.86906109216567, 18.534107969806303], [73.86907052752755, 18.53411201407411], [73.86907996288946, 18.53411605834192], [73.86908535398355, 18.534129537971623], [73.86909478934545, 18.534133582239434], [73.86910422470734, 18.534137626507242], [73.86910961580143, 18.534151106136946], [73.86911905116334, 18.534155150404754], [73.86912848652523, 18.534159194672565], [73.86913387761932, 18.53417267430227], [73.86913926871341, 18.534186153931977], [73.86914331298122, 18.534176718570077]]}}, {"type": "Feature", "properties": {"line": "green", "color": "#2e7d32", "sheet": 2, "sheet_title": "Sheet 8 Sangam-BundGarden", "segment": "13-0", "source": "Mula Mutha River Sangam bridge Mudhava KTW.pdf", "kind": "Estimated", "note": "Digitized from scanned plane-table sheet; filtered to twin corridor."}, "geometry": {"type": "LineString", "coordinates": [[73.87377599989378, 18.53772606079812], [73.87378543525567, 18.53773010506593], [73.87379487061757, 18.537734149333737], [73.87380430597948, 18.537738193601545], [73.87380969707355, 18.537751673231252], [73.87381508816765, 18.53776515286096], [73.87382452352955, 18.537769197128767], [73.87383395889144, 18.537773241396575], [73.87384339425334, 18.537777285664383], [73.87385282961525, 18.53778132993219], [73.87385822070932, 18.5377948095619], [73.87386765607123, 18.537798853829706], [73.87387709143313, 18.537802898097514], [73.87388248252722, 18.53781637772722], [73.87389191788911, 18.53782042199503], [73.8738973089832, 18.537833901624733], [73.8739067443451, 18.537837945892544], [73.873916179707, 18.537841990160352], [73.87392157080109, 18.537855469790056], [73.87392696189518, 18.537868949419764], [73.87393639725707, 18.53787299368757], [73.87394178835116, 18.53788647331728], [73.87395122371306, 18.537890517585087], [73.87396065907497, 18.537894561852895], [73.87396605016905, 18.5379080414826], [73.87397548553095, 18.53791208575041], [73.87398087662504, 18.537925565380114], [73.87398626771913, 18.53793904500982], [73.87399570308102, 18.53794308927763], [73.87400513844293, 18.537947133545437], [73.87401052953702, 18.537960613175144], [73.8740199648989, 18.537964657442952], [73.87402940026081, 18.53796870171076], [73.8740347913549, 18.537982181340464], [73.874040182449, 18.53799566097017], [73.87404961781088, 18.53799970523798], [73.87405905317279, 18.538003749505787], [73.87406444426688, 18.538017229135495], [73.87407387962877, 18.538021273403302], [73.87408331499067, 18.53802531767111], [73.87408870608476, 18.538038797300818], [73.87409814144665, 18.538042841568625], [73.87410757680856, 18.538046885836433], [73.87410353254074, 18.538056321198333]]}}, {"type": "Feature", "properties": {"line": "green", "color": "#2e7d32", "sheet": 2, "sheet_title": "Sheet 8 Sangam-BundGarden", "segment": "14-0", "source": "Mula Mutha River Sangam bridge Mudhava KTW.pdf", "kind": "Estimated", "note": "Digitized from scanned plane-table sheet; filtered to twin corridor."}, "geometry": {"type": "LineString", "coordinates": [[73.86825640790764, 18.533405655712553], [73.86826179900173, 18.53341913534226], [73.86827123436363, 18.533423179610068], [73.86828066972552, 18.533427223877876], [73.86829010508742, 18.533431268145684], [73.86829549618152, 18.53344474777539], [73.8683049315434, 18.5334487920432], [73.86831436690531, 18.533452836311007], [73.86832380226721, 18.533456880578814], [73.86832919336129, 18.533470360208522], [73.8683386287232, 18.53347440447633], [73.8683480640851, 18.533478448744138], [73.86835345517918, 18.533491928373845], [73.86836289054108, 18.533495972641653], [73.86837232590298, 18.53350001690946], [73.86838176126487, 18.53350406117727], [73.86838715235896, 18.533517540806976], [73.86839658772087, 18.533521585074784], [73.86840602308276, 18.53352562934259], [73.86841141417685, 18.5335391089723], [73.86842084953875, 18.533543153240107], [73.86843028490064, 18.533547197507914], [73.86843972026254, 18.533551241775722], [73.86844511135664, 18.53356472140543], [73.86845454671852, 18.533568765673238], [73.86846398208043, 18.533572809941045], [73.86846937317452, 18.533586289570753], [73.86847880853642, 18.53359033383856], [73.86848824389831, 18.53359437810637], [73.8684936349924, 18.533607857736072], [73.86850307035431, 18.533611902003884], [73.8685125057162, 18.53361594627169], [73.86851789681029, 18.533629425901395], [73.86852733217219, 18.533633470169203], [73.86853676753408, 18.533637514437014], [73.86854620289598, 18.533641558704822], [73.86855159399008, 18.533655038334526], [73.86856102935197, 18.533659082602334], [73.86857046471387, 18.533663126870145], [73.86857990007577, 18.533667171137953], [73.86858529116985, 18.533680650767657], [73.86859472653175, 18.533684695035465], [73.86860011762585, 18.533698174665172], [73.86860955298773, 18.53370221893298], [73.86861898834964, 18.533706263200788], [73.86862842371154, 18.533710307468596], [73.86863381480562, 18.533723787098303], [73.86864325016752, 18.53372783136611], [73.86865268552943, 18.53373187563392], [73.86865807662352, 18.533745355263626], [73.86866751198541, 18.533749399531434], [73.86867694734731, 18.53375344379924], [73.8686823384414, 18.53376692342895], [73.86869177380329, 18.533770967696757], [73.8687012091652, 18.533775011964565], [73.86870660025929, 18.533788491594272], [73.86871603562118, 18.53379253586208], [73.86872547098308, 18.533796580129888]]}}, {"type": "Feature", "properties": {"line": "green", "color": "#2e7d32", "sheet": 2, "sheet_title": "Sheet 8 Sangam-BundGarden", "segment": "16-0", "source": "Mula Mutha River Sangam bridge Mudhava KTW.pdf", "kind": "Estimated", "note": "Digitized from scanned plane-table sheet; filtered to twin corridor."}, "geometry": {"type": "LineString", "coordinates": [[73.8724793489356, 18.536399628103194], [73.8724887842975, 18.536403672371], [73.8724941753916, 18.536417152000705], [73.87249956648569, 18.536430631630413], [73.87250900184758, 18.53643467589822], [73.87251843720948, 18.53643872016603], [73.87252382830357, 18.536452199795736], [73.87252921939766, 18.53646567942544], [73.87253865475955, 18.53646972369325], [73.87254404585364, 18.536483203322955], [73.87255348121555, 18.536487247590763], [73.87256291657744, 18.53649129185857], [73.87256830767153, 18.53650477148828], [73.87257774303343, 18.536508815756086], [73.87258717839532, 18.536512860023894], [73.87259256948941, 18.5365263396536], [73.87260200485132, 18.53653038392141], [73.8726114402132, 18.536534428189217], [73.8726168313073, 18.536547907818925], [73.8726262666692, 18.536551952086732], [73.87263165776329, 18.536565431716436], [73.87264109312518, 18.536569475984248], [73.87265052848709, 18.536573520252055], [73.87265591958118, 18.53658699988176], [73.87266535494307, 18.536591044149567], [73.87267479030497, 18.53659508841738], [73.87268018139906, 18.536608568047082], [73.87268961676095, 18.53661261231489], [73.87269905212285, 18.536616656582698], [73.87270444321695, 18.536630136212406], [73.87270983431104, 18.536643615842113], [73.87271926967293, 18.53664766010992], [73.87272870503483, 18.53665170437773], [73.87273409612892, 18.536665184007436], [73.87274353149081, 18.536669228275244], [73.87275296685272, 18.53667327254305], [73.87275835794681, 18.536686752172756], [73.8727637490409, 18.536700231802463], [73.87277318440279, 18.53670427607027], [73.87277857549688, 18.53671775569998], [73.87278801085878, 18.536721799967786], [73.87279744622067, 18.536725844235594], [73.87280283731477, 18.5367393238653], [73.87280822840886, 18.536752803495006], [73.87281766377075, 18.536756847762813], [73.87282709913265, 18.53676089203062], [73.87283249022674, 18.53677437166033], [73.87283788132083, 18.536787851290036], [73.87284731668272, 18.536791895557844], [73.87285675204463, 18.53679593982565], [73.87286214313872, 18.53680941945536], [73.87286753423281, 18.536822899085063], [73.8728769695947, 18.53682694335287], [73.87288236068879, 18.53684042298258], [73.8728917960507, 18.536844467250386], [73.87289718714479, 18.536857946880094], [73.87290662250668, 18.5368619911479], [73.87291201360077, 18.536875470777606], [73.87292144896267, 18.536879515045413], [73.87292684005675, 18.53689299467512], [73.87293223115084, 18.53690647430483], [73.87294166651274, 18.536910518572636], [73.87295110187463, 18.536914562840444], [73.87295649296873, 18.536928042470148], [73.87296188406282, 18.536941522099855], [73.87297131942472, 18.536945566367663], [73.87297671051881, 18.53695904599737], [73.8729861458807, 18.53696309026518], [73.8729955812426, 18.536967134532986], [73.8730009723367, 18.536980614162694], [73.87301040769859, 18.5369846584305], [73.87301579879268, 18.536998138060206], [73.87302523415458, 18.537002182328017], [73.87303062524867, 18.53701566195772], [73.87304006061056, 18.53701970622553], [73.87304949597247, 18.537023750493336]]}}, {"type": "Feature", "properties": {"line": "green", "color": "#2e7d32", "sheet": 2, "sheet_title": "Sheet 8 Sangam-BundGarden", "segment": "17-0", "source": "Mula Mutha River Sangam bridge Mudhava KTW.pdf", "kind": "Estimated", "note": "Digitized from scanned plane-table sheet; filtered to twin corridor."}, "geometry": {"type": "LineString", "coordinates": [[73.87558619329535, 18.539495989602926], [73.87559158438944, 18.539509469232634], [73.87560101975133, 18.53951351350044], [73.87561045511323, 18.53951755776825], [73.87561584620732, 18.539531037397957], [73.87562528156921, 18.539535081665765], [73.87563471693112, 18.539539125933572], [73.87564010802521, 18.53955260556328], [73.8756495433871, 18.539556649831088], [73.87565493448119, 18.53957012946079], [73.8756643698431, 18.5395741737286], [73.875673805205, 18.53957821799641], [73.87567919629907, 18.539591697626115], [73.87568458739317, 18.539605177255822], [73.87569402275507, 18.53960922152363], [73.87570345811696, 18.539613265791438], [73.87571289347886, 18.539617310059246], [73.87571828457295, 18.539630789688953], [73.87572771993484, 18.53963483395676], [73.87573311102894, 18.539648313586465], [73.87574254639084, 18.539652357854276], [73.87575198175273, 18.539656402122084], [73.87575737284682, 18.539669881751788], [73.87576680820872, 18.539673926019596], [73.87577219930282, 18.539687405649303], [73.8757816346647, 18.53969144991711], [73.87579107002661, 18.53969549418492], [73.8757964611207, 18.539708973814626], [73.87580589648259, 18.539713018082434], [73.87581128757668, 18.53972649771214], [73.87582072293858, 18.53973054197995], [73.87583015830047, 18.539734586247757], [73.87583554939457, 18.539748065877465], [73.87584498475647, 18.539752110145272], [73.87585442011837, 18.53975615441308]]}}, {"type": "Feature", "properties": {"line": "green", "color": "#2e7d32", "sheet": 2, "sheet_title": "Sheet 8 Sangam-BundGarden", "segment": "18-0", "source": "Mula Mutha River Sangam bridge Mudhava KTW.pdf", "kind": "Estimated", "note": "Digitized from scanned plane-table sheet; filtered to twin corridor."}, "geometry": {"type": "LineString", "coordinates": [[73.88007995628583, 18.544828645541376], [73.88008939164772, 18.544832689809187], [73.8800947827418, 18.54484616943889], [73.8801001738359, 18.5448596490686], [73.8801096091978, 18.544863693336406], [73.8801150002919, 18.544877172966114], [73.88012039138597, 18.544890652595818], [73.88012982674788, 18.544894696863626], [73.88013926210978, 18.544898741131433], [73.88014465320386, 18.54491222076114], [73.88015004429795, 18.54492570039085], [73.88015543539204, 18.544939180020553], [73.88016487075394, 18.54494322428836], [73.88017026184802, 18.544956703918068], [73.88017565294211, 18.544970183547772], [73.8801810440362, 18.54498366317748], [73.8801864351303, 18.544997142807187], [73.8801958704922, 18.545001187074995], [73.88020530585409, 18.545005231342802], [73.88021069694818, 18.54501871097251], [73.88021608804227, 18.545032190602214], [73.88022147913637, 18.54504567023192], [73.88022687023046, 18.545059149861626], [73.88022282596265, 18.545068585223525], [73.88021878169484, 18.54507802058542], [73.88022821705674, 18.54508206485323], [73.88023360815082, 18.545095544482937], [73.88023899924491, 18.545109024112644], [73.880244390339, 18.54512250374235], [73.8802497814331, 18.545135983372056], [73.88025517252719, 18.54514946300176], [73.88025112825937, 18.54515889836366], [73.88024708399156, 18.545168333725556], [73.88025247508565, 18.545181813355264], [73.88025786617975, 18.545195292984967], [73.88026325727384, 18.545208772614675], [73.88026864836792, 18.545222252244383], [73.88027403946201, 18.545235731874087], [73.8802794305561, 18.545249211503794], [73.88028482165019, 18.545262691133498], [73.88029021274428, 18.545276170763206], [73.88029560383838, 18.545289650392913], [73.88030099493245, 18.545303130022617], [73.88030638602655, 18.545316609652325], [73.88031177712064, 18.54533008928203], [73.88032121248254, 18.545334133549837], [73.88033064784443, 18.545338177817648], [73.88034008320633, 18.545342222085456], [73.88034547430043, 18.54535570171516], [73.88035490966232, 18.545359745982967], [73.88036434502422, 18.54536379025078], [73.88037378038612, 18.545367834518586], [73.88038321574801, 18.545371878786394], [73.88039265110991, 18.545375923054202], [73.8804020864718, 18.54537996732201], [73.88041152183371, 18.545384011589817], [73.8804169129278, 18.545397491219525], [73.88042634828969, 18.545401535487333], [73.88043578365159, 18.54540557975514], [73.8804452190135, 18.54540962402295], [73.88045465437538, 18.545413668290756], [73.88046408973729, 18.545417712558567], [73.88047352509919, 18.545421756826375], [73.88048296046108, 18.545425801094183], [73.88049239582298, 18.54542984536199], [73.88050183118487, 18.5454338896298], [73.88051126654678, 18.545437933897606], [73.88052070190868, 18.545441978165414], [73.88053013727057, 18.545446022433225], [73.88053957263247, 18.545450066701033], [73.88053552836466, 18.54545950206293], [73.88052609300276, 18.54545545779512], [73.88051665764087, 18.545451413527314]]}}, {"type": "Feature", "properties": {"line": "green", "color": "#2e7d32", "sheet": 2, "sheet_title": "Sheet 8 Sangam-BundGarden", "segment": "19-0", "source": "Mula Mutha River Sangam bridge Mudhava KTW.pdf", "kind": "Estimated", "note": "Digitized from scanned plane-table sheet; filtered to twin corridor."}, "geometry": {"type": "LineString", "coordinates": [[73.87453080990078, 18.53844050390633], [73.87454024526268, 18.538444548174137], [73.87454563635677, 18.538458027803845], [73.87455507171867, 18.538462072071653], [73.87456450708056, 18.53846611633946], [73.87456989817466, 18.538479595969168], [73.87457528926875, 18.538493075598872], [73.87458472463064, 18.53849711986668], [73.87459415999254, 18.53850116413449], [73.87460359535444, 18.5385052084023], [73.87460898644852, 18.538518688032003], [73.87461842181042, 18.53852273229981], [73.87462381290452, 18.538536211929518], [73.87463324826642, 18.538540256197326], [73.87464268362831, 18.538544300465134], [73.8746480747224, 18.53855778009484], [73.8746575100843, 18.53856182436265], [73.87466290117838, 18.538575303992356], [73.87467233654029, 18.538579348260164], [73.87468177190219, 18.538583392527972], [73.87468716299627, 18.538596872157676], [73.87469659835817, 18.538600916425487], [73.87470603372007, 18.538604960693295], [73.87471142481417, 18.538618440323], [73.87472086017605, 18.538622484590807], [73.87472625127015, 18.538635964220514], [73.87473164236424, 18.538649443850222], [73.87474107772613, 18.53865348811803], [73.87475051308803, 18.538657532385837], [73.87475994844993, 18.538661576653645], [73.87476533954401, 18.538675056283353], [73.8747707306381, 18.538688535913057], [73.87478016600001, 18.538692580180864], [73.87478960136191, 18.538696624448676], [73.8747990367238, 18.538700668716483], [73.87480442781789, 18.538714148346187], [73.87480981891198, 18.538727627975895], [73.87481925427387, 18.538731672243703], [73.87482868963578, 18.53873571651151], [73.87483812499768, 18.53873976077932]]}}, {"type": "Feature", "properties": {"line": "green", "color": "#2e7d32", "sheet": 2, "sheet_title": "Sheet 8 Sangam-BundGarden", "segment": "20-0", "source": "Mula Mutha River Sangam bridge Mudhava KTW.pdf", "kind": "Estimated", "note": "Digitized from scanned plane-table sheet; filtered to twin corridor."}, "geometry": {"type": "LineString", "coordinates": [[73.87306971352254, 18.53705475402056], [73.87307914888444, 18.537058798288367], [73.87308858424633, 18.537062842556175], [73.87309397534042, 18.537076322185882], [73.87310341070233, 18.53708036645369], [73.87311284606422, 18.537084410721498], [73.87311823715831, 18.537097890351202], [73.87312767252021, 18.537101934619013], [73.8731371078821, 18.53710597888682], [73.8731424989762, 18.537119458516525], [73.8731519343381, 18.537123502784333], [73.87316136969999, 18.537127547052144], [73.87316676079408, 18.537141026681848], [73.87317619615598, 18.537145070949656], [73.87318563151787, 18.537149115217463], [73.87319506687977, 18.537153159485275], [73.87320045797387, 18.53716663911498], [73.87320989333577, 18.537170683382787], [73.87321932869766, 18.537174727650598], [73.87322471979175, 18.537188207280302], [73.87323415515365, 18.53719225154811], [73.87323954624773, 18.537205731177817], [73.87324898160963, 18.537209775445625], [73.87325841697154, 18.537213819713433], [73.87326380806562, 18.53722729934314], [73.87327324342752, 18.537231343610948], [73.87327863452161, 18.537244823240652], [73.8732880698835, 18.537248867508463], [73.8732975052454, 18.53725291177627], [73.8733028963395, 18.537266391405975], [73.87330828743359, 18.537279871035683], [73.87331367852768, 18.537293350665387], [73.87332311388957, 18.537297394933198], [73.87333254925147, 18.537301439201006], [73.87333794034556, 18.53731491883071], [73.87334333143964, 18.537328398460417], [73.87334872253373, 18.537341878090125], [73.87335815789564, 18.537345922357932], [73.87336354898973, 18.537359401987636], [73.87337298435162, 18.537363446255444], [73.87337837544571, 18.53737692588515], [73.87338781080761, 18.53738097015296], [73.8733932019017, 18.537394449782667], [73.87339859299578, 18.53740792941237], [73.87340802835769, 18.53741197368018], [73.87341341945178, 18.537425453309886], [73.87342285481368, 18.537429497577694], [73.87342824590776, 18.5374429772074], [73.87343768126966, 18.53744702147521], [73.87344307236376, 18.537460501104913], [73.87345250772564, 18.537464545372725], [73.87346194308755, 18.537468589640532], [73.87346733418164, 18.537482069270236], [73.87347272527573, 18.537495548899944], [73.87348216063762, 18.53749959316775], [73.87349159599952, 18.53750363743556], [73.87350103136143, 18.537507681703367], [73.8735064224555, 18.537521161333075], [73.87351585781741, 18.537525205600883], [73.87352529317931, 18.53752924986869], [73.87353068427339, 18.537542729498398], [73.8735401196353, 18.537546773766206], [73.87354551072939, 18.537560253395913], [73.87355494609128, 18.53756429766372], [73.87356438145318, 18.53756834193153], [73.87357381681508, 18.537572386199336], [73.87358325217697, 18.537576430467144], [73.87358864327106, 18.53758991009685], [73.87359807863297, 18.53759395436466], [73.87360751399486, 18.537597998632467], [73.87361694935676, 18.537602042900275], [73.87362234045085, 18.537615522529983], [73.87363177581274, 18.53761956679779], [73.87364121117464, 18.537623611065598], [73.87365064653655, 18.537627655333406], [73.87366008189844, 18.537631699601214], [73.87366547299253, 18.53764517923092], [73.87367490835443, 18.53764922349873], [73.87368434371632, 18.537653267766537], [73.87369377907822, 18.537657312034344], [73.87370321444013, 18.537661356302152], [73.8737086055342, 18.53767483593186], [73.87371804089611, 18.537678880199667], [73.87372747625801, 18.537682924467475], [73.8737369116199, 18.537686968735283], [73.87374230271399, 18.53770044836499]]}}, {"type": "Feature", "properties": {"line": "green", "color": "#2e7d32", "sheet": 2, "sheet_title": "Sheet 8 Sangam-BundGarden", "segment": "22-0", "source": "Mula Mutha River Sangam bridge Mudhava KTW.pdf", "kind": "Estimated", "note": "Digitized from scanned plane-table sheet; filtered to twin corridor."}, "geometry": {"type": "LineString", "coordinates": [[73.87944646294618, 18.544065682586364], [73.87943702758427, 18.544061638318553], [73.87942759222237, 18.544057594050745], [73.87942220112829, 18.54404411442104], [73.87941276576639, 18.544040070153233], [73.87940333040449, 18.544036025885422], [73.8793979393104, 18.544022546255718], [73.8793885039485, 18.54401850198791], [73.8793790685866, 18.544014457720102], [73.87937367749251, 18.544000978090395], [73.87936828639843, 18.543987498460687], [73.87935885103653, 18.54398345419288], [73.87935345994244, 18.543969974563176], [73.87934402458055, 18.543965930295368], [73.87933863348646, 18.54395245066566], [73.87933324239236, 18.543938971035953], [73.87932785129827, 18.54392549140625], [73.87932246020418, 18.54391201177654], [73.87931706911009, 18.543898532146837], [73.87931167801601, 18.54388505251713], [73.87930628692192, 18.543871572887422], [73.87930089582783, 18.543858093257718], [73.87929550473373, 18.54384461362801], [73.87929011363964, 18.543831133998307], [73.87928472254555, 18.5438176543686], [73.87928876681336, 18.543808219006703], [73.87928337571927, 18.543794739376995], [73.87927798462519, 18.543781259747288], [73.8792725935311, 18.543767780117584], [73.879267202437, 18.543754300487876], [73.87926181134291, 18.543740820858172], [73.87925642024882, 18.543727341228465], [73.87925102915473, 18.543713861598757], [73.87924159379284, 18.54370981733095], [73.87923620269875, 18.543696337701245], [73.87922676733685, 18.543692293433438], [73.87921733197496, 18.543688249165626], [73.87921194088086, 18.543674769535922], [73.87920654978677, 18.543661289906215], [73.87919711442487, 18.543657245638407], [73.87918767906298, 18.5436532013706], [73.87918228796889, 18.54363972174089], [73.8791768968748, 18.543626242111188], [73.8791674615129, 18.54362219784338], [73.87917285260698, 18.543635677473084]]}}, {"type": "Feature", "properties": {"line": "green", "color": "#2e7d32", "sheet": 2, "sheet_title": "Sheet 8 Sangam-BundGarden", "segment": "23-0", "source": "Mula Mutha River Sangam bridge Mudhava KTW.pdf", "kind": "Estimated", "note": "Digitized from scanned plane-table sheet; filtered to twin corridor."}, "geometry": {"type": "LineString", "coordinates": [[73.87945185404025, 18.544079162216068], [73.87945589830807, 18.544069726854172], [73.87946128940216, 18.544083206483876], [73.87947072476406, 18.544087250751684], [73.87948016012595, 18.544091295019495], [73.87948555122004, 18.5441047746492], [73.87949498658195, 18.544108818917007], [73.87950442194384, 18.544112863184818], [73.87950981303793, 18.544126342814522], [73.87951520413202, 18.54413982244423], [73.87952463949392, 18.544143866712037], [73.87953407485581, 18.544147910979845], [73.8795394659499, 18.544161390609553], [73.879544857044, 18.544174870239257], [73.87955429240589, 18.544178914507064], [73.87955968349998, 18.544192394136772], [73.87956911886188, 18.54419643840458], [73.87957450995597, 18.544209918034287], [73.87957990105006, 18.54422339766399], [73.87958529214414, 18.5442368772937], [73.87959472750605, 18.544240921561506], [73.87960011860014, 18.544254401191214], [73.87960550969423, 18.544267880820918], [73.87961090078831, 18.544281360450626], [73.8796162918824, 18.54429484008033], [73.8796257272443, 18.544298884348137], [73.8796351626062, 18.54430292861595], [73.8796311183384, 18.544312363977845], [73.87963650943249, 18.544325843607552], [73.87964190052656, 18.544339323237256], [73.87964729162066, 18.544352802866964], [73.87965672698256, 18.54435684713477], [73.87966211807665, 18.54437032676448], [73.87966750917074, 18.544383806394183], [73.87967290026482, 18.54439728602389], [73.87967829135891, 18.544410765653595], [73.879683682453, 18.544424245283302], [73.87969311781491, 18.54442828955111], [73.8797025531768, 18.544432333818918], [73.87970794427089, 18.544445813448625], [73.87971333536498, 18.54445929307833], [73.87971872645907, 18.544472772708037], [73.87972816182096, 18.544476816975845], [73.87973759718287, 18.544480861243652], [73.87974298827696, 18.54449434087336], [73.87974837937105, 18.544507820503064], [73.87975377046513, 18.54452130013277], [73.87976320582703, 18.54452534440058], [73.87977264118894, 18.544529388668387], [73.87977803228301, 18.544542868298095], [73.87978746764492, 18.544546912565902], [73.87979285873901, 18.54456039219561], [73.87980229410091, 18.544564436463418], [73.8798117294628, 18.544568480731225], [73.8798171205569, 18.54458196036093], [73.8798265559188, 18.54458600462874], [73.87983194701287, 18.544599484258445], [73.87984138237478, 18.544603528526252], [73.87985081773668, 18.54460757279406], [73.87985620883076, 18.544621052423768], [73.87986564419266, 18.544625096691576], [73.87987103528675, 18.544638576321283], [73.87988047064866, 18.54464262058909], [73.87988586174274, 18.5446561002188], [73.87989529710464, 18.544660144486606], [73.87990473246654, 18.544664188754414], [73.87991416782843, 18.54466823302222], [73.87991955892252, 18.54468171265193], [73.87992899428443, 18.544685756919737], [73.87993842964632, 18.544689801187545], [73.87994382074041, 18.54470328081725], [73.87995325610231, 18.54470732508506], [73.8799626914642, 18.544711369352868], [73.87996808255829, 18.544724848982572], [73.8799775179202, 18.54472889325038], [73.87998290901429, 18.544742372880087], [73.87999234437618, 18.544746417147895], [73.88000177973808, 18.544750461415703], [73.88001121509997, 18.54475450568351], [73.88001660619406, 18.544767985313218], [73.88002604155596, 18.544772029581026], [73.88003143265006, 18.544785509210733], [73.88004086801195, 18.54478955347854], [73.88005030337385, 18.54479359774635], [73.88004625910604, 18.544803033108245]]}}, {"type": "Feature", "properties": {"line": "red", "color": "#c62828", "sheet": 3, "sheet_title": "Sheet 9 BundGarden-Kalyani", "segment": "0-0", "source": "Mula Mutha River Sangam bridge Mudhava KTW.pdf", "kind": "Estimated", "note": "Digitized from scanned plane-table sheet; filtered to twin corridor."}, "geometry": {"type": "LineString", "coordinates": [[73.88470953538898, 18.545604476265417], [73.88472516849484, 18.545599428855486], [73.88474080160071, 18.54559438144555], [73.88475643470657, 18.54558933403562], [73.88476172755455, 18.545578993777717], [73.8847670204025, 18.545568653519815], [73.88477231325048, 18.545558313261918], [73.88478794635635, 18.545553265851982], [73.88480357946221, 18.54554821844205], [73.88481921256809, 18.54554317103212], [73.88483484567395, 18.545538123622183], [73.88484013852192, 18.54552778336428], [73.88484543136988, 18.545517443106384], [73.88486106447576, 18.54551239569645], [73.88487669758162, 18.545507348286517], [73.88488199042959, 18.545497008028615], [73.88488728327756, 18.545486667770717], [73.88490291638342, 18.545481620360782], [73.8849185494893, 18.54547657295085], [73.88493418259516, 18.545471525540915], [73.88494981570103, 18.545466478130983], [73.884955108549, 18.54545613787308], [73.88496040139697, 18.545445797615184], [73.88497603450283, 18.54544075020525], [73.8849916676087, 18.545435702795317], [73.88499696045668, 18.545425362537415], [73.88501259356254, 18.545420315127483], [73.88502822666841, 18.545415267717548], [73.88503351951637, 18.54540492745965], [73.88503881236434, 18.54539458720175], [73.8850544454702, 18.545389539791817], [73.88507007857608, 18.54538449238188], [73.88508571168194, 18.54537944497195], [73.88510134478781, 18.545374397562018], [73.88511697789367, 18.545369350152082], [73.88512227074165, 18.54535900989418], [73.88512756358962, 18.545348669636283], [73.88514319669548, 18.545343622226348], [73.88515882980136, 18.545338574816416], [73.88517446290722, 18.545333527406484], [73.88517975575519, 18.545323187148583], [73.88518504860315, 18.54531284689068], [73.88520068170902, 18.54530779948075], [73.88521631481488, 18.545302752070814], [73.88522160766286, 18.545292411812916], [73.88522690051083, 18.545282071555015], [73.88524253361669, 18.545277024145083], [73.88525816672256, 18.545271976735147], [73.88527379982843, 18.545266929325216], [73.8852894329343, 18.54526188191528], [73.88529472578226, 18.545251541657382], [73.88530001863023, 18.54524120139948], [73.8853156517361, 18.54523615398955], [73.88533128484197, 18.545231106579614], [73.88534691794783, 18.545226059169682]]}}, {"type": "Feature", "properties": {"line": "red", "color": "#c62828", "sheet": 3, "sheet_title": "Sheet 9 BundGarden-Kalyani", "segment": "1-0", "source": "Mula Mutha River Sangam bridge Mudhava KTW.pdf", "kind": "Estimated", "note": "Digitized from scanned plane-table sheet; filtered to twin corridor."}, "geometry": {"type": "LineString", "coordinates": [[73.88851118672206, 18.54353117490522], [73.88852681982793, 18.543526127495284], [73.88853211267589, 18.543515787237386], [73.88854774578176, 18.54351073982745], [73.88856337888762, 18.54350569241752], [73.8885686717356, 18.543495352159617], [73.88858430484147, 18.543490304749685], [73.88859993794733, 18.54348525733975], [73.8886052307953, 18.543474917081852], [73.88862086390117, 18.543469869671917], [73.88863649700704, 18.543464822261985], [73.888641789855, 18.543454482004083], [73.88865742296088, 18.54344943459415], [73.88867305606674, 18.54344438718422], [73.88867834891471, 18.54343404692632], [73.88869398202058, 18.543428999516383], [73.88870961512644, 18.54342395210645], [73.88872524823232, 18.54341890469652], [73.88873054108028, 18.543408564438618], [73.88874617418615, 18.543403517028686], [73.88876180729201, 18.54339846961875], [73.88877744039789, 18.54339342220882], [73.88878273324585, 18.543383081950918], [73.88878802609382, 18.543372741693016], [73.88880365919968, 18.543367694283084], [73.88881929230556, 18.543362646873152], [73.88882458515353, 18.54335230661525], [73.88884021825939, 18.54334725920532], [73.88885585136526, 18.543342211795384], [73.88886114421322, 18.543331871537482], [73.8888767773191, 18.54332682412755], [73.88889241042496, 18.54332177671762], [73.88890804353083, 18.543316729307683], [73.8889236766367, 18.54331168189775], [73.88892896948467, 18.54330134163985], [73.88893426233264, 18.543291001381952], [73.8889395551806, 18.54328066112405], [73.88894484802857, 18.54327032086615], [73.88896048113443, 18.543265273456218], [73.8889657739824, 18.543254933198316], [73.88898140708827, 18.543249885788384], [73.88898669993624, 18.543239545530483], [73.88899199278421, 18.54322920527258], [73.88899728563217, 18.54321886501468], [73.88901291873805, 18.543213817604748], [73.88902855184391, 18.543208770194816], [73.88903384469188, 18.543198429936915], [73.88903913753984, 18.543188089679013], [73.88904443038781, 18.543177749421112], [73.88906006349367, 18.54317270201118], [73.88907569659955, 18.54316765460125], [73.88908098944752, 18.543157314343347], [73.88908628229548, 18.543146974085445], [73.88909157514345, 18.543136633827547], [73.88910191540135, 18.543141926675514], [73.88911754850722, 18.54313687926558], [73.88912284135519, 18.54312653900768]]}}, {"type": "Feature", "properties": {"line": "red", "color": "#c62828", "sheet": 3, "sheet_title": "Sheet 9 BundGarden-Kalyani", "segment": "2-0", "source": "Mula Mutha River Sangam bridge Mudhava KTW.pdf", "kind": "Estimated", "note": "Digitized from scanned plane-table sheet; filtered to twin corridor."}, "geometry": {"type": "LineString", "coordinates": [[73.8854253289152, 18.545174848756247], [73.88544096202108, 18.545169801346315], [73.88544625486904, 18.545159461088414], [73.88546188797491, 18.545154413678482], [73.88547752108077, 18.545149366268546], [73.88548281392875, 18.54513902601065], [73.88549844703462, 18.545133978600713], [73.88551408014048, 18.54512893119078], [73.88551937298845, 18.54511859093288], [73.88552466583641, 18.545108250674982], [73.88554029894229, 18.545103203265047], [73.88555593204815, 18.545098155855115], [73.88557156515402, 18.54509310844518], [73.88558719825988, 18.545088061035248], [73.88559249110786, 18.545077720777346], [73.88559778395583, 18.54506738051945], [73.88560307680379, 18.545057040261547], [73.88561870990966, 18.545051992851615], [73.88563434301552, 18.54504694544168], [73.8856499761214, 18.545041898031748], [73.88565526896936, 18.545031557773846], [73.88567090207523, 18.545026510363915], [73.8856865351811, 18.54502146295398], [73.88570216828697, 18.545016415544048], [73.88570746113494, 18.545006075286146], [73.8857127539829, 18.544995735028245], [73.88572838708878, 18.544990687618313], [73.88574402019464, 18.54498564020838], [73.88575965330051, 18.544980592798446], [73.88576494614847, 18.544970252540548], [73.88577023899644, 18.544959912282646], [73.8857858721023, 18.544954864872714], [73.88580150520818, 18.54494981746278], [73.88581713831404, 18.544944770052847], [73.88582243116201, 18.544934429794946], [73.88582772400999, 18.544924089537044], [73.88584335711585, 18.544919042127113], [73.88584864996382, 18.54490870186921], [73.88586428306968, 18.54490365445928], [73.88587991617555, 18.544898607049348], [73.88589554928141, 18.544893559639412], [73.88590084212939, 18.54488321938151], [73.88590613497736, 18.544872879123613], [73.88592176808322, 18.544867831713677], [73.8859270609312, 18.54485749145578], [73.88594269403706, 18.544852444045844], [73.88595832714293, 18.544847396635912], [73.88597396024879, 18.54484234922598], [73.88597925309676, 18.54483200896808], [73.88598454594472, 18.544821668710178], [73.8860001790506, 18.544816621300246], [73.88601581215646, 18.54481157389031], [73.88603144526233, 18.54480652648038], [73.8860367381103, 18.544796186222477], [73.88604203095827, 18.54478584596458], [73.88605766406414, 18.544780798554644], [73.88607329717, 18.544775751144712], [73.88608893027587, 18.544770703734777], [73.88608388286593, 18.54475507062891], [73.88609951597181, 18.544750023218977], [73.88611514907767, 18.544744975809046], [73.88613078218354, 18.54473992839911], [73.88613607503152, 18.54472958814121], [73.88614136787947, 18.54471924788331], [73.88615700098535, 18.544714200473376], [73.88617263409121, 18.544709153063444], [73.88618826719708, 18.544704105653512], [73.88619356004504, 18.54469376539561], [73.88619885289302, 18.54468342513771], [73.88621448599888, 18.544678377727777], [73.88623011910475, 18.544673330317842], [73.88624575221063, 18.54466828290791], [73.88625104505859, 18.54465794265001], [73.88625633790656, 18.54464760239211], [73.88627197101242, 18.544642554982175], [73.8862876041183, 18.544637507572244], [73.88630323722415, 18.544632460162312], [73.88630853007213, 18.54462211990441], [73.88631382292009, 18.54461177964651], [73.88632945602596, 18.544606732236577], [73.88634508913184, 18.54460168482664], [73.8863607222377, 18.54459663741671], [73.88636601508567, 18.54458629715881], [73.88637130793363, 18.54457595690091], [73.8863766007816, 18.54456561664301], [73.88639223388746, 18.544560569233074], [73.88640786699334, 18.544555521823142], [73.8864235000992, 18.54455047441321], [73.88643913320507, 18.544545427003275], [73.88644442605305, 18.544535086745377], [73.886449718901, 18.544524746487475], [73.88646535200688, 18.54451969907754], [73.88648098511274, 18.54451465166761], [73.88648627796071, 18.544504311409707], [73.88649157080867, 18.54449397115181], [73.88650720391455, 18.544488923741874], [73.88652283702041, 18.54448387633194], [73.88653847012628, 18.54447882892201], [73.88655410323214, 18.544473781512075], [73.88655939608012, 18.544463441254173], [73.88656468892809, 18.544453100996275], [73.88658032203395, 18.54444805358634], [73.88659595513982, 18.544443006176408], [73.88661158824569, 18.544437958766476], [73.88661688109366, 18.544427618508575], [73.88662217394162, 18.544417278250673], [73.88662746678959, 18.544406937992772], [73.88664309989547, 18.54440189058284], [73.88665873300133, 18.54439684317291], [73.8866743661072, 18.544391795762973], [73.88668999921306, 18.54438674835304], [73.88670563231894, 18.54438170094311], [73.8867212654248, 18.544376653533174], [73.88673689853067, 18.544371606123242], [73.88675253163653, 18.54436655871331], [73.8867681647424, 18.544361511303375], [73.88678379784827, 18.544356463893443], [73.88678909069624, 18.544346123635542], [73.8868047238021, 18.54434107622561], [73.88682035690798, 18.544336028815675], [73.88683599001384, 18.544330981405743], [73.88685162311971, 18.54432593399581], [73.88686725622559, 18.544320886585876], [73.88688288933145, 18.544315839175944], [73.88689852243732, 18.544310791766012], [73.88691415554318, 18.544305744356077], [73.88692978864906, 18.544300696946145], [73.88694542175492, 18.54429564953621], [73.88695071460289, 18.54428530927831], [73.88696634770875, 18.544280261868376], [73.88698198081462, 18.544275214458445], [73.88699761392049, 18.544270167048513], [73.88701324702636, 18.544265119638577], [73.88702888013222, 18.544260072228646], [73.8870445132381, 18.544255024818714], [73.88706014634396, 18.54424997740878], [73.88707577944983, 18.544244929998847], [73.88709141255569, 18.54423988258891], [73.88710704566157, 18.54423483517898], [73.88712267876744, 18.544229787769048], [73.8871383118733, 18.544224740359113], [73.88715394497918, 18.54421969294918], [73.88716957808504, 18.54421464553925], [73.88718521119091, 18.544209598129314], [73.88720084429677, 18.544204550719382], [73.88721647740265, 18.54419950330945], [73.8872217702506, 18.54418916305155], [73.88723740335648, 18.544184115641613], [73.88725303646234, 18.54417906823168], [73.88726866956821, 18.54417402082175], [73.88728430267408, 18.544168973411814], [73.88729993577995, 18.544163926001882], [73.88731556888581, 18.54415887859195], [73.88733120199169, 18.544153831182015], [73.88734683509755, 18.544148783772084], [73.88736246820342, 18.54414373636215], [73.8873781013093, 18.544138688952216], [73.88738339415725, 18.544128348694315], [73.88739902726313, 18.544123301284383], [73.88741466036899, 18.54411825387445], [73.88743029347486, 18.544113206464516], [73.88744592658072, 18.544108159054584], [73.8874615596866, 18.544103111644652], [73.88747719279246, 18.544098064234717], [73.88749282589833, 18.544093016824785], [73.8875084590042, 18.544087969414853], [73.88752409211007, 18.544082922004918], [73.88752938495803, 18.544072581747017], [73.8875450180639, 18.544067534337085], [73.88756065116978, 18.544062486927153], [73.88757628427564, 18.544057439517218], [73.88759191738151, 18.544052392107286], [73.88759721022947, 18.544042051849384], [73.88760250307745, 18.544031711591487], [73.8876181361833, 18.54402666418155], [73.88763376928918, 18.54402161677162], [73.88764940239504, 18.544016569361684], [73.88766503550092, 18.544011521951752], [73.88767032834888, 18.54400118169385], [73.88767562119685, 18.543990841435953], [73.88769125430272, 18.543985794026018], [73.88770688740858, 18.543980746616086], [73.88772252051446, 18.54397569920615], [73.88772781336242, 18.543965358948252], [73.88774344646829, 18.543960311538317], [73.88775907957415, 18.543955264128385], [73.88777471268003, 18.543950216718454], [73.88778000552799, 18.543939876460552], [73.88778529837596, 18.54392953620265], [73.88780093148183, 18.54392448879272], [73.8878165645877, 18.543919441382783], [73.88783219769357, 18.54391439397285], [73.88784783079943, 18.54390934656292], [73.8878531236474, 18.54389900630502], [73.88785841649536, 18.543888666047117], [73.88787404960124, 18.543883618637185], [73.8878896827071, 18.543878571227253], [73.88790531581297, 18.543873523817318], [73.88792094891883, 18.543868476407386], [73.8879262417668, 18.543858136149485], [73.88793153461478, 18.543847795891583], [73.88794716772064, 18.54384274848165], [73.88796280082651, 18.54383770107172], [73.88797843393237, 18.543832653661784], [73.88799406703825, 18.543827606251853], [73.88800970014411, 18.54382255884192], [73.88800465273418, 18.54380692573605], [73.88802028584004, 18.543801878326118], [73.88803591894592, 18.543796830916186], [73.88805155205178, 18.54379178350625], [73.88805684489975, 18.543781443248353], [73.88807247800563, 18.543776395838417], [73.88808811111149, 18.543771348428486], [73.88810374421736, 18.543766301018554], [73.88811937732322, 18.54376125360862], [73.8881246701712, 18.543750913350717], [73.88812996301915, 18.54374057309282], [73.88814559612503, 18.543735525682884], [73.88816122923089, 18.543730478272952], [73.88817686233676, 18.54372543086302], [73.88819249544262, 18.543720383453085], [73.8881977882906, 18.543710043195187], [73.88820308113857, 18.543699702937285], [73.88821871424443, 18.54369465552735], [73.8882343473503, 18.54368960811742], [73.88824998045617, 18.543684560707486], [73.88826561356204, 18.54367951329755], [73.88827090641, 18.543669173039653], [73.88827619925797, 18.54365883278175], [73.88829183236383, 18.543653785371816], [73.88830746546971, 18.543648737961885], [73.88831275831768, 18.543638397703983], [73.88832839142354, 18.54363335029405], [73.88834402452942, 18.54362830288412], [73.88834931737738, 18.543617962626218], [73.88836495048325, 18.543612915216286], [73.88838058358911, 18.54360786780635], [73.88839621669499, 18.54360282039642], [73.88841184980085, 18.543597772986484], [73.88841714264882, 18.543587432728586], [73.88842243549678, 18.543577092470684], [73.88843806860265, 18.543572045060753], [73.88845370170853, 18.543566997650817], [73.88845899455649, 18.54355665739292], [73.88847462766236, 18.543551609982984], [73.88849026076822, 18.543546562573052]]}}, {"type": "Feature", "properties": {"line": "blue", "color": "#1565c0", "sheet": 3, "sheet_title": "Sheet 9 BundGarden-Kalyani", "segment": "0-0", "source": "Mula Mutha River Sangam bridge Mudhava KTW.pdf", "kind": "Estimated", "note": "Digitized from scanned plane-table sheet; filtered to twin corridor."}, "geometry": {"type": "LineString", "coordinates": [[73.88658130378609, 18.544344160131267], [73.88659693689196, 18.544339112721335], [73.88661256999782, 18.5443340653114], [73.8866282031037, 18.544329017901468], [73.88664383620956, 18.544323970491536], [73.88665946931543, 18.5443189230816], [73.88666476216339, 18.5443085828237], [73.88668039526927, 18.544303535413768], [73.88669602837513, 18.544298488003836], [73.886711661481, 18.5442934405939], [73.88672729458688, 18.54428839318397], [73.88674292769274, 18.544283345774037], [73.88675856079861, 18.5442782983641], [73.88677419390447, 18.54427325095417], [73.88677948675245, 18.54426291069627], [73.8867951198583, 18.544257863286337], [73.88681075296418, 18.5442528158764], [73.88682638607004, 18.54424776846647], [73.88684201917592, 18.544242721056538], [73.88684731202387, 18.544232380798636], [73.88686294512975, 18.544227333388704], [73.88687857823561, 18.54422228597877], [73.88689421134148, 18.544217238568837], [73.88690984444736, 18.544212191158906], [73.88692547755322, 18.54420714374897], [73.8869411106591, 18.54420209633904], [73.88695674376496, 18.544197048929103], [73.88696203661293, 18.544186708671205], [73.88697766971879, 18.54418166126127], [73.88699330282466, 18.544176613851338], [73.88700893593052, 18.544171566441406], [73.8870245690364, 18.54416651903147], [73.88704020214226, 18.54416147162154], [73.88705583524813, 18.544156424211607], [73.887071468354, 18.544151376801672], [73.88707676120197, 18.54414103654377], [73.88709239430783, 18.54413598913384], [73.8871080274137, 18.544130941723907], [73.88711332026168, 18.544120601466005], [73.88712895336754, 18.544115554056074], [73.88714458647341, 18.54411050664614], [73.88716021957927, 18.544105459236206], [73.88717585268515, 18.544100411826275], [73.887191485791, 18.54409536441634], [73.88720711889688, 18.544090317006408], [73.88722275200274, 18.544085269596472], [73.88722804485072, 18.544074929338574], [73.88724367795658, 18.54406988192864], [73.88725931106245, 18.544064834518707], [73.88727494416831, 18.544059787108775], [73.88729057727419, 18.54405473969884], [73.88730621038006, 18.544049692288908], [73.88731150322802, 18.544039352031007], [73.8873271363339, 18.544034304621075], [73.88734276943975, 18.54402925721114], [73.88735840254563, 18.544024209801208], [73.88737403565149, 18.544019162391276], [73.88738966875736, 18.54401411498134], [73.88740530186323, 18.54400906757141], [73.8874209349691, 18.544004020161477], [73.88742622781706, 18.543993679903576], [73.88744186092293, 18.543988632493644], [73.8874574940288, 18.54398358508371], [73.88747312713467, 18.543978537673777], [73.88747841998264, 18.543968197415875], [73.8874940530885, 18.543963150005943], [73.88750968619438, 18.543958102596008], [73.88751497904234, 18.54394776233811], [73.88753061214821, 18.543942714928175]]}}, {"type": "Feature", "properties": {"line": "green", "color": "#2e7d32", "sheet": 3, "sheet_title": "Sheet 9 BundGarden-Kalyani", "segment": "0-0", "source": "Mula Mutha River Sangam bridge Mudhava KTW.pdf", "kind": "Estimated", "note": "Digitized from scanned plane-table sheet; filtered to twin corridor."}, "geometry": {"type": "LineString", "coordinates": [[73.88492356503878, 18.54439603193047], [73.8849182721908, 18.544406372188373], [73.88491297934283, 18.544416712446274], [73.88491802675277, 18.544432345552142], [73.8849230741627, 18.54444797865801], [73.88492812157263, 18.544463611763877], [73.88492282872467, 18.54447395202178], [73.8849278761346, 18.544489585127646], [73.88493292354454, 18.544505218233514], [73.88493797095447, 18.54452085133938], [73.8849430183644, 18.54453648444525], [73.88494806577434, 18.544552117551117], [73.88495311318427, 18.544567750656984], [73.8849581605942, 18.544583383762856], [73.88496320800414, 18.544599016868723], [73.88496825541407, 18.54461464997459], [73.88497859567197, 18.544619942822557], [73.88498893592987, 18.544625235670527], [73.8849939833398, 18.544640868776394], [73.88499903074973, 18.544656501882262], [73.88500937100763, 18.544661794730228], [73.88501441841757, 18.544677427836096], [73.8850194658275, 18.544693060941963], [73.88502451323743, 18.54470869404783], [73.88502956064737, 18.544724327153702], [73.8850346080573, 18.54473996025957], [73.88503965546722, 18.544755593365437], [73.88503436261927, 18.544765933623335], [73.88502906977129, 18.544776273881237], [73.88503411718123, 18.544791906987104], [73.88502882433326, 18.544802247245006], [73.88502353148529, 18.544812587502907], [73.88501823863733, 18.54482292776081], [73.88501294578936, 18.544833268018706], [73.8850076529414, 18.544843608276608], [73.88499201983552, 18.54484865568654], [73.88498672698756, 18.54485899594444], [73.88497109388169, 18.544864043354373], [73.88495546077581, 18.54486909076431], [73.88495016792785, 18.54487943102221], [73.88493453482198, 18.54488447843214], [73.88491890171612, 18.544889525842073], [73.88490326861024, 18.54489457325201], [73.88488763550438, 18.54489962066194], [73.88487200239851, 18.544904668071872], [73.88485636929265, 18.544909715481808], [73.88484073618677, 18.54491476289174], [73.88482510308091, 18.54491981030167], [73.88480946997504, 18.544924857711607], [73.88479383686918, 18.54492990512154], [73.8847782037633, 18.544934952531474], [73.88476257065744, 18.544939999941406], [73.88475727780947, 18.544950340199307], [73.8847519849615, 18.544960680457205], [73.88473635185564, 18.54496572786714], [73.88472071874976, 18.544970775277072]]}}, {"type": "Feature", "properties": {"line": "red", "color": "#c62828", "sheet": 4, "sheet_title": "Sheet 10 KalyaniBridge", "segment": "0-0", "source": "Mula Mutha River Sangam bridge Mudhava KTW.pdf", "kind": "Estimated", "note": "Digitized from scanned plane-table sheet; filtered to twin corridor."}, "geometry": {"type": "LineString", "coordinates": [[73.90342472542858, 18.54534259895749], [73.90342926983095, 18.545332599963533], [73.9034365415291, 18.54532987266774], [73.90344108593148, 18.545319873673783], [73.90344563033385, 18.545309874679827], [73.90345290203202, 18.545307147384033], [73.90345744643439, 18.545297148390077], [73.90346199083675, 18.54528714939612], [73.90346653523912, 18.545277150402164], [73.90347380693728, 18.54527442310637], [73.90347835133966, 18.545264424112414], [73.90348289574202, 18.545254425118458], [73.90349016744018, 18.545251697822664], [73.90349471184255, 18.545241698828708], [73.90349925624493, 18.54523169983475], [73.9035038006473, 18.54522170084079], [73.90351107234545, 18.545218973545], [73.90351561674782, 18.54520897455104], [73.90352288844599, 18.545206247255248], [73.90352743284836, 18.54519624826129], [73.90353197725074, 18.545186249267335], [73.9035365216531, 18.54517625027338], [73.90354379335126, 18.545173522977585], [73.90354833775363, 18.54516352398363], [73.903552882156, 18.545153524989672], [73.90355742655836, 18.545143525995716], [73.90356197096074, 18.54513352700176], [73.9035692426589, 18.545130799705966], [73.90357378706128, 18.54512080071201], [73.90358105875944, 18.545118073416216], [73.9035856031618, 18.54510807442226], [73.90359014756417, 18.545098075428303], [73.90359741926234, 18.54509534813251], [73.90360196366471, 18.545085349138553], [73.90360650806707, 18.545075350144597], [73.90361377976524, 18.545072622848803], [73.90361832416761, 18.545062623854847], [73.90362286856998, 18.54505262486089], [73.90362741297236, 18.545042625866934], [73.90363468467051, 18.54503989857114], [73.90363922907288, 18.545029899577184], [73.90364377347525, 18.545019900583227]]}}, {"type": "Feature", "properties": {"line": "red", "color": "#c62828", "sheet": 4, "sheet_title": "Sheet 10 KalyaniBridge", "segment": "4-0", "source": "Mula Mutha River Sangam bridge Mudhava KTW.pdf", "kind": "Estimated", "note": "Digitized from scanned plane-table sheet; filtered to twin corridor."}, "geometry": {"type": "LineString", "coordinates": [[73.90740761241942, 18.540083049611706], [73.90739761342546, 18.540078505209337], [73.90739034172731, 18.54008123250513], [73.90738579732493, 18.540091231499087], [73.90738125292256, 18.540101230493043], [73.9073739812244, 18.540103957788837], [73.90736670952624, 18.54010668508463], [73.90736216512387, 18.540116684078587], [73.9073576207215, 18.540126683072543], [73.90735034902333, 18.540129410368337], [73.90734307732517, 18.54013213766413], [73.90733853292281, 18.540142136658087], [73.90733126122464, 18.54014486395388], [73.90732398952647, 18.540147591249674], [73.9073194451241, 18.54015759024363], [73.90731490072173, 18.540167589237587], [73.90730762902358, 18.54017031653338], [73.90730035732541, 18.540173043829174], [73.90729581292304, 18.54018304282313], [73.90729126852067, 18.540193041817087], [73.90728399682251, 18.54019576911288], [73.90727672512435, 18.540198496408674], [73.90727218072198, 18.54020849540263], [73.9072676363196, 18.540218494396587], [73.90726036462144, 18.54022122169238], [73.90725309292328, 18.540223948988174], [73.90724854852091, 18.54023394798213], [73.90724400411854, 18.540243946976087], [73.90723673242037, 18.54024667427188], [73.90722946072222, 18.540249401567674], [73.90722491631985, 18.54025940056163], [73.90722037191748, 18.540269399555587], [73.90721310021931, 18.54027212685138], [73.90720582852114, 18.540274854147174], [73.90720128411878, 18.54028485314113], [73.90719401242062, 18.540287580436924], [73.90718674072245, 18.540290307732718], [73.90718219632008, 18.540300306726675], [73.90717765191772, 18.54031030572063], [73.90717038021955, 18.540313033016425], [73.90716310852139, 18.540315760312218], [73.90715856411902, 18.540325759306175], [73.90715401971664, 18.54033575830013], [73.90714674801849, 18.540338485595925], [73.90713947632032, 18.540341212891718], [73.90713493191795, 18.540351211885675], [73.90713038751558, 18.54036121087963], [73.90712311581743, 18.540363938175425], [73.90711584411926, 18.54036666547122], [73.9071085724211, 18.540369392767012], [73.90710402801872, 18.54037939176097], [73.90709948361635, 18.540389390754925], [73.90709493921399, 18.54039938974888], [73.90708766751582, 18.540402117044675], [73.90708039581766, 18.54040484434047], [73.90707585141529, 18.540414843334425], [73.90707130701291, 18.54042484232838], [73.90706676261055, 18.54043484132234], [73.90706221820818, 18.540444840316297], [73.90705494651002, 18.54044756761209], [73.90704767481185, 18.54045029490788], [73.90704313040949, 18.54046029390184], [73.90703858600712, 18.540470292895797], [73.90703404160475, 18.540480291889754], [73.90702676990658, 18.540483019185547], [73.9070222255042, 18.540493018179504], [73.90701768110185, 18.54050301717346], [73.90701313669948, 18.540513016167417], [73.9070085922971, 18.540523015161373], [73.90700132059894, 18.540525742457167], [73.90699404890078, 18.54052846975296], [73.90698950449841, 18.540538468746917], [73.90698496009604, 18.540548467740873], [73.90698041569367, 18.54055846673483], [73.9069758712913, 18.540568465728786], [73.90696859959314, 18.54057119302458], [73.90696132789498, 18.540573920320373], [73.9069567834926, 18.54058391931433], [73.90695223909023, 18.540593918308286], [73.90694769468786, 18.540603917302242], [73.9069431502855, 18.5406139162962], [73.90693860588313, 18.540623915290155], [73.90693406148075, 18.54063391428411], [73.90692678978259, 18.540636641579905], [73.90691951808444, 18.5406393688757], [73.90691497368206, 18.540649367869655], [73.90691042927969, 18.54065936686361], [73.90690588487732, 18.54066936585757], [73.90689861317915, 18.54067209315336], [73.9068940687768, 18.54068209214732], [73.90688952437442, 18.540692091141278], [73.90688225267625, 18.54069481843707], [73.90687770827388, 18.540704817431028], [73.90687316387152, 18.540714816424984], [73.90686861946915, 18.54072481541894], [73.90686134777098, 18.540727542714734], [73.90685680336861, 18.54073754170869], [73.90685225896624, 18.540747540702647], [73.90684498726809, 18.54075026799844], [73.90684044286571, 18.540760266992397], [73.90683589846334, 18.540770265986353], [73.90683135406097, 18.54078026498031], [73.9068268096586, 18.540790263974266], [73.90681953796044, 18.54079299127006], [73.90681226626228, 18.540795718565853], [73.9068077218599, 18.54080571755981], [73.90680317745753, 18.540815716553766], [73.90679863305517, 18.540825715547722], [73.9067940886528, 18.54083571454168], [73.90678954425043, 18.540845713535635], [73.90678227255226, 18.54084844083143], [73.9067750008541, 18.540851168127222], [73.90677045645174, 18.54086116712118], [73.90676591204937, 18.540871166115135], [73.906761367647, 18.54088116510909], [73.90675682324462, 18.540891164103048], [73.90675227884226, 18.540901163097008], [73.9067450071441, 18.5409038903928], [73.90673773544593, 18.54090661768859], [73.90673319104356, 18.54091661668255], [73.90672864664118, 18.540926615676508], [73.90672410223883, 18.540936614670464], [73.90671955783645, 18.54094661366442], [73.90671501343408, 18.540956612658377], [73.90670774173591, 18.54095933995417], [73.90670047003775, 18.540962067249964], [73.90669592563539, 18.54097206624392], [73.90669138123302, 18.540982065237877], [73.90668683683064, 18.540992064231833], [73.90667956513248, 18.540994791527627], [73.90667502073012, 18.541004790521583], [73.90667047632775, 18.54101478951554], [73.90666320462958, 18.541017516811333], [73.90665866022721, 18.54102751580529], [73.90665411582484, 18.541037514799246], [73.90664957142248, 18.541047513793202], [73.90664229972431, 18.541050241088996], [73.90663775532194, 18.541060240082953], [73.90663321091957, 18.54107023907691], [73.90662866651721, 18.541080238070865], [73.90662139481904, 18.54108296536666], [73.90661685041667, 18.541092964360615], [73.9066123060143, 18.54110296335457], [73.90660776161192, 18.541112962348528], [73.90660321720956, 18.541122961342488], [73.9065959455114, 18.54112568863828], [73.90658867381323, 18.54112841593407], [73.90658412941086, 18.54113841492803], [73.90657958500849, 18.541148413921988], [73.90657504060613, 18.541158412915944], [73.90657049620376, 18.5411684119099], [73.90656595180138, 18.541178410903857], [73.90655868010322, 18.54118113819965], [73.90655140840506, 18.541183865495444], [73.90654686400269, 18.5411938644894], [73.90654231960032, 18.541203863483357], [73.90653777519795, 18.541213862477314], [73.90653323079557, 18.54122386147127], [73.90652868639322, 18.541233860465226], [73.90652141469505, 18.54123658776102], [73.90651414299688, 18.541239315056814], [73.90650959859451, 18.54124931405077], [73.90650505419215, 18.541259313044726], [73.90650050978978, 18.541269312038683], [73.9064959653874, 18.54127931103264], [73.90648869368924, 18.541282038328433], [73.90648142199107, 18.541284765624226], [73.90647687758872, 18.541294764618183], [73.90647233318634, 18.54130476361214], [73.90646778878397, 18.541314762606095], [73.9064605170858, 18.54131748990189], [73.90645597268343, 18.541327488895845], [73.90645142828107, 18.541337487889802], [73.9064468838787, 18.541347486883758], [73.90644233947633, 18.541357485877718], [73.90643506777816, 18.541360213173512], [73.90642779608001, 18.541362940469302], [73.90642325167764, 18.541372939463262], [73.90641870727526, 18.541382938457218], [73.90641416287289, 18.541392937451175], [73.90640961847052, 18.54140293644513], [73.90640507406816, 18.541412935439087], [73.90639780237, 18.54141566273488], [73.90639053067183, 18.541418390030675], [73.90638598626946, 18.54142838902463], [73.9063814418671, 18.541438388018587], [73.90637689746472, 18.541448387012544], [73.90636962576656, 18.541451114308337], [73.90636508136419, 18.541461113302294], [73.90636053696181, 18.54147111229625], [73.90635599255945, 18.541481111290206], [73.90634872086129, 18.541483838586], [73.90634417645892, 18.541493837579957], [73.90633963205654, 18.541503836573913], [73.90633508765417, 18.54151383556787], [73.90633054325181, 18.541523834561826], [73.90632327155365, 18.54152656185762], [73.90631599985548, 18.541529289153413], [73.9063114554531, 18.54153928814737], [73.90630691105075, 18.541549287141326], [73.90630236664838, 18.541559286135282], [73.906297822246, 18.54156928512924], [73.90629055054784, 18.541572012425032], [73.90628600614546, 18.54158201141899], [73.9062814617431, 18.54159201041295], [73.90627691734073, 18.541602009406905], [73.90626964564257, 18.5416047367027], [73.9062623739444, 18.541607463998492], [73.90625782954204, 18.54161746299245], [73.90625328513967, 18.541627461986405], [73.9062487407373, 18.54163746098036], [73.90624419633492, 18.541647459974318], [73.90623965193255, 18.541657458968274], [73.9062323802344, 18.541660186264068], [73.90622510853623, 18.54166291355986], [73.90622056413386, 18.541672912553818], [73.90621601973149, 18.541682911547774], [73.90621147532912, 18.54169291054173], [73.90620693092676, 18.541702909535687], [73.90620238652438, 18.541712908529643], [73.90619511482622, 18.541715635825437], [73.90618784312805, 18.54171836312123], [73.9061832987257, 18.541728362115187], [73.90617875432332, 18.541738361109143], [73.90617420992095, 18.5417483601031], [73.90616693822278, 18.541751087398893], [73.90616239382041, 18.54176108639285], [73.90615784941805, 18.541771085386806], [73.90615330501568, 18.541781084380762], [73.9061487606133, 18.54179108337472], [73.90614421621093, 18.54180108236868], [73.90613694451278, 18.54180380966447], [73.90612967281461, 18.541806536960262], [73.90612512841224, 18.54181653595422], [73.90612058400987, 18.54182653494818], [73.9061133123117, 18.541829262243972], [73.90610604061355, 18.541831989539762], [73.90610149621118, 18.541841988533722], [73.9060969518088, 18.54185198752768], [73.90608968011064, 18.541854714823472], [73.90608240841249, 18.541857442119266], [73.90607786401011, 18.541867441113222], [73.90607331960774, 18.54187744010718], [73.90606604790958, 18.541880167402972], [73.90605877621141, 18.541882894698766], [73.90605423180905, 18.541892893692722], [73.90604968740668, 18.54190289268668], [73.90604241570851, 18.541905619982472], [73.90603514401035, 18.541908347278266], [73.90603059960797, 18.541918346272222], [73.90602605520561, 18.54192834526618], [73.90602151080324, 18.541938344260135], [73.90601423910508, 18.54194107155593], [73.90600696740691, 18.541943798851722], [73.90599969570876, 18.541946526147516], [73.90599515130639, 18.541956525141472], [73.90599060690401, 18.54196652413543], [73.90598606250164, 18.541976523129385], [73.90597879080347, 18.54197925042518], [73.90597151910532, 18.541981977720972], [73.90596697470295, 18.54199197671493], [73.90596243030058, 18.542001975708885], [73.90595515860241, 18.54200470300468], [73.90594788690426, 18.542007430300472], [73.90594334250189, 18.54201742929443], [73.90593879809951, 18.542027428288385], [73.90593152640135, 18.54203015558418], [73.90592425470318, 18.542032882879973], [73.90591971030082, 18.54204288187393], [73.90591516589845, 18.542052880867885], [73.90590789420028, 18.54205560816368], [73.90590062250212, 18.542058335459473], [73.90589607809976, 18.54206833445343], [73.90589153369739, 18.542078333447385], [73.90588426199922, 18.54208106074318], [73.90587699030105, 18.542083788038973], [73.90587244589868, 18.54209378703293], [73.90586790149632, 18.542103786026885], [73.90586062979816, 18.54210651332268], [73.90585335809999, 18.542109240618473], [73.90584881369762, 18.54211923961243], [73.90584426929526, 18.542129238606385], [73.90583972489289, 18.54213923760034], [73.90583245319472, 18.542141964896135], [73.90582518149655, 18.54214469219193], [73.90581790979839, 18.542147419487723], [73.90581336539603, 18.54215741848168], [73.90580882099366, 18.542167417475635], [73.90580427659128, 18.542177416469592], [73.90579700489312, 18.542180143765385], [73.90578973319495, 18.54218287106118], [73.9057824614968, 18.542185598356973], [73.90577791709443, 18.54219559735093], [73.90577337269205, 18.542205596344886], [73.90576882828968, 18.542215595338842], [73.90576155659153, 18.542218322634636], [73.90575428489336, 18.54222104993043], [73.9057470131952, 18.542223777226223], [73.90574246879282, 18.54223377622018], [73.90573792439045, 18.542243775214136], [73.90573337998809, 18.542253774208096], [73.90572610828993, 18.542256501503886], [73.90571883659176, 18.54225922879968], [73.90571429218939, 18.54226922779364], [73.90570974778703, 18.542279226787596], [73.90570247608886, 18.54228195408339], [73.9056952043907, 18.54228468137918], [73.90569065998832, 18.54229468037314], [73.90568611558595, 18.542304679367096], [73.9056788438878, 18.54230740666289], [73.90567157218963, 18.542310133958683], [73.90566702778726, 18.54232013295264], [73.90566248338489, 18.542330131946596], [73.90565793898253, 18.542340130940552], [73.90565066728436, 18.542342858236346], [73.9056433955862, 18.54234558553214], [73.90563885118382, 18.542355584526096], [73.90563430678145, 18.542365583520052], [73.90562976237909, 18.54237558251401], [73.90562521797672, 18.542385581507965], [73.90561794627855, 18.54238830880376], [73.90561067458039, 18.542391036099552], [73.90560613017801, 18.54240103509351], [73.90560158577566, 18.542411034087465], [73.90559704137328, 18.54242103308142], [73.90559249697091, 18.542431032075378], [73.90558522527274, 18.54243375937117], [73.90557795357459, 18.542436486666965], [73.90557068187643, 18.54243921396276], [73.90556613747405, 18.542449212956715], [73.90556159307168, 18.54245921195067], [73.90555704866931, 18.542469210944628], [73.90555250426695, 18.542479209938584], [73.90554795986458, 18.54248920893254], [73.90554068816641, 18.542491936228334], [73.90553341646824, 18.542494663524128], [73.90552614477009, 18.54249739081992], [73.90552160036772, 18.542507389813878], [73.90551705596535, 18.542517388807834], [73.90551251156297, 18.54252738780179], [73.9055079671606, 18.542537386795747], [73.90550342275824, 18.542547385789707], [73.90549615106008, 18.542550113085497], [73.90548887936191, 18.54255284038129], [73.90548433495954, 18.54256283937525], [73.90547979055718, 18.542572838369207], [73.90547524615481, 18.542582837363163], [73.90546797445664, 18.542585564658957], [73.90546070275848, 18.54258829195475], [73.9054561583561, 18.542598290948707], [73.90545161395374, 18.542608289942663], [73.90544434225558, 18.542611017238457], [73.9054397978532, 18.542621016232413], [73.90543525345083, 18.54263101522637], [73.90542798175267, 18.542633742522163], [73.90542343735031, 18.54264374151612], [73.90541889294794, 18.542653740510076], [73.90541162124977, 18.54265646780587], [73.9054070768474, 18.542666466799826], [73.90540253244504, 18.542676465793782], [73.90539798804267, 18.54268646478774], [73.9053907163445, 18.542689192083532], [73.90538344464633, 18.542691919379326], [73.90537890024396, 18.542701918373282], [73.9053743558416, 18.54271191736724], [73.90536981143923, 18.542721916361195], [73.90536253974106, 18.54272464365699], [73.9053552680429, 18.542727370952782], [73.90535072364054, 18.54273736994674], [73.90534617923817, 18.542747368940695], [73.90534163483579, 18.54275736793465], [73.90533709043342, 18.542767366928608], [73.90532981873525, 18.5427700942244], [73.9053225470371, 18.542772821520195], [73.90531800263473, 18.54278282051415], [73.90531345823236, 18.542792819508108], [73.90530618653419, 18.5427955468039], [73.90530164213182, 18.542805545797858], [73.90529709772946, 18.542815544791814], [73.9052898260313, 18.542818272087608], [73.90528528162892, 18.542828271081564], [73.90528073722655, 18.542838270075524], [73.90527619282419, 18.54284826906948], [73.90526892112602, 18.542850996365274], [73.90526164942786, 18.542853723661068], [73.90525710502548, 18.542863722655024], [73.90525256062311, 18.54287372164898], [73.90524528892496, 18.542876448944774], [73.90524074452259, 18.54288644793873], [73.90523620012021, 18.542896446932687], [73.90522892842205, 18.54289917422848], [73.90522438401969, 18.542909173222437], [73.90521983961732, 18.542919172216394], [73.90521256791915, 18.542921899512187], [73.90520802351678, 18.542931898506144], [73.9052034791144, 18.5429418975001], [73.90519893471205, 18.542951896494056], [73.90519166301388, 18.54295462378985], [73.90518439131571, 18.542957351085644], [73.90517984691334, 18.5429673500796], [73.90517530251098, 18.542977349073556], [73.90516803081282, 18.54298007636935], [73.90516348641044, 18.542990075363306], [73.90515894200807, 18.543000074357263], [73.9051516703099, 18.543002801653056], [73.90514712590755, 18.543012800647013], [73.90514258150517, 18.54302279964097], [73.90513530980701, 18.543025526936763], [73.90513076540464, 18.54303552593072]]}}, {"type": "Feature", "properties": {"line": "blue", "color": "#1565c0", "sheet": 4, "sheet_title": "Sheet 10 KalyaniBridge", "segment": "0-0", "source": "Mula Mutha River Sangam bridge Mudhava KTW.pdf", "kind": "Estimated", "note": "Digitized from scanned plane-table sheet; filtered to twin corridor."}, "geometry": {"type": "LineString", "coordinates": [[73.90598423230763, 18.541728371930763], [73.90598877671, 18.541718372936806], [73.90599604840817, 18.541715645641013], [73.90600059281053, 18.541705646647056], [73.9060051372129, 18.5416956476531], [73.90601240891107, 18.541692920357306], [73.90601695331344, 18.54168292136335], [73.90602149771581, 18.541672922369393], [73.90602604211817, 18.541662923375437], [73.90603331381634, 18.541660196079643], [73.90603785821871, 18.541650197085687], [73.90604240262108, 18.54164019809173], [73.90604967431923, 18.541637470795937], [73.90605421872161, 18.54162747180198], [73.90605876312398, 18.541617472808024], [73.90606330752635, 18.541607473814068], [73.90607057922452, 18.541604746518274], [73.90607512362688, 18.541594747524318], [73.90607966802925, 18.54158474853036], [73.90608693972742, 18.541582021234568], [73.90609148412979, 18.54157202224061], [73.90609602853215, 18.541562023246655], [73.90610330023031, 18.54155929595086], [73.90610784463269, 18.5415492969569], [73.90611238903506, 18.541539297962945], [73.90611966073322, 18.54153657066715], [73.90612420513558, 18.541526571673195], [73.90612874953796, 18.54151657267924], [73.90613329394033, 18.541506573685282], [73.9061405656385, 18.54150384638949], [73.90614511004087, 18.541493847395532], [73.90614965444323, 18.541483848401576], [73.9061541988456, 18.54147384940762], [73.90616147054376, 18.541471122111826], [73.90616601494614, 18.54146112311787], [73.9061705593485, 18.541451124123913], [73.90617510375087, 18.541441125129957], [73.90618237544903, 18.541438397834163], [73.90618691985141, 18.541428398840207], [73.90619146425378, 18.54141839984625], [73.90619873595193, 18.541415672550457], [73.9062032803543, 18.5414056735565], [73.90620782475668, 18.541395674562544], [73.90621509645484, 18.54139294726675], [73.9062196408572, 18.541382948272794], [73.90622418525957, 18.541372949278838], [73.90623145695774, 18.541370221983044], [73.90623600136011, 18.541360222989088], [73.90624054576249, 18.54135022399513], [73.90624781746064, 18.541347496699338], [73.90625236186301, 18.54133749770538], [73.90625690626538, 18.541327498711425], [73.90626145066776, 18.541317499717465], [73.90626599507013, 18.54130750072351], [73.90627326676828, 18.541304773427715], [73.90627781117065, 18.54129477443376], [73.90628235557303, 18.541284775439802], [73.90628962727119, 18.54128204814401], [73.90629417167355, 18.541272049150052], [73.90629871607592, 18.541262050156096], [73.90630598777409, 18.541259322860302], [73.90631053217646, 18.541249323866346], [73.90631507657884, 18.54123932487239], [73.9063196209812, 18.541229325878433], [73.90632689267936, 18.54122659858264], [73.90633143708173, 18.541216599588683], [73.9063359814841, 18.541206600594727], [73.90634325318226, 18.541203873298933], [73.90634779758463, 18.541193874304977], [73.906352341987, 18.54118387531102], [73.90635688638937, 18.541173876317064], [73.90636415808754, 18.54117114902127], [73.9063687024899, 18.541161150027314], [73.90637324689227, 18.541151151033358], [73.90637779129464, 18.5411411520394], [73.90638506299281, 18.541138424743608], [73.90638960739518, 18.54112842574965], [73.90639687909334, 18.541125698453857], [73.90640142349571, 18.5411156994599], [73.90640596789808, 18.541105700465945], [73.90641323959625, 18.54110297317015], [73.9064177839986, 18.541092974176195], [73.90642232840098, 18.541082975182235], [73.90642687280335, 18.54107297618828], [73.90643141720572, 18.541062977194322], [73.90643868890389, 18.54106024989853], [73.90644323330625, 18.541050250904572], [73.90644777770862, 18.541040251910616], [73.90645504940679, 18.541037524614822], [73.90645959380916, 18.541027525620866], [73.90646413821152, 18.54101752662691], [73.90647140990968, 18.541014799331116], [73.90647595431206, 18.54100480033716], [73.90648049871443, 18.540994801343203], [73.9064850431168, 18.540984802349247], [73.90649231481495, 18.540982075053453], [73.90649685921733, 18.540972076059496], [73.9065014036197, 18.54096207706554], [73.90650867531787, 18.540959349769746], [73.90651321972024, 18.54094935077579], [73.9065177641226, 18.540939351781834], [73.90652230852497, 18.540929352787877], [73.90652958022314, 18.540926625492084], [73.90653412462551, 18.540916626498127], [73.90653866902787, 18.54090662750417], [73.90654594072603, 18.540903900208377], [73.9065504851284, 18.54089390121442], [73.90655502953078, 18.540883902220465], [73.90655957393315, 18.540873903226505], [73.9065668456313, 18.540871175930715], [73.90657139003368, 18.540861176936755], [73.90657593443605, 18.5408511779428], [73.90658320613421, 18.540848450647005], [73.90658775053657, 18.54083845165305], [73.90659229493895, 18.540828452659092], [73.90659956663711, 18.540825725363298], [73.90660411103948, 18.540815726369342], [73.90660865544186, 18.540805727375385], [73.90661592714001, 18.540803000079592], [73.90662047154238, 18.540793001085635], [73.90662501594475, 18.54078300209168], [73.90662956034713, 18.540773003097723], [73.9066368320453, 18.54077027580193], [73.90664137644765, 18.540760276807973], [73.90664592085002, 18.540750277814016], [73.90665319254819, 18.540747550518223], [73.90665773695056, 18.540737551524266], [73.90666228135292, 18.54072755253031], [73.9066668257553, 18.540717553536354], [73.90667409745346, 18.54071482624056], [73.90667864185583, 18.540704827246604], [73.9066831862582, 18.540694828252647], [73.90669045795636, 18.540692100956853], [73.90669500235873, 18.540682101962897], [73.9066995467611, 18.54067210296894], [73.90670681845927, 18.540669375673147], [73.90671136286163, 18.54065937667919], [73.906715907264, 18.540649377685234], [73.90672045166637, 18.540639378691274], [73.90672772336454, 18.540636651395484], [73.90673226776691, 18.540626652401524], [73.90673681216927, 18.540616653407568], [73.90674408386744, 18.540613926111774], [73.90674862826981, 18.540603927117818], [73.90675317267218, 18.54059392812386], [73.90675771707456, 18.540583929129905], [73.90676498877271, 18.54058120183411], [73.90676953317508, 18.540571202840155], [73.90677407757745, 18.5405612038462], [73.90678134927562, 18.540558476550405], [73.90678589367798, 18.54054847755645], [73.90679043808035, 18.540538478562492], [73.90679498248272, 18.540528479568536], [73.90680225418089, 18.540525752272742], [73.90680679858326, 18.540515753278786], [73.90681134298562, 18.54050575428483], [73.90681588738799, 18.540495755290873], [73.90682315908616, 18.54049302799508], [73.90682770348853, 18.540483029001123], [73.90683224789089, 18.540473030007167], [73.90683951958906, 18.540470302711373], [73.90684406399143, 18.540460303717417], [73.9068486083938, 18.54045030472346], [73.90685315279617, 18.540440305729504], [73.90686042449433, 18.54043757843371], [73.9068649688967, 18.540427579439754], [73.90686951329907, 18.540417580445794], [73.90687678499724, 18.540414853150004], [73.90688132939961, 18.540404854156044], [73.90688587380197, 18.540394855162088], [73.90689041820434, 18.54038485616813], [73.90689768990251, 18.540382128872338], [73.90690223430488, 18.54037212987838], [73.90690677870724, 18.540362130884425], [73.90691132310961, 18.54035213189047], [73.90691859480778, 18.540349404594675], [73.90692313921015, 18.54033940560072], [73.90692768361252, 18.540329406606762], [73.90693495531067, 18.54032667931097], [73.90693949971305, 18.540316680317012], [73.90694404411542, 18.540306681323056], [73.90695131581359, 18.540303954027262]]}}, {"type": "Feature", "properties": {"line": "blue", "color": "#1565c0", "sheet": 4, "sheet_title": "Sheet 10 KalyaniBridge", "segment": "1-0", "source": "Mula Mutha River Sangam bridge Mudhava KTW.pdf", "kind": "Estimated", "note": "Digitized from scanned plane-table sheet; filtered to twin corridor."}, "geometry": {"type": "LineString", "coordinates": [[73.90482808137759, 18.54315734405221], [73.90483262577995, 18.543147345058255], [73.90483989747811, 18.54314461776246], [73.90484444188048, 18.543134618768505], [73.90484898628286, 18.54312461977455], [73.90485625798102, 18.543121892478755], [73.90486080238338, 18.5431118934848], [73.90486534678575, 18.543101894490842], [73.90487261848392, 18.54309916719505], [73.9048771628863, 18.54308916820109], [73.90488443458445, 18.5430864409053], [73.90488897898682, 18.54307644191134], [73.90489352338919, 18.543066442917382], [73.90490079508736, 18.54306371562159], [73.90490533948973, 18.543053716627632], [73.90491261118788, 18.54305098933184], [73.90491715559025, 18.543040990337882], [73.90492169999263, 18.543030991343926], [73.9049289716908, 18.543028264048132], [73.90493351609317, 18.543018265054176], [73.90494078779132, 18.543015537758382], [73.90494533219369, 18.543005538764426], [73.90495260389186, 18.543002811468632], [73.90495714829423, 18.542992812474676], [73.90496169269659, 18.54298281348072], [73.90496623709896, 18.542972814486763], [73.90497350879713, 18.54297008719097], [73.9049780531995, 18.542960088197013], [73.90498532489767, 18.54295736090122], [73.90498986930002, 18.542947361907263], [73.9049944137024, 18.542937362913307], [73.90500168540056, 18.542934635617513], [73.90500622980294, 18.542924636623557], [73.90501350150109, 18.542921909327763], [73.90501804590346, 18.542911910333807], [73.90502259030583, 18.54290191133985], [73.9050271347082, 18.542891912345894], [73.90503440640637, 18.5428891850501], [73.90503895080873, 18.542879186056144], [73.9050462225069, 18.54287645876035], [73.90505076690927, 18.542866459766394], [73.90505531131164, 18.542856460772438], [73.9050625830098, 18.542853733476644], [73.90506712741217, 18.542843734482688], [73.90507167181454, 18.54283373548873], [73.9050789435127, 18.542831008192938], [73.90508348791508, 18.54282100919898], [73.90509075961323, 18.542818281903187], [73.9050953040156, 18.54280828290923], [73.90509984841798, 18.54279828391527], [73.90510712011614, 18.542795556619478], [73.90511166451851, 18.54278555762552]]}}, {"type": "Feature", "properties": {"line": "green", "color": "#2e7d32", "sheet": 4, "sheet_title": "Sheet 10 KalyaniBridge", "segment": "0-0", "source": "Mula Mutha River Sangam bridge Mudhava KTW.pdf", "kind": "Estimated", "note": "Digitized from scanned plane-table sheet; filtered to twin corridor."}, "geometry": {"type": "LineString", "coordinates": [[73.90525887632604, 18.54191747534531], [73.9052661480242, 18.541914748049518], [73.90527341972236, 18.541912020753724], [73.90528069142053, 18.54190929345793], [73.9052852358229, 18.541899294463974], [73.90529250752107, 18.54189656716818], [73.90529977921922, 18.541893839872387], [73.90530432362159, 18.54188384087843], [73.90531159531976, 18.541881113582637], [73.90531886701793, 18.541878386286843], [73.90532613871608, 18.54187565899105], [73.90533068311845, 18.541865659997093], [73.90533795481662, 18.5418629327013], [73.90534249921899, 18.541852933707343], [73.90534977091716, 18.54185020641155], [73.90535704261531, 18.541847479115756], [73.90536158701768, 18.5418374801218], [73.90536885871585, 18.541834752826006], [73.90537340311822, 18.54182475383205], [73.90538067481637, 18.541822026536256], [73.90538794651454, 18.541819299240462], [73.90539249091691, 18.541809300246506], [73.90539976261508, 18.541806572950712], [73.90540703431324, 18.54180384565492], [73.9054115787156, 18.541793846660962], [73.90541885041377, 18.54179111936517], [73.90542612211193, 18.541788392069375], [73.9054306665143, 18.54177839307542], [73.90543793821246, 18.541775665779625], [73.90544520991062, 18.54177293848383], [73.90545248160879, 18.541770211188037], [73.90545975330696, 18.541767483892244], [73.90546702500512, 18.54176475659645], [73.90547429670328, 18.541762029300656], [73.90548156840144, 18.541759302004863], [73.90548884009961, 18.54175657470907], [73.90549611179777, 18.541753847413275], [73.90550338349593, 18.541751120117482], [73.90551065519409, 18.541748392821688], [73.90551792689226, 18.541745665525895], [73.90552792588622, 18.541750209928264], [73.90553519758438, 18.54174748263247], [73.90554519657833, 18.54175202703484], [73.9055524682765, 18.541749299739045], [73.90556246727046, 18.541753844141418], [73.90557246626442, 18.541758388543787], [73.90558246525836, 18.541762932946156], [73.90558973695653, 18.541760205650363], [73.90559973595049, 18.54176475005273], [73.90560973494445, 18.5417692944551], [73.9056197339384, 18.54177383885747], [73.90562700563656, 18.541771111561676], [73.90563700463052, 18.54177565596405], [73.90564427632869, 18.541772928668255], [73.90565427532265, 18.541777473070624], [73.9056615470208, 18.54177474577483], [73.90566881871896, 18.541772018479037], [73.90567609041713, 18.541769291183243], [73.9056833621153, 18.54176656388745], [73.90568790651766, 18.541756564893493], [73.90569517821582, 18.5417538375977], [73.90570244991399, 18.541751110301906], [73.90570972161215, 18.541748383006112], [73.90571426601453, 18.541738384012156], [73.90572153771268, 18.541735656716362], [73.90572608211505, 18.541725657722406], [73.90573335381322, 18.541722930426612], [73.90573789821559, 18.541712931432656], [73.90574244261795, 18.5417029324387], [73.90574698702032, 18.541692933444743], [73.9057515314227, 18.541682934450787], [73.90575607582507, 18.54167293545683], [73.90576062022744, 18.54166293646287], [73.9057651646298, 18.541652937468914], [73.90576970903217, 18.541642938474958], [73.90577425343454, 18.541632939481], [73.90577879783692, 18.541622940487045], [73.90577607054112, 18.541615668788882], [73.9057806149435, 18.541605669794926], [73.90578515934585, 18.54159567080097], [73.90578243205006, 18.541588399102807], [73.90578697645243, 18.54157840010885], [73.9057915208548, 18.541568401114894], [73.90579606525718, 18.541558402120938], [73.90580060965954, 18.54154840312698], [73.90579788236374, 18.54154113142882], [73.90580242676612, 18.54153113243486], [73.90580697116849, 18.541521133440902], [73.90581151557086, 18.541511134446946], [73.90580878827507, 18.541503862748783], [73.90581333267744, 18.541493863754827], [73.90581060538165, 18.541486592056664], [73.905815149784, 18.541476593062708], [73.90581969418638, 18.54146659406875], [73.90582423858875, 18.541456595074795], [73.90582151129296, 18.541449323376632], [73.90581878399716, 18.54144205167847], [73.90582332839953, 18.541432052684513], [73.90582787280191, 18.541422053690557], [73.90583241720427, 18.541412054696597], [73.90583696160664, 18.54140205570264], [73.90583423431084, 18.541394784004478], [73.90583877871322, 18.54138478501052], [73.90584332311559, 18.541374786016565], [73.90584786751796, 18.54136478702261], [73.90584514022217, 18.541357515324446], [73.90584241292638, 18.541350243626283], [73.90584695732873, 18.541340244632327], [73.9058515017311, 18.54133024563837], [73.90584877443531, 18.541322973940208], [73.90584604713952, 18.541315702242045], [73.90584331984373, 18.54130843054388], [73.9058478642461, 18.541298431549922]]}}, {"type": "Feature", "properties": {"line": "green", "color": "#2e7d32", "sheet": 4, "sheet_title": "Sheet 10 KalyaniBridge", "segment": "2-0", "source": "Mula Mutha River Sangam bridge Mudhava KTW.pdf", "kind": "Estimated", "note": "Digitized from scanned plane-table sheet; filtered to twin corridor."}, "geometry": {"type": "LineString", "coordinates": [[73.903126513823, 18.54399459768595], [73.90312196942062, 18.544004596679905], [73.90311469772246, 18.5440073239757], [73.9031074260243, 18.544010051271492], [73.90310288162193, 18.54402005026545], [73.90309560992377, 18.544022777561242], [73.9030910655214, 18.5440327765552], [73.90308379382323, 18.544035503850992], [73.90307924942087, 18.54404550284495], [73.9030719777227, 18.544048230140742], [73.90306470602454, 18.544050957436536], [73.90306016162216, 18.544060956430492], [73.9030556172198, 18.54407095542445], [73.90304834552164, 18.544073682720242], [73.90304107382347, 18.544076410016036], [73.90303380212531, 18.54407913731183], [73.90302925772293, 18.544089136305786], [73.90302471332058, 18.544099135299742], [73.9030201689182, 18.5441091342937], [73.90301289722004, 18.544111861589492], [73.90300835281766, 18.54412186058345], [73.9030038084153, 18.544131859577405], [73.90299653671714, 18.5441345868732], [73.90299199231477, 18.544144585867155], [73.9029874479124, 18.54415458486111], [73.90298017621423, 18.544157312156905], [73.90297563181187, 18.54416731115086], [73.9029710874095, 18.544177310144818], [73.90296654300712, 18.544187309138774], [73.90295927130896, 18.544190036434568], [73.9029547269066, 18.544200035428524], [73.90295018250423, 18.544210034422484], [73.90294563810185, 18.54422003341644], [73.90294109369948, 18.544230032410397], [73.90293654929711, 18.544240031404353], [73.90292927759896, 18.544242758700147], [73.90292200590079, 18.54424548599594], [73.90291746149842, 18.544255484989897], [73.90291291709605, 18.544265483983853], [73.90290837269367, 18.54427548297781], [73.90290382829131, 18.544285481971766], [73.90289928388894, 18.544295480965722], [73.90289201219078, 18.544298208261516], [73.9028874677884, 18.544308207255472], [73.90288019609025, 18.544310934551266], [73.90287565168788, 18.544320933545222], [73.9028711072855, 18.54433093253918], [73.90286383558734, 18.544333659834972], [73.90285929118497, 18.54434365882893], [73.90285474678261, 18.544353657822885], [73.90284747508444, 18.54435638511868], [73.90284293068207, 18.544366384112635], [73.9028356589839, 18.54436911140843], [73.90283111458155, 18.544379110402385], [73.90282657017917, 18.54438910939634], [73.902819298481, 18.544391836692135], [73.90281202678284, 18.54439456398793], [73.90280748238047, 18.544404562981885], [73.90280293797811, 18.54441456197584], [73.90279566627994, 18.544417289271635], [73.90278839458178, 18.54442001656743], [73.9027838501794, 18.544430015561385], [73.90277930577703, 18.54444001455534], [73.90277203407888, 18.544442741851135], [73.90276476238071, 18.54444546914693], [73.90276021797834, 18.544455468140885], [73.90275567357597, 18.54446546713484], [73.90274840187782, 18.544468194430635], [73.90274385747544, 18.54447819342459], [73.90273931307307, 18.54448819241855], [73.9027320413749, 18.544490919714345], [73.90272749697253, 18.5445009187083], [73.90272022527438, 18.544503646004095], [73.902715680872, 18.54451364499805], [73.90271113646963, 18.544523643992008], [73.90270386477147, 18.5445263712878], [73.90269932036911, 18.544536370281758], [73.90269204867094, 18.54453909757755], [73.90268750426857, 18.544549096571508], [73.9026802325704, 18.5445518238673], [73.90267568816803, 18.544561822861258], [73.90267114376567, 18.544571821855214], [73.9026638720675, 18.544574549151008], [73.90265932766513, 18.544584548144964], [73.90265205596697, 18.544587275440758], [73.90264751156461, 18.544597274434715], [73.90264296716224, 18.54460727342867], [73.90263569546407, 18.544610000724465], [73.9026311510617, 18.54461999971842], [73.90262660665933, 18.544629998712377], [73.90262206225697, 18.544639997706334], [73.9026147905588, 18.544642725002127], [73.90261024615643, 18.544652723996084], [73.90260570175406, 18.54466272299004], [73.90260115735168, 18.544672721983996], [73.90259388565353, 18.54467544927979], [73.90258661395536, 18.544678176575584], [73.90258206955299, 18.54468817556954], [73.90257752515062, 18.544698174563496], [73.90257298074826, 18.544708173557453], [73.90256843634589, 18.54471817255141], [73.90256116464772, 18.544720899847203], [73.90255662024535, 18.54473089884116], [73.90255207584298, 18.54474089783512], [73.90254480414482, 18.54474362513091], [73.90254025974245, 18.54475362412487], [73.90253571534008, 18.544763623118826], [73.90252844364191, 18.54476635041462], [73.90252389923955, 18.544776349408576], [73.90251935483718, 18.544786348402532], [73.90251481043481, 18.54479634739649], [73.90250753873664, 18.544799074692282], [73.90250026703848, 18.544801801988076], [73.90249572263612, 18.544811800982032], [73.90249117823375, 18.54482179997599], [73.90248663383137, 18.544831798969945], [73.902482089429, 18.5448417979639], [73.90247481773083, 18.544844525259695], [73.90247027332848, 18.54485452425365], [73.9024657289261, 18.544864523247607], [73.90245845722794, 18.5448672505434], [73.90245391282556, 18.544877249537357], [73.9024493684232, 18.544887248531314], [73.90244482402083, 18.54489724752527], [73.90244027961846, 18.544907246519227], [73.90243573521609, 18.544917245513183], [73.90243119081372, 18.54492724450714], [73.90242664641136, 18.544937243501096], [73.90242210200898, 18.544947242495056], [73.90241755760661, 18.544957241489012], [73.9024202849024, 18.544964513187175], [73.90241574050003, 18.54497451218113], [73.90241119609766, 18.544984511175088], [73.90241392339345, 18.54499178287325], [73.9024093789911, 18.545001781867207], [73.90240483458872, 18.545011780861163], [73.90240029018635, 18.54502177985512], [73.90240301748214, 18.545029051553282], [73.90239847307977, 18.54503905054724], [73.90239392867741, 18.545049049541195], [73.9023966559732, 18.545056321239358], [73.90239211157083, 18.545066320233314], [73.90239483886663, 18.54507359193148], [73.90239029446425, 18.545083590925437], [73.90238575006188, 18.545093589919393], [73.90238847735768, 18.545100861617556], [73.9023839329553, 18.545110860611512], [73.90237938855294, 18.54512085960547], [73.90238211584874, 18.54512813130363], [73.90237757144637, 18.545138130297588], [73.90237302704399, 18.545148129291544], [73.90237575433979, 18.545155400989707], [73.90237120993741, 18.545165399983663], [73.90236666553504, 18.54517539897762], [73.90236939283083, 18.545182670675786], [73.90236484842848, 18.545192669669742], [73.90236757572427, 18.545199941367905], [73.9023630313219, 18.54520994036186], [73.90235848691952, 18.545219939355817], [73.90236121421532, 18.54522721105398], [73.90235666981295, 18.545237210047937], [73.90235939710874, 18.5452444817461], [73.90235485270637, 18.545254480740056], [73.90235758000216, 18.54526175243822], [73.9023530355998, 18.545271751432175], [73.9023557628956, 18.545279023130337], [73.90235849019139, 18.545286294828504], [73.90236121748718, 18.545293566526666], [73.90235667308481, 18.545303565520623], [73.9023594003806, 18.545310837218786], [73.9023621276764, 18.54531810891695], [73.90235758327402, 18.545328107910905], [73.90236031056982, 18.545335379609067], [73.90236303786561, 18.54534265130723], [73.9023657651614, 18.545349923005393], [73.9023684924572, 18.545357194703556], [73.902371219753, 18.54536446640172], [73.90237394704879, 18.545371738099885], [73.90237667434458, 18.545379009798047], [73.90237940164037, 18.54538628149621], [73.90238212893617, 18.545393553194373], [73.90238485623196, 18.545400824892535], [73.90238758352776, 18.545408096590698], [73.90239031082355, 18.54541536828886], [73.90239303811934, 18.545422639987024], [73.90239576541514, 18.545429911685186], [73.90239849271093, 18.545437183383353], [73.90240122000672, 18.545444455081515]]}}, {"type": "Feature", "properties": {"line": "green", "color": "#2e7d32", "sheet": 4, "sheet_title": "Sheet 10 KalyaniBridge", "segment": "3-0", "source": "Mula Mutha River Sangam bridge Mudhava KTW.pdf", "kind": "Estimated", "note": "Digitized from scanned plane-table sheet; filtered to twin corridor."}, "geometry": {"type": "LineString", "coordinates": [[73.90486440060609, 18.54234744190102], [73.90487167230425, 18.542344714605225], [73.90487894400242, 18.542341987309435], [73.90488621570059, 18.54233926001364], [73.90489348739874, 18.542336532717847], [73.9049007590969, 18.542333805422054], [73.90490803079507, 18.54233107812626], [73.90491530249324, 18.542328350830466], [73.9049225741914, 18.542325623534673], [73.90493257318535, 18.542330167937042], [73.90493984488351, 18.542327440641248], [73.90494711658168, 18.542324713345455], [73.90495438827985, 18.54232198604966], [73.904961659978, 18.542319258753867], [73.90496893167617, 18.542316531458074], [73.90497620337433, 18.54231380416228], [73.9049807477767, 18.542303805168324], [73.90498801947487, 18.54230107787253], [73.90499529117302, 18.542298350576736], [73.9049998355754, 18.54228835158278], [73.90500710727356, 18.542285624286986], [73.90501165167593, 18.54227562529303], [73.90501892337409, 18.542272897997236], [73.90502346777646, 18.54226289900328], [73.90502801217883, 18.542252900009323], [73.9050325565812, 18.542242901015367], [73.90503710098358, 18.54223290202141], [73.90504164538594, 18.542222903027454], [73.90504618978831, 18.542212904033498], [73.90505073419068, 18.54220290503954], [73.90505527859305, 18.542192906045585], [73.90505982299543, 18.54218290705163], [73.90506436739778, 18.54217290805767], [73.90506891180016, 18.542162909063713], [73.90506618450436, 18.54215563736555], [73.90507072890674, 18.542145638371593], [73.90507527330911, 18.542135639377637], [73.90507254601332, 18.542128367679474], [73.90507709041567, 18.542118368685518], [73.90508163481805, 18.54210836969156], [73.90508617922042, 18.542098370697605], [73.90509072362279, 18.54208837170365], [73.90509526802516, 18.542078372709693], [73.90509981242752, 18.542068373715736], [73.9051043568299, 18.54205837472178], [73.90511162852806, 18.542055647425986], [73.90511617293043, 18.54204564843203], [73.9051207173328, 18.542035649438073], [73.90512798903096, 18.54203292214228], [73.90513253343333, 18.54202292314832], [73.9051398051315, 18.54202019585253], [73.90514434953387, 18.54201019685857], [73.90515162123202, 18.54200746956278], [73.9051561656344, 18.54199747056882], [73.90516343733256, 18.541994743273026], [73.90516798173493, 18.54198474427907], [73.9051752534331, 18.541982016983276], [73.90518252513125, 18.541979289687482], [73.90518706953362, 18.541969290693526], [73.90519434123179, 18.541966563397732], [73.90520161292996, 18.54196383610194], [73.90520615733232, 18.541953837107982], [73.90521342903048, 18.54195110981219], [73.90522070072865, 18.5419483825164], [73.90522797242681, 18.541945655220605]]}}, {"type": "Feature", "properties": {"line": "green", "color": "#2e7d32", "sheet": 4, "sheet_title": "Sheet 10 KalyaniBridge", "segment": "5-0", "source": "Mula Mutha River Sangam bridge Mudhava KTW.pdf", "kind": "Estimated", "note": "Digitized from scanned plane-table sheet; filtered to twin corridor."}, "geometry": {"type": "LineString", "coordinates": [[73.90386003206082, 18.54342917652978], [73.90386730375897, 18.543426449233987], [73.90387457545714, 18.543423721938193], [73.9038818471553, 18.5434209946424], [73.90388911885347, 18.543418267346606], [73.90389639055164, 18.543415540050812], [73.90390366224979, 18.54341281275502], [73.90391093394796, 18.543410085459225], [73.90391820564612, 18.54340735816343], [73.90392547734429, 18.543404630867638], [73.90393274904244, 18.543401903571844], [73.9039400207406, 18.54339917627605], [73.90395001973457, 18.54340372067842], [73.90395729143273, 18.543400993382626], [73.9039645631309, 18.543398266086832], [73.90397183482905, 18.54339553879104], [73.90397910652722, 18.543392811495245], [73.90398637822538, 18.54339008419945], [73.90399364992355, 18.543387356903658], [73.9040009216217, 18.543384629607868], [73.90400819331987, 18.543381902312074], [73.90401546501803, 18.54337917501628], [73.9040227367162, 18.543376447720487], [73.90403000841437, 18.543373720424693], [73.90403728011252, 18.5433709931289], [73.90404455181068, 18.543368265833106], [73.90405182350885, 18.543365538537312], [73.90405909520702, 18.54336281124152], [73.90406636690517, 18.543360083945725], [73.90407091130754, 18.54335008495177], [73.90407818300571, 18.543347357655975], [73.90408545470387, 18.54334463036018], [73.90408999910625, 18.543334631366225], [73.9040972708044, 18.54333190407043], [73.90410181520677, 18.543321905076475], [73.90410908690494, 18.54331917778068], [73.90411363130731, 18.543309178786725], [73.90411817570967, 18.54329917979277], [73.90412272011204, 18.543289180798812], [73.90412726451441, 18.543279181804856], [73.90413180891679, 18.543269182810896], [73.90413635331916, 18.54325918381694], [73.90414089772152, 18.543249184822983], [73.90414544212389, 18.543239185829027], [73.90414998652626, 18.54322918683507], [73.90415453092864, 18.543219187841114], [73.90415907533101, 18.543209188847158], [73.90415634803522, 18.543201917148995], [73.90415362073942, 18.543194645450832], [73.90415816514178, 18.543184646456876], [73.90416270954415, 18.54317464746292], [73.90416725394653, 18.543164648468963], [73.9041717983489, 18.543154649475007], [73.9041690710531, 18.543147377776844], [73.90417361545546, 18.543137378782884], [73.90417815985784, 18.543127379788928], [73.90417543256204, 18.543120108090765], [73.90417997696441, 18.54311010909681], [73.90418452136679, 18.543100110102852], [73.90418906576916, 18.543090111108896], [73.90418633847337, 18.543082839410733], [73.90419088287572, 18.543072840416777], [73.9041954272781, 18.54306284142282], [73.9041926999823, 18.543055569724658], [73.90419724438468, 18.5430455707307], [73.90420178878705, 18.543035571736745], [73.90419906149125, 18.543028300038582], [73.90419633419546, 18.543021028340416], [73.90420087859783, 18.54301102934646], [73.90420542300019, 18.543001030352503], [73.90420996740256, 18.542991031358547], [73.90421451180494, 18.54298103236459], [73.90421905620731, 18.542971033370634], [73.90422360060968, 18.542961034376678], [73.90422814501204, 18.54295103538272], [73.90423268941441, 18.542941036388765], [73.90423723381679, 18.54293103739481], [73.90424177821916, 18.542921038400852], [73.90424632262152, 18.542911039406896], [73.90425086702389, 18.54290104041294], [73.9042481397281, 18.542893768714777], [73.90425268413047, 18.542883769720817], [73.90425722853284, 18.54287377072686], [73.90426177293521, 18.542863771732904], [73.90426631733757, 18.542853772738948], [73.90427086173995, 18.54284377374499], [73.90427540614232, 18.542833774751035], [73.90427995054469, 18.54282377575708], [73.90428449494706, 18.542813776763122], [73.90428903934942, 18.542803777769166], [73.9042935837518, 18.54279377877521], [73.904290856456, 18.542786507077047], [73.90429540085837, 18.54277650808309], [73.90429994526075, 18.542766509089134], [73.9043044896631, 18.542756510095177], [73.90430176236731, 18.542749238397015], [73.90430630676968, 18.542739239403055], [73.90431085117206, 18.5427292404091], [73.90431812287022, 18.542726513113305], [73.9043226672726, 18.54271651411935], [73.90432721167495, 18.542706515125392], [73.90433448337312, 18.5427037878296], [73.90434175507129, 18.542701060533805], [73.90434902676945, 18.54269833323801], [73.9043562984676, 18.542695605942217], [73.90436357016577, 18.542692878646424], [73.90437084186394, 18.542690151350634], [73.9043781135621, 18.54268742405484], [73.90438538526027, 18.542684696759046], [73.90439538425422, 18.542689241161415], [73.90440265595238, 18.542686513865622], [73.90440992765055, 18.542683786569828], [73.90441719934871, 18.542681059274035], [73.90442719834266, 18.542685603676404], [73.90443447004083, 18.54268287638061], [73.90444174173899, 18.542680149084816], [73.90444901343716, 18.542677421789023], [73.90445628513532, 18.54267469449323], [73.90446355683348, 18.542671967197435], [73.90447082853164, 18.54266923990164]]}}, {"type": "Feature", "properties": {"line": "green", "color": "#2e7d32", "sheet": 4, "sheet_title": "Sheet 10 KalyaniBridge", "segment": "6-0", "source": "Mula Mutha River Sangam bridge Mudhava KTW.pdf", "kind": "Estimated", "note": "Digitized from scanned plane-table sheet; filtered to twin corridor."}, "geometry": {"type": "LineString", "coordinates": [[73.90483258651764, 18.54235107938603], [73.90482531481949, 18.542353806681824], [73.90481804312132, 18.542356533977618], [73.90481077142316, 18.54235926127341], [73.90480349972499, 18.542361988569205], [73.90479895532262, 18.54237198756316], [73.90479168362447, 18.542374714858955], [73.9047844119263, 18.54237744215475], [73.90477714022813, 18.542380169450542], [73.90476986852997, 18.542382896746336], [73.90476259683182, 18.54238562404213], [73.90475805242944, 18.542395623036086], [73.90475078073128, 18.54239835033188], [73.90474350903311, 18.542401077627673], [73.90473896463074, 18.54241107662163], [73.90473169293259, 18.542413803917423], [73.90472714853021, 18.54242380291138], [73.90471987683205, 18.542426530207173], [73.90471533242967, 18.54243652920113], [73.90471078802732, 18.542446528195086], [73.90470351632915, 18.54244925549088], [73.90469897192678, 18.542459254484836], [73.9046944275244, 18.542469253478792], [73.90468988312203, 18.54247925247275], [73.90468261142388, 18.542481979768542], [73.9046780670215, 18.5424919787625], [73.90467352261913, 18.542501977756455], [73.90466897821676, 18.54251197675041], [73.90466443381439, 18.542521975744368], [73.90465716211624, 18.54252470304016], [73.90465261771386, 18.542534702034118], [73.90464807331149, 18.542544701028078], [73.90464080161333, 18.54254742832387], [73.90463352991517, 18.54255015561966], [73.9046289855128, 18.54256015461362], [73.90462444111043, 18.542570153607578], [73.90461989670806, 18.542580152601534], [73.90461262500989, 18.542582879897328], [73.90460535331174, 18.54258560719312], [73.90460080890936, 18.542595606187078], [73.9045935372112, 18.54259833348287], [73.90458899280883, 18.542608332476828], [73.90458172111067, 18.54261105977262], [73.90457444941251, 18.542613787068415], [73.90456990501013, 18.54262378606237], [73.90456263331197, 18.542626513358165], [73.9045553616138, 18.54262924065396], [73.90454808991565, 18.542631967949752], [73.90454354551328, 18.54264196694371], [73.90453627381511, 18.542644694239502], [73.90452900211694, 18.542647421535296], [73.9045217304188, 18.54265014883109], [73.90451445872063, 18.54265287612688], [73.90450718702246, 18.542655603422673], [73.9044999153243, 18.542658330718467]]}}, {"type": "Feature", "properties": {"line": "green", "color": "#2e7d32", "sheet": 4, "sheet_title": "Sheet 10 KalyaniBridge", "segment": "7-0", "source": "Mula Mutha River Sangam bridge Mudhava KTW.pdf", "kind": "Estimated", "note": "Digitized from scanned plane-table sheet; filtered to twin corridor."}, "geometry": {"type": "LineString", "coordinates": [[73.90668954122343, 18.5405348476212], [73.90668226952526, 18.540537574916993], [73.9066749978271, 18.540540302212786], [73.90667045342474, 18.540550301206743], [73.90666318172657, 18.540553028502536], [73.9066559100284, 18.54055575579833], [73.90664863833024, 18.540558483094124], [73.90664409392788, 18.54056848208808], [73.90663682222971, 18.540571209383874], [73.90662955053155, 18.540573936679667], [73.90662500612918, 18.540583935673624], [73.9066204617268, 18.54059393466758], [73.90661319002865, 18.540596661963374], [73.90660864562628, 18.54060666095733], [73.9066041012239, 18.540616659951286], [73.90659955682153, 18.540626658945243], [73.90659501241916, 18.5406366579392], [73.9065904680168, 18.540646656933156], [73.90658592361443, 18.540656655927112], [73.90658137921206, 18.54066665492107], [73.90657683480968, 18.54067665391503], [73.90657229040733, 18.540686652908985], [73.90656774600495, 18.54069665190294], [73.90656047430679, 18.540699379198735], [73.90655592990441, 18.54070937819269], [73.90655138550204, 18.540719377186647], [73.90654411380389, 18.54072210448244], [73.90653956940152, 18.540732103476397], [73.90653502499914, 18.540742102470354], [73.90652775330098, 18.540744829766147], [73.90652048160283, 18.54074755706194], [73.90651593720045, 18.540757556055897], [73.90651139279808, 18.540767555049854], [73.90650412109991, 18.540770282345648], [73.90649684940175, 18.54077300964144], [73.90649230499939, 18.540783008635398], [73.90648503330122, 18.54078573593119], [73.90648048889885, 18.540795734925148], [73.90647321720068, 18.54079846222094], [73.90646594550252, 18.540801189516735], [73.90646140110016, 18.54081118851069], [73.90645685669779, 18.540821187504648], [73.90644958499962, 18.54082391480044], [73.90644231330145, 18.540826642096235], [73.9064377688991, 18.54083664109019], [73.90642776990514, 18.540832096687822], [73.90641777091118, 18.540827552285453], [73.90640777191722, 18.540823007883084], [73.90639777292327, 18.54081846348071], [73.90638777392931, 18.540813919078342], [73.90638050223114, 18.540816646374136]]}}, {"type": "Feature", "properties": {"line": "green", "color": "#2e7d32", "sheet": 4, "sheet_title": "Sheet 10 KalyaniBridge", "segment": "8-0", "source": "Mula Mutha River Sangam bridge Mudhava KTW.pdf", "kind": "Estimated", "note": "Digitized from scanned plane-table sheet; filtered to twin corridor."}, "geometry": {"type": "LineString", "coordinates": [[73.90384821596028, 18.54344190281953], [73.90384094426211, 18.543444630115324], [73.90383367256396, 18.543447357411118], [73.9038264008658, 18.54345008470691], [73.90381912916763, 18.543452812002705], [73.90381458476526, 18.54346281099666], [73.90380731306709, 18.543465538292455], [73.90380276866473, 18.54347553728641], [73.90379549696657, 18.543478264582205], [73.9037882252684, 18.543480991878], [73.90378368086603, 18.543490990871955], [73.90377913646367, 18.543500989865912], [73.9037718647655, 18.543503717161705], [73.90376732036313, 18.543513716155662], [73.90376277596076, 18.543523715149618], [73.90375823155838, 18.543533714143575], [73.90376095885418, 18.543540985841737], [73.90375641445182, 18.543550984835694], [73.90375914174761, 18.543558256533856], [73.90376186904341, 18.54356552823202], [73.90375732464103, 18.543575527225975], [73.90376005193683, 18.543582798924138], [73.90375550753446, 18.543592797918095], [73.90375823483025, 18.54360006961626], [73.90375369042788, 18.543610068610217], [73.9037491460255, 18.543620067604174], [73.90374460162315, 18.54363006659813], [73.90374005722077, 18.543640065592086], [73.9037327855226, 18.54364279288788], [73.90372824112023, 18.543652791881836], [73.90372096942208, 18.54365551917763], [73.90371369772392, 18.543658246473424], [73.90370369872996, 18.543653702071055], [73.90369642703179, 18.543656429366848], [73.90368642803783, 18.543651884964476], [73.90367642904388, 18.543647340562107], [73.90366915734572, 18.5436500678579], [73.90366188564755, 18.543652795153694], [73.90365461394939, 18.543655522449487], [73.90364734225123, 18.54365824974528], [73.90364007055307, 18.543660977041075], [73.9036327988549, 18.54366370433687], [73.90362552715673, 18.543666431632662], [73.90361825545858, 18.543669158928456], [73.90361098376042, 18.54367188622425], [73.90360371206225, 18.543674613520043], [73.90359644036408, 18.543677340815837], [73.90358916866592, 18.54368006811163], [73.90359189596171, 18.543687339809793]]}}, {"type": "Feature", "properties": {"line": "green", "color": "#2e7d32", "sheet": 4, "sheet_title": "Sheet 10 KalyaniBridge", "segment": "9-0", "source": "Mula Mutha River Sangam bridge Mudhava KTW.pdf", "kind": "Estimated", "note": "Digitized from scanned plane-table sheet; filtered to twin corridor."}, "geometry": {"type": "LineString", "coordinates": [[73.90633687204216, 18.540833010148898], [73.90632960034401, 18.54083573744469], [73.90632505594164, 18.540845736438648], [73.90632778323743, 18.54085300813681], [73.90633051053322, 18.540860279834973], [73.90632596613085, 18.54087027882893], [73.90632869342664, 18.540877550527092], [73.90633142072244, 18.540884822225255], [73.90633414801823, 18.54089209392342], [73.90633687531403, 18.540899365621584], [73.90633960260982, 18.540906637319747], [73.90633505820745, 18.540916636313703], [73.90633778550324, 18.540923908011866], [73.90633324110087, 18.540933907005822], [73.90633596839666, 18.540941178703985], [73.9063314239943, 18.54095117769794], [73.90632687959193, 18.540961176691898], [73.90632233518956, 18.540971175685854], [73.90631779078718, 18.54098117467981], [73.90631051908902, 18.540983901975604], [73.90630597468666, 18.54099390096956], [73.9062987029885, 18.540996628265354], [73.90629143129033, 18.540999355561148], [73.90628415959216, 18.54100208285694], [73.90627688789401, 18.541004810152735], [73.90626961619584, 18.54100753744853], [73.90626234449768, 18.541010264744322], [73.90625507279951, 18.541012992040116], [73.90625052839714, 18.541022991034072], [73.90624325669899, 18.541025718329866], [73.90623598500082, 18.54102844562566], [73.90622871330265, 18.541031172921453], [73.90622144160449, 18.541033900217247], [73.90621416990633, 18.54103662751304], [73.90620689820817, 18.541039354808834], [73.9062023538058, 18.54104935380279], [73.90619508210763, 18.541052081098584], [73.90618781040946, 18.541054808394378], [73.9061832660071, 18.541064807388334], [73.90617599430894, 18.541067534684128], [73.90616872261077, 18.54107026197992], [73.9061641782084, 18.541080260973878], [73.90615963380604, 18.541090259967834], [73.90615236210787, 18.541092987263628], [73.90614509040971, 18.54109571455942], [73.90614054600734, 18.541105713553378], [73.90613600160496, 18.541115712547334], [73.90612872990681, 18.541118439843128], [73.90612145820864, 18.541121167138922], [73.90611691380627, 18.541131166132878], [73.9061123694039, 18.541141165126835], [73.90610509770573, 18.541143892422628], [73.90609782600758, 18.541146619718422], [73.90609055430942, 18.541149347014215], [73.90608600990704, 18.541159346008172], [73.90607873820888, 18.541162073303965], [73.90607146651072, 18.54116480059976], [73.90606419481256, 18.541167527895553], [73.90605692311439, 18.541170255191346], [73.90604965141623, 18.54117298248714], [73.90604237971806, 18.541175709782934], [73.9060351080199, 18.541178437078727], [73.90602783632174, 18.54118116437452], [73.90602056462357, 18.541183891670315], [73.90601056562961, 18.541179347267946], [73.90600329393146, 18.54118207456374], [73.9059960222333, 18.541184801859533], [73.90598602323934, 18.54118025745716], [73.90597875154117, 18.541182984752954], [73.90597147984302, 18.541185712048748], [73.90596148084906, 18.54118116764638], [73.90595420915089, 18.541183894942172]]}}, {"type": "Feature", "properties": {"line": "red", "color": "#c62828", "sheet": 5, "sheet_title": "Sheet 11 Kalyani-Mundhwa", "segment": "0-0", "source": "Mula Mutha River Sangam bridge Mudhava KTW.pdf", "kind": "Estimated", "note": "Digitized from scanned plane-table sheet; filtered to twin corridor."}, "geometry": {"type": "LineString", "coordinates": [[73.90925567226776, 18.539888458704635], [73.90924154797614, 18.53988322532376], [73.90922742368451, 18.539877991942884], [73.90921329939287, 18.539872758562012], [73.90919917510125, 18.539867525181137], [73.90917981742875, 18.53987641609189], [73.90916045975625, 18.539885307002645], [73.90914633546461, 18.53988007362177], [73.90913221117299, 18.5398748402409], [73.90911285350049, 18.53988373115165], [73.90909349582799, 18.539892622062403], [73.90907937153635, 18.53988738868153], [73.90906001386385, 18.539896279592284], [73.90904065619135, 18.53990517050304], [73.90902129851885, 18.539914061413793], [73.90900194084635, 18.539922952324545], [73.90898781655471, 18.539917718943673], [73.90897369226309, 18.539912485562798], [73.90895433459059, 18.53992137647355], [73.90893497691809, 18.539930267384307], [73.90891561924559, 18.53993915829506], [73.90889626157308, 18.539948049205815], [73.90888213728145, 18.53994281582494], [73.90886801298983, 18.539937582444065], [73.90884865531733, 18.53994647335482], [73.90882929764483, 18.539955364265573], [73.90880993997231, 18.53996425517633], [73.90879058229982, 18.539973146087082], [73.90877122462732, 18.539982036997838], [73.90875186695482, 18.53999092790859], [73.90873250928232, 18.539999818819343], [73.9087131516098, 18.5400087097301], [73.9086937939373, 18.54001760064085], [73.9086744362648, 18.540026491551608], [73.9086550785923, 18.54003538246236], [73.9086357209198, 18.540044273373113], [73.9086163632473, 18.54005316428387], [73.90859700557479, 18.54006205519462], [73.90857764790229, 18.540070946105377], [73.90855829022979, 18.54007983701613], [73.90853893255729, 18.540088727926886], [73.90851957488479, 18.54009761883764], [73.90850021721228, 18.54010650974839], [73.90848085953978, 18.540115400659147], [73.9084756261589, 18.540129524950775], [73.9084562684864, 18.540138415861527], [73.9084369108139, 18.540147306772283], [73.9084175531414, 18.540156197683036], [73.9083981954689, 18.540165088593792], [73.90837883779639, 18.540173979504544], [73.90835948012389, 18.540182870415297], [73.90834012245139, 18.540191761326053], [73.90832076477889, 18.540200652236805], [73.90830140710639, 18.54020954314756], [73.90828204943388, 18.540218434058314], [73.90826269176138, 18.54022732496907], [73.90824333408888, 18.540236215879823], [73.90822397641638, 18.540245106790575], [73.90820461874388, 18.54025399770133], [73.90818526107138, 18.540262888612084], [73.90816590339887, 18.54027177952284], [73.90814654572637, 18.540280670433592], [73.90812718805387, 18.540289561344345], [73.90810783038137, 18.5402984522551], [73.90808847270887, 18.540307343165853], [73.90806911503635, 18.54031623407661], [73.90804975736386, 18.540325124987362], [73.90803039969136, 18.540334015898118], [73.90801104201886, 18.54034290680887], [73.90799168434636, 18.540351797719623], [73.90797232667386, 18.54036068863038]]}}, {"type": "Feature", "properties": {"line": "red", "color": "#c62828", "sheet": 5, "sheet_title": "Sheet 11 Kalyani-Mundhwa", "segment": "1-0", "source": "Mula Mutha River Sangam bridge Mudhava KTW.pdf", "kind": "Estimated", "note": "Digitized from scanned plane-table sheet; filtered to twin corridor."}, "geometry": {"type": "LineString", "coordinates": [[73.9092891542319, 18.539884801174754], [73.90930327852352, 18.53989003455563], [73.90931740281515, 18.5398952679365], [73.90933152710677, 18.539900501317376], [73.90934565139841, 18.539905734698248], [73.90935977569004, 18.539910968079123], [73.90937913336253, 18.53990207716837], [73.90939325765416, 18.539907310549243], [73.9094073819458, 18.539912543930118], [73.90942150623742, 18.539917777310993], [73.90943563052905, 18.539923010691865], [73.90944975482067, 18.53992824407274], [73.90946387911231, 18.539933477453616], [73.90948323678481, 18.53992458654286], [73.90949212769556, 18.539943944215363], [73.90951148536806, 18.53993505330461], [73.9095256096597, 18.539940286685482], [73.90953973395132, 18.539945520066357], [73.90955909162382, 18.5399366291556], [73.90957321591544, 18.539941862536477], [73.90958734020708, 18.539947095917352], [73.9096014644987, 18.539952329298224], [73.90961558879033, 18.5399575626791], [73.90962971308196, 18.539962796059974], [73.9096438373736, 18.539968029440846], [73.9096631950461, 18.539959138530094], [73.90967731933772, 18.53996437191097], [73.90969144362934, 18.53996960529184], [73.90970556792098, 18.539974838672716], [73.9097196922126, 18.53998007205359], [73.90973381650423, 18.539985305434463], [73.90975317417673, 18.53997641452371], [73.90976729846837, 18.539981647904582], [73.90978142275999, 18.539986881285458], [73.90979554705162, 18.539992114666333], [73.90980967134325, 18.539997348047205], [73.90982379563488, 18.54000258142808], [73.9098379199265, 18.540007814808956], [73.909857277599, 18.5399989238982], [73.90987140189064, 18.540004157279075], [73.90988552618226, 18.54000939065995], [73.90989965047389, 18.540014624040822], [73.90991377476551, 18.540019857421697], [73.90993313243803, 18.540010966510945], [73.90994725672965, 18.540016199891816], [73.90996138102128, 18.540021433272692], [73.9099755053129, 18.540026666653567], [73.90998962960454, 18.54003190003444], [73.91000898727704, 18.540023009123686], [73.91002311156866, 18.540028242504558], [73.91003723586029, 18.540033475885433], [73.9100565935328, 18.54002458497468], [73.91007071782442, 18.540029818355553], [73.91008484211605, 18.540035051736428], [73.91010419978855, 18.540026160825676], [73.91011832408019, 18.540031394206547], [73.91013244837181, 18.540036627587423], [73.91014657266344, 18.540041860968298], [73.91016593033594, 18.540032970057542], [73.91018005462757, 18.540038203438417], [73.9101941789192, 18.54004343681929], [73.9102135365917, 18.540034545908537], [73.91022766088332, 18.540039779289412], [73.91024178517496, 18.540045012670284], [73.91025590946658, 18.54005024605116], [73.91027526713908, 18.540041355140406], [73.91028939143071, 18.540046588521278], [73.91030351572233, 18.540051821902154], [73.91031764001397, 18.54005705528303], [73.91033699768647, 18.540048164372273], [73.9103511219781, 18.540053397753148], [73.91036524626972, 18.54005863113402], [73.91038460394223, 18.540049740223267], [73.91039872823386, 18.540054973604143], [73.91041285252548, 18.540060206985014], [73.9104269768171, 18.54006544036589], [73.91044633448962, 18.540056549455137], [73.91046045878124, 18.54006178283601], [73.91047458307287, 18.540067016216884], [73.9104887073645, 18.54007224959776], [73.910508065037, 18.540063358687004], [73.91052218932863, 18.54006859206788], [73.91053631362026, 18.54007382544875], [73.91055043791188, 18.540079058829626], [73.9105697955844, 18.540070167918874], [73.91058391987602, 18.540075401299745], [73.91059804416764, 18.54008063468062], [73.91061216845927, 18.540085868061496], [73.91063152613178, 18.54007697715074], [73.9106456504234, 18.540082210531615], [73.91065977471503, 18.54008744391249], [73.91067913238753, 18.540078553001734], [73.91069325667917, 18.54008378638261], [73.91070738097079, 18.54008901976348], [73.91072150526242, 18.540094253144357], [73.91073562955404, 18.540099486525232], [73.91075498722655, 18.540090595614476]]}}, {"type": "Feature", "properties": {"line": "red", "color": "#c62828", "sheet": 5, "sheet_title": "Sheet 11 Kalyani-Mundhwa", "segment": "2-0", "source": "Mula Mutha River Sangam bridge Mudhava KTW.pdf", "kind": "Estimated", "note": "Digitized from scanned plane-table sheet; filtered to twin corridor."}, "geometry": {"type": "LineString", "coordinates": [[73.9176875631218, 18.53755112194278], [73.91769645403255, 18.53757047961528], [73.91767709636005, 18.537579370526036], [73.91765773868755, 18.537588261436788], [73.91763838101505, 18.537597152347544], [73.91761902334255, 18.537606043258297], [73.91759966567004, 18.53761493416905], [73.91758030799754, 18.537623825079805], [73.91756095032504, 18.537632715990558], [73.91754159265254, 18.537641606901314], [73.91752746836092, 18.53763637352044], [73.9175081106884, 18.537645264431195], [73.9174887530159, 18.537654155341947], [73.9174693953434, 18.5376630462527], [73.9174500376709, 18.537671937163456], [73.9174306799984, 18.53768082807421], [73.91741132232589, 18.537689718984964], [73.91739196465339, 18.537698609895717], [73.91737260698089, 18.53770750080647], [73.91735324930839, 18.537716391717225], [73.91733389163589, 18.537725282627978], [73.91731453396339, 18.537734173538734], [73.91729517629088, 18.537743064449486], [73.91727581861838, 18.537751955360243], [73.91725646094588, 18.537760846270995], [73.91723710327338, 18.537769737181748], [73.91721774560088, 18.537778628092504], [73.91719838792837, 18.537787519003256], [73.91717903025587, 18.537796409914012], [73.91715967258337, 18.537805300824765], [73.91714031491087, 18.537814191735517], [73.91712095723837, 18.537823082646273], [73.91710159956585, 18.537831973557026], [73.91708224189335, 18.537840864467782], [73.91706288422085, 18.537849755378534], [73.91704352654835, 18.53785864628929], [73.91702416887586, 18.537867537200043], [73.91700481120336, 18.537876428110796], [73.91699068691172, 18.537871194729924], [73.91697132923922, 18.537880085640676], [73.91695197156672, 18.537888976551432], [73.91693261389422, 18.537897867462185], [73.91691325622172, 18.537906758372937], [73.9168938985492, 18.537915649283693], [73.9168745408767, 18.537924540194446], [73.9168551832042, 18.537933431105202], [73.9168358255317, 18.537942322015954], [73.9168164678592, 18.53795121292671], [73.91679711018669, 18.537960103837463], [73.9167777525142, 18.537968994748216], [73.9167583948417, 18.53797788565897], [73.9167390371692, 18.537986776569724], [73.9167196794967, 18.53799566748048], [73.9167003218242, 18.538004558391233], [73.91668096415168, 18.53801344930199], [73.91666160647918, 18.53802234021274], [73.91664224880668, 18.538031231123494], [73.91662289113418, 18.53804012203425], [73.91660353346168, 18.538049012945002], [73.91658417578917, 18.53805790385576], [73.91656481811667, 18.53806679476651], [73.91654546044417, 18.538075685677263], [73.91652610277167, 18.53808457658802], [73.91650674509917, 18.538093467498772], [73.91648738742667, 18.538102358409528], [73.91646802975416, 18.53811124932028], [73.91644867208166, 18.538120140231037], [73.91643454779003, 18.53811490685016], [73.91641519011753, 18.538123797760914], [73.91639583244503, 18.53813268867167], [73.91637647477252, 18.538141579582422], [73.91635711710002, 18.53815047049318], [73.91633775942752, 18.53815936140393], [73.91631840175502, 18.538168252314684], [73.91629904408252, 18.53817714322544], [73.91627968641001, 18.538186034136192], [73.91626032873751, 18.538194925046948], [73.91624097106501, 18.5382038159577], [73.91622161339251, 18.538212706868457], [73.91620225572001, 18.53822159777921], [73.9161828980475, 18.538230488689962], [73.916163540375, 18.538239379600718], [73.9161441827025, 18.53824827051147], [73.91612482503, 18.538257161422226], [73.9161054673575, 18.53826605233298], [73.916086109685, 18.53827494324373], [73.91606675201248, 18.538283834154488], [73.91604739433998, 18.53829272506524], [73.91602803666748, 18.538301615975996], [73.91600867899498, 18.53831050688675], [73.91598932132248, 18.538319397797505], [73.91596996364997, 18.538328288708257], [73.91595060597747, 18.53833717961901], [73.91593124830497, 18.538346070529766], [73.91591712401335, 18.53834083714889], [73.91589776634085, 18.538349728059647], [73.91587840866833, 18.5383586189704], [73.91585905099583, 18.53836750988115], [73.91583969332333, 18.538376400791908], [73.91582033565084, 18.53838529170266], [73.91580097797834, 18.538394182613416], [73.91578162030584, 18.53840307352417], [73.91576226263332, 18.538411964434925], [73.91574290496082, 18.538420855345677], [73.91572354728832, 18.53842974625643], [73.91570418961582, 18.538438637167186], [73.91568483194332, 18.53844752807794], [73.91566547427081, 18.538456418988694], [73.91564611659831, 18.538465309899447], [73.91562675892581, 18.538474200810203], [73.91560740125331, 18.538483091720956], [73.91558804358081, 18.538491982631708], [73.91556868590831, 18.538500873542464], [73.9155493282358, 18.538509764453217], [73.9155299705633, 18.538518655363973], [73.9155106128908, 18.538527546274725], [73.9154912552183, 18.538536437185478], [73.9154718975458, 18.538545328096234], [73.91545253987329, 18.538554219006986], [73.91543318220079, 18.538563109917742], [73.91541382452829, 18.538572000828495], [73.91539446685579, 18.53858089173925], [73.91538034256416, 18.538575658358376], [73.91536098489165, 18.538584549269128], [73.91534162721915, 18.538593440179884], [73.91532226954665, 18.538602331090637], [73.91530291187415, 18.538611222001393], [73.91528355420165, 18.538620112912145], [73.91526419652915, 18.538629003822898], [73.91524483885664, 18.538637894733654], [73.91522548118414, 18.538646785644406], [73.91520612351164, 18.538655676555162], [73.91518676583914, 18.538664567465915], [73.91516740816664, 18.53867345837667], [73.91514805049412, 18.538682349287424], [73.91512869282163, 18.538691240198176], [73.91510933514913, 18.538700131108932], [73.91508997747663, 18.538709022019685], [73.91507061980413, 18.53871791293044], [73.91505126213161, 18.538726803841193], [73.91503190445911, 18.538735694751946], [73.91501254678661, 18.538744585662702], [73.91499318911411, 18.538753476573454], [73.91497383144161, 18.53876236748421], [73.91495447376911, 18.538771258394963], [73.9149351160966, 18.53878014930572]]}}, {"type": "Feature", "properties": {"line": "red", "color": "#c62828", "sheet": 5, "sheet_title": "Sheet 11 Kalyani-Mundhwa", "segment": "3-0", "source": "Mula Mutha River Sangam bridge Mudhava KTW.pdf", "kind": "Estimated", "note": "Digitized from scanned plane-table sheet; filtered to twin corridor."}, "geometry": {"type": "LineString", "coordinates": [[73.91490163413248, 18.538783806835596], [73.91488227645998, 18.538792697746352], [73.91486291878748, 18.538801588657105], [73.91484356111496, 18.53881047956786], [73.91482420344246, 18.538819370478613], [73.91480484576996, 18.538828261389366], [73.91478548809746, 18.538837152300122], [73.91476613042497, 18.538846043210874], [73.91474677275245, 18.53885493412163], [73.91472741507995, 18.538863825032383], [73.91470805740745, 18.53887271594314], [73.91468869973495, 18.53888160685389], [73.91466934206245, 18.538890497764644], [73.91464998438995, 18.5388993886754], [73.91463062671744, 18.538908279586153], [73.91461126904494, 18.53891717049691], [73.91459191137244, 18.53892606140766], [73.91457255369994, 18.538934952318414], [73.91455319602744, 18.53894384322917], [73.91453383835493, 18.538952734139922], [73.91451448068243, 18.53896162505068], [73.91449512300993, 18.53897051596143], [73.91447576533743, 18.538979406872187], [73.91445640766493, 18.53898829778294], [73.91443704999243, 18.538997188693692], [73.91441769231992, 18.539006079604448], [73.91439833464742, 18.5390149705152], [73.91437897697492, 18.539023861425957], [73.91435961930242, 18.53903275233671], [73.91434026162992, 18.539041643247465], [73.9143209039574, 18.539050534158218], [73.9143015462849, 18.53905942506897], [73.9142821886124, 18.539068315979726], [73.9142628309399, 18.53907720689048], [73.9142434732674, 18.539086097801235], [73.91422411559489, 18.539094988711987], [73.91420475792239, 18.53910387962274], [73.91418540024989, 18.539112770533496], [73.91416604257739, 18.53912166144425], [73.91414668490489, 18.539130552355005], [73.91412732723239, 18.539139443265757], [73.91410796955988, 18.539148334176513], [73.91408861188738, 18.539157225087266], [73.91406925421488, 18.539166115998018], [73.91404989654238, 18.539175006908774], [73.91403053886988, 18.539183897819527], [73.91401118119737, 18.539192788730283], [73.91399182352487, 18.539201679641035], [73.91397246585237, 18.53921057055179], [73.91395310817987, 18.539219461462544], [73.91393375050737, 18.539228352373296], [73.91391439283487, 18.539237243284052], [73.91389503516235, 18.539246134194805], [73.91387567748986, 18.53925502510556], [73.91385631981736, 18.539263916016314], [73.91383696214486, 18.539272806927066], [73.91381760447236, 18.539281697837822], [73.91379824679984, 18.539290588748575], [73.91377888912734, 18.53929947965933], [73.91375953145484, 18.539308370570083], [73.91374017378234, 18.53931726148084], [73.91372081610984, 18.53932615239159], [73.91370145843734, 18.539335043302344], [73.91368210076483, 18.5393439342131], [73.91366274309233, 18.539352825123853], [73.91364338541983, 18.53936171603461], [73.91362402774733, 18.53937060694536], [73.91360467007483, 18.539379497856117], [73.91358531240232, 18.53938838876687], [73.91356595472982, 18.539397279677623], [73.91354659705732, 18.53940617058838], [73.91352723938482, 18.53941506149913], [73.91350788171232, 18.539423952409887], [73.9134885240398, 18.53943284332064], [73.9134691663673, 18.539441734231392], [73.9134498086948, 18.53945062514215], [73.91343568440318, 18.539445391761273], [73.91342156011156, 18.5394401583804], [73.91340220243904, 18.539449049291154], [73.91338284476655, 18.539457940201906], [73.91336348709405, 18.539466831112662], [73.91334936280242, 18.539461597731787], [73.91333000512992, 18.539470488642543], [73.91331064745741, 18.539479379553296], [73.91329128978491, 18.539488270464048], [73.91327716549328, 18.539483037083176], [73.91325780782078, 18.53949192799393], [73.91323845014828, 18.539500818904685], [73.91322432585665, 18.53949558552381], [73.91320496818415, 18.539504476434562], [73.91318561051165, 18.539513367345318], [73.91317148622002, 18.539508133964443], [73.91315212854751, 18.5395170248752], [73.91313277087501, 18.53952591578595], [73.91311864658338, 18.539520682405076], [73.91309928891089, 18.539529573315832], [73.91307993123839, 18.539538464226585], [73.91306580694675, 18.539533230845713], [73.91304644927425, 18.539542121756465], [73.91302709160175, 18.539551012667218], [73.91300773392925, 18.539559903577974], [73.91298837625675, 18.539568794488726], [73.91297425196511, 18.539563561107855], [73.91296012767349, 18.53955832772698], [73.91294077000099, 18.539567218637732], [73.91292141232849, 18.539576109548488], [73.91290205465599, 18.53958500045924], [73.91288793036435, 18.53957976707837], [73.91286857269185, 18.53958865798912], [73.91284921501935, 18.539597548899874], [73.91283509072773, 18.539592315519002], [73.91281573305521, 18.539601206429754], [73.91279637538271, 18.53961009734051], [73.91277701771021, 18.539618988251263], [73.91276289341859, 18.539613754870388], [73.91274353574609, 18.539622645781144]]}}, {"type": "Feature", "properties": {"line": "red", "color": "#c62828", "sheet": 5, "sheet_title": "Sheet 11 Kalyani-Mundhwa", "segment": "4-0", "source": "Mula Mutha River Sangam bridge Mudhava KTW.pdf", "kind": "Estimated", "note": "Digitized from scanned plane-table sheet; filtered to twin corridor."}, "geometry": {"type": "LineString", "coordinates": [[73.91771581170505, 18.537561588704527], [73.91773516937756, 18.537552697793775], [73.91775452705006, 18.53754380688302], [73.91777388472256, 18.537534915972266], [73.91779324239506, 18.53752602506151], [73.91781260006756, 18.537517134150757], [73.91783195774008, 18.53750824324], [73.91785131541258, 18.53749935232925], [73.91787067308508, 18.537490461418496], [73.91789003075758, 18.53748157050774], [73.91790938843008, 18.537472679596988], [73.91792874610258, 18.53746378868623], [73.91794810377509, 18.53745489777548], [73.91796746144759, 18.537446006864723], [73.91798681912009, 18.53743711595397], [73.91800617679259, 18.537428225043218], [73.91802553446509, 18.537419334132462], [73.9180448921376, 18.53741044322171], [73.9180642498101, 18.537401552310953], [73.9180836074826, 18.5373926614002], [73.9181029651551, 18.53738377048945], [73.91811708944672, 18.53738900387032], [73.91813644711924, 18.537380112959568], [73.91815580479174, 18.53737122204881], [73.91817516246424, 18.53736233113806], [73.91819452013674, 18.537353440227307], [73.91821387780924, 18.53734454931655], [73.91823323548175, 18.537335658405798], [73.91825259315425, 18.537326767495042], [73.91827195082675, 18.53731787658429], [73.91829130849925, 18.537308985673533], [73.91831066617175, 18.53730009476278], [73.91833002384425, 18.53729120385203], [73.91834938151676, 18.537282312941272], [73.91836873918926, 18.53727342203052], [73.91838809686176, 18.537264531119764], [73.91840745453426, 18.53725564020901], [73.91842681220676, 18.537246749298255], [73.91844616987927, 18.537237858387503], [73.91846552755177, 18.53722896747675], [73.91848488522427, 18.537220076565994], [73.91850424289677, 18.53721118565524], [73.91852360056927, 18.537202294744485], [73.91854295824177, 18.537193403833733], [73.91856231591429, 18.53718451292298], [73.91858167358679, 18.537175622012224], [73.91860103125929, 18.537166731101472], [73.91862038893179, 18.537157840190716], [73.91863974660428, 18.537148949279963], [73.9186591042768, 18.537140058369207], [73.91867322856842, 18.537145291750083], [73.91869258624092, 18.53713640083933], [73.91871194391342, 18.537127509928574], [73.91873130158592, 18.53711861901782], [73.91875065925844, 18.537109728107065], [73.91877001693094, 18.537100837196313], [73.91878937460343, 18.53709194628556], [73.91880873227593, 18.537083055374804], [73.91882808994843, 18.53707416446405], [73.91884744762093, 18.537065273553296], [73.91886680529345, 18.537056382642543], [73.91888616296595, 18.537047491731787], [73.91890552063845, 18.537038600821035], [73.91892487831095, 18.537029709910282], [73.91894423598345, 18.537020818999526], [73.91895836027508, 18.5370260523804], [73.91897771794758, 18.537017161469645], [73.91899707562008, 18.537008270558893], [73.91901643329258, 18.53699937964814], [73.91903055758421, 18.537004613029012], [73.91904991525672, 18.53699572211826], [73.91906927292922, 18.536986831207503], [73.91908863060172, 18.53697794029675], [73.91910798827422, 18.536969049386], [73.91912211256586, 18.53697428276687], [73.91914147023836, 18.536965391856118], [73.91916082791086, 18.53695650094536], [73.91918018558336, 18.53694761003461], [73.91919430987498, 18.536952843415484], [73.9192136675475, 18.53694395250473], [73.91923302522, 18.536935061593976], [73.91924714951162, 18.536940294974848], [73.91926650718412, 18.536931404064095], [73.91928063147574, 18.53693663744497], [73.91929998914826, 18.536927746534214]]}}, {"type": "Feature", "properties": {"line": "red", "color": "#c62828", "sheet": 5, "sheet_title": "Sheet 11 Kalyani-Mundhwa", "segment": "5-0", "source": "Mula Mutha River Sangam bridge Mudhava KTW.pdf", "kind": "Estimated", "note": "Digitized from scanned plane-table sheet; filtered to twin corridor."}, "geometry": {"type": "LineString", "coordinates": [[73.90560343393614, 18.540944726131407], [73.9056123248469, 18.54096408380391], [73.90560709146602, 18.540978208095538], [73.90558773379351, 18.54098709900629], [73.90556837612101, 18.540995989917047], [73.90554901844851, 18.5410048808278], [73.90554378506764, 18.541019005119427], [73.90552442739514, 18.54102789603018], [73.90551919401426, 18.54104202032181], [73.90549983634176, 18.541050911232563], [73.90549460296089, 18.54106503552419], [73.90547524528839, 18.541073926434944], [73.90545588761589, 18.5410828173457], [73.90545065423501, 18.541096941637328], [73.90543129656251, 18.54110583254808], [73.90542606318164, 18.541119956839708], [73.90540670550912, 18.541128847750464], [73.90540147212826, 18.541142972042092], [73.90538211445575, 18.541151862952844], [73.90537688107487, 18.541165987244472], [73.90535752340237, 18.54117487815523], [73.90533816572987, 18.54118376906598], [73.905332932349, 18.54119789335761], [73.9053135746765, 18.541206784268365], [73.90530834129562, 18.541220908559993], [73.90528898362312, 18.541229799470745], [73.90528375024225, 18.541243923762373], [73.90526439256975, 18.54125281467313], [73.90524503489725, 18.54126170558388], [73.90523980151637, 18.54127582987551], [73.90522044384386, 18.541284720786265], [73.905215210463, 18.541298845077893], [73.90519585279048, 18.541307735988646], [73.90517649511798, 18.541316626899402], [73.90517126173711, 18.54133075119103], [73.90515190406461, 18.541339642101782], [73.90514667068373, 18.54135376639341], [73.90512731301123, 18.541362657304166], [73.90512207963036, 18.541376781595794], [73.90510272195786, 18.541385672506546], [73.90509748857698, 18.541399796798174], [73.90507813090449, 18.54140868770893], [73.90505877323199, 18.541417578619683], [73.90506766414273, 18.541436936292186], [73.90504830647023, 18.54144582720294], [73.90502894879774, 18.541454718113695], [73.90500959112522, 18.541463609024447], [73.90500435774436, 18.541477733316075], [73.90498500007185, 18.54148662422683], [73.90497976669097, 18.54150074851846], [73.90496040901847, 18.54150963942921], [73.9049551756376, 18.54152376372084], [73.9049358179651, 18.541532654631595], [73.9049164602926, 18.541541545542348], [73.9048971026201, 18.5415504364531], [73.9048777449476, 18.541559327363856], [73.90486362065596, 18.54155409398298], [73.90487251156672, 18.541573451655484], [73.90489186923922, 18.541564560744728], [73.90491122691172, 18.541555669833976], [73.90493058458422, 18.541546778923223], [73.90494994225672, 18.541537888012467], [73.90496929992923, 18.541528997101715], [73.9049745333101, 18.541514872810087], [73.90499389098261, 18.54150598189933], [73.90499912436348, 18.541491857607703], [73.90501848203598, 18.54148296669695], [73.90502371541686, 18.541468842405322]]}}, {"type": "Feature", "properties": {"line": "blue", "color": "#1565c0", "sheet": 5, "sheet_title": "Sheet 11 Kalyani-Mundhwa", "segment": "0-0", "source": "Mula Mutha River Sangam bridge Mudhava KTW.pdf", "kind": "Estimated", "note": "Digitized from scanned plane-table sheet; filtered to twin corridor."}, "geometry": {"type": "LineString", "coordinates": [[73.91342994519441, 18.539330821577256], [73.91344930286692, 18.5393219306665], [73.91346866053942, 18.539313039755747], [73.91348801821192, 18.53930414884499], [73.91350737588442, 18.53929525793424], [73.91352673355692, 18.539286367023486], [73.91354609122943, 18.53927747611273], [73.91356544890193, 18.539268585201977], [73.91358480657443, 18.53925969429122], [73.91360416424693, 18.53925080338047], [73.91362352191943, 18.539241912469716], [73.91364287959193, 18.53923302155896], [73.91366223726445, 18.539224130648208], [73.91368159493695, 18.53921523973745], [73.91370095260945, 18.5392063488267], [73.91372031028195, 18.539197457915943], [73.91373966795445, 18.53918856700519], [73.91375902562696, 18.539179676094438], [73.91377838329946, 18.539170785183682], [73.91379774097196, 18.53916189427293], [73.91381709864446, 18.539153003362173], [73.91383645631696, 18.53914411245142], [73.91385581398946, 18.539135221540665], [73.91387517166197, 18.539126330629912], [73.91389452933447, 18.53911743971916], [73.91391388700697, 18.539108548808404], [73.91393324467947, 18.53909965789765], [73.91395260235197, 18.539090766986895], [73.91397196002448, 18.539081876076143], [73.91399131769698, 18.53907298516539], [73.91401067536948, 18.539064094254634], [73.91403003304198, 18.53905520334388], [73.91404939071448, 18.539046312433126], [73.914068748387, 18.539037421522373], [73.9140881060595, 18.539028530611617], [73.914107463732, 18.539019639700864], [73.9141268214045, 18.539010748790112], [73.914146179077, 18.539001857879356], [73.9141655367495, 18.538992966968603], [73.91418489442201, 18.538984076057847], [73.9142042520945, 18.538975185147095], [73.914223609767, 18.53896629423634], [73.9142429674395, 18.538957403325586], [73.914262325112, 18.538948512414834], [73.91428168278452, 18.538939621504078], [73.91430104045702, 18.538930730593325], [73.91432039812952, 18.53892183968257], [73.91433975580202, 18.538912948771817], [73.91435911347452, 18.538904057861064], [73.91437847114702, 18.538895166950308], [73.91439782881953, 18.538886276039555], [73.91441718649203, 18.5388773851288], [73.91443654416453, 18.538868494218047], [73.91445590183703, 18.53885960330729], [73.91447525950953, 18.53885071239654], [73.91449461718204, 18.538841821485786], [73.91451397485454, 18.53883293057503], [73.91453333252704, 18.538824039664277], [73.91455269019954, 18.53881514875352], [73.91457204787204, 18.53880625784277], [73.91459140554454, 18.538797366932013], [73.91461076321706, 18.53878847602126], [73.91463012088956, 18.538779585110507], [73.91464947856205, 18.53877069419975], [73.91466883623455, 18.538761803289], [73.91468819390705, 18.538752912378243], [73.91470755157957, 18.53874402146749], [73.91472690925207, 18.538735130556738], [73.91474626692457, 18.53872623964598], [73.91476562459707, 18.53871734873523], [73.91478498226957, 18.538708457824473], [73.91480433994208, 18.53869956691372], [73.91482369761458, 18.538690676002965], [73.91484305528708, 18.538681785092212], [73.91486241295958, 18.53867289418146], [73.91488177063208, 18.538664003270704], [73.91490112830458, 18.53865511235995], [73.91492048597709, 18.538646221449195], [73.91493984364959, 18.538637330538442], [73.91495920132209, 18.538628439627686], [73.91497855899459, 18.538619548716934], [73.91499791666709, 18.53861065780618], [73.9150172743396, 18.538601766895425], [73.9150366320121, 18.538592875984673], [73.9150559896846, 18.538583985073917], [73.9150753473571, 18.538575094163164], [73.9150947050296, 18.53856620325241], [73.9151140627021, 18.538557312341656], [73.91513342037462, 18.538548421430903], [73.91515277804712, 18.538539530520147], [73.91517213571962, 18.538530639609395], [73.91519149339211, 18.53852174869864], [73.91521085106461, 18.538512857787886], [73.91523020873713, 18.538503966877133], [73.91524956640963, 18.538495075966377], [73.91526892408213, 18.538486185055625], [73.91528828175463, 18.53847729414487], [73.91530763942713, 18.538468403234116], [73.91532699709963, 18.53845951232336], [73.91534635477214, 18.538450621412608], [73.91536571244464, 18.538441730501855], [73.91538507011714, 18.5384328395911], [73.91540442778964, 18.538423948680347], [73.91542378546214, 18.53841505776959], [73.91544314313465, 18.538406166858838], [73.91546250080715, 18.538397275948086], [73.91548185847965, 18.53838838503733], [73.91550121615215, 18.538379494126577], [73.91552057382465, 18.53837060321582], [73.91553993149715, 18.53836171230507], [73.91555928916966, 18.538352821394312], [73.91557864684216, 18.53834393048356], [73.91559800451466, 18.538335039572807], [73.91560323789554, 18.53832091528118], [73.91562259556804, 18.538312024370423], [73.91564195324054, 18.53830313345967], [73.91566131091305, 18.538294242548915], [73.91568066858555, 18.538285351638162], [73.91570002625805, 18.538276460727406], [73.91571938393055, 18.538267569816654], [73.91573874160305, 18.5382586789059], [73.91575809927555, 18.538249787995145], [73.91577745694806, 18.538240897084393], [73.91579681462056, 18.538232006173637], [73.91581617229306, 18.538223115262884], [73.91583552996556, 18.538214224352128], [73.91585488763806, 18.538205333441375], [73.91587424531058, 18.538196442530623], [73.91589360298308, 18.538187551619867], [73.91591296065558, 18.538178660709114], [73.91593231832807, 18.53816976979836], [73.91595167600057, 18.538160878887606], [73.91597103367307, 18.538151987976853], [73.91599039134559, 18.538143097066097], [73.91600974901809, 18.538134206155345], [73.91602910669059, 18.53812531524459], [73.91604846436309, 18.538116424333836], [73.91606782203559, 18.53810753342308], [73.9160871797081, 18.538098642512328], [73.9161065373806, 18.538089751601575], [73.9161258950531, 18.53808086069082], [73.9161452527256, 18.538071969780066], [73.9161646103981, 18.53806307886931], [73.9161839680706, 18.538054187958558], [73.91620332574311, 18.538045297047802], [73.91622268341561, 18.53803640613705], [73.91624204108811, 18.538027515226297], [73.91626139876061, 18.53801862431554], [73.91628075643311, 18.538009733404788], [73.91630011410562, 18.538000842494032], [73.91631947177812, 18.53799195158328], [73.91633882945062, 18.537983060672527], [73.91635818712312, 18.53797416976177], [73.91637754479562, 18.53796527885102], [73.91639690246814, 18.537956387940262], [73.91641626014064, 18.53794749702951], [73.91643561781314, 18.537938606118754], [73.91645497548564, 18.537929715208], [73.91647433315813, 18.53792082429725], [73.91649369083063, 18.537911933386493], [73.91651304850315, 18.53790304247574], [73.91653240617565, 18.537894151564984], [73.91655176384815, 18.53788526065423], [73.91657112152065, 18.537876369743476], [73.91659047919315, 18.537867478832723], [73.91660983686566, 18.53785858792197], [73.91662919453816, 18.537849697011215], [73.91664855221066, 18.537840806100462], [73.91666790988316, 18.537831915189706], [73.91668726755566, 18.537823024278953], [73.91670662522816, 18.5378141333682], [73.91672598290067, 18.537805242457445], [73.91674534057317, 18.537796351546692], [73.91676469824567, 18.537787460635936], [73.91678405591817, 18.537778569725184], [73.91680341359067, 18.537769678814428], [73.91682277126318, 18.537760787903675], [73.91684212893568, 18.537751896992923], [73.91686148660818, 18.537743006082167], [73.91688084428068, 18.537734115171414], [73.91690020195318, 18.537725224260658], [73.91691955962568, 18.537716333349906], [73.9169389172982, 18.53770744243915], [73.9169582749707, 18.537698551528397], [73.9169776326432, 18.537689660617644], [73.9169969903157, 18.53768076970689], [73.9170163479882, 18.537671878796136], [73.91703047227983, 18.537677112177008], [73.91704982995233, 18.537668221266255], [73.91706918762483, 18.537659330355503], [73.91708854529733, 18.537650439444747], [73.91710790296983, 18.537641548533994], [73.91712726064235, 18.537632657623238], [73.91714661831485, 18.537623766712485], [73.91716597598734, 18.537614875801733], [73.91718533365984, 18.537605984890977], [73.91720469133234, 18.537597093980224], [73.91722404900484, 18.53758820306947], [73.91724340667736, 18.537579312158716], [73.91726276434986, 18.53757042124796], [73.91728212202236, 18.537561530337207], [73.91730147969486, 18.537552639426455], [73.91732083736736, 18.5375437485157], [73.91734019503987, 18.537534857604946], [73.91735955271237, 18.53752596669419], [73.91737891038487, 18.537517075783438], [73.91739826805737, 18.53750818487268], [73.91741762572987, 18.53749929396193], [73.91743698340238, 18.537490403051176], [73.91745634107488, 18.53748151214042], [73.91747569874738, 18.537472621229668], [73.91749505641988, 18.537463730318912], [73.91751441409238, 18.53745483940816], [73.91753377176488, 18.537445948497407], [73.9175531294374, 18.53743705758665], [73.91756725372902, 18.537442290967526], [73.91758661140152, 18.53743340005677], [73.91760596907402, 18.537424509146017], [73.91762532674652, 18.53741561823526], [73.91764468441903, 18.53740672732451], [73.91766404209153, 18.537397836413756], [73.91768339976403, 18.537388945503], [73.91770275743653, 18.537380054592248], [73.91772211510903, 18.53737116368149], [73.91774147278154, 18.53736227277074], [73.91776083045404, 18.537353381859987], [73.91778018812654, 18.53734449094923], [73.91779954579904, 18.537335600038478], [73.91781890347154, 18.537326709127722], [73.91783826114404, 18.53731781821697], [73.91785761881656, 18.537308927306213], [73.91787697648905, 18.53730003639546], [73.91789633416155, 18.53729114548471], [73.91791569183405, 18.537282254573952], [73.91793504950655, 18.5372733636632], [73.91795440717907, 18.537264472752444], [73.91797376485157, 18.53725558184169], [73.91799312252407, 18.537246690930935], [73.91801248019657, 18.537237800020183], [73.91803183786907, 18.53722890910943], [73.91805119554157, 18.537220018198674], [73.91807055321408, 18.53721112728792], [73.91808991088658, 18.537202236377166], [73.91810926855908, 18.537193345466413], [73.91812862623158, 18.53718445455566], [73.91814798390408, 18.537175563644904], [73.91816734157659, 18.537166672734152], [73.91818669924909, 18.537157781823396], [73.91820605692159, 18.537148890912643], [73.91822541459409, 18.537140000001887], [73.91824477226659, 18.537131109091135], [73.9182641299391, 18.537122218180382], [73.9182834876116, 18.537113327269626], [73.9183028452841, 18.537104436358874], [73.9183222029566, 18.537095545448118], [73.91833632724823, 18.537100778828993], [73.91835568492074, 18.53709188791824], [73.91837504259324, 18.537082997007484], [73.91839440026574, 18.537074106096732], [73.91841375793824, 18.537065215185976], [73.91843311561074, 18.537056324275223], [73.91845247328324, 18.537047433364467], [73.91847183095575, 18.537038542453715], [73.91849118862825, 18.537029651542962], [73.91851054630075, 18.537020760632206], [73.91852990397325, 18.537011869721454], [73.91854926164575, 18.537002978810698], [73.91856338593739, 18.537008212191573], [73.91858274360989, 18.53699932128082], [73.91860210128239, 18.536990430370064], [73.91862145895489, 18.536981539459312], [73.91863558324651, 18.536986772840184], [73.91865494091903, 18.53697788192943]]}}, {"type": "Feature", "properties": {"line": "blue", "color": "#1565c0", "sheet": 5, "sheet_title": "Sheet 11 Kalyani-Mundhwa", "segment": "1-0", "source": "Mula Mutha River Sangam bridge Mudhava KTW.pdf", "kind": "Estimated", "note": "Digitized from scanned plane-table sheet; filtered to twin corridor."}, "geometry": {"type": "LineString", "coordinates": [[73.90908409908934, 18.539744569914255], [73.90910345676184, 18.539735679003503], [73.90911758105347, 18.539740912384374], [73.90913693872598, 18.539732021473622], [73.90915629639848, 18.539723130562866], [73.9091704206901, 18.53972836394374], [73.9091897783626, 18.53971947303299], [73.90919866927337, 18.53973883070549], [73.90921802694587, 18.539729939794736], [73.90923738461836, 18.539721048883983], [73.90924627552911, 18.539740406556483], [73.90926563320161, 18.53973151564573], [73.90927975749325, 18.539736749026606], [73.90929911516575, 18.53972785811585], [73.9093080060765, 18.539747215788353], [73.909327363749, 18.539738324877597], [73.90934672142151, 18.539729433966844], [73.90936084571314, 18.53973466734772], [73.90938020338564, 18.539725776436963], [73.90939432767726, 18.53973100981784], [73.9094084519689, 18.539736243198714], [73.90942257626052, 18.539741476579586], [73.90944193393302, 18.539732585668833], [73.90945605822465, 18.539737819049705], [73.90947018251629, 18.53974305243058], [73.90948430680791, 18.539748285811456], [73.90950366448041, 18.5397393949007], [73.90951778877204, 18.539744628281575], [73.9095266796828, 18.539763985954078], [73.9095460373553, 18.539755095043322], [73.9095653950278, 18.53974620413257], [73.90957428593855, 18.539765561805073], [73.90959364361106, 18.539756670894317], [73.90961300128356, 18.539747779983564], [73.90962712557518, 18.539753013364436], [73.90963601648593, 18.53977237103694], [73.90965537415845, 18.539763480126187], [73.90967473183095, 18.53975458921543], [73.90968885612257, 18.539759822596306], [73.9097029804142, 18.53976505597718], [73.9097223380867, 18.539756165066425], [73.90973122899746, 18.53977552273893], [73.90975058666996, 18.539766631828176], [73.90976994434246, 18.53975774091742], [73.90978406863408, 18.539762974298295], [73.90979295954484, 18.539782331970798], [73.90981231721734, 18.539773441060042], [73.90983167488984, 18.53976455014929], [73.90984056580061, 18.53978390782179], [73.9098599234731, 18.539775016911037], [73.9098792811456, 18.539766126000284], [73.90989340543723, 18.539771359381156], [73.909902296348, 18.53979071705366], [73.9099216540205, 18.539781826142907], [73.909941011693, 18.53977293523215], [73.90995513598462, 18.539778168613026], [73.90996926027624, 18.539783401993898], [73.909978151187, 18.5398027596664], [73.9099975088595, 18.53979386875565], [73.910016866532, 18.539784977844892], [73.91003099082363, 18.539790211225768], [73.91004511511527, 18.539795444606643], [73.91005923940689, 18.539800677987515], [73.91007336369852, 18.53980591136839], [73.91009272137102, 18.539797020457637], [73.91010684566265, 18.53980225383851], [73.91012096995428, 18.539807487219385], [73.9101350942459, 18.539812720600256], [73.91014921853754, 18.53981795398113], [73.91016334282916, 18.539823187362007], [73.91018270050166, 18.53981429645125], [73.91019682479329, 18.539819529832126], [73.91021094908493, 18.539824763213], [73.91021983999568, 18.5398441208855], [73.91023919766818, 18.53983522997475], [73.91025855534068, 18.539826339063996], [73.9102726796323, 18.539831572444868], [73.91028680392394, 18.539836805825743], [73.91030092821556, 18.53984203920662], [73.91031505250719, 18.53984727258749], [73.91032917679883, 18.539852505968366], [73.91034330109045, 18.53985773934924], [73.91036265876295, 18.539848848438485], [73.91037678305457, 18.53985408181936], [73.91039090734621, 18.539859315200232], [73.91040503163784, 18.539864548581107], [73.91042438931034, 18.539855657670355], [73.91043851360196, 18.539860891051227], [73.9104526378936, 18.539866124432102], [73.91046676218522, 18.539871357812977], [73.91047565309597, 18.539890715485477], [73.91049501076847, 18.539881824574724], [73.91051436844099, 18.539872933663972], [73.91052849273261, 18.539878167044844], [73.91054261702423, 18.53988340042572], [73.91055150793498, 18.539902758098222], [73.9105708656075, 18.539893867187466], [73.91059022328, 18.539884976276714], [73.91060434757162, 18.539890209657585], [73.91061847186324, 18.53989544303846], [73.91063259615488, 18.539900676419336], [73.91064672044651, 18.539905909800208], [73.91066607811901, 18.539897018889455], [73.91067496902976, 18.53991637656196], [73.91069432670227, 18.539907485651202], [73.91071368437477, 18.53989859474045], [73.9107278086664, 18.539903828121325], [73.9107471663389, 18.53989493721057]]}}, {"type": "Feature", "properties": {"line": "green", "color": "#2e7d32", "sheet": 5, "sheet_title": "Sheet 11 Kalyani-Mundhwa", "segment": "0-0", "source": "Mula Mutha River Sangam bridge Mudhava KTW.pdf", "kind": "Estimated", "note": "Digitized from scanned plane-table sheet; filtered to twin corridor."}, "geometry": {"type": "LineString", "coordinates": [[73.90767110573131, 18.539526227033896], [73.90766221482056, 18.539506869361396], [73.90764809052894, 18.53950163598052], [73.90763396623731, 18.539496402599646], [73.90762507532655, 18.539477044927146], [73.90761095103493, 18.53947181154627], [73.90760206012418, 18.539452453873768], [73.90759316921341, 18.539433096201265], [73.90758427830266, 18.539413738528765], [73.90757538739192, 18.539394380856262], [73.90758062077278, 18.539380256564634], [73.90758585415365, 18.539366132273006], [73.9075769632429, 18.539346774600503], [73.90756807233215, 18.539327416928], [73.90755918142139, 18.5393080592555], [73.90754505712977, 18.539302825874625], [73.90752569945727, 18.539311716785377], [73.90751157516564, 18.539306483404506], [73.907497450874, 18.53930125002363], [73.9074780932015, 18.539310140934383], [73.907458735529, 18.53931903184514], [73.90744461123738, 18.539313798464264], [73.90742525356487, 18.53932268937502], [73.90741112927324, 18.539317455994144], [73.90739177160074, 18.539326346904897], [73.90738653821987, 18.539340471196528], [73.90738130483899, 18.539354595488156], [73.90737607145812, 18.539368719779784], [73.90737083807724, 18.53938284407141], [73.90736560469637, 18.53939696836304], [73.9073603713155, 18.539411092654667], [73.90734101364299, 18.53941998356542], [73.90733578026212, 18.539434107857048], [73.90733054688125, 18.539448232148676], [73.90732531350038, 18.539462356440307], [73.90730595582787, 18.53947124735106], [73.90728659815537, 18.539480138261812], [73.90726724048287, 18.539489029172568], [73.90724788281037, 18.53949792008332], [73.90722852513787, 18.539506810994077], [73.90721440084623, 18.5395015776132], [73.90720550993548, 18.539482219940698], [73.90719138564386, 18.539476986559826], [73.90718249473309, 18.539457628887323], [73.90717360382234, 18.53943827121482], [73.90715947953072, 18.539433037833945], [73.90715058861996, 18.539413680161445], [73.90713646432833, 18.53940844678057], [73.90712234003671, 18.539403213399694], [73.90710821574508, 18.539397980018823], [73.90709932483432, 18.53937862234632], [73.9070852005427, 18.539373388965444], [73.90707107625107, 18.539368155584572], [73.90705695195943, 18.539362922203697], [73.90704282766781, 18.53935768882282], [73.90702870337618, 18.53935245544195], [73.90701457908456, 18.539347222061075], [73.90700045479292, 18.5393419886802], [73.9069863305013, 18.539336755299328], [73.90697220620967, 18.539331521918452], [73.90695284853717, 18.53934041282921], [73.90693872424553, 18.539335179448333], [73.90692459995391, 18.539329946067458], [73.90691047566229, 18.539324712686586], [73.90689111798979, 18.53933360359734], [73.90687699369815, 18.539328370216463], [73.90686286940652, 18.53932313683559], [73.9068487451149, 18.539317903454716], [73.90683462082328, 18.53931267007384], [73.90682049653164, 18.53930743669297], [73.90680113885914, 18.53931632760372], [73.90678701456751, 18.539311094222846], [73.90677289027589, 18.539305860841974], [73.90675876598425, 18.5393006274611], [73.90674464169263, 18.539295394080224], [73.906730517401, 18.539290160699352], [73.9067111597285, 18.539299051610104], [73.90669703543686, 18.539293818229233], [73.90668291114524, 18.539288584848357], [73.90666878685361, 18.539283351467482], [73.90664942918112, 18.539292242378238], [73.90663530488948, 18.539287008997363], [73.90662118059785, 18.539281775616487], [73.90660182292535, 18.539290666527243], [73.90658769863373, 18.539285433146368], [73.90657357434209, 18.539280199765496], [73.90655421666959, 18.53928909067625], [73.90653485899709, 18.539297981587], [73.90652073470547, 18.53929274820613], [73.90650661041383, 18.539287514825254], [73.90648725274133, 18.539296405736007], [73.90646789506883, 18.539305296646763], [73.9064537707772, 18.539300063265888], [73.9064344131047, 18.539308954176644], [73.90641505543219, 18.539317845087396], [73.90640093114057, 18.53931261170652], [73.90638680684894, 18.53930737832565], [73.90636744917644, 18.5393162692364], [73.90634809150394, 18.539325160147158], [73.9063339672123, 18.539319926766282], [73.9063146095398, 18.539328817677035], [73.90630048524818, 18.539323584296163]]}}, {"type": "Feature", "properties": {"line": "green", "color": "#2e7d32", "sheet": 5, "sheet_title": "Sheet 11 Kalyani-Mundhwa", "segment": "1-0", "source": "Mula Mutha River Sangam bridge Mudhava KTW.pdf", "kind": "Estimated", "note": "Digitized from scanned plane-table sheet; filtered to twin corridor."}, "geometry": {"type": "LineString", "coordinates": [[73.90883521195555, 18.538768865401494], [73.90882997857467, 18.53878298969312], [73.90883886948542, 18.538802347365625], [73.90883363610455, 18.538816471657253], [73.90882840272369, 18.53883059594888], [73.90882316934281, 18.53884472024051], [73.90881793596193, 18.538858844532136], [73.90881270258106, 18.538872968823764], [73.90880746920018, 18.53888709311539], [73.90880223581931, 18.53890121740702], [73.90878287814681, 18.538910108317776], [73.90876352047431, 18.538918999228528], [73.9087441628018, 18.53892789013928], [73.9087248051293, 18.538936781050037], [73.9087054474568, 18.53894567196079], [73.9086860897843, 18.538954562871545], [73.9086667321118, 18.538963453782298], [73.90865260782016, 18.538958220401422], [73.90863848352853, 18.53895298702055], [73.90861912585603, 18.538961877931303], [73.90859976818354, 18.53897076884206], [73.90859453480266, 18.538984893133687], [73.90857517713016, 18.53899378404444], [73.90856994374928, 18.539007908336067], [73.90855058607679, 18.539016799246824], [73.90854535269591, 18.53903092353845], [73.9085259950234, 18.539039814449204], [73.90852076164254, 18.53905393874083], [73.90850140397002, 18.539062829651588], [73.90849617058915, 18.539076953943216], [73.90847681291665, 18.539085844853968], [73.90847157953577, 18.539099969145596], [73.90845222186327, 18.539108860056352], [73.9084469884824, 18.53912298434798], [73.9084276308099, 18.539131875258732], [73.9084082731374, 18.539140766169485], [73.9083889154649, 18.53914965708024], [73.90838368208402, 18.53916378137187], [73.90836432441152, 18.53917267228262], [73.90834496673901, 18.539181563193377], [73.90832560906651, 18.53919045410413], [73.90830625139401, 18.539199345014886], [73.90828689372151, 18.53920823592564], [73.90827276942989, 18.539203002544763], [73.90825341175737, 18.53921189345552], [73.90823405408487, 18.53922078436627], [73.90821469641237, 18.539229675277028], [73.9082094630315, 18.539243799568656], [73.908190105359, 18.539252690479408], [73.90818487197812, 18.539266814771036], [73.90817963859725, 18.539280939062664], [73.90817440521637, 18.53929506335429], [73.90818329612713, 18.539314421026795], [73.90817806274626, 18.539328545318423], [73.90817282936538, 18.53934266961005], [73.90816759598451, 18.53935679390168]]}}, {"type": "Feature", "properties": {"line": "green", "color": "#2e7d32", "sheet": 5, "sheet_title": "Sheet 11 Kalyani-Mundhwa", "segment": "2-0", "source": "Mula Mutha River Sangam bridge Mudhava KTW.pdf", "kind": "Estimated", "note": "Digitized from scanned plane-table sheet; filtered to twin corridor."}, "geometry": {"type": "LineString", "coordinates": [[73.90882305260817, 18.539712099605907], [73.90884241028067, 18.539703208695155], [73.90886176795317, 18.5396943177844], [73.90888112562567, 18.539685426873646], [73.90890048329817, 18.53967653596289], [73.90891984097068, 18.539667645052138], [73.90893919864318, 18.539658754141385], [73.90895855631568, 18.53964986323063], [73.90897791398818, 18.539640972319877], [73.90899727166068, 18.53963208140912], [73.90901662933318, 18.539623190498368], [73.9090359870057, 18.539614299587615], [73.9090553446782, 18.53960540867686], [73.9090747023507, 18.539596517766107], [73.9090940600232, 18.53958762685535], [73.90909929340407, 18.539573502563723], [73.90911865107657, 18.53956461165297], [73.90913800874908, 18.539555720742214], [73.90914324212994, 18.539541596450587], [73.90916259980246, 18.539532705539834], [73.90916783318333, 18.539518581248206], [73.9091730665642, 18.53950445695658], [73.90916417565344, 18.539485099284075], [73.9091552847427, 18.539465741611572], [73.90914116045106, 18.5394605082307], [73.90912703615943, 18.539455274849825], [73.90911291186781, 18.53945004146895], [73.90909878757618, 18.539444808088078], [73.90908466328455, 18.539439574707202], [73.90907053899292, 18.539434341326327], [73.90905118132042, 18.539443232237083], [73.90903182364792, 18.539452123147836], [73.90901246597542, 18.539461014058592], [73.90899310830291, 18.539469904969344], [73.90897898401128, 18.53946467158847], [73.90897009310054, 18.53944531391597], [73.90896120218977, 18.539425956243466], [73.90895231127902, 18.539406598570963], [73.90894342036827, 18.53938724089846], [73.90894865374915, 18.539373116606832], [73.90893976283839, 18.539353758934332], [73.90894499621926, 18.5393396346427], [73.90895022960014, 18.539325510351073], [73.90894133868939, 18.539306152678574], [73.90894657207026, 18.539292028386946], [73.90895180545114, 18.539277904095314], [73.908957038832, 18.539263779803687], [73.90896227221288, 18.53924965551206], [73.90896750559375, 18.53923553122043], [73.90897273897463, 18.539221406928803], [73.9089779723555, 18.539207282637175], [73.90898320573638, 18.539193158345547], [73.90898843911725, 18.53917903405392], [73.90899367249813, 18.53916490976229], [73.90901303017063, 18.539156018851536], [73.9090182635515, 18.539141894559908], [73.90902349693238, 18.53912777026828], [73.90902873031325, 18.539113645976652], [73.90903396369413, 18.539099521685024], [73.90905332136663, 18.53909063077427], [73.90907267903913, 18.539081739863516], [73.90907791242, 18.539067615571888], [73.9090972700925, 18.539058724661135], [73.909116627765, 18.53904983375038], [73.90913598543752, 18.539040942839627], [73.90915010972914, 18.539046176220502], [73.90916946740164, 18.539037285309746], [73.90918359169326, 18.53904251869062], [73.90920294936576, 18.539033627779865], [73.9092170736574, 18.53903886116074], [73.90923119794903, 18.539044094541616], [73.90925055562153, 18.53903520363086], [73.90926467991315, 18.539040437011735], [73.90927880420479, 18.53904567039261], [73.90929816187729, 18.539036779481854]]}}, {"type": "Feature", "properties": {"line": "green", "color": "#2e7d32", "sheet": 5, "sheet_title": "Sheet 11 Kalyani-Mundhwa", "segment": "3-0", "source": "Mula Mutha River Sangam bridge Mudhava KTW.pdf", "kind": "Estimated", "note": "Digitized from scanned plane-table sheet; filtered to twin corridor."}, "geometry": {"type": "LineString", "coordinates": [[73.90812617639808, 18.54003217239305], [73.90811205210646, 18.54002693901218], [73.9081031611957, 18.540007581339676], [73.90809427028495, 18.539988223667173], [73.90808014599332, 18.5399829902863], [73.9080660217017, 18.539977756905426], [73.90805189741006, 18.53997252352455], [73.90803777311844, 18.53996729014368], [73.90802364882681, 18.539962056762803], [73.90800952453517, 18.539956823381928], [73.90799540024355, 18.539951590001056], [73.90798127595193, 18.53994635662018], [73.90797604257105, 18.53996048091181], [73.90795668489855, 18.53996937182256], [73.90795145151768, 18.53998349611419], [73.9079462181368, 18.53999762040582], [73.90794098475592, 18.54001174469745], [73.90793575137505, 18.540025868989076], [73.90793051799417, 18.540039993280704], [73.9079252846133, 18.540054117572332], [73.90792005123242, 18.54006824186396], [73.90792894214319, 18.540087599536463], [73.90792370876231, 18.54010172382809], [73.90791847538144, 18.54011584811972], [73.90791324200056, 18.540129972411346], [73.90790800861969, 18.540144096702974], [73.90788865094719, 18.540152987613727], [73.90786929327469, 18.540161878524483], [73.90786405989381, 18.54017600281611], [73.90784470222131, 18.540184893726863], [73.9078253445488, 18.54019378463762], [73.9078059868763, 18.54020267554837], [73.9077866292038, 18.540211566459128], [73.90777250491217, 18.540206333078252], [73.90775838062055, 18.540201099697377], [73.90774425632891, 18.540195866316505], [73.90773013203729, 18.54019063293563], [73.90772124112654, 18.540171275263127], [73.9077071168349, 18.540166041882255], [73.90769822592415, 18.540146684209752], [73.9076893350134, 18.54012732653725], [73.90768044410264, 18.540107968864746], [73.90767155319189, 18.540088611192246], [73.90767678657276, 18.540074486900618], [73.90766789566202, 18.540055129228115], [73.90767312904288, 18.540041004936487], [73.90766423813213, 18.540021647263984], [73.9076501138405, 18.54001641388311], [73.90763598954888, 18.540011180502237], [73.90762186525724, 18.54000594712136], [73.90760774096562, 18.540000713740486], [73.90759361667399, 18.539995480359615], [73.90757949238235, 18.53999024697874]]}}, {"type": "Feature", "properties": {"line": "green", "color": "#2e7d32", "sheet": 5, "sheet_title": "Sheet 11 Kalyani-Mundhwa", "segment": "4-0", "source": "Mula Mutha River Sangam bridge Mudhava KTW.pdf", "kind": "Estimated", "note": "Digitized from scanned plane-table sheet; filtered to twin corridor."}, "geometry": {"type": "LineString", "coordinates": [[73.90504735318177, 18.540754748568943], [73.90505258656265, 18.540740624277316], [73.90507194423515, 18.540731733366563], [73.90507717761602, 18.540717609074935], [73.90509653528852, 18.54070871816418], [73.9051017686694, 18.54069459387255], [73.9051211263419, 18.5406857029618], [73.9051404840144, 18.540676812051043], [73.9051598416869, 18.54066792114029], [73.90516507506777, 18.540653796848662], [73.90518443274028, 18.540644905937906], [73.90520379041278, 18.540636015027154], [73.90522314808528, 18.5406271241164], [73.90524250575778, 18.540618233205645], [73.90526186343028, 18.540609342294893], [73.90528122110278, 18.540600451384137], [73.9053005787753, 18.540591560473384], [73.90531470306692, 18.54059679385426], [73.90533406073942, 18.540587902943503], [73.90535341841192, 18.54057901203275], [73.90536754270356, 18.540584245413623], [73.90538690037606, 18.54057535450287], [73.90540625804856, 18.540566463592118], [73.90542038234018, 18.54057169697299], [73.90543974001268, 18.540562806062237], [73.90545386430432, 18.54056803944311], [73.90546798859594, 18.540573272823984], [73.90548734626844, 18.54056438191323], [73.90550147056007, 18.540569615294103], [73.90552082823258, 18.54056072438335], [73.9055349525242, 18.540565957764226], [73.9055543101967, 18.54055706685347], [73.90556843448833, 18.540562300234345], [73.90558255877997, 18.54056753361522], [73.9055966830716, 18.540572766996092], [73.90561604074409, 18.54056387608534], [73.90563016503572, 18.54056910946621], [73.90564428932736, 18.540574342847087], [73.90565841361898, 18.540579576227962], [73.9056725379106, 18.540584809608834], [73.90568666220223, 18.54059004298971], [73.90570078649387, 18.540595276370585], [73.90571491078549, 18.540600509751457]]}}, {"type": "Feature", "properties": {"line": "green", "color": "#2e7d32", "sheet": 5, "sheet_title": "Sheet 11 Kalyani-Mundhwa", "segment": "5-0", "source": "Mula Mutha River Sangam bridge Mudhava KTW.pdf", "kind": "Estimated", "note": "Digitized from scanned plane-table sheet; filtered to twin corridor."}, "geometry": {"type": "LineString", "coordinates": [[73.9104036308888, 18.538611085788766], [73.91041775518043, 18.53861631916964], [73.91043187947206, 18.538621552550513], [73.91044600376368, 18.53862678593139], [73.9104601280553, 18.538632019312264], [73.91047425234694, 18.538637252693135], [73.91048837663857, 18.53864248607401], [73.91050250093019, 18.538647719454886], [73.91051662522182, 18.538652952835758], [73.91053074951346, 18.538658186216633], [73.91054487380508, 18.53866341959751], [73.9105589980967, 18.53866865297838], [73.91057312238834, 18.538673886359256], [73.91058724667997, 18.538679119740127], [73.91060137097159, 18.538684353121003], [73.91061549526322, 18.538689586501878], [73.91062961955485, 18.53869481988275], [73.91064374384648, 18.538700053263625], [73.9106578681381, 18.5387052866445], [73.91067199242973, 18.538710520025372], [73.91068088334049, 18.538729877697875], [73.91069500763211, 18.53873511107875], [73.91070913192374, 18.538740344459622], [73.91072325621538, 18.538745577840498], [73.910737380507, 18.538750811221373], [73.91075150479863, 18.538756044602245], [73.91076562909025, 18.53876127798312], [73.91077452000101, 18.538780635655623], [73.91078864429264, 18.538785869036495], [73.91080276858426, 18.53879110241737], [73.91081165949502, 18.538810460089874], [73.91082578378665, 18.53881569347075], [73.91083990807827, 18.53882092685162], [73.9108540323699, 18.538826160232496], [73.91086292328066, 18.538845517905], [73.91087704757228, 18.53885075128587], [73.91089117186391, 18.538855984666746], [73.91090529615555, 18.53886121804762], [73.91091942044717, 18.538866451428493], [73.91092831135792, 18.538885809100996], [73.91094243564956, 18.538891042481872], [73.91095655994118, 18.538896275862744], [73.91097068423281, 18.53890150924362], [73.91098480852443, 18.538906742624494], [73.91099893281607, 18.538911976005366], [73.9110130571077, 18.53891720938624], [73.91102718139932, 18.538922442767117], [73.91104130569094, 18.53892767614799], [73.91105542998258, 18.538932909528864], [73.9110695542742, 18.53893814290974], [73.91108367856583, 18.53894337629061], [73.91109780285747, 18.538948609671486], [73.9111119271491, 18.53895384305236], [73.9111312848216, 18.538944952141605], [73.91114540911322, 18.53895018552248], [73.91115953340486, 18.538955418903353], [73.91117365769648, 18.538960652284228], [73.9111877819881, 18.538965885665103], [73.9112071396606, 18.538956994754347], [73.91122126395223, 18.538962228135222], [73.91123538824387, 18.538967461516098], [73.91124951253549, 18.53897269489697], [73.91126363682712, 18.538977928277845], [73.91128299449962, 18.53896903736709], [73.91129711879125, 18.538974270747964], [73.91131124308288, 18.53897950412884], [73.91133060075538, 18.538970613218083], [73.911344725047, 18.53897584659896], [73.91135884933864, 18.538981079979834], [73.91137297363026, 18.538986313360706], [73.91138709792189, 18.53899154674158], [73.91140645559439, 18.53898265583083], [73.91142057988603, 18.5389878892117]]}}, {"type": "Feature", "properties": {"line": "green", "color": "#2e7d32", "sheet": 5, "sheet_title": "Sheet 11 Kalyani-Mundhwa", "segment": "6-0", "source": "Mula Mutha River Sangam bridge Mudhava KTW.pdf", "kind": "Estimated", "note": "Digitized from scanned plane-table sheet; filtered to twin corridor."}, "geometry": {"type": "LineString", "coordinates": [[73.90680676133327, 18.54029827715314], [73.90682611900577, 18.54028938624239], [73.9068402432974, 18.54029461962326], [73.9068596009699, 18.540285728712508], [73.90687372526152, 18.54029096209338], [73.90689308293403, 18.540282071182627], [73.90691244060653, 18.540273180271875], [73.90693179827903, 18.54026428936112], [73.90694592257066, 18.540269522741994], [73.90696528024316, 18.540260631831238], [73.90698463791567, 18.540251740920485], [73.9069987622073, 18.54025697430136], [73.90701288649892, 18.540262207682233], [73.90703224417142, 18.54025331677148], [73.90704636846306, 18.540258550152355], [73.90706572613556, 18.5402496592416], [73.90707985042718, 18.540254892622475], [73.9070939747188, 18.540260126003346], [73.90710809901044, 18.54026535938422], [73.90712222330207, 18.540270592765097], [73.90713634759369, 18.54027582614597], [73.90715047188532, 18.540281059526844], [73.90716459617695, 18.54028629290772], [73.90717872046858, 18.54029152628859], [73.9071928447602, 18.540296759669467], [73.90720696905184, 18.540301993050342], [73.90722109334347, 18.540307226431214], [73.90722998425422, 18.540326584103717], [73.90724410854584, 18.540331817484592], [73.90725823283748, 18.540337050865464], [73.9072723571291, 18.54034228424634], [73.90728648142073, 18.540347517627215], [73.90730583909323, 18.54033862671646], [73.90731996338486, 18.540343860097334], [73.90733932105736, 18.54033496918658], [73.90735867872986, 18.540326078275825], [73.90737803640236, 18.540317187365073], [73.90739739407486, 18.540308296454317], [73.90741675174738, 18.540299405543564], [73.90743610941988, 18.540290514632808], [73.90744134280075, 18.54027639034118], [73.90744657618163, 18.540262266049552], [73.90746593385413, 18.5402533751388], [73.907471167235, 18.540239250847172], [73.90747640061588, 18.540225126555544], [73.90748163399675, 18.540211002263916], [73.90748686737761, 18.54019687797229]]}}, {"type": "Feature", "properties": {"line": "green", "color": "#2e7d32", "sheet": 5, "sheet_title": "Sheet 11 Kalyani-Mundhwa", "segment": "7-0", "source": "Mula Mutha River Sangam bridge Mudhava KTW.pdf", "kind": "Estimated", "note": "Digitized from scanned plane-table sheet; filtered to twin corridor."}, "geometry": {"type": "LineString", "coordinates": [[73.90572971600697, 18.53943336855988], [73.9057244826261, 18.539447492851508], [73.90571924924522, 18.539461617143136], [73.90572814015597, 18.539480974815636], [73.9057229067751, 18.539495099107267], [73.90573179768586, 18.539514456779767], [73.90574068859661, 18.53953381445227], [73.90574957950736, 18.539553172124773], [73.90574434612648, 18.5395672964164], [73.90575323703725, 18.539586654088904], [73.90574800365637, 18.53960077838053], [73.90575689456712, 18.53962013605303], [73.90575166118624, 18.53963426034466], [73.90574642780537, 18.53964838463629], [73.9057411944245, 18.53966250892792], [73.90573596104363, 18.539676633219546], [73.90573072766276, 18.539690757511174], [73.90572549428188, 18.539704881802802], [73.90570613660938, 18.539713772713554], [73.9057009032285, 18.539727897005182], [73.90568154555599, 18.53973678791594], [73.90567631217513, 18.539750912207566], [73.90565695450262, 18.53975980311832], [73.90563759683012, 18.539768694029075], [73.90561823915762, 18.539777584939827], [73.90561300577674, 18.539791709231455], [73.90559364810424, 18.53980060014221], [73.90557429043174, 18.539809491052964], [73.90555493275923, 18.539818381963716], [73.90553557508673, 18.539827272874472], [73.90551621741423, 18.539836163785225], [73.90549685974173, 18.53984505469598], [73.90547750206923, 18.539853945606733], [73.9054633777776, 18.539848712225858], [73.90544925348597, 18.539843478844986], [73.90542989581347, 18.53985236975574], [73.90541053814097, 18.539861260666495], [73.90539118046847, 18.539870151577247], [73.90537182279596, 18.539879042488], [73.90535769850433, 18.539873809107128], [73.90533834083183, 18.53988270001788], [73.90531898315933, 18.539891590928637], [73.90529962548683, 18.53990048183939], [73.90529439210596, 18.539914606131017], [73.90527503443346, 18.539923497041773], [73.90526980105258, 18.5399376213334], [73.90525044338007, 18.539946512244153], [73.90523108570757, 18.53995540315491], [73.9052258523267, 18.539969527446537], [73.9052064946542, 18.53997841835729], [73.90520126127332, 18.539992542648918], [73.90518190360082, 18.540001433559674], [73.90516254592832, 18.540010324470426], [73.90515731254744, 18.540024448762054], [73.90513795487495, 18.540033339672807], [73.90511859720245, 18.540042230583563], [73.90511336382157, 18.54005635487519], [73.90509400614907, 18.540065245785943]]}}, {"type": "Feature", "properties": {"line": "green", "color": "#2e7d32", "sheet": 5, "sheet_title": "Sheet 11 Kalyani-Mundhwa", "segment": "8-0", "source": "Mula Mutha River Sangam bridge Mudhava KTW.pdf", "kind": "Estimated", "note": "Digitized from scanned plane-table sheet; filtered to twin corridor."}, "geometry": {"type": "LineString", "coordinates": [[73.90813253816938, 18.539408057687318], [73.90812730478851, 18.539422181978946], [73.90810794711601, 18.539431072889702], [73.90810271373513, 18.53944519718133], [73.90808335606263, 18.539454088092082], [73.90807812268176, 18.53946821238371], [73.90807288930088, 18.539482336675338], [73.90805353162838, 18.539491227586094], [73.90804829824751, 18.53950535187772], [73.90802894057501, 18.539514242788474], [73.90802370719413, 18.539528367080102], [73.90800434952163, 18.539537257990858], [73.90798499184912, 18.53954614890161], [73.90797975846824, 18.53956027319324], [73.90796040079574, 18.539569164103995], [73.90795516741487, 18.539583288395622], [73.90793580974237, 18.539592179306375], [73.90791645206987, 18.539601070217127], [73.907911218689, 18.53961519450876], [73.9078918610165, 18.53962408541951], [73.907872503344, 18.539632976330264], [73.90786726996312, 18.53964710062189], [73.90784791229062, 18.539655991532648], [73.9078285546181, 18.5396648824434], [73.9078091969456, 18.539673773354156], [73.90778983927311, 18.53968266426491], [73.90777048160061, 18.539691555175665], [73.90775112392811, 18.539700446086417], [73.90773699963647, 18.539695212705542], [73.90771764196397, 18.539704103616298], [73.90770351767235, 18.539698870235423], [73.90768939338072, 18.539693636854548], [73.90767003570821, 18.539702527765304], [73.90765591141658, 18.53969729438443], [73.90764178712496, 18.539692061003556], [73.90762766283333, 18.53968682762268], [73.9076135385417, 18.539681594241806], [73.90759941425007, 18.539676360860934], [73.90759052333932, 18.53965700318843], [73.90757639904768, 18.539651769807556], [73.90756227475606, 18.539646536426684], [73.90755338384531, 18.53962717875418], [73.90754449293456, 18.539607821081677], [73.9075356020238, 18.539588463409174], [73.90754083540467, 18.539574339117546], [73.90754606878555, 18.53956021482592], [73.90756542645805, 18.539551323915166], [73.90757955074967, 18.539556557296038], [73.90759367504131, 18.539561790676913], [73.90760779933294, 18.53956702405779], [73.90762192362456, 18.53957225743866], [73.90764128129706, 18.539563366527908], [73.90766063896957, 18.539554475617155], [73.9076747632612, 18.539559708998027], [73.9076554055887, 18.539568599908783]]}}, {"type": "Feature", "properties": {"line": "green", "color": "#2e7d32", "sheet": 5, "sheet_title": "Sheet 11 Kalyani-Mundhwa", "segment": "9-0", "source": "Mula Mutha River Sangam bridge Mudhava KTW.pdf", "kind": "Estimated", "note": "Digitized from scanned plane-table sheet; filtered to twin corridor."}, "geometry": {"type": "LineString", "coordinates": [[73.91008968640367, 18.539024853603753], [73.9101038106953, 18.539030086984628], [73.91011793498693, 18.5390353203655], [73.91013205927855, 18.539040553746375], [73.91014618357019, 18.53904578712725], [73.91016030786182, 18.539051020508122], [73.91017966553432, 18.53904212959737], [73.91019378982594, 18.53904736297824], [73.91020791411758, 18.539052596359117], [73.9102220384092, 18.539057829739992], [73.9102413960817, 18.539048938829236], [73.9102607537542, 18.539040047918483], [73.91027487804583, 18.53904528129936], [73.91029423571834, 18.539036390388603], [73.91030836000996, 18.539041623769478], [73.91032248430159, 18.53904685715035], [73.91034184197409, 18.539037966239597], [73.91035596626573, 18.539043199620473], [73.91037532393823, 18.539034308709716], [73.91038944822985, 18.539039542090592], [73.91040357252147, 18.539044775471467], [73.91041769681311, 18.53905000885234], [73.91043182110474, 18.539055242233214], [73.91044594539636, 18.53906047561409], [73.91046006968799, 18.53906570899496], [73.91047419397962, 18.539070942375837], [73.91048831827125, 18.539076175756712], [73.91050244256287, 18.539081409137584], [73.91051133347364, 18.539100766810087], [73.91052545776526, 18.539106000190962], [73.91053958205688, 18.539111233571834], [73.91054847296763, 18.539130591244337], [73.9105573638784, 18.53914994891684], [73.91057148817002, 18.539155182297712], [73.91058037908077, 18.539174539970215], [73.91058926999153, 18.53919389764272], [73.91060339428316, 18.539199131023594], [73.91061751857478, 18.539204364404466], [73.91062640948554, 18.53922372207697], [73.9106353003963, 18.539243079749472], [73.91064942468792, 18.539248313130344], [73.91065831559868, 18.539267670802847], [73.91066720650943, 18.53928702847535], [73.91068133080105, 18.53929226185622], [73.91069022171182, 18.539311619528725], [73.91070434600344, 18.5393168529096], [73.91071323691419, 18.539336210582103], [73.91072736120583, 18.539341443962975], [73.91073625211658, 18.53936080163548]]}}, {"type": "Feature", "properties": {"line": "green", "color": "#2e7d32", "sheet": 5, "sheet_title": "Sheet 11 Kalyani-Mundhwa", "segment": "10-0", "source": "Mula Mutha River Sangam bridge Mudhava KTW.pdf", "kind": "Estimated", "note": "Digitized from scanned plane-table sheet; filtered to twin corridor."}, "geometry": {"type": "LineString", "coordinates": [[73.91217451745783, 18.538383754741], [73.91218340836858, 18.5384031124135], [73.91219229927934, 18.538422470086005], [73.91220119019009, 18.538441827758508], [73.91219595680921, 18.538455952050136], [73.91220484771996, 18.53847530972264], [73.9121996143391, 18.538489434014267], [73.91220850524985, 18.538508791686766], [73.91220327186898, 18.538522915978398], [73.9121980384881, 18.538537040270025], [73.91219280510722, 18.538551164561653], [73.91218757172635, 18.53856528885328], [73.91218233834547, 18.53857941314491], [73.9121771049646, 18.538593537436537], [73.91217187158372, 18.538607661728165], [73.91216663820286, 18.538621786019792], [73.91216140482199, 18.53863591031142], [73.91215617144111, 18.538650034603048], [73.91215093806024, 18.538664158894676], [73.91214570467936, 18.538678283186304], [73.91214047129849, 18.538692407477935], [73.91213523791761, 18.538706531769563], [73.91213000453673, 18.53872065606119], [73.91212477115586, 18.53873478035282], [73.91211953777498, 18.538748904644446], [73.91211430439411, 18.538763028936074], [73.91210907101325, 18.538777153227702], [73.91210383763237, 18.53879127751933], [73.9120986042515, 18.538805401810958], [73.91207924657898, 18.538814292721714], [73.91207401319812, 18.53882841701334], [73.91205465552561, 18.538837307924094], [73.91203529785311, 18.538846198834847], [73.91203006447223, 18.538860323126478], [73.91201070679973, 18.53886921403723], [73.91199134912723, 18.538878104947983], [73.91198611574636, 18.53889222923961], [73.91200547341886, 18.53888333832886]]}}, {"type": "Feature", "properties": {"line": "red", "color": "#c62828", "sheet": 6, "sheet_title": "Sheet 12 MundhwaBridge", "segment": "0-0", "source": "Mula Mutha River Sangam bridge Mudhava KTW.pdf", "kind": "Estimated", "note": "Digitized from scanned plane-table sheet; filtered to twin corridor."}, "geometry": {"type": "LineString", "coordinates": [[73.92883890914916, 18.537919658660886], [73.928811765035, 18.537932576497393], [73.92878462092081, 18.5379454943339], [73.92875747680664, 18.537958412170408], [73.92873033269247, 18.537971330006915], [73.92870318857828, 18.537984247843422], [73.92868315760295, 18.537977134704587], [73.92865601348876, 18.537990052541094], [73.92862886937459, 18.5380029703776], [73.9286017252604, 18.538015888214108], [73.92857458114624, 18.538028806050615], [73.92854743703207, 18.538041723887122], [73.92852740605672, 18.53803461074829], [73.92850737508138, 18.538027497609455], [73.92848734410603, 18.53802038447062], [73.92846019999186, 18.538033302307127], [73.92843305587768, 18.538046220143634], [73.92841302490234, 18.5380391070048], [73.928392993927, 18.538031993865964], [73.92837296295166, 18.538024880727132], [73.92834581883749, 18.53803779856364], [73.9283186747233, 18.538050716400146], [73.92829864374797, 18.53804360326131], [73.92827861277262, 18.538036490122476], [73.92825858179728, 18.53802937698364], [73.92823855082193, 18.538022263844805], [73.92821140670776, 18.538035181681312], [73.92818426259359, 18.53804809951782], [73.92816423161824, 18.538040986378988], [73.9281442006429, 18.538033873240153], [73.92811705652872, 18.53804679107666], [73.92808991241455, 18.538059708913167], [73.9280698814392, 18.53805259577433], [73.92804985046386, 18.538045482635496], [73.92802981948853, 18.53803836949666], [73.92800267537434, 18.538051287333168], [73.92797553126017, 18.538064205169675], [73.92795550028482, 18.53805709203084], [73.92793546930949, 18.53804997889201], [73.92791543833414, 18.538042865753173], [73.92788829421997, 18.53805578358968], [73.92786826324462, 18.538048670450845], [73.92784823226928, 18.53804155731201], [73.92782108815511, 18.538054475148517], [73.92779394404093, 18.538067392985024], [73.9277739130656, 18.53806027984619], [73.92775388209024, 18.538053166707357], [73.92773385111491, 18.53804605356852], [73.92770670700072, 18.53805897140503], [73.92767956288655, 18.538071889241536], [73.92765953191122, 18.5380647761027], [73.92763950093587, 18.538057662963865], [73.92761946996053, 18.53805054982503], [73.92759232584635, 18.538063467661537], [73.92756518173218, 18.538076385498044], [73.92754515075683, 18.53806927235921], [73.92752511978149, 18.538062159220377], [73.92750508880614, 18.538055046081542], [73.92747794469197, 18.53806796391805], [73.9274508005778, 18.538080881754556], [73.92743076960245, 18.53807376861572], [73.92741073862712, 18.538066655476886], [73.92739070765177, 18.53805954233805], [73.92737067667643, 18.53805242919922], [73.92734353256225, 18.538065347035726], [73.92731638844808, 18.538078264872233], [73.92729635747274, 18.538071151733398], [73.92727632649739, 18.538064038594563], [73.92725629552206, 18.538056925455727], [73.9272362645467, 18.538049812316892], [73.92720912043254, 18.5380627301534], [73.92718197631835, 18.538075647989906], [73.92716194534302, 18.538068534851075], [73.92714191436767, 18.53806142171224], [73.92712188339233, 18.538054308573404], [73.92709473927816, 18.53806722640991], [73.92707470830281, 18.538060113271076], [73.92705467732748, 18.53805300013224], [73.92702753321329, 18.538065917968748], [73.92700750223796, 18.538058804829912], [73.9269874712626, 18.53805169169108], [73.92696032714844, 18.538064609527588], [73.92694029617309, 18.538057496388753], [73.92692026519775, 18.538050383249917], [73.92689312108358, 18.538063301086424], [73.92687309010823, 18.53805618794759], [73.9268530591329, 18.538049074808754], [73.92683302815755, 18.538041961669922], [73.92680588404338, 18.53805487950643], [73.92678585306803, 18.538047766367594], [73.92675870895386, 18.5380606842041], [73.92673867797852, 18.538053571065266], [73.92671864700317, 18.53804645792643]]}}, {"type": "Feature", "properties": {"line": "red", "color": "#c62828", "sheet": 6, "sheet_title": "Sheet 12 MundhwaBridge", "segment": "1-0", "source": "Mula Mutha River Sangam bridge Mudhava KTW.pdf", "kind": "Estimated", "note": "Digitized from scanned plane-table sheet; filtered to twin corridor."}, "geometry": {"type": "LineString", "coordinates": [[73.93880144119262, 18.535908425649005], [73.9388285853068, 18.535895507812498], [73.93884861628214, 18.535902620951333], [73.93887576039631, 18.535889703114826], [73.9389029045105, 18.53587678527832], [73.93893004862467, 18.53586386744181], [73.93895719273885, 18.535850949605305], [73.93898433685303, 18.535838031768797], [73.93900436782836, 18.535845144907633], [73.93903151194255, 18.535832227071126], [73.93905865605672, 18.53581930923462], [73.9390858001709, 18.53580639139811], [73.93911294428507, 18.535793473561604], [73.93914008839924, 18.535780555725097], [73.93916723251343, 18.53576763788859], [73.9391943766276, 18.535754720052083], [73.93922152074178, 18.535741802215576], [73.93924866485595, 18.53572888437907], [73.93927580897014, 18.53571596654256], [73.93929583994547, 18.535723079681397], [73.93932298405964, 18.53571016184489], [73.93935012817383, 18.535697244008382], [73.939377272288, 18.535684326171875], [73.93940441640218, 18.535671408335368], [73.93943156051635, 18.53565849049886], [73.93945870463052, 18.535645572662354], [73.93948584874471, 18.535632654825847], [73.93951299285888, 18.53561973698934], [73.93953302383423, 18.53562685012817], [73.9395601679484, 18.535613932291664], [73.93958731206259, 18.535601014455157], [73.93961445617676, 18.53558809661865], [73.93964160029093, 18.535575178782143], [73.93966874440511, 18.535562260945635], [73.93969588851928, 18.53554934310913], [73.93972303263347, 18.53553642527262], [73.93975017674764, 18.535523507436114], [73.93977732086181, 18.535510589599607], [73.93979735183716, 18.535517702738442], [73.93982449595133, 18.535504784901935], [73.93985164006551, 18.535491867065428], [73.93987878417968, 18.53547894922892], [73.93990592829387, 18.535466031392414], [73.93993307240804, 18.535453113555906], [73.93996021652221, 18.5354401957194], [73.9399873606364, 18.535427277882892], [73.94001450475056, 18.535414360046385], [73.94004164886475, 18.535401442209878], [73.94006167984008, 18.535408555348713], [73.94008882395426, 18.535395637512206], [73.94011596806844, 18.5353827196757], [73.94014311218261, 18.53536980183919], [73.9401702562968, 18.535356884002685], [73.94019740041097, 18.535343966166177], [73.94022454452514, 18.53533104832967], [73.94025168863932, 18.535318130493163], [73.94027883275349, 18.535305212656656], [73.94030597686768, 18.53529229482015], [73.94032600784301, 18.535299407958984], [73.9403531519572, 18.535286490122477], [73.94038029607137, 18.53527357228597], [73.94040744018554, 18.535260654449463], [73.94043458429972, 18.535247736612956], [73.9404617284139, 18.53523481877645], [73.94048887252808, 18.53522190093994], [73.94051601664225, 18.535208983103434], [73.9405360476176, 18.535216096242266], [73.94056319173177, 18.53520317840576], [73.94059033584594, 18.53519026056925], [73.94061747996012, 18.535177342732744], [73.9406446240743, 18.535164424896237], [73.94067176818848, 18.53515150705973], [73.94069891230265, 18.535138589223223], [73.94072605641682, 18.535125671386716], [73.940753200531, 18.53511275355021], [73.94078034464518, 18.5350998357137], [73.94080748875936, 18.535086917877194], [73.94083463287353, 18.535074000040687], [73.9408617769877, 18.53506108220418], [73.94088892110189, 18.535048164367673], [73.94090895207722, 18.53505527750651], [73.94093609619141, 18.53504235967], [73.94096324030558, 18.535029441833494], [73.94099038441976, 18.535016523996987], [73.94101752853393, 18.53500360616048], [73.9410446726481, 18.534990688323973], [73.94107181676229, 18.534977770487465], [73.94109896087646, 18.53496485265096], [73.94112610499064, 18.53495193481445], [73.94115324910481, 18.534939016977944], [73.94118039321899, 18.534926099141437], [73.94120753733317, 18.53491318130493], [73.94123468144734, 18.534900263468423], [73.94126182556153, 18.534887345631915], [73.94128185653686, 18.53489445877075], [73.94130900065105, 18.534881540934244], [73.94133614476522, 18.534868623097736], [73.94136328887939, 18.53485570526123], [73.94139043299357, 18.534842787424722], [73.94141757710774, 18.534829869588215], [73.94144472122193, 18.534816951751708], [73.9414718653361, 18.5348040339152], [73.94149900945027, 18.534791116078694], [73.94152615356445, 18.534778198242186], [73.94155329767862, 18.53476528040568], [73.94158044179281, 18.534752362569172], [73.94160758590698, 18.534739444732665], [73.94163473002115, 18.534726526896158], [73.94166187413533, 18.53471360905965], [73.9416890182495, 18.534700691223144], [73.94171616236369, 18.534687773386636], [73.94174330647786, 18.53467485555013], [73.94177045059203, 18.534661937713622], [73.94179759470622, 18.534649019877115]]}}, {"type": "Feature", "properties": {"line": "red", "color": "#c62828", "sheet": 6, "sheet_title": "Sheet 12 MundhwaBridge", "segment": "2-0", "source": "Mula Mutha River Sangam bridge Mudhava KTW.pdf", "kind": "Estimated", "note": "Digitized from scanned plane-table sheet; filtered to twin corridor."}, "geometry": {"type": "LineString", "coordinates": [[73.93554881032307, 18.536873742421466], [73.9355216662089, 18.536886660257974], [73.93549452209473, 18.53689957809448], [73.93546737798054, 18.536912495930988], [73.93544023386637, 18.536925413767495], [73.93541308975219, 18.536938331604002], [73.93538594563802, 18.53695124944051], [73.93535880152385, 18.536964167277016], [73.93533165740966, 18.536977085113524], [73.93532454427083, 18.536997116088866], [73.93529740015666, 18.537010033925373], [73.93527025604247, 18.53702295176188], [73.9352431119283, 18.537035869598387], [73.93521596781413, 18.537048787434895], [73.93518882369995, 18.5370617052714], [73.93516167958578, 18.53707462310791], [73.93513453547159, 18.537087540944416], [73.93510739135742, 18.537100458780923], [73.93508024724325, 18.53711337661743], [73.93505310312906, 18.537126294453937], [73.9350259590149, 18.537139212290445], [73.93499881490071, 18.53715213012695], [73.93497167078654, 18.53716504796346], [73.93494452667235, 18.537177965799966], [73.93491738255818, 18.537190883636473], [73.93489023844401, 18.53720380147298], [73.93486309432983, 18.537216719309487], [73.93483595021566, 18.537229637145995], [73.93480880610147, 18.5372425549825], [73.9347816619873, 18.53725547281901], [73.93475451787313, 18.537268390655516], [73.93472737375895, 18.537281308492023], [73.93470022964478, 18.53729422632853], [73.93467308553059, 18.537307144165037], [73.93464594141642, 18.537320062001545], [73.93461879730225, 18.53733297983805], [73.93459165318806, 18.53734589767456], [73.9345645090739, 18.537358815511066], [73.93453736495971, 18.537371733347573], [73.93451022084554, 18.53738465118408], [73.93448307673137, 18.537397569020587], [73.93445593261718, 18.537410486857095], [73.93443590164185, 18.53740337371826], [73.9344158706665, 18.537396260579424], [73.93438872655233, 18.53740917841593], [73.93436158243814, 18.53742209625244], [73.93433443832397, 18.537435014088945], [73.9343072942098, 18.537447931925453], [73.93428726323445, 18.53744081878662], [73.93426723225912, 18.537433705647786], [73.93424008814493, 18.537446623484293], [73.93421294403076, 18.5374595413208], [73.93418579991658, 18.537472459157307], [73.93416576894124, 18.53746534601847], [73.93414573796589, 18.537458232879636], [73.93411859385172, 18.537471150716144], [73.93409144973755, 18.53748406855265], [73.9340714187622, 18.537476955413815], [73.93404427464803, 18.537489873250323], [73.93401713053385, 18.53750279108683], [73.93398998641968, 18.537515708923337], [73.93396995544434, 18.537508595784505], [73.93394992446899, 18.53750148264567], [73.93392278035482, 18.537514400482177], [73.93389563624063, 18.537527318318684], [73.93386849212646, 18.53754023615519], [73.93384846115111, 18.537533123016356], [73.93382843017578, 18.53752600987752], [73.93380128606161, 18.537538927714028], [73.93377414194742, 18.537551845550535], [73.93375411097209, 18.5375447324117], [73.9337269668579, 18.537557650248207], [73.93369982274373, 18.537570568084714], [73.93367267862955, 18.53758348592122], [73.93365264765421, 18.53757637278239], [73.93363261667886, 18.537569259643554], [73.9336054725647, 18.53758217748006], [73.93357832845052, 18.53759509531657], [73.93355829747517, 18.537587982177733], [73.933531153361, 18.53760090001424], [73.93350400924682, 18.537613817850747], [73.93347686513265, 18.537626735687255], [73.93345683415731, 18.53761962254842], [73.93343680318196, 18.537612509409584], [73.93340965906779, 18.53762542724609]]}}, {"type": "Feature", "properties": {"line": "red", "color": "#c62828", "sheet": 6, "sheet_title": "Sheet 12 MundhwaBridge", "segment": "4-0", "source": "Mula Mutha River Sangam bridge Mudhava KTW.pdf", "kind": "Estimated", "note": "Digitized from scanned plane-table sheet; filtered to twin corridor."}, "geometry": {"type": "LineString", "coordinates": [[73.94184476979574, 18.534643215179443], [73.9418719139099, 18.534630297342936], [73.94189905802409, 18.53461737950643], [73.94192620213826, 18.53460446166992], [73.94195334625243, 18.534591543833415], [73.94197337722778, 18.534598656972246], [73.94200052134195, 18.53458573913574], [73.94202766545614, 18.534572821299232], [73.94205480957031, 18.534559903462725], [73.9420819536845, 18.534546985626218], [73.94210198465983, 18.534554098765053], [73.942129128774, 18.534541180928546], [73.94215627288818, 18.53452826309204], [73.94218341700235, 18.53451534525553], [73.9422034479777, 18.534522458394367], [73.94223059209187, 18.53450954055786], [73.94225062306722, 18.534516653696695], [73.9422777671814, 18.534503735860188], [73.94230491129557, 18.53449081802368], [73.94233205540975, 18.534477900187174], [73.94235919952392, 18.534464982350666], [73.94237923049927, 18.5344720954895], [73.94240637461344, 18.534459177652995], [73.94243351872761, 18.534446259816487], [73.9424606628418, 18.53443334197998], [73.94248069381713, 18.534440455118812], [73.94250783793132, 18.534427537282305], [73.94253498204549, 18.534414619445798], [73.94256212615967, 18.53440170160929], [73.942582157135, 18.534408814748126], [73.94260930124918, 18.53439589691162], [73.94262933222453, 18.534403010050454], [73.9426564763387, 18.534390092213947], [73.94267650731405, 18.534397205352782], [73.94270365142822, 18.534384287516275], [73.94272368240357, 18.53439140065511], [73.9427437133789, 18.534398513793946], [73.94277085749307, 18.53438559595744], [73.94279088846842, 18.53439270909627], [73.9428180325826, 18.534379791259763], [73.94283806355794, 18.5343869043986], [73.94285809453328, 18.534394017537434], [73.94288523864746, 18.534381099700926], [73.9429052696228, 18.53438821283976], [73.94293241373698, 18.534375295003255], [73.94295244471232, 18.53438240814209], [73.94297958882649, 18.534369490305583], [73.94299961980184, 18.534376603444414], [73.94301965077717, 18.53438371658325], [73.94304679489136, 18.534370798746743], [73.9430668258667, 18.534377911885578], [73.94309396998088, 18.53436499404907], [73.94311400095621, 18.534372107187906], [73.94314114507038, 18.5343591893514], [73.94316117604573, 18.534366302490234], [73.94318120702107, 18.534373415629066], [73.94320123799642, 18.5343805287679], [73.94322838211059, 18.534367610931394], [73.94324841308594, 18.53437472407023], [73.94326844406127, 18.534381837209065], [73.94328847503662, 18.5343889503479], [73.9433156191508, 18.534376032511393], [73.94333565012613, 18.534383145650228]]}}, {"type": "Feature", "properties": {"line": "red", "color": "#c62828", "sheet": 6, "sheet_title": "Sheet 12 MundhwaBridge", "segment": "5-0", "source": "Mula Mutha River Sangam bridge Mudhava KTW.pdf", "kind": "Estimated", "note": "Digitized from scanned plane-table sheet; filtered to twin corridor."}, "geometry": {"type": "LineString", "coordinates": [[73.92646985371907, 18.538048337300616], [73.92644982274373, 18.538041224161784], [73.92642267862955, 18.53805414199829], [73.92640264765421, 18.538047028859456], [73.92637550354003, 18.538059946695963], [73.9263554725647, 18.538052833557128], [73.92633544158936, 18.538045720418292], [73.92630829747517, 18.5380586382548], [73.926281153361, 18.538071556091307], [73.92626112238565, 18.53806444295247], [73.92624109141032, 18.538057329813636], [73.92622106043497, 18.538050216674804], [73.9261939163208, 18.53806313451131], [73.92616677220663, 18.53807605234782], [73.92614674123128, 18.538068939208983], [73.92612671025594, 18.538061826070148], [73.92609956614176, 18.538074743906655], [73.92607242202759, 18.538087661743162], [73.92605239105224, 18.538080548604327], [73.9260323600769, 18.538073435465492], [73.92601232910155, 18.53806632232666], [73.92598518498738, 18.538079240163167], [73.92595804087321, 18.538092157999674], [73.92593800989786, 18.53808504486084], [73.92591797892253, 18.538077931722004], [73.92589794794718, 18.53807081858317], [73.925870803833, 18.538083736419676], [73.92584365971882, 18.538096654256183], [73.92582362874349, 18.538089541117348], [73.92580359776815, 18.538082427978516], [73.92577645365397, 18.538095345815023], [73.9257493095398, 18.53810826365153], [73.92572927856445, 18.538101150512695], [73.92570924758911, 18.53809403737386], [73.92568921661376, 18.538086924235024], [73.92566207249959, 18.53809984207153], [73.92563492838542, 18.53811275990804], [73.92561489741007, 18.538105646769203], [73.92559486643474, 18.538098533630368], [73.92556772232055, 18.538111451466875], [73.92554769134522, 18.538104338328043], [73.92552766036987, 18.538097225189208], [73.9255005162557, 18.538110143025715], [73.92547337214151, 18.538123060862223], [73.92545334116618, 18.538115947723387], [73.92543331019084, 18.538108834584552], [73.92540616607666, 18.53812175242106], [73.92537902196248, 18.538134670257566], [73.92535899098714, 18.53812755711873], [73.9253389600118, 18.5381204439799], [73.92531892903645, 18.538113330841064], [73.92529178492228, 18.53812624867757], [73.92526464080811, 18.53813916651408], [73.92524460983276, 18.538132053375243], [73.92522457885742, 18.538124940236408], [73.92520454788207, 18.538117827097572], [73.9251774037679, 18.53813074493408], [73.92515025965372, 18.538143662770587], [73.92513022867838, 18.53813654963175], [73.92511019770303, 18.53812943649292], [73.92508305358886, 18.538142354329427], [73.9250559094747, 18.538155272165934], [73.92503587849934, 18.5381481590271], [73.92501584752401, 18.538141045888263], [73.92499581654866, 18.538133932749428], [73.92496867243449, 18.538146850585935], [73.9249415283203, 18.538159768422442], [73.92492149734497, 18.538152655283607], [73.92490146636963, 18.538145542144775], [73.92487432225545, 18.538158459981283], [73.92484717814128, 18.53817137781779], [73.92482714716593, 18.538164264678954], [73.92480711619059, 18.53815715154012], [73.92477997207641, 18.538170069376626], [73.92475282796224, 18.538182987213133], [73.92472568384807, 18.53819590504964], [73.92469853973388, 18.538208822886148], [73.92467850875855, 18.538201709747312], [73.9246584777832, 18.538194596608477], [73.92463133366903, 18.538207514444984], [73.92460418955484, 18.53822043228149], [73.92457704544067, 18.538233350118], [73.92455701446534, 18.538226236979167], [73.92452987035115, 18.538239154815674], [73.92450272623698, 18.53825207265218], [73.9244755821228, 18.53826499048869], [73.92445555114746, 18.538257877349853], [73.92442840703328, 18.53827079518636], [73.9244012629191, 18.538283713022867], [73.92438123194377, 18.538276599884032], [73.92435408782958, 18.53828951772054], [73.92432694371541, 18.538302435557046], [73.92429979960123, 18.538315353393553], [73.9242797686259, 18.538308240254718], [73.92425262451171, 18.538321158091225], [73.92422548039754, 18.538334075927732], [73.92419833628337, 18.53834699376424], [73.92417119216918, 18.538359911600747], [73.92415116119385, 18.53835279846191], [73.9241311302185, 18.53834568532308], [73.92410398610433, 18.538358603159587], [73.92407684199016, 18.538371520996094], [73.92404969787597, 18.5383844388326], [73.9240225537618, 18.53839735666911], [73.92400252278645, 18.538390243530273], [73.92398249181112, 18.538383130391438], [73.92395534769693, 18.538396048227945], [73.92392820358276, 18.538408966064452], [73.92390105946859, 18.53842188390096], [73.9238739153544, 18.538434801737466], [73.92385388437907, 18.53842768859863], [73.92382674026489, 18.538440606435138], [73.92379959615072, 18.538453524271645], [73.92377956517537, 18.53844641113281], [73.9237524210612, 18.538459328969317], [73.92372527694702, 18.538472246805824], [73.92370524597168, 18.53846513366699], [73.9236781018575, 18.5384780515035], [73.92365095774332, 18.538490969340007], [73.92362381362915, 18.538503887176514], [73.92359666951496, 18.53851680501302], [73.92357663853963, 18.538509691874186], [73.9235566075643, 18.53850257873535], [73.92352946345011, 18.538515496571858], [73.92350231933594, 18.538528414408365], [73.92347517522175, 18.538541332244872], [73.92344803110758, 18.53855425008138], [73.92342800013223, 18.538547136942544], [73.92340085601806, 18.53856005477905], [73.92337371190389, 18.538572972615558], [73.92335368092854, 18.538565859476723], [73.92332653681437, 18.53857877731323], [73.92329939270019, 18.538591695149737], [73.92327224858602, 18.538604612986244], [73.92324510447185, 18.53861753082275], [73.9232250734965, 18.538610417683916], [73.92320504252116, 18.538603304545084], [73.92317789840698, 18.53861622238159], [73.9231507542928, 18.5386291402181], [73.92312361017862, 18.538642058054606], [73.92310357920329, 18.53863494491577], [73.92307643508911, 18.538647862752278], [73.92304929097493, 18.538660780588785], [73.9230292599996, 18.53865366744995], [73.92300211588541, 18.538666585286457], [73.92297497177124, 18.538679503122964], [73.92294782765705, 18.53869242095947], [73.92292068354288, 18.538705338795978], [73.92290065256755, 18.538698225657143], [73.9228806215922, 18.538691112518308], [73.92285347747803, 18.538704030354815], [73.92282633336384, 18.538716948191322], [73.92279918924967, 18.53872986602783], [73.92277204513549, 18.538742783864336], [73.92275201416015, 18.538735670725504], [73.92273198318482, 18.53872855758667], [73.92275912729899, 18.538715639750162], [73.92277915827432, 18.538722752888997], [73.92280630238851, 18.53870983505249], [73.92283344650268, 18.538696917215983], [73.9228463643392, 18.538724061330157], [73.92287350845336, 18.53871114349365]]}}, {"type": "Feature", "properties": {"line": "red", "color": "#c62828", "sheet": 6, "sheet_title": "Sheet 12 MundhwaBridge", "segment": "6-0", "source": "Mula Mutha River Sangam bridge Mudhava KTW.pdf", "kind": "Estimated", "note": "Digitized from scanned plane-table sheet; filtered to twin corridor."}, "geometry": {"type": "LineString", "coordinates": [[73.93336248397827, 18.537631231943767], [73.93333533986409, 18.537644149780274], [73.93331530888875, 18.53763703664144], [73.93328816477458, 18.537649954477946], [73.9332610206604, 18.537662872314453], [73.93323387654623, 18.53767579015096], [73.93321384557088, 18.537668677012125], [73.93319381459554, 18.53766156387329], [73.93316667048136, 18.537674481709796], [73.93313952636719, 18.537687399546304], [73.93311949539185, 18.53768028640747], [73.93309235127766, 18.537693204243975], [73.9330652071635, 18.537706122080483], [73.93303806304931, 18.53771903991699], [73.93301803207397, 18.537711926778154], [73.93299800109862, 18.537704813639323], [73.93297085698445, 18.53771773147583], [73.93294371287028, 18.537730649312337], [73.9329165687561, 18.537743567148844], [73.93289653778076, 18.53773645401001], [73.93287650680541, 18.537729340871174], [73.93284936269124, 18.53774225870768], [73.93282221857706, 18.537755176544188], [73.93279507446289, 18.537768094380695], [73.93277504348755, 18.53776098124186], [73.9327550125122, 18.537753868103025], [73.93272786839803, 18.53776678593953], [73.93270072428385, 18.53777970377604], [73.93267358016968, 18.537792621612546], [73.93264643605549, 18.537805539449053], [73.93262640508016, 18.53779842631022], [73.93260637410482, 18.537791313171386], [73.93258634312947, 18.53778420003255], [73.9325591990153, 18.537797117869058], [73.93253205490112, 18.537810035705565], [73.93250491078695, 18.537822953542072], [73.93247776667276, 18.53783587137858], [73.93245773569743, 18.537828758239744], [73.93243770472209, 18.53782164510091], [73.9324105606079, 18.537834562937416], [73.93238341649374, 18.537847480773923], [73.93235627237955, 18.53786039861043], [73.93233624140422, 18.5378532854716], [73.93231621042887, 18.537846172332763], [73.93229617945353, 18.537839059193928], [73.93226903533936, 18.537851977030435], [73.93224900436401, 18.5378448638916], [73.93222897338867, 18.537837750752765], [73.93220182927449, 18.53785066858927], [73.93218179829915, 18.537843555450436], [73.9321617673238, 18.537836442311605], [73.93214173634847, 18.53782932917277], [73.93211459223429, 18.537842247009277], [73.93209456125895, 18.53783513387044], [73.9320745302836, 18.537828020731606], [73.93205449930826, 18.53782090759277], [73.9320273551941, 18.537833825429278], [73.93200732421874, 18.537826712290446], [73.93198729324341, 18.53781959915161], [73.93196726226806, 18.537812486012776], [73.93194011815389, 18.537825403849283], [73.93192008717854, 18.537818290710447], [73.9319000562032, 18.537811177571612], [73.93188002522785, 18.537804064432777], [73.93185288111368, 18.537816982269284], [73.93183285013835, 18.537809869130452], [73.931812819163, 18.537802755991617], [73.93179278818766, 18.53779564285278], [73.93176564407348, 18.53780856068929], [73.93174561309814, 18.537801447550454], [73.9317255821228, 18.53779433441162], [73.93169843800862, 18.537807252248125], [73.93167840703329, 18.537800139109294], [73.93165837605794, 18.53779302597046], [73.9316383450826, 18.537785912831623], [73.93161120096842, 18.53779883066813], [73.93159116999308, 18.537791717529295], [73.93157113901773, 18.53778460439046], [73.9315511080424, 18.537777491251624], [73.93152396392821, 18.53779040908813], [73.93150393295288, 18.5377832959493], [73.93148390197753, 18.537776182810465], [73.9314638710022, 18.53776906967163], [73.93143672688802, 18.537781987508136], [73.93141669591267, 18.5377748743693], [73.93139666493734, 18.537767761230466], [73.93137663396199, 18.537760648091634], [73.93134948984782, 18.53777356592814], [73.93132945887247, 18.537766452789306], [73.93130942789713, 18.53775933965047], [73.93128228378296, 18.537772257486978], [73.93126225280761, 18.537765144348143], [73.93124222183228, 18.537758031209307], [73.9312150777181, 18.537770949045814], [73.93118793360392, 18.53778386688232], [73.93116790262857, 18.53777675374349], [73.93114787165324, 18.537769640604655], [73.93112784067789, 18.53776252746582], [73.93110069656372, 18.537775445302326], [73.93107355244955, 18.537788363138834], [73.9310535214742, 18.53778125], [73.93103349049886, 18.537774136861163], [73.93101345952351, 18.537767023722328], [73.93098631540934, 18.537779941558835], [73.93095917129516, 18.537792859395342], [73.93093914031982, 18.53778574625651], [73.93091910934449, 18.537778633117675], [73.93089907836914, 18.53777151997884], [73.93087193425497, 18.537784437815347], [73.93084479014078, 18.537797355651854], [73.93082475916545, 18.53779024251302], [73.9308047281901, 18.537783129374183], [73.93078469721476, 18.53777601623535], [73.93075755310058, 18.53778893407186], [73.9307304089864, 18.537801851908366], [73.93071037801107, 18.53779473876953], [73.93069034703572, 18.537787625630695], [73.93067031606039, 18.53778051249186], [73.9306431719462, 18.537793430328367], [73.93062314097087, 18.537786317189532], [73.93060310999552, 18.537779204050697], [73.93058307902018, 18.537772090911865], [73.930555934906, 18.537785008748372], [73.93053590393066, 18.537777895609537], [73.93051587295533, 18.5377707824707], [73.93049584197998, 18.537763669331866], [73.9304686978658, 18.537776587168374], [73.93044866689046, 18.53776947402954], [73.93042863591512, 18.537762360890707], [73.93040149180094, 18.537775278727214], [73.9303814608256, 18.53776816558838], [73.93036142985025, 18.537761052449543], [73.93034139887492, 18.537753939310708], [73.93031425476075, 18.537766857147215], [73.9302942237854, 18.53775974400838], [73.93027419281006, 18.537752630869544], [73.93025416183471, 18.537745517730713], [73.93022701772054, 18.53775843556722], [73.93020698674519, 18.537751322428385], [73.93018695576986, 18.53774420928955], [73.93015981165567, 18.537757127126056], [73.93013978068034, 18.53775001398722], [73.930119749705, 18.537742900848386], [73.93009971872965, 18.537735787709554], [73.93007257461548, 18.53774870554606], [73.93005254364013, 18.537741592407226], [73.9300325126648, 18.53773447926839], [73.93001248168945, 18.537727366129555], [73.92998533757527, 18.537740283966063], [73.92996530659993, 18.537733170827227], [73.92994527562459, 18.537726057688392], [73.92991813151042, 18.537738975524903], [73.92989810053507, 18.537731862386067], [73.92987806955973, 18.537724749247232], [73.92985803858438, 18.537717636108397], [73.92983089447021, 18.537730553944904], [73.92981086349486, 18.53772344080607], [73.92979083251953, 18.537716327667233], [73.92977080154418, 18.5377092145284], [73.92974365743001, 18.53772213236491], [73.92972362645467, 18.537715019226074], [73.92970359547932, 18.53770790608724], [73.92967645136515, 18.537720823923745], [73.9296564203898, 18.53771371078491], [73.92963638941447, 18.537706597646075], [73.92961635843912, 18.537699484507243], [73.92958921432495, 18.53771240234375], [73.92956918334961, 18.537705289204915], [73.92954915237426, 18.53769817606608], [73.92952912139893, 18.537691062927244], [73.92950197728474, 18.53770398076375], [73.92948194630941, 18.537696867624916], [73.92945480219522, 18.537709785461423], [73.92942765808105, 18.53772270329793], [73.92940051396687, 18.537735621134438], [73.9293733698527, 18.537748538970945], [73.92935333887736, 18.53774142583211], [73.92932619476318, 18.537754343668617], [73.929299050649, 18.537767261505124], [73.92927190653482, 18.53778017934163], [73.92925187555949, 18.5377730662028], [73.92922473144532, 18.537785984039306], [73.92919758733113, 18.537798901875814], [73.92917044321696, 18.53781181971232], [73.92914329910278, 18.537824737548828]]}}, {"type": "Feature", "properties": {"line": "blue", "color": "#1565c0", "sheet": 6, "sheet_title": "Sheet 12 MundhwaBridge", "segment": "0-0", "source": "Mula Mutha River Sangam bridge Mudhava KTW.pdf", "kind": "Estimated", "note": "Digitized from scanned plane-table sheet; filtered to twin corridor."}, "geometry": {"type": "LineString", "coordinates": [[73.9346497001648, 18.537817648569742], [73.93467684427897, 18.537804730733235], [73.93470398839314, 18.537791812896728], [73.93473113250732, 18.53777889506022], [73.9347582766215, 18.537765977223714], [73.93478542073568, 18.537753059387207], [73.93481256484985, 18.5377401415507], [73.93483970896402, 18.537727223714192], [73.9348668530782, 18.537714305877685], [73.93489399719238, 18.537701388041178], [73.93492114130656, 18.53768847020467], [73.93494828542073, 18.537675552368164], [73.93497542953492, 18.537662634531657], [73.93500257364909, 18.53764971669515], [73.93502971776326, 18.537636798858642], [73.93505686187744, 18.537623881022135], [73.93508400599161, 18.537610963185628], [73.9351111501058, 18.53759804534912], [73.93513829421997, 18.537585127512614], [73.93516543833414, 18.537572209676107], [73.93519258244832, 18.5375592918396], [73.9352197265625, 18.537546374003092], [73.93524687067668, 18.537533456166585], [73.93527401479085, 18.537520538330078], [73.93530115890502, 18.53750762049357], [73.9353283030192, 18.537494702657064], [73.93535544713338, 18.537481784820557], [73.93538259124756, 18.53746886698405], [73.93540973536173, 18.537455949147542], [73.93543687947592, 18.537443031311035], [73.93546402359009, 18.537430113474528], [73.93549116770426, 18.53741719563802], [73.93551831181844, 18.537404277801514], [73.93554545593261, 18.537391359965007], [73.9355726000468, 18.5373784421285], [73.93559974416097, 18.537365524291992], [73.9356068572998, 18.53734549331665], [73.93563400141397, 18.537332575480143], [73.93566114552816, 18.537319657643636], [73.93568828964233, 18.53730673980713], [73.93571543375651, 18.53729382197062], [73.93574257787068, 18.537280904134114], [73.93576972198485, 18.537267986297607], [73.93579686609904, 18.5372550684611], [73.93580397923787, 18.537235037485758], [73.93583112335205, 18.53722211964925], [73.93585826746623, 18.537209201812743], [73.9358854115804, 18.537196283976236], [73.93591255569457, 18.53718336613973], [73.93593969980876, 18.537170448303222], [73.93596684392293, 18.537157530466715], [73.93597395706176, 18.537137499491372], [73.93600110117595, 18.537124581654865], [73.93602824529012, 18.537111663818358], [73.93605538940429, 18.53709874598185], [73.93608253351847, 18.537085828145344], [73.93610967763264, 18.537072910308837], [73.93613682174683, 18.53705999247233], [73.936163965861, 18.537047074635822], [73.93619110997517, 18.537034156799315], [73.93621825408935, 18.537021238962808], [73.93622536722819, 18.537001207987466], [73.93623248036702, 18.536981177012123], [73.9362596244812, 18.536968259175616], [73.93628676859538, 18.53695534133911], [73.93631391270955, 18.5369424235026], [73.93634105682372, 18.536929505666095], [73.9363682009379, 18.536916587829587], [73.93639534505208, 18.53690366999308], [73.93642248916626, 18.536890752156573], [73.93644963328043, 18.536877834320066], [73.9364767773946, 18.53686491648356], [73.93650392150879, 18.53685199864705], [73.93653106562296, 18.536839080810545], [73.93655820973714, 18.536826162974037], [73.93658535385131, 18.53681324513753], [73.93659246699015, 18.536793214162188], [73.93659958012898, 18.53677318318685], [73.93662672424315, 18.536760265350342], [73.9366467552185, 18.536767378489174], [73.93667389933267, 18.536754460652666], [73.93670104344686, 18.53674154281616], [73.9367210744222, 18.536748655954995], [73.93674821853638, 18.536735738118487], [73.93676824951172, 18.536742851257323], [73.93679539362589, 18.536729933420816], [73.93681542460124, 18.53673704655965], [73.9368425687154, 18.536724128723144], [73.93686971282959, 18.536711210886637], [73.93688974380493, 18.536718324025472], [73.93691688791911, 18.536705406188965], [73.93694403203328, 18.536692488352458], [73.93696406300862, 18.53669960149129], [73.9369912071228, 18.536686683654782], [73.93701123809814, 18.536693796793617], [73.93703838221232, 18.53668087895711], [73.93705841318766, 18.536687992095946], [73.93708555730184, 18.53667507425944], [73.93710558827718, 18.536682187398274], [73.93713273239135, 18.536669269561767]]}}, {"type": "Feature", "properties": {"line": "blue", "color": "#1565c0", "sheet": 6, "sheet_title": "Sheet 12 MundhwaBridge", "segment": "1-0", "source": "Mula Mutha River Sangam bridge Mudhava KTW.pdf", "kind": "Estimated", "note": "Digitized from scanned plane-table sheet; filtered to twin corridor."}, "geometry": {"type": "LineString", "coordinates": [[73.94079702123005, 18.535624566396077], [73.94078410339355, 18.5355974222819], [73.94075695927937, 18.535610340118406], [73.9407298151652, 18.535623257954914], [73.94070267105103, 18.53563617579142], [73.94067552693684, 18.535649093627928], [73.94065549596151, 18.535641980489093], [73.94062835184732, 18.5356548983256], [73.94060120773315, 18.535667816162107], [73.94057406361898, 18.535680733998614], [73.9405469195048, 18.53569365183512], [73.94051977539063, 18.53570656967163], [73.94049263127644, 18.535719487508135], [73.94046548716227, 18.535732405344643], [73.94043834304809, 18.53574532318115], [73.94041119893392, 18.535758241017657], [73.94038405481975, 18.535771158854164], [73.94035691070556, 18.53578407669067], [73.94032976659139, 18.53579699452718], [73.9403026224772, 18.535809912363685], [73.94028259150187, 18.535802799224854], [73.94026256052652, 18.53579568608602], [73.94023541641235, 18.535808603922526], [73.94020827229818, 18.535821521759033], [73.940181128184, 18.53583443959554], [73.94015398406982, 18.535847357432047], [73.94012683995564, 18.535860275268554], [73.94009969584147, 18.53587319310506], [73.9400725517273, 18.53588611094157], [73.94004540761311, 18.535899028778076], [73.94001826349894, 18.535911946614583], [73.93999111938476, 18.53592486445109], [73.93996397527059, 18.535937782287597], [73.93993683115642, 18.535950700124104], [73.93990968704223, 18.53596361796061], [73.93988254292806, 18.53597653579712], [73.93985539881388, 18.535989453633626], [73.9398282546997, 18.536002371470133], [73.93980822372436, 18.535995258331297], [73.93978107961019, 18.536008176167805], [73.93975393549601, 18.53602109400431], [73.93972679138183, 18.53603401184082], [73.93969964726766, 18.536046929677326], [73.93967250315347, 18.536059847513833], [73.93965247217814, 18.536052734374998], [73.93962532806397, 18.536065652211505], [73.93959818394978, 18.536078570048012], [73.93957103983561, 18.53609148788452], [73.93954389572143, 18.536104405721026], [73.93951675160726, 18.536117323557534], [73.93948960749307, 18.53613024139404], [73.9394624633789, 18.536143159230548], [73.93944243240357, 18.536136046091713], [73.93941528828938, 18.53614896392822], [73.93938814417521, 18.536161881764727], [73.93936100006103, 18.536174799601234], [73.93933385594686, 18.53618771743774], [73.93930671183269, 18.53620063527425], [73.9392795677185, 18.536213553110755]]}}, {"type": "Feature", "properties": {"line": "blue", "color": "#1565c0", "sheet": 6, "sheet_title": "Sheet 12 MundhwaBridge", "segment": "3-0", "source": "Mula Mutha River Sangam bridge Mudhava KTW.pdf", "kind": "Estimated", "note": "Digitized from scanned plane-table sheet; filtered to twin corridor."}, "geometry": {"type": "LineString", "coordinates": [[73.94333360417684, 18.534833557128906], [73.94335363515218, 18.53484067026774], [73.94338077926635, 18.534827752431234], [73.9434008102417, 18.534834865570065], [73.9434137280782, 18.534862009684243], [73.94344087219238, 18.534849091847736], [73.94346801630655, 18.53483617401123], [73.9434880472819, 18.534843287150064], [73.94350807825724, 18.5348504002889], [73.94353522237142, 18.534837482452392], [73.94354814020792, 18.534864626566566], [73.9435752843221, 18.53485170873006], [73.94360242843628, 18.534838790893552], [73.94362245941161, 18.534845904032387], [73.94363537724813, 18.534873048146565], [73.9436625213623, 18.534860130310058], [73.94368255233765, 18.534867243448893]]}}, {"type": "Feature", "properties": {"line": "blue", "color": "#1565c0", "sheet": 6, "sheet_title": "Sheet 12 MundhwaBridge", "segment": "5-0", "source": "Mula Mutha River Sangam bridge Mudhava KTW.pdf", "kind": "Estimated", "note": "Digitized from scanned plane-table sheet; filtered to twin corridor."}, "geometry": {"type": "LineString", "coordinates": [[73.92431778462728, 18.538772878011066], [73.92429064051309, 18.538785795847573], [73.92426349639892, 18.53879871368408], [73.92424346542359, 18.538791600545245], [73.9242163213094, 18.538804518381752], [73.92418917719523, 18.53881743621826], [73.92416914621988, 18.538810323079424], [73.92414200210571, 18.53882324091593], [73.92411485799154, 18.53883615875244], [73.92409482701619, 18.538829045613607], [73.92406768290202, 18.538841963450114], [73.92404053878784, 18.53885488128662], [73.92401339467366, 18.53886779912313], [73.92399336369832, 18.538860685984293], [73.92396621958414, 18.5388736038208], [73.92394618860881, 18.538866490681965], [73.92391904449462, 18.538879408518472], [73.92389190038045, 18.53889232635498], [73.92386475626627, 18.538905244191486], [73.92384472529093, 18.53889813105265], [73.92381758117675, 18.538911048889158], [73.92379043706258, 18.538923966725665], [73.92376329294841, 18.538936884562172], [73.92373614883422, 18.53894980239868], [73.92371611785889, 18.538942689259844], [73.92369608688354, 18.538935576121013], [73.92366894276937, 18.53894849395752], [73.92364179865518, 18.538961411794027], [73.92361465454101, 18.538974329630534], [73.92358751042684, 18.53898724746704], [73.92356747945149, 18.538980134328206], [73.92354033533732, 18.538993052164713], [73.92351319122314, 18.53900597000122], [73.9234931602478, 18.538998856862385], [73.92346601613362, 18.539011774698892], [73.92343887201945, 18.5390246925354], [73.92341884104411, 18.539017579396564], [73.92339169692993, 18.53903049723307], [73.92336455281576, 18.539043415069578], [73.92333740870157, 18.539056332906085], [73.9233102645874, 18.539069250742592], [73.92329023361206, 18.539062137603757], [73.92327020263671, 18.539055024464925], [73.92324305852254, 18.539067942301433], [73.92321591440836, 18.53908086013794], [73.92318877029419, 18.539093777974447], [73.92316162618, 18.539106695810954], [73.92314159520467, 18.53909958267212], [73.9231144510905, 18.539112500508626], [73.92308730697631, 18.539125418345133], [73.92306727600098, 18.539118305206298], [73.9230401318868, 18.539131223042805], [73.92301298777262, 18.539144140879312], [73.92299295679727, 18.539137027740477], [73.9229658126831, 18.539149945576984], [73.92293866856893, 18.53916286341349], [73.92291863759358, 18.539155750274656], [73.92289149347941, 18.539168668111163], [73.92286434936523, 18.53918158594767], [73.92284431838989, 18.539174472808835], [73.9228171742757, 18.539187390645342]]}}, {"type": "Feature", "properties": {"line": "blue", "color": "#1565c0", "sheet": 6, "sheet_title": "Sheet 12 MundhwaBridge", "segment": "6-0", "source": "Mula Mutha River Sangam bridge Mudhava KTW.pdf", "kind": "Estimated", "note": "Digitized from scanned plane-table sheet; filtered to twin corridor."}, "geometry": {"type": "LineString", "coordinates": [[73.93242854563395, 18.53829208755493], [73.93240140151977, 18.538305005391436], [73.9323742574056, 18.538317923227943], [73.93235422643025, 18.53831081008911], [73.93234130859375, 18.538283665974934], [73.93231416447956, 18.53829658381144], [73.93229413350423, 18.538289470672606], [73.93226698939006, 18.538302388509113], [73.93223984527587, 18.53831530634562], [73.93221981430054, 18.538308193206785], [73.93220689646402, 18.53828104909261], [73.93217975234985, 18.538293966929118], [73.93215260823567, 18.538306884765625], [73.93213257726033, 18.53829977162679], [73.93211965942382, 18.53827262751261], [73.93209251530965, 18.53828554534912], [73.93206537119548, 18.538298463185626], [73.93205245335896, 18.538271319071452], [73.93202530924479, 18.53828423690796], [73.93200527826944, 18.538277123769124], [73.93197813415527, 18.53829004160563], [73.93195810317992, 18.538282928466796], [73.93194518534342, 18.538255784352618], [73.93191804122924, 18.538268702189125], [73.93189089711507, 18.538281620025632], [73.93187797927857, 18.538254475911458], [73.93185083516438, 18.538267393747965], [73.93183080418905, 18.53826028060913], [73.93180366007486, 18.538273198445637], [73.93178362909953, 18.5382660853068], [73.93177071126301, 18.538238941192624], [73.93174356714884, 18.53825185902913], [73.93171642303467, 18.53826477686564], [73.93169639205932, 18.538257663726807], [73.93168347422282, 18.53823051961263], [73.93165633010864, 18.538243437449136], [73.93162918599447, 18.538256355285643], [73.93161626815795, 18.538229211171465], [73.93158912404378, 18.538242129007973], [73.9315619799296, 18.53825504684448], [73.93154194895426, 18.538247933705648], [73.93152903111775, 18.53822078959147], [73.93150188700358, 18.538233707427977], [73.9314747428894, 18.538246625264485], [73.93145471191406, 18.53823951212565], [73.93144179407756, 18.53821236801147], [73.93142176310221, 18.53820525487264], [73.93139461898804, 18.538218172709147], [73.93136747487385, 18.538231090545654], [73.93135455703735, 18.538203946431477], [73.93132741292317, 18.538216864267984], [73.93130738194783, 18.53820975112915]]}}, {"type": "Feature", "properties": {"line": "blue", "color": "#1565c0", "sheet": 6, "sheet_title": "Sheet 12 MundhwaBridge", "segment": "7-0", "source": "Mula Mutha River Sangam bridge Mudhava KTW.pdf", "kind": "Estimated", "note": "Digitized from scanned plane-table sheet; filtered to twin corridor."}, "geometry": {"type": "LineString", "coordinates": [[73.94235004043578, 18.534935424804686], [73.94232289632161, 18.534948342641194], [73.94229575220743, 18.5349612604777], [73.94226860809326, 18.534974178314208], [73.94224146397909, 18.534987096150715], [73.9422143198649, 18.535000013987222], [73.94219428888957, 18.534992900848387], [73.94216714477538, 18.535005818684894], [73.94214000066121, 18.5350187365214], [73.94211285654704, 18.53503165435791], [73.94208571243286, 18.535044572194415], [73.94206568145752, 18.53503745905558], [73.94203853734334, 18.535050376892087], [73.94201139322917, 18.535063294728594], [73.94198424911498, 18.5350762125651], [73.94195710500081, 18.53508913040161], [73.94192996088664, 18.535102048238116], [73.94190281677245, 18.535114966074623], [73.94187567265828, 18.53512788391113], [73.9418485285441, 18.535140801747637], [73.94182138442993, 18.535153719584144], [73.94179424031576, 18.53516663742065], [73.94176709620157, 18.53517955525716], [73.9417399520874, 18.535192473093666], [73.94171280797322, 18.535205390930173], [73.94168566385905, 18.53521830876668], [73.9416656328837, 18.53521119562785], [73.94163848876953, 18.535224113464356], [73.94161134465536, 18.535237031300863], [73.94158420054117, 18.53524994913737], [73.941557056427, 18.535262866973877], [73.94152991231282, 18.535275784810384], [73.94150276819865, 18.53528870264689], [73.94147562408448, 18.5353016204834], [73.94144847997029, 18.535314538319906], [73.94142133585612, 18.535327456156413], [73.94139419174194, 18.53534037399292], [73.94136704762776, 18.535353291829427], [73.9413399035136, 18.535366209665934], [73.94131275939941, 18.53537912750244], [73.94128561528524, 18.53539204533895], [73.94126558430989, 18.535384932200113], [73.94123844019572, 18.53539785003662], [73.94121129608153, 18.535410767873127], [73.94118415196736, 18.535423685709635], [73.94115700785319, 18.53543660354614], [73.94112986373901, 18.53544952138265], [73.94110271962484, 18.535462439219156], [73.94107557551065, 18.535475357055663], [73.94104843139648, 18.53548827489217], [73.94102128728231, 18.535501192728677], [73.94099414316813, 18.535514110565185], [73.94096699905396, 18.53552702840169], [73.94093985493977, 18.5355399462382], [73.9409127108256, 18.535552864074706], [73.94088556671143, 18.535565781911213], [73.94086553573608, 18.535558668772378], [73.94083839162191, 18.535571586608885], [73.94081124750772, 18.535584504445392], [73.94079832967122, 18.535557360331214]]}}, {"type": "Feature", "properties": {"line": "blue", "color": "#1565c0", "sheet": 6, "sheet_title": "Sheet 12 MundhwaBridge", "segment": "8-0", "source": "Mula Mutha River Sangam bridge Mudhava KTW.pdf", "kind": "Estimated", "note": "Digitized from scanned plane-table sheet; filtered to twin corridor."}, "geometry": {"type": "LineString", "coordinates": [[73.9328402036031, 18.5382127011617], [73.93286734771728, 18.538199783325194], [73.93289449183146, 18.538186865488687], [73.9329145228068, 18.538193978627522], [73.93294166692098, 18.538181060791015], [73.93296881103515, 18.538168142954508], [73.9329888420105, 18.538175256093343], [73.93301598612467, 18.538162338256836], [73.93303601710001, 18.538169451395667], [73.93306316121419, 18.53815653355916], [73.93309030532836, 18.538143615722653], [73.93311033630371, 18.53815072886149], [73.93313748041788, 18.53813781102498], [73.93315751139323, 18.538144924163817], [73.9331846555074, 18.53813200632731], [73.93320468648274, 18.538139119466145], [73.93323183059692, 18.538126201629638], [73.9332589747111, 18.53811328379313], [73.93328611882528, 18.538100365956623], [73.93330614980061, 18.53810747909546], [73.93333329391479, 18.53809456125895], [73.93335332489013, 18.538101674397787], [73.9333804690043, 18.53808875656128], [73.93340761311849, 18.538075838724772], [73.93342764409383, 18.538082951863604], [73.93345478820801, 18.538070034027097], [73.93347481918335, 18.538077147165932], [73.93350196329752, 18.538064229329425], [73.9335291074117, 18.538051311492918], [73.93354913838704, 18.538058424631753], [73.93356916936239, 18.53806553777059], [73.93359631347656, 18.53805261993408], [73.93362345759074, 18.538039702097574], [73.93365060170491, 18.538026784261067], [73.93367063268026, 18.538033897399902], [73.93369777679443, 18.538020979563395], [73.93371780776977, 18.538028092702227], [73.93374495188395, 18.53801517486572], [73.93377209599812, 18.538002257029213], [73.93379212697347, 18.538009370168048], [73.93381927108764, 18.53799645233154], [73.93384641520181, 18.537983534495034], [73.93386644617716, 18.53799064763387], [73.93389359029133, 18.537977729797362], [73.93391362126668, 18.537984842936197], [73.93394076538085, 18.53797192509969], [73.93396790949504, 18.537959007263183], [73.93398794047037, 18.537966120402018], [73.93401508458454, 18.53795320256551], [73.9340351155599, 18.537960315704343], [73.93406225967406, 18.537947397867836]]}}, {"type": "Feature", "properties": {"line": "blue", "color": "#1565c0", "sheet": 6, "sheet_title": "Sheet 12 MundhwaBridge", "segment": "9-0", "source": "Mula Mutha River Sangam bridge Mudhava KTW.pdf", "kind": "Estimated", "note": "Digitized from scanned plane-table sheet; filtered to twin corridor."}, "geometry": {"type": "LineString", "coordinates": [[73.92845815404256, 18.538483713785805], [73.9284781850179, 18.53849082692464], [73.92850532913208, 18.538477909088133], [73.92852536010741, 18.53848502222697], [73.9285525042216, 18.53847210439046], [73.92857253519693, 18.538479217529297], [73.92859256617228, 18.538486330668132], [73.92861971028645, 18.538473412831625], [73.92864685440063, 18.538460494995118], [73.92867399851481, 18.53844757715861], [73.92869402949015, 18.538454690297442], [73.92872117360433, 18.538441772460935], [73.9287483177185, 18.538428854624428], [73.92877546183269, 18.53841593678792], [73.92879549280802, 18.538423049926756], [73.92882263692219, 18.53841013209025], [73.92884978103638, 18.53839721425374], [73.92887692515055, 18.538384296417235], [73.92890406926473, 18.538371378580727], [73.9289312133789, 18.53835846074422], [73.92895835749307, 18.538345542907713], [73.92897838846842, 18.53835265604655], [73.9290055325826, 18.53833973821004], [73.92903267669678, 18.538326820373534], [73.92905982081095, 18.538313902537027], [73.9290798517863, 18.538321015675862], [73.92910699590047, 18.538308097839355], [73.92913414001464, 18.538295180002848], [73.92916128412882, 18.53828226216634], [73.92918131510416, 18.538289375305176], [73.92920845921834, 18.53827645746867], [73.92923560333251, 18.538263539632162], [73.9292627474467, 18.538250621795655], [73.92928989156087, 18.538237703959144], [73.9293099225362, 18.53824481709798], [73.92933706665039, 18.538231899261472], [73.92936421076456, 18.538218981424965], [73.9293713239034, 18.538198950449623], [73.92939846801758, 18.538186032613115], [73.92941849899292, 18.53819314575195], [73.92943852996827, 18.538200258890786], [73.9294585609436, 18.53820737202962], [73.92948570505777, 18.538194454193114], [73.92949281819661, 18.53817442321777], [73.92951996231079, 18.538161505381265], [73.92954710642496, 18.538148587544757], [73.92957425053915, 18.53813566970825], [73.92959428151448, 18.538142782847085], [73.92961431248982, 18.53814989598592], [73.92963434346517, 18.538157009124756], [73.9296543744405, 18.538164122263588], [73.92968151855469, 18.53815120442708], [73.92970154953002, 18.538158317565916], [73.92972158050537, 18.53816543070475], [73.92974161148071, 18.538172543843586], [73.92976875559489, 18.53815962600708], [73.92978167343139, 18.538186770121253], [73.92980881754556, 18.538173852284746], [73.92983596165975, 18.53816093444824], [73.92985599263508, 18.538168047587074], [73.9298689104716, 18.538195191701252], [73.92989605458577, 18.538182273864745], [73.92991608556112, 18.53818938700358], [73.92994322967529, 18.538176469167073], [73.92996326065064, 18.53818358230591], [73.92998329162597, 18.53819069544474], [73.93001043574014, 18.538177777608233], [73.9300304667155, 18.53818489074707], [73.93005049769083, 18.538192003885904], [73.93007052866618, 18.53819911702474], [73.93009767278035, 18.53818619918823], [73.9301177037557, 18.538193312327067], [73.93013773473103, 18.5382004254659], [73.93016487884522, 18.53818750762939], [73.93018490982055, 18.538194620768227], [73.93019782765707, 18.538221764882405], [73.93022497177124, 18.538208847045897], [73.93025211588541, 18.53819592920939], [73.93027214686076, 18.538203042348226], [73.93028506469726, 18.5382301864624], [73.93031220881144, 18.538217268625893], [73.93033935292561, 18.538204350789385], [73.93035938390096, 18.53821146392822], [73.9303794148763, 18.538218577067056], [73.93040655899047, 18.53820565923055], [73.93042658996582, 18.538212772369384], [73.93043950780232, 18.53823991648356], [73.9304666519165, 18.53822699864705], [73.93049379603067, 18.538214080810544], [73.93050671386719, 18.53824122492472], [73.93053385798136, 18.538228307088215], [73.93056100209554, 18.538215389251707], [73.93058103307088, 18.538222502390543], [73.93059395090738, 18.53824964650472], [73.93062109502156, 18.53823672866821], [73.9306411259969, 18.538243841807045]]}}, {"type": "Feature", "properties": {"line": "green", "color": "#2e7d32", "sheet": 6, "sheet_title": "Sheet 12 MundhwaBridge", "segment": "0-0", "source": "Mula Mutha River Sangam bridge Mudhava KTW.pdf", "kind": "Estimated", "note": "Digitized from scanned plane-table sheet; filtered to twin corridor."}, "geometry": {"type": "LineString", "coordinates": [[73.92385093434652, 18.539960510253906], [73.92386385218302, 18.53998765436808], [73.92388388315837, 18.539994767506915], [73.9239039141337, 18.54000188064575], [73.92391683197022, 18.540029024759928], [73.92393686294555, 18.540036137898763], [73.9239568939209, 18.540043251037595], [73.9239698117574, 18.540070395151773], [73.92398984273274, 18.540077508290608], [73.92400987370809, 18.540084621429443], [73.92402990468342, 18.540091734568275], [73.92404993565877, 18.54009884770711], [73.92406996663411, 18.540105960845946], [73.92408999760946, 18.54011307398478], [73.92411002858479, 18.540120187123616], [73.92413005956014, 18.54012730026245], [73.92415720367431, 18.540114382425944], [73.92417723464966, 18.540121495564776], [73.924197265625, 18.54012860870361], [73.92422440973917, 18.540115690867104], [73.92424444071452, 18.54012280400594], [73.92427158482869, 18.540109886169432], [73.92429872894287, 18.540096968332925], [73.92431875991821, 18.54010408147176], [73.92434590403239, 18.540091163635253], [73.92437304814656, 18.540078245798746], [73.92440019226073, 18.54006532796224], [73.92442733637492, 18.540052410125732], [73.92445448048909, 18.540039492289225], [73.92448162460327, 18.540026574452718], [73.92450165557861, 18.540033687591553], [73.92452879969278, 18.540020769755046], [73.92455594380696, 18.54000785191854], [73.92458308792114, 18.53999493408203], [73.92461023203532, 18.539982016245524], [73.92463026301066, 18.539989129384356], [73.92465740712484, 18.53997621154785], [73.92468455123901, 18.53996329371134], [73.92470458221435, 18.539970406850177], [73.92473172632853, 18.53995748901367], [73.9247588704427, 18.539944571177163], [73.92478601455689, 18.539931653340656], [73.92480604553222, 18.53993876647949], [73.9248331896464, 18.539925848642984], [73.92486033376058, 18.539912930806477], [73.92488036473591, 18.539920043945312], [73.9249075088501, 18.539907126108805], [73.92493465296427, 18.539894208272298], [73.92496179707845, 18.53988129043579], [73.92498894119262, 18.539868372599283], [73.9250160853068, 18.539855454762776], [73.92504322942098, 18.53984253692627], [73.92507037353515, 18.539829619089762], [73.92509751764933, 18.539816701253255], [73.92511754862467, 18.53982381439209], [73.92513757960002, 18.53983092753092], [73.92515761057535, 18.539838040669757], [73.9251776415507, 18.539845153808592], [73.92519767252604, 18.539852266947427], [73.92521770350137, 18.539859380086263], [73.92523062133789, 18.539886524200437], [73.92524353917439, 18.539913668314615], [73.9252564570109, 18.539940812428792], [73.9252693748474, 18.539967956542966], [73.92528229268392, 18.539995100657144], [73.92527517954508, 18.540015131632487], [73.92528809738158, 18.54004227574666], [73.92528098424276, 18.540062306722003], [73.92529390207926, 18.54008945083618], [73.92528678894043, 18.540109481811523], [73.92529970677694, 18.540136625925697]]}}, {"type": "Feature", "properties": {"line": "green", "color": "#2e7d32", "sheet": 6, "sheet_title": "Sheet 12 MundhwaBridge", "segment": "1-0", "source": "Mula Mutha River Sangam bridge Mudhava KTW.pdf", "kind": "Estimated", "note": "Digitized from scanned plane-table sheet; filtered to twin corridor."}, "geometry": {"type": "LineString", "coordinates": [[73.92957800928751, 18.538633256276448], [73.92957089614868, 18.53865328725179], [73.92958381398519, 18.538680431365965], [73.92959673182169, 18.538707575480142], [73.9296096496582, 18.53873471959432], [73.92962968063354, 18.53874183273315], [73.92964971160889, 18.538748945871987], [73.92967685572306, 18.53873602803548], [73.92969688669841, 18.538743141174315], [73.92972403081258, 18.538730223337808], [73.92974406178791, 18.538737336476643], [73.9297712059021, 18.538724418640136], [73.92979123687743, 18.53873153177897], [73.92981838099162, 18.538718613942464], [73.92983841196695, 18.538725727081296], [73.9298584429423, 18.53873284022013], [73.92988558705648, 18.538719922383624], [73.92990561803181, 18.53872703552246], [73.929932762146, 18.538714117685952], [73.92995279312133, 18.538721230824788], [73.92997993723552, 18.53870831298828], [73.92999996821085, 18.538715426127116], [73.93002711232504, 18.53870250829061], [73.93004714330037, 18.53870962142944], [73.93007428741454, 18.538696703592933], [73.93010143152873, 18.538683785756426], [73.93012146250406, 18.53869089889526], [73.93014860661825, 18.538677981058754], [73.93017575073242, 18.538665063222247], [73.9302028948466, 18.53865214538574], [73.93023003896077, 18.538639227549233], [73.93025718307494, 18.538626309712726], [73.93028432718913, 18.53861339187622], [73.9303114713033, 18.53860047403971], [73.93033861541748, 18.538587556203204], [73.93036575953165, 18.538574638366697], [73.93037287267049, 18.538554607391355], [73.93040001678466, 18.538541689554847], [73.9304071299235, 18.53852165857951], [73.93043427403768, 18.538508740743], [73.93046141815185, 18.538495822906494], [73.93046853129069, 18.538475791931152], [73.93049567540487, 18.538462874094645], [73.93052281951904, 18.538449956258138], [73.93054285049438, 18.538457069396973], [73.93056999460856, 18.538444151560466], [73.9305900255839, 18.538451264699297], [73.93061716969808, 18.53843834686279], [73.93063720067342, 18.538445460001626], [73.93065723164877, 18.53845257314046], [73.9306772626241, 18.538459686279296], [73.93069729359945, 18.53846679941813], [73.93071732457479, 18.538473912556963], [73.93073735555012, 18.5384810256958], [73.93075738652547, 18.538488138834634], [73.9307774175008, 18.53849525197347], [73.93079744847616, 18.538502365112304], [73.93081747945149, 18.53850947825114], [73.93083751042684, 18.53851659138997], [73.93085754140218, 18.538523704528806], [73.93087757237753, 18.53853081766764], [73.93089760335286, 18.538537930806477], [73.93091763432821, 18.538545043945312], [73.93093766530355, 18.538552157084144], [73.93095769627888, 18.53855927022298], [73.93097772725423, 18.538566383361815], [73.93099775822957, 18.53857349650065], [73.93101778920492, 18.538580609639485]]}}, {"type": "Feature", "properties": {"line": "green", "color": "#2e7d32", "sheet": 6, "sheet_title": "Sheet 12 MundhwaBridge", "segment": "2-0", "source": "Mula Mutha River Sangam bridge Mudhava KTW.pdf", "kind": "Estimated", "note": "Digitized from scanned plane-table sheet; filtered to twin corridor."}, "geometry": {"type": "LineString", "coordinates": [[73.92980267969767, 18.539525086720783], [73.92977553558349, 18.53953800455729], [73.92974839146932, 18.539550922393797], [73.92974127833048, 18.53957095336914], [73.92971413421631, 18.539583871205647], [73.92968699010213, 18.539596789042154], [73.92965984598796, 18.53960970687866], [73.92963270187377, 18.539622624715168], [73.9296055577596, 18.539635542551675], [73.92957841364543, 18.539648460388182], [73.92955838267008, 18.539641347249347], [73.92953123855591, 18.539654265085854], [73.92951120758056, 18.53964715194702], [73.92949117660523, 18.539640038808184], [73.92946403249104, 18.53965295664469], [73.9294440015157, 18.53964584350586], [73.92942397054036, 18.539638730367024], [73.92939682642618, 18.53965164820353], [73.92937679545085, 18.539644535064696], [73.9293567644755, 18.53963742192586], [73.92933673350016, 18.539630308787025], [73.92931670252482, 18.539623195648193], [73.92929667154948, 18.539616082509358], [73.9292695274353, 18.539629000345865], [73.92924949645996, 18.53962188720703], [73.92922946548461, 18.539614774068195], [73.92920943450927, 18.53960766092936], [73.92918940353394, 18.539600547790528], [73.92916937255859, 18.539593434651692], [73.92914934158325, 18.539586321512857], [73.9291293106079, 18.539579208374022], [73.92910927963257, 18.539572095235187], [73.92908924865722, 18.53956498209635], [73.92906921768189, 18.53955786895752], [73.92904918670654, 18.539550755818684], [73.9290291557312, 18.53954364267985], [73.92900912475585, 18.539536529541014], [73.92898909378052, 18.53952941640218], [73.92896906280517, 18.539522303263343], [73.92894903182983, 18.53951519012451], [73.9289290008545, 18.539508076985676], [73.92890896987915, 18.53950096384684], [73.92888893890381, 18.539493850708006], [73.92886890792846, 18.53948673756917], [73.92884887695313, 18.53947962443034], [73.92882884597778, 18.539472511291503], [73.92881592814128, 18.539445367177326], [73.92879589716593, 18.53943825403849], [73.92877586619059, 18.539431140899655], [73.92875583521524, 18.539424027760823], [73.9287358042399, 18.539416914621988], [73.92871577326457, 18.539409801483153], [73.92869574228922, 18.539402688344317], [73.92867571131389, 18.539395575205482], [73.92865568033854, 18.53938846206665], [73.92862853622437, 18.539401379903158], [73.92860850524902, 18.539394266764322], [73.92858847427368, 18.539387153625487], [73.92856844329833, 18.539380040486652], [73.928548412323, 18.539372927347816], [73.92852126820883, 18.539385845184324], [73.92850123723348, 18.53937873204549], [73.92848120625814, 18.539371618906657], [73.92845406214396, 18.539384536743164], [73.92843403116862, 18.53937742360433], [73.92841400019327, 18.539370310465493], [73.92839396921794, 18.539363197326658], [73.92837393824259, 18.539356084187823], [73.92835390726725, 18.53934897104899], [73.9283338762919, 18.539341857910156], [73.92831384531657, 18.53933474477132], [73.92830092748005, 18.539307600657143], [73.92828089650472, 18.539300487518307], [73.92826797866822, 18.539273343404133], [73.9282550608317, 18.539246199289956], [73.92823502985637, 18.53923908615112], [73.92822211201985, 18.539211942036946], [73.92820208104452, 18.53920482889811], [73.928189163208, 18.539177684783933], [73.92816913223267, 18.539170571645098], [73.92814910125732, 18.539163458506266], [73.92812907028198, 18.53915634536743], [73.92810903930663, 18.539149232228596], [73.9280890083313, 18.53914211908976], [73.92806186421711, 18.539155036926267], [73.92804183324178, 18.539147923787432], [73.92801468912761, 18.53916084162394], [73.92799465815226, 18.539153728485108], [73.92797462717692, 18.539146615346272], [73.92794748306274, 18.53915953318278], [73.9279403699239, 18.539179564158122], [73.92791322580973, 18.53919248199463], [73.9279061126709, 18.539212512969968], [73.92789899953206, 18.53923254394531], [73.92791191736856, 18.539259688059488], [73.92790480422974, 18.53927971903483], [73.9278976910909, 18.539299750010173], [73.92791772206624, 18.539306863149005], [73.92793063990275, 18.539334007263182], [73.92795067087809, 18.539341120402018], [73.92796358871459, 18.53936826451619], [73.9279765065511, 18.53939540863037], [73.9279894243876, 18.539422552744547], [73.92798231124878, 18.53944258371989], [73.92797519810995, 18.53946261469523], [73.92796808497111, 18.53948264567057], [73.92796097183228, 18.539502676645913], [73.92793382771809, 18.53951559448242], [73.92792671457926, 18.539535625457763], [73.92789957046509, 18.53954854329427], [73.9278724263509, 18.539561461130777], [73.92784528223673, 18.539574378967284], [73.92781813812256, 18.53958729680379], [73.92779099400838, 18.5396002146403], [73.9277638498942, 18.539613132476806], [73.92774381891886, 18.53960601933797], [73.92772378794352, 18.539598906199135], [73.92769664382935, 18.539611824035642], [73.927676612854, 18.539604710896807], [73.92765658187867, 18.539597597757975]]}}, {"type": "Feature", "properties": {"line": "green", "color": "#2e7d32", "sheet": 6, "sheet_title": "Sheet 12 MundhwaBridge", "segment": "5-0", "source": "Mula Mutha River Sangam bridge Mudhava KTW.pdf", "kind": "Estimated", "note": "Digitized from scanned plane-table sheet; filtered to twin corridor."}, "geometry": {"type": "LineString", "coordinates": [[73.94374852116903, 18.537349371592203], [73.94372849019368, 18.537342258453368], [73.94370134607951, 18.537355176289875], [73.94367420196532, 18.537368094126382], [73.94364705785115, 18.53738101196289], [73.94363994471232, 18.53740104293823], [73.94361280059815, 18.53741396077474], [73.94358565648396, 18.537426878611246], [73.94355851236979, 18.537439796447753], [73.9435313682556, 18.53745271428426], [73.94350422414144, 18.537465632120767], [73.94347708002726, 18.537478549957275], [73.94345704905191, 18.53747143681844], [73.94342990493774, 18.537484354654946], [73.9434098739624, 18.53747724151611], [73.94338272984822, 18.53749015935262], [73.94335558573405, 18.537503077189125], [73.9433355547587, 18.53749596405029], [73.94331552378337, 18.53748885091146], [73.94328837966918, 18.537501768747966], [73.94326834869385, 18.53749465560913], [73.9432483177185, 18.537487542470295], [73.94322828674316, 18.53748042933146], [73.94320114262898, 18.537493347167967], [73.94318111165364, 18.53748623402913], [73.94315396753947, 18.53749915186564], [73.94312682342529, 18.537512069702146], [73.94311971028645, 18.53753210067749], [73.94311259714762, 18.53755213165283], [73.94310548400878, 18.537572162628173], [73.94309837086995, 18.537592193603516], [73.94309125773111, 18.537612224578854], [73.94308414459228, 18.537632255554197], [73.94307703145344, 18.53765228652954], [73.94308994928996, 18.537679430643717], [73.94310286712646, 18.53770657475789], [73.94311578496297, 18.53773371887207], [73.94312870279947, 18.537760862986246], [73.94314162063598, 18.53778800710042], [73.94315453847248, 18.5378151512146], [73.943167456309, 18.537842295328776], [73.9431803741455, 18.53786943944295], [73.94319329198201, 18.537896583557128], [73.94321332295735, 18.537903696695963], [73.9432333539327, 18.5379108098348], [73.94325338490803, 18.53791792297363], [73.94326630274455, 18.537945067087808], [73.94328633371988, 18.537952180226643], [73.9432992515564, 18.537979324340817], [73.9433121693929, 18.538006468454995], [73.94330505625406, 18.538026499430337], [73.94327791213989, 18.538039417266845], [73.94325076802572, 18.53805233510335], [73.94322362391154, 18.53806525293986], [73.9432035929362, 18.538058139801024], [73.94318356196085, 18.53805102666219], [73.94316353098552, 18.538043913523353], [73.943150613149, 18.53801676940918], [73.94313058217367, 18.538009656270344], [73.94311055119832, 18.53800254313151], [73.94309763336182, 18.537975399017334], [73.9430847155253, 18.537948254903156], [73.9430717976888, 18.53792111078898], [73.94305176671345, 18.537913997650143], [73.94303884887695, 18.53788685353597], [73.94302593104044, 18.53785970942179], [73.94301301320394, 18.537832565307617], [73.94302012634277, 18.537812534332275], [73.94300720850626, 18.537785390218097], [73.94299429066976, 18.53775824610392], [73.9430014038086, 18.53773821512858], [73.94298848597208, 18.537711071014403], [73.94297556813558, 18.537683926900225], [73.94298268127442, 18.537663895924883], [73.9429697634379, 18.53763675181071], [73.9429568456014, 18.53760960769653], [73.94294392776489, 18.537582463582357], [73.94292389678955, 18.53757535044352], [73.94291097895304, 18.537548206329344], [73.9428909479777, 18.53754109319051], [73.94287803014119, 18.537513949076335], [73.94285799916585, 18.5375068359375], [73.94284508132934, 18.53747969182332], [73.942825050354, 18.537472578684486], [73.94280501937865, 18.537465465545655], [73.94279210154215, 18.537438321431477], [73.9427720705668, 18.53743120829264], [73.94275203959147, 18.537424095153806], [73.94273200861613, 18.53741698201497], [73.94271909077962, 18.537389837900797], [73.94269905980428, 18.53738272476196], [73.94267902882893, 18.537375611623126], [73.9426589978536, 18.53736849848429], [73.94263896687825, 18.53736138534546], [73.94262604904175, 18.53733424123128], [73.9426060180664, 18.537327128092446], [73.94258598709106, 18.53732001495361], [73.94256595611571, 18.537312901814776], [73.94254592514038, 18.537305788675944], [73.9425187810262, 18.53731870651245], [73.94249875005086, 18.537311593373616], [73.94247871907552, 18.53730448023478], [73.94245157496134, 18.537317398071288], [73.9424444618225, 18.53733742904663], [73.94241731770833, 18.537350346883137], [73.9424102045695, 18.53737037785848], [73.94240309143066, 18.53739040883382], [73.94239597829183, 18.53741043980916], [73.94236883417766, 18.537423357645668], [73.94234169006347, 18.537436275482175], [73.9423145459493, 18.537449193318682], [73.94228740183512, 18.53746211115519], [73.94226025772095, 18.537475028991697], [73.9422402267456, 18.53746791585286], [73.94222019577026, 18.53746080271403], [73.94220016479493, 18.537453689575194], [73.94218013381958, 18.53744657643636], [73.94216010284424, 18.537439463297524], [73.94214007186889, 18.53743235015869], [73.94212004089356, 18.537425237019857], [73.9421000099182, 18.53741812388102], [73.94207997894287, 18.537411010742186], [73.94205994796752, 18.53740389760335], [73.94203991699219, 18.537396784464516], [73.942012772878, 18.537409702301023], [73.94199274190267, 18.537402589162188], [73.94197271092733, 18.537395476023356], [73.94194556681315, 18.537408393859863], [73.94191842269898, 18.53742131169637], [73.94189127858479, 18.537434229532877], [73.94186413447062, 18.537447147369384], [73.94185702133178, 18.537467178344727], [73.94184990819295, 18.537487209320066], [73.94182276407878, 18.537500127156573], [73.9417956199646, 18.53751304499308], [73.94176847585042, 18.537525962829587], [73.94174133173624, 18.537538880666094], [73.94171418762207, 18.5375517985026], [73.94169415664672, 18.53754468536377], [73.9417213007609, 18.537531767527263], [73.94174844487507, 18.537518849690755]]}}, {"type": "Feature", "properties": {"line": "green", "color": "#2e7d32", "sheet": 6, "sheet_title": "Sheet 12 MundhwaBridge", "segment": "8-0", "source": "Mula Mutha River Sangam bridge Mudhava KTW.pdf", "kind": "Estimated", "note": "Digitized from scanned plane-table sheet; filtered to twin corridor."}, "geometry": {"type": "LineString", "coordinates": [[73.93115220133463, 18.53858322652181], [73.93117223230998, 18.538590339660644], [73.93119226328531, 18.53859745279948], [73.9312194073995, 18.538584534962972], [73.93123943837483, 18.538591648101804], [73.93125946935018, 18.53859876124064], [73.93128661346435, 18.53858584340413], [73.9313066444397, 18.538592956542967], [73.93132667541504, 18.538600069681802], [73.9313538195292, 18.538587151845295], [73.93137385050456, 18.53859426498413], [73.93139388147989, 18.538601378122966], [73.93142102559408, 18.53858846028646], [73.93144816970825, 18.53857554244995], [73.9314682006836, 18.538582655588783], [73.93149534479777, 18.538569737752276], [73.9315153757731, 18.53857685089111], [73.93154251988729, 18.538563933054604], [73.93156966400146, 18.538551015218097], [73.93158969497681, 18.538558128356932], [73.93161683909098, 18.538545210520425], [73.93164398320516, 18.538532292683918], [73.93167112731933, 18.53851937484741], [73.93169115829467, 18.538526487986246], [73.93171830240885, 18.53851357014974], [73.93174544652302, 18.538500652313232], [73.93176547749837, 18.538507765452067], [73.93179262161254, 18.53849484761556], [73.93181976572673, 18.538481929779053], [73.93183979670206, 18.538489042917885], [73.93186694081624, 18.538476125081377], [73.93189408493042, 18.53846320724487], [73.93191411590576, 18.538470320383706], [73.93194126001994, 18.5384574025472], [73.93196840413411, 18.53844448471069], [73.93198843510946, 18.538451597849527], [73.93201557922363, 18.53843868001302], [73.93203561019897, 18.538445793151855], [73.93206275431315, 18.538432875315348], [73.93208278528849, 18.538439988454183], [73.93210992940267, 18.538427070617676], [73.932129960378, 18.538434183756507], [73.93215710449219, 18.53842126592], [73.93217713546753, 18.538428379058836], [73.9322042795817, 18.53841546122233], [73.93223142369588, 18.53840254338582], [73.93225145467122, 18.538409656524657], [73.9322785987854, 18.53839673868815], [73.93229862976074, 18.538403851826985], [73.93227148564657, 18.538416769663492]]}}, {"type": "Feature", "properties": {"line": "green", "color": "#2e7d32", "sheet": 6, "sheet_title": "Sheet 12 MundhwaBridge", "segment": "9-0", "source": "Mula Mutha River Sangam bridge Mudhava KTW.pdf", "kind": "Estimated", "note": "Digitized from scanned plane-table sheet; filtered to twin corridor."}, "geometry": {"type": "LineString", "coordinates": [[73.94528510157267, 18.53784990819295], [73.94526507059733, 18.537842795054118], [73.94524503962198, 18.537835681915283], [73.94522500864664, 18.537828568776447], [73.9452049776713, 18.537821455637612], [73.94518494669596, 18.537814342498777], [73.94516491572062, 18.53780722935994], [73.94514488474528, 18.53780011622111], [73.94512485376994, 18.537793003082275], [73.94511193593343, 18.537765858968097], [73.94509190495809, 18.53775874582926], [73.94507898712158, 18.537731601715087], [73.94506606928508, 18.53770445760091], [73.94505315144856, 18.537677313486732], [73.9450602645874, 18.537657282511393], [73.9450473467509, 18.537630138397216], [73.94505445988973, 18.537610107421873], [73.94504154205322, 18.537582963307695], [73.94504865519205, 18.537562932332357], [73.94505576833089, 18.537542901357014], [73.94504285049439, 18.537515757242836], [73.94504996363321, 18.537495726267494], [73.94505707677204, 18.537475695292155], [73.94504415893554, 18.537448551177977], [73.94503124109903, 18.5374214070638], [73.94501832326253, 18.537394262949626], [73.94500540542602, 18.537367118835448], [73.94499248758952, 18.53733997472127], [73.94497245661417, 18.53733286158244], [73.94495242563883, 18.537325748443603], [73.9449323946635, 18.537318635304768], [73.94491236368815, 18.537311522165933], [73.94489233271281, 18.537304409027097], [73.94487230173746, 18.537297295888262], [73.94485227076213, 18.53729018274943], [73.94482512664794, 18.537303100585937], [73.94479798253377, 18.537316018422445], [73.9447708384196, 18.53732893625895], [73.94474369430542, 18.53734185409546], [73.94471655019125, 18.537354771931966], [73.94468940607706, 18.537367689768473], [73.94466226196289, 18.53738060760498], [73.94464223098754, 18.537373494466145], [73.94461508687337, 18.537386412302652], [73.9445879427592, 18.53739933013916], [73.94456791178385, 18.537392217000324]]}}, {"type": "Feature", "properties": {"line": "green", "color": "#2e7d32", "sheet": 6, "sheet_title": "Sheet 12 MundhwaBridge", "segment": "10-0", "source": "Mula Mutha River Sangam bridge Mudhava KTW.pdf", "kind": "Estimated", "note": "Digitized from scanned plane-table sheet; filtered to twin corridor."}, "geometry": {"type": "LineString", "coordinates": [[73.94263202031453, 18.536682211558023], [73.94265205128987, 18.53668932469686], [73.94267208226522, 18.53669643783569], [73.94269211324055, 18.536703550974526], [73.9427121442159, 18.53671066411336], [73.94273217519124, 18.536717777252196], [73.94275931930542, 18.53670485941569], [73.94277935028076, 18.536711972554524], [73.94280649439493, 18.536699054718017], [73.94282652537028, 18.536706167856853], [73.94284655634561, 18.536713280995684], [73.9428737004598, 18.536700363159177], [73.94290084457397, 18.53668744532267], [73.94292798868815, 18.536674527486163], [73.94294801966349, 18.536681640624998], [73.94297516377766, 18.53666872278849], [73.94300230789185, 18.536655804951984], [73.94302945200602, 18.536642887115477], [73.9430565961202, 18.53662996927897], [73.94308374023437, 18.536617051442462], [73.94311088434854, 18.536604133605955], [73.94313802846273, 18.536591215769448], [73.94314514160156, 18.536571184794106], [73.94317228571573, 18.5365582669576], [73.94319942982992, 18.53654534912109], [73.94322657394409, 18.536532431284584], [73.94325371805826, 18.536519513448077], [73.94327374903361, 18.536526626586912], [73.94330089314778, 18.536513708750405], [73.94332092412313, 18.53652082188924], [73.9433480682373, 18.536507904052733], [73.94336809921265, 18.53651501719157], [73.94338813018798, 18.536522130330404], [73.94341527430217, 18.536509212493897], [73.9434353052775, 18.53651632563273], [73.94345533625284, 18.536523438771564], [73.94347536722819, 18.5365305519104], [73.94349539820352, 18.536537665049234]]}}, {"type": "Feature", "properties": {"line": "green", "color": "#2e7d32", "sheet": 6, "sheet_title": "Sheet 12 MundhwaBridge", "segment": "11-0", "source": "Mula Mutha River Sangam bridge Mudhava KTW.pdf", "kind": "Estimated", "note": "Digitized from scanned plane-table sheet; filtered to twin corridor."}, "geometry": {"type": "LineString", "coordinates": [[73.93929517364502, 18.538519898732503], [73.93928806050619, 18.538539929707845], [73.93928094736735, 18.538559960683184], [73.93925380325317, 18.53857287851969], [73.939226659139, 18.538585796356198], [73.93921954600016, 18.53860582733154], [73.93919240188599, 18.538618745168048], [73.9391652577718, 18.538631663004555], [73.93913811365763, 18.538644580841062], [73.93911096954345, 18.53865749867757], [73.93908382542928, 18.538670416514076], [73.93907671229044, 18.53869044748942], [73.93904956817627, 18.538703365325926], [73.93904245503744, 18.53872339630127], [73.93901531092325, 18.538736314137775], [73.93900819778442, 18.538756345113118], [73.93900108464558, 18.53877637608846], [73.93899397150675, 18.5387964070638], [73.93898685836791, 18.53881643803914], [73.93897974522908, 18.538836469014484], [73.93897263209024, 18.538856499989826], [73.93896551895142, 18.53887653096517], [73.93897843678792, 18.538903675079343], [73.93899135462443, 18.53893081919352], [73.93900427246093, 18.5389579633077], [73.93901719029745, 18.538985107421873], [73.93903722127278, 18.538992220560708], [73.93905725224812, 18.538999333699543], [73.93907728322347, 18.53900644683838], [73.9390973141988, 18.539013559977214], [73.93912445831299, 18.539000642140707], [73.93915160242716, 18.5389877243042], [73.93917163340251, 18.53899483744303], [73.93919877751668, 18.538981919606524], [73.93922592163085, 18.538969001770017], [73.93925306574504, 18.53895608393351], [73.9392802098592, 18.538943166097003], [73.93930735397339, 18.538930248260495], [73.93933449808756, 18.53891733042399], [73.93935452906291, 18.538924443562824], [73.93938167317708, 18.538911525726316], [73.93940881729125, 18.53889860788981], [73.9394288482666, 18.538905721028645], [73.93944887924194, 18.53891283416748], [73.93946891021729, 18.538919947306315], [73.93948894119262, 18.538927060445147], [73.93950897216797, 18.538934173583982], [73.93952189000447, 18.53896131769816], [73.93953480784099, 18.538988461812338], [73.93955483881632, 18.53899557495117], [73.93956775665283, 18.539022719065347], [73.93958067448933, 18.539049863179525], [73.93960070546468, 18.539056976318356], [73.93961362330118, 18.539084120432534], [73.9396265411377, 18.53911126454671], [73.9396394589742, 18.539138408660886], [73.93965237681071, 18.539165552775064], [73.93964526367188, 18.539185583750406], [73.93963815053304, 18.53920561472575], [73.93965106836954, 18.539232758839923], [73.93966398620606, 18.5392599029541], [73.93968401718139, 18.539267016092936], [73.9396969350179, 18.53929416020711], [73.93971696599324, 18.539301273345945], [73.93973699696859, 18.53930838648478], [73.93975702794393, 18.539315499623616], [73.93977705891926, 18.53932261276245], [73.93979708989461, 18.539329725901286], [73.93981712086995, 18.539336839040118], [73.9398371518453, 18.539343952178953], [73.93985718282063, 18.53935106531779], [73.93987721379598, 18.539358178456624], [73.93989724477132, 18.53936529159546], [73.93991727574667, 18.53937240473429], [73.93993019358317, 18.53939954884847], [73.93994311141968, 18.539426692962646], [73.93996314239502, 18.53943380610148], [73.93998317337036, 18.539440919240313], [73.94001031748454, 18.539428001403806], [73.9400374615987, 18.5394150835673], [73.94006460571289, 18.53940216573079], [73.94009174982706, 18.539389247894285], [73.9400988629659, 18.539369216918942], [73.94010597610473, 18.539349185943603], [73.94011308924357, 18.53932915496826], [73.9401202023824, 18.53930912399292], [73.94012731552124, 18.539289093017576], [73.94013442866007, 18.539269062042234], [73.94014154179891, 18.539249031066895], [73.94014865493774, 18.539229000091552], [73.94015576807658, 18.53920896911621], [73.94016288121541, 18.539188938140867], [73.94019002532958, 18.53917602030436], [73.94021716944377, 18.539163102467853], [73.9402242825826, 18.53914307149251], [73.94023139572143, 18.53912304051717], [73.94021847788493, 18.539095896402994], [73.94020556004841, 18.539068752288816], [73.94018552907308, 18.53906163914998], [73.94017261123658, 18.539034495035807], [73.94015258026123, 18.53902738189697], [73.94013966242473, 18.539000237782794], [73.94012674458821, 18.53897309366862], [73.94011382675171, 18.538945949554442], [73.94012093989053, 18.5389259185791], [73.94012805302937, 18.538905887603757], [73.94015519714355, 18.53889296976725], [73.94018234125772, 18.538880051930743], [73.94020948537191, 18.538867134094236], [73.94022951634724, 18.53887424723307], [73.9402495473226, 18.538881360371906], [73.94026957829793, 18.53888847351074], [73.94028249613444, 18.538915617624916], [73.94030252710978, 18.53892273076375], [73.94032255808511, 18.538929843902586], [73.94033547592163, 18.538956988016764], [73.94034839375813, 18.53898413213094], [73.94036842473348, 18.538991245269774], [73.94038845570881, 18.53899835840861], [73.94040848668416, 18.539005471547444], [73.9404285176595, 18.53901258468628], [73.94044854863485, 18.53901969782511], [73.94047569274902, 18.539006779988604], [73.94049572372437, 18.53901389312744], [73.94052286783854, 18.539000975290932], [73.94055001195271, 18.538988057454425], [73.94057004292806, 18.53899517059326], [73.94059718704223, 18.538982252756753], [73.94062433115641, 18.538969334920246], [73.94064436213175, 18.53897644805908], [73.94067150624593, 18.538963530222574], [73.94069153722127, 18.53897064336141], [73.9407115681966, 18.53897775650024], [73.94073159917195, 18.538984869639076], [73.94075163014729, 18.53899198277791], [73.94077166112264, 18.538999095916747], [73.94079169209797, 18.539006209055582], [73.9407645479838, 18.53901912689209]]}}, {"type": "Feature", "properties": {"line": "red", "color": "#c62828", "sheet": 7, "sheet_title": "Sheet 13 past Mundhwa", "segment": "0-0", "source": "Mula Mutha River Sangam bridge Mudhava KTW.pdf", "kind": "Estimated", "note": "Digitized from scanned plane-table sheet; filtered to twin corridor."}, "geometry": {"type": "LineString", "coordinates": [[73.9420193897715, 18.541924749371066], [73.9420191718838, 18.5419315517676], [73.9420189539961, 18.541938354164138], [73.94202224625052, 18.541941864306256], [73.94202553850492, 18.541945374448378], [73.94202532061722, 18.541952176844916], [73.94202510272952, 18.54195897924145], [73.94202488484181, 18.541965781637987], [73.94202817709622, 18.541969291780106], [73.94203146935064, 18.541972801922228], [73.94203125146294, 18.541979604318765], [73.94203454371736, 18.541983114460884], [73.94203432582964, 18.54198991685742], [73.94203410794194, 18.54199671925396], [73.94203740019636, 18.542000229396077], [73.94204069245077, 18.5420037395382], [73.94204398470518, 18.54200724968032], [73.94204376681748, 18.542014052076855], [73.94204354892977, 18.542020854473392], [73.9420468411842, 18.54202436461551], [73.9420501334386, 18.542027874757633], [73.9420499155509, 18.54203467715417], [73.9420496976632, 18.542041479550704], [73.94205298991761, 18.542044989692826], [73.94205628217202, 18.542048499834948], [73.94205957442644, 18.542052009977066], [73.94205935653873, 18.542058812373604], [73.94205913865103, 18.542065614770138], [73.94205892076332, 18.542072417166676], [73.94206221301773, 18.542075927308797], [73.94206550527215, 18.542079437450916], [73.94206879752657, 18.542082947593038], [73.94206857963886, 18.542089749989575], [73.94206836175115, 18.54209655238611], [73.94207165400557, 18.54210006252823], [73.94207494625999, 18.542103572670353], [73.94207472837228, 18.542110375066887], [73.94207451048457, 18.542117177463425], [73.94207780273899, 18.542120687605543], [73.94208109499341, 18.542124197747665], [73.9420808771057, 18.542131000144202], [73.94208065921799, 18.542137802540736], [73.94208395147241, 18.54214131268286], [73.94208724372683, 18.54214482282498], [73.94209053598124, 18.5421483329671], [73.94209031809353, 18.542155135363636], [73.94209010020583, 18.54216193776017], [73.94209339246025, 18.542165447902292], [73.94209668471466, 18.542168958044414], [73.94209646682695, 18.542175760440948], [73.94209624893925, 18.542182562837485], [73.94209954119367, 18.542186072979604], [73.94210283344808, 18.542189583121726], [73.9421061257025, 18.542193093263847], [73.94210590781479, 18.54219989566038], [73.94210568992709, 18.54220669805692], [73.94210547203937, 18.542213500453457], [73.94210876429379, 18.542217010595575], [73.94211205654821, 18.542220520737697], [73.94211534880263, 18.54222403087982], [73.94211513091491, 18.542230833276353], [73.94211491302721, 18.54223763567289], [73.94211820528163, 18.54224114581501], [73.94212149753605, 18.54224465595713], [73.94212127964833, 18.542251458353668], [73.94212106176063, 18.542258260750202], [73.94212435401505, 18.542261770892324], [73.94212764626947, 18.542265281034446], [73.94213093852387, 18.542268791176564], [73.94213072063617, 18.542275593573102], [73.94213050274847, 18.542282395969636], [73.94213028486077, 18.542289198366174], [73.94213357711517, 18.542292708508295], [73.94213686936959, 18.542296218650414], [73.94214016162401, 18.542299728792536], [73.94213994373631, 18.542306531189073], [73.94213972584859, 18.542313333585607], [73.94214301810301, 18.54231684372773], [73.94214631035743, 18.54232035386985], [73.94214609246973, 18.542327156266385], [73.94214587458201, 18.542333958662923], [73.94214916683643, 18.54233746880504], [73.94215245909085, 18.542340978947163], [73.94215575134527, 18.542344489089285], [73.94215553345755, 18.54235129148582], [73.94215531556985, 18.542358093882356], [73.94215509768215, 18.54236489627889], [73.94215838993657, 18.542368406421012], [73.94216168219097, 18.542371916563134], [73.94216497444539, 18.542375426705252], [73.94216475655769, 18.54238222910179], [73.94216453866999, 18.542389031498328], [73.94216783092439, 18.542392541640446], [73.94217112317881, 18.542396051782568], [73.9421709052911, 18.5424028541791], [73.9421706874034, 18.54240965657564], [73.94217397965781, 18.54241316671776], [73.94217727191223, 18.54241667685988], [73.94218056416665, 18.542420187002], [73.94218034627895, 18.54242698939854], [73.94218012839123, 18.542433791795073], [73.94217991050353, 18.54244059419161], [73.94218320275795, 18.54244410433373], [73.94218649501236, 18.54244761447585], [73.94218978726677, 18.542451124617973], [73.94218956937907, 18.542457927014507], [73.94218935149136, 18.542464729411044], [73.94219264374578, 18.542468239553166], [73.94219242585807, 18.5424750419497], [73.94219220797036, 18.542481844346238], [73.94219550022478, 18.542485354488356], [73.9421987924792, 18.542488864630478], [73.94219857459149, 18.542495667027016], [73.94219506444938, 18.54249895928143], [73.94219528233708, 18.542492156884894]]}}, {"type": "Feature", "properties": {"line": "red", "color": "#c62828", "sheet": 7, "sheet_title": "Sheet 13 past Mundhwa", "segment": "1-0", "source": "Mula Mutha River Sangam bridge Mudhava KTW.pdf", "kind": "Estimated", "note": "Digitized from scanned plane-table sheet; filtered to twin corridor."}, "geometry": {"type": "LineString", "coordinates": [[73.94187044346492, 18.540197206416288], [73.94187022557722, 18.540204008812825], [73.94187000768952, 18.54021081120936], [73.94186978980181, 18.540217613605897], [73.9418695719141, 18.54022441600243], [73.94187286416852, 18.540227926144553], [73.94187615642294, 18.540231436286675], [73.94187593853523, 18.54023823868321], [73.94187572064752, 18.540245041079746], [73.94187901290194, 18.540248551221868], [73.94187879501423, 18.540255353618402], [73.94187857712653, 18.54026215601494], [73.94187835923883, 18.540268958411474], [73.94188165149323, 18.540272468553596], [73.94188143360553, 18.54027927095013], [73.94188121571783, 18.540286073346667], [73.94188450797225, 18.54028958348879], [73.94188429008453, 18.540296385885323], [73.94188407219683, 18.54030318828186], [73.94188736445125, 18.540306698423983], [73.94188714656354, 18.540313500820517], [73.94188692867583, 18.540320303217054], [73.94188671078813, 18.54032710561359], [73.94188649290042, 18.540333908010126], [73.94188978515484, 18.540337418152244], [73.94189307740925, 18.540340928294366], [73.94189636966367, 18.540344438436488], [73.94189615177596, 18.540351240833022], [73.94189593388826, 18.54035804322956], [73.94189571600054, 18.540364845626094], [73.94189549811284, 18.54037164802263], [73.94189528022514, 18.54037845041917], [73.94189857247956, 18.540381960561287], [73.94190186473396, 18.54038547070341], [73.94190164684626, 18.540392273099947], [73.94190142895856, 18.54039907549648], [73.94190121107086, 18.54040587789302], [73.94190099318315, 18.540412680289553], [73.94190077529544, 18.54041948268609], [73.94190406754986, 18.54042299282821], [73.94190735980428, 18.54042650297033], [73.94190714191657, 18.540433305366868], [73.94190692402886, 18.540440107763402], [73.94191021628328, 18.540443617905524], [73.94190999839557, 18.540450420302058], [73.94190978050787, 18.540457222698596], [73.94190956262017, 18.540464025095133], [73.94191285487457, 18.54046753523725], [73.94191614712899, 18.540471045379373], [73.94191592924129, 18.540477847775907], [73.94191571135359, 18.540484650172445], [73.94191549346587, 18.540491452568983], [73.94191527557817, 18.540498254965517], [73.94191856783259, 18.54050176510764], [73.941921860087, 18.54050527524976], [73.94192164219929, 18.540512077646294], [73.94192142431159, 18.540518880042832], [73.94192120642388, 18.540525682439366], [73.94192098853618, 18.540532484835904], [73.94192077064848, 18.540539287232438], [73.94192406290288, 18.54054279737456], [73.9419273551573, 18.54054630751668], [73.9419271372696, 18.540553109913215], [73.9419269193819, 18.540559912309753], [73.94192670149418, 18.540566714706287], [73.9419299937486, 18.54057022484841], [73.9419297758609, 18.540577027244947], [73.9419295579732, 18.54058382964148], [73.94192934008548, 18.54059063203802], [73.94192912219778, 18.540597434434552], [73.94192890431007, 18.54060423683109], [73.94192868642237, 18.540611039227624], [73.94192846853467, 18.54061784162416], [73.94192825064695, 18.540624644020696], [73.94192803275925, 18.540631446417233], [73.94192781487155, 18.54063824881377], [73.94192759698385, 18.540645051210305], [73.94192737909614, 18.540651853606843], [73.94192716120843, 18.540658656003377], [73.94192694332072, 18.540665458399914], [73.94192672543302, 18.54067226079645], [73.94192650754532, 18.540679063192986], [73.9419262896576, 18.54068586558952], [73.9419260717699, 18.540692667986058], [73.9419258538822, 18.54069947038259], [73.94192914613662, 18.540702980524713], [73.94192892824891, 18.54070978292125], [73.9419287103612, 18.540716585317785], [73.9419284924735, 18.540723387714323], [73.94192827458579, 18.540730190110857], [73.94192805669809, 18.540736992507394], [73.94192783881037, 18.54074379490393], [73.94192762092267, 18.540750597300466], [73.94192740303497, 18.540757399697004], [73.94192718514726, 18.540764202093538], [73.94192696725956, 18.540771004490075], [73.94192674937185, 18.54077780688661], [73.94192653148414, 18.540784609283147], [73.94192631359644, 18.54079141167968], [73.94192609570874, 18.54079821407622], [73.94192587782103, 18.540805016472753], [73.94192565993332, 18.54081181886929], [73.94192544204562, 18.540818621265828], [73.94192522415791, 18.540825423662362], [73.94192500627021, 18.5408322260589], [73.94192478838251, 18.540839028455434], [73.94192457049479, 18.54084583085197], [73.94192435260709, 18.540852633248505], [73.94192413471939, 18.540859435645043], [73.9419274269738, 18.540862945787165], [73.94192720908609, 18.5408697481837], [73.94192699119839, 18.540876550580236], [73.94192677331068, 18.54088335297677], [73.94192655542298, 18.540890155373308], [73.94192633753528, 18.540896957769842], [73.94192611964756, 18.54090376016638], [73.94192590175986, 18.540910562562914], [73.94192568387216, 18.54091736495945], [73.94192546598445, 18.540924167355985], [73.94192524809675, 18.540930969752523], [73.94192503020903, 18.54093777214906], [73.94192481232133, 18.540944574545595], [73.94192459443363, 18.540951376942132], [73.94192437654593, 18.540958179338666], [73.94192415865822, 18.540964981735204], [73.94192394077051, 18.540971784131738], [73.9419237228828, 18.540978586528276], [73.9419235049951, 18.54098538892481], [73.94192679724952, 18.54098889906693], [73.9419265793618, 18.54099570146347], [73.9419263614741, 18.541002503860003], [73.94192285133198, 18.54100579611442], [73.94192263344428, 18.541012598510957], [73.94192241555658, 18.54101940090749], [73.94192219766887, 18.54102620330403], [73.94192548992328, 18.541029713446147], [73.94192527203558, 18.541036515842684], [73.94192505414787, 18.541043318239222], [73.94192483626017, 18.541050120635756], [73.94192461837245, 18.541056923032293], [73.94192440048475, 18.541063725428828], [73.94192418259705, 18.541070527825365], [73.94192396470935, 18.5410773302219], [73.94192374682164, 18.541084132618437], [73.94192352893393, 18.54109093501497], [73.94192331104622, 18.54109773741151], [73.94192309315852, 18.541104539808043], [73.94192287527082, 18.54111134220458], [73.94192265738312, 18.541118144601118], [73.9419224394954, 18.541124946997652], [73.9419222216077, 18.54113174939419], [73.94192200372, 18.541138551790723], [73.94192178583229, 18.54114535418726], [73.94192156794459, 18.541152156583795], [73.94192135005687, 18.541158958980333], [73.94192113216917, 18.541165761376867], [73.94192091428147, 18.541172563773404], [73.94192069639377, 18.541179366169942], [73.94192047850606, 18.541186168566476], [73.94192377076047, 18.541189678708598], [73.94192355287277, 18.541196481105132], [73.94192333498506, 18.54120328350167], [73.94192311709736, 18.541210085898204], [73.94192289920964, 18.54121688829474], [73.94192268132194, 18.54122369069128], [73.94192246343424, 18.541230493087813], [73.94192224554654, 18.54123729548435], [73.94192202765883, 18.541244097880885], [73.94192180977112, 18.541250900277422], [73.94192159188341, 18.541257702673956], [73.94192137399571, 18.541264505070494], [73.94192115610801, 18.541271307467028], [73.94192093822029, 18.541278109863566], [73.94192072033259, 18.541284912260103], [73.94192050244489, 18.541291714656637], [73.9419237946993, 18.54129522479876], [73.9419235768116, 18.541302027195293], [73.94192335892389, 18.54130882959183], [73.94192314103618, 18.541315631988365], [73.94192292314848, 18.541322434384902], [73.94192270526078, 18.54132923678144], [73.94192248737308, 18.541336039177974], [73.94192226948536, 18.54134284157451], [73.94192556173978, 18.54134635171663], [73.94192534385208, 18.541353154113168], [73.94192512596437, 18.5413599565097], [73.94192841821878, 18.541363466651823], [73.94192820033108, 18.54137026904836], [73.94192798244337, 18.541377071444895]]}}, {"type": "Feature", "properties": {"line": "red", "color": "#c62828", "sheet": 7, "sheet_title": "Sheet 13 past Mundhwa", "segment": "2-0", "source": "Mula Mutha River Sangam bridge Mudhava KTW.pdf", "kind": "Estimated", "note": "Digitized from scanned plane-table sheet; filtered to twin corridor."}, "geometry": {"type": "LineString", "coordinates": [[73.94243757546053, 18.54364389289887], [73.94243428320611, 18.54364038275675], [73.94243450109381, 18.543633580360215], [73.94243471898152, 18.543626777963677], [73.94243493686923, 18.543619975567143], [73.94243164461481, 18.54361646542502], [73.94243186250252, 18.543609663028484], [73.94243208039022, 18.54360286063195], [73.94242878813581, 18.543599350489828], [73.94242900602352, 18.54359254809329], [73.94242922391122, 18.543585745696756], [73.94242944179892, 18.54357894330022], [73.94242965968662, 18.543572140903684], [73.94242636743222, 18.543568630761563], [73.94242658531992, 18.54356182836503], [73.94242680320762, 18.54355502596849], [73.9424235109532, 18.54355151582637], [73.94242372884092, 18.543544713429835], [73.94242394672862, 18.543537911033297], [73.94242416461633, 18.543531108636763], [73.94242438250403, 18.543524306240226], [73.94242109024962, 18.543520796098104], [73.94242130813733, 18.54351399370157], [73.94241801588291, 18.543510483559448], [73.94241823377061, 18.543503681162914], [73.94241845165831, 18.543496878766376], [73.94241866954603, 18.543490076369842], [73.94241537729161, 18.54348656622772], [73.94241559517931, 18.543479763831183], [73.94241581306702, 18.54347296143465], [73.94241252081261, 18.543469451292527], [73.94241273870031, 18.543462648895993], [73.94241295658802, 18.543455846499455], [73.9424096643336, 18.543452336357333], [73.94240988222131, 18.5434455339608], [73.94241010010902, 18.54343873156426], [73.94241031799672, 18.543431929167728], [73.9424070257423, 18.543428419025606], [73.94240724363, 18.543421616629068], [73.94240746151772, 18.543414814232534], [73.9424041692633, 18.543411304090412], [73.942404387151, 18.543404501693878], [73.9424046050387, 18.54339769929734], [73.9424013127843, 18.54339418915522], [73.942401530672, 18.543387386758685], [73.9424017485597, 18.543380584362147], [73.9424019664474, 18.543373781965613], [73.942398674193, 18.54337027182349], [73.9423988920807, 18.543363469426954], [73.9423991099684, 18.54335666703042], [73.94239932785611, 18.543349864633882], [73.94239603560169, 18.543346354491764], [73.9423962534894, 18.543339552095226], [73.94239647137711, 18.543332749698692], [73.94239668926481, 18.543325947302154], [73.94239339701039, 18.543322437160032], [73.94239361489811, 18.5433156347635], [73.94239032264369, 18.543312124621377], [73.94239054053139, 18.54330532222484], [73.9423907584191, 18.543298519828305], [73.94239097630681, 18.543291717431767], [73.94238768405239, 18.54328820728965], [73.9423879019401, 18.54328140489311], [73.9423881198278, 18.543274602496577], [73.94238482757339, 18.543271092354455], [73.9423850454611, 18.543264289957918], [73.9423852633488, 18.543257487561384], [73.9423854812365, 18.543250685164846], [73.9423856991242, 18.543243882768312], [73.9423824068698, 18.54324037262619], [73.9423826247575, 18.543233570229653], [73.9423828426452, 18.54322676783312], [73.94237955039078, 18.543223257690997], [73.9423797682785, 18.543216455294463], [73.9423799861662, 18.543209652897925], [73.94237669391178, 18.543206142755803], [73.94237691179949, 18.54319934035927], [73.94237712968719, 18.54319253796273], [73.9423773475749, 18.543185735566198], [73.94237405532049, 18.543182225424076], [73.94237427320819, 18.54317542302754], [73.94237449109589, 18.543168620631004], [73.9423747089836, 18.543161818234466], [73.94237141672919, 18.543158308092348], [73.94237163461689, 18.54315150569581], [73.94237185250459, 18.543144703299276], [73.94236856025019, 18.543141193157155], [73.94236877813789, 18.543134390760617], [73.94236899602559, 18.543127588364083], [73.9423692139133, 18.543120785967545], [73.94236592165888, 18.543117275825427], [73.94236613954659, 18.54311047342889], [73.9423663574343, 18.543103671032352], [73.94236306517988, 18.543100160890233], [73.94236328306758, 18.543093358493696], [73.9423635009553, 18.543086556097162], [73.942363718843, 18.543079753700624], [73.94236042658858, 18.543076243558502], [73.94236064447628, 18.54306944116197], [73.94235735222188, 18.543065931019846], [73.94235757010958, 18.543059128623312], [73.94235427785516, 18.54305561848119], [73.94235449574286, 18.543048816084653], [73.94235120348846, 18.543045305942535], [73.94235142137616, 18.543038503545997], [73.94234812912174, 18.543034993403875], [73.94234834700944, 18.54302819100734], [73.94234505475504, 18.54302468086522], [73.94234527264274, 18.543017878468685], [73.94234198038832, 18.543014368326563], [73.9423386881339, 18.54301085818444], [73.94233890602162, 18.543004055787907], [73.94233912390932, 18.54299725339137], [73.9423358316549, 18.542993743249248], [73.9423360495426, 18.542986940852714], [73.94233626743032, 18.542980138456176], [73.9423329751759, 18.542976628314058], [73.9423331930636, 18.54296982591752], [73.94232990080918, 18.5429663157754], [73.94232660855478, 18.54296280563328], [73.94232682644248, 18.542956003236743], [73.94232704433018, 18.54294920084021], [73.94232375207577, 18.542945690698087], [73.94232396996347, 18.54293888830155], [73.94232067770906, 18.54293537815943], [73.94232089559677, 18.542928575762893], [73.94231760334235, 18.54292506562077], [73.94231782123005, 18.542918263224237], [73.94231452897564, 18.542914753082115], [73.94231474686335, 18.54290795068558], [73.94231145460893, 18.54290444054346], [73.94231167249663, 18.542897638146922], [73.94230838024222, 18.542894128004804], [73.94230859812993, 18.542887325608266], [73.94230530587551, 18.542883815466144], [73.94230552376321, 18.54287701306961], [73.9423022315088, 18.54287350292749], [73.94230244939651, 18.542866700530954], [73.94230266728421, 18.542859898134417], [73.94229937502979, 18.542856387992295], [73.94229608277539, 18.542852877850176], [73.94229630066309, 18.54284607545364], [73.94229300840867, 18.542842565311517], [73.94229322629637, 18.542835762914983], [73.94229344418409, 18.542828960518445], [73.94229015192967, 18.542825450376327], [73.94229036981737, 18.54281864797979], [73.94228707756295, 18.542815137837668], [73.94228729545067, 18.542808335441133], [73.94228400319625, 18.54280482529901], [73.94228422108395, 18.542798022902478], [73.94228092882953, 18.542794512760356], [73.94228114671725, 18.542787710363818], [73.94227785446283, 18.5427842002217], [73.94227807235053, 18.542777397825162], [73.94227478009611, 18.54277388768304], [73.94227499798383, 18.542767085286506], [73.94227170572941, 18.542763575144384], [73.94227192361711, 18.54275677274785], [73.9422686313627, 18.54275326260573], [73.94226884925041, 18.54274646020919], [73.94226555699599, 18.542742950067073], [73.9422657748837, 18.542736147670535], [73.94226248262927, 18.542732637528413], [73.94226270051699, 18.54272583513188], [73.9422629184047, 18.54271903273534], [73.94225962615027, 18.542715522593223], [73.94225633389586, 18.5427120124511], [73.94225655178357, 18.542705210054564], [73.94225676967127, 18.54269840765803], [73.94225347741686, 18.542694897515908], [73.94225369530456, 18.542688095119374], [73.94225040305015, 18.542684584977252], [73.94225062093786, 18.542677782580714], [73.94224732868344, 18.542674272438596], [73.94224754657114, 18.54266747004206], [73.94224425431673, 18.542663959899937], [73.94224447220444, 18.542657157503402], [73.94224117995002, 18.54265364736128], [73.94224139783772, 18.542646844964747], [73.94223810558331, 18.542643334822625], [73.94223832347102, 18.542636532426087], [73.9422350312166, 18.54263302228397], [73.9422352491043, 18.54262621988743], [73.9422319568499, 18.54262270974531], [73.9422321747376, 18.542615907348775], [73.9422323926253, 18.542609104952238], [73.94222910037088, 18.54260559481012], [73.94222580811648, 18.542602084667998], [73.94222602600418, 18.54259528227146], [73.94222624389188, 18.542588479874926], [73.94222295163746, 18.542584969732804], [73.94222316952516, 18.54257816733627], [73.94221987727076, 18.542574657194148], [73.94222009515846, 18.54256785479761], [73.94221680290404, 18.542564344655492], [73.94221702079174, 18.542557542258955], [73.94221372853734, 18.542554032116833], [73.94221394642504, 18.5425472297203], [73.94221065417062, 18.542543719578177], [73.94221087205833, 18.542536917181643], [73.94220757980392, 18.54253340703952], [73.94220779769162, 18.542526604642983], [73.94220801557933, 18.54251980224645], [73.9422047233249, 18.542516292104327], [73.9422014310705, 18.542512781962206], [73.9422016489582, 18.54250597956567], [73.9422018668459, 18.542499177169134]]}}, {"type": "Feature", "properties": {"line": "red", "color": "#c62828", "sheet": 7, "sheet_title": "Sheet 13 past Mundhwa", "segment": "3-0", "source": "Mula Mutha River Sangam bridge Mudhava KTW.pdf", "kind": "Estimated", "note": "Digitized from scanned plane-table sheet; filtered to twin corridor."}, "geometry": {"type": "LineString", "coordinates": [[73.94181084530358, 18.539613095803844], [73.9418110631913, 18.53960629340731], [73.941811281079, 18.539599491010772], [73.9418114989667, 18.53959268861424], [73.9418117168544, 18.5395858862177], [73.9418119347421, 18.539579083821167], [73.94181215262982, 18.53957228142463], [73.9418088603754, 18.539568771282507], [73.9418090782631, 18.539561968885973], [73.94180929615081, 18.539555166489436], [73.94180951403852, 18.5395483640929], [73.94180973192623, 18.539541561696364], [73.94180994981393, 18.53953475929983], [73.94181016770163, 18.539527956903292], [73.94181038558933, 18.539521154506758], [73.94180709333493, 18.539517644364636], [73.94180731122263, 18.5395108419681], [73.94180752911033, 18.539504039571565], [73.94180423685592, 18.539500529429443], [73.94180445474363, 18.53949372703291], [73.94180467263133, 18.53948692463637], [73.94180489051904, 18.539480122239834], [73.94180159826462, 18.539476612097715], [73.94180181615232, 18.539469809701178], [73.94180203404004, 18.539463007304644], [73.94180225192774, 18.539456204908106], [73.94179895967332, 18.539452694765984], [73.94179917756102, 18.53944589236945], [73.94179939544874, 18.539439089972912], [73.94179961333644, 18.53943228757638], [73.94179983122415, 18.53942548517984], [73.94179653896973, 18.539421975037722], [73.94179675685744, 18.539415172641185], [73.94179697474515, 18.539408370244647], [73.94179719263285, 18.539401567848113], [73.94179741052055, 18.539394765451576], [73.94179762840825, 18.53938796305504], [73.94179433615385, 18.53938445291292], [73.94179455404155, 18.539377650516386], [73.94179477192925, 18.539370848119848], [73.94179498981696, 18.53936404572331], [73.94179520770466, 18.539357243326776], [73.94179191545025, 18.539353733184655], [73.94179213333796, 18.53934693078812], [73.94179235122566, 18.539340128391583], [73.94179256911336, 18.53933332599505], [73.94179278700108, 18.53932652359851], [73.94178949474666, 18.53932301345639], [73.94178971263436, 18.539316211059855], [73.94178993052206, 18.539309408663318], [73.94179014840978, 18.539302606266784], [73.94179036629748, 18.539295803870246], [73.94178707404306, 18.539292293728124], [73.94178729193077, 18.53928549133159], [73.94178750981847, 18.539278688935052], [73.94178772770618, 18.53927188653852], [73.94178794559389, 18.53926508414198], [73.94178465333947, 18.539261573999863], [73.94178487122717, 18.539254771603325], [73.94178508911489, 18.539247969206787], [73.94178530700259, 18.539241166810253], [73.94178552489029, 18.539234364413716], [73.94178223263587, 18.539230854271597], [73.94178245052358, 18.53922405187506], [73.94178266841129, 18.539217249478526], [73.941782886299, 18.539210447081988], [73.9417831041867, 18.53920364468545], [73.94177981193228, 18.539200134543332], [73.94178002982, 18.539193332146795], [73.9417802477077, 18.53918652975026], [73.9417804655954, 18.539179727353723], [73.9417806834831, 18.53917292495719], [73.9417773912287, 18.539169414815067], [73.9417776091164, 18.53916261241853], [73.9417778270041, 18.539155810021995], [73.9417780448918, 18.539149007625458], [73.94177826277951, 18.539142205228924], [73.94177848066722, 18.539135402832386], [73.9417751884128, 18.539131892690264], [73.94177540630051, 18.53912509029373], [73.94177562418821, 18.539118287897193], [73.94177584207591, 18.53911148550066], [73.94177605996363, 18.53910468310412], [73.94177627785133, 18.539097880707587], [73.94177298559691, 18.539094370565465], [73.94177320348462, 18.539087568168927], [73.94177342137233, 18.539080765772393], [73.94177363926003, 18.539073963375856]]}}, {"type": "Feature", "properties": {"line": "red", "color": "#c62828", "sheet": 7, "sheet_title": "Sheet 13 past Mundhwa", "segment": "4-0", "source": "Mula Mutha River Sangam bridge Mudhava KTW.pdf", "kind": "Estimated", "note": "Digitized from scanned plane-table sheet; filtered to twin corridor."}, "geometry": {"type": "LineString", "coordinates": [[73.94085660155328, 18.53794147085825], [73.94085638366558, 18.537948273254784], [73.94085967592, 18.537951783396906], [73.94085945803229, 18.53795858579344], [73.94085924014459, 18.537965388189978], [73.94085902225687, 18.537972190586515], [73.94086231451129, 18.537975700728634], [73.94086560676571, 18.537979210870756], [73.94086889902013, 18.537982721012877], [73.94086868113241, 18.53798952340941], [73.94086846324471, 18.53799632580595], [73.94086824535701, 18.538003128202483], [73.9408680274693, 18.53800993059902], [73.94087131972371, 18.538013440741143], [73.94087461197813, 18.53801695088326], [73.94087439409043, 18.5380237532798], [73.94087417620273, 18.538030555676333], [73.94087395831501, 18.53803735807287], [73.94087725056943, 18.538040868214992], [73.94088054282385, 18.53804437835711], [73.94088032493615, 18.538051180753648], [73.94088010704843, 18.538057983150182], [73.94088339930285, 18.538061493292304], [73.94088318141515, 18.53806829568884], [73.94088296352744, 18.538075098085375], [73.94088274563974, 18.538081900481913], [73.94088603789415, 18.53808541062403], [73.94088933014856, 18.538088920766153], [73.94088911226086, 18.53809572316269], [73.94088889437316, 18.538102525559225], [73.94088867648544, 18.538109327955762], [73.94089196873986, 18.53811283809788], [73.94089526099428, 18.538116348240003], [73.94089504310658, 18.53812315063654], [73.94089482521886, 18.538129953033074], [73.94089460733116, 18.538136755429612], [73.94089789958558, 18.538140265571734], [73.94090119184, 18.538143775713852], [73.94090097395228, 18.53815057811039], [73.94090075606458, 18.538157380506924], [73.94090053817688, 18.53816418290346], [73.9409038304313, 18.538167693045583], [73.9409071226857, 18.5381712031877], [73.940906904798, 18.53817800558424], [73.9409066869103, 18.538184807980773], [73.9409064690226, 18.53819161037731], [73.940909761277, 18.538195120519433], [73.94091305353142, 18.53819863066155], [73.94091283564372, 18.53820543305809], [73.94091261775601, 18.538212235454623], [73.94091239986831, 18.53821903785116], [73.9409121819806, 18.538225840247694], [73.94091547423501, 18.538229350389816], [73.94091876648943, 18.538232860531938], [73.94091854860173, 18.538239662928472], [73.94091833071401, 18.53824646532501], [73.94091811282631, 18.538253267721547], [73.94092140508073, 18.538256777863666], [73.94092469733515, 18.538260288005787], [73.94092798958955, 18.53826379814791], [73.94092777170185, 18.538270600544443], [73.94092755381415, 18.53827740294098], [73.94092733592645, 18.538284205337515], [73.94092711803873, 18.538291007734053], [73.94093041029315, 18.538294517876174], [73.94093370254757, 18.538298028018293], [73.94093348465987, 18.53830483041483], [73.94093326677215, 18.538311632811364], [73.94093304888445, 18.538318435207902], [73.94093634113887, 18.538321945350024], [73.94093963339328, 18.538325455492142], [73.94093941550557, 18.53833225788868], [73.94093919761787, 18.538339060285214], [73.94093897973016, 18.53834586268175], [73.94094227198458, 18.538349372823873], [73.94094556423899, 18.53835288296599], [73.94094534635128, 18.53835968536253], [73.94094512846358, 18.538366487759063], [73.94094491057588, 18.5383732901556], [73.9409482028303, 18.538376800297723], [73.9409514950847, 18.53838031043984], [73.940951277197, 18.53838711283638], [73.9409510593093, 18.538393915232913], [73.94094754916718, 18.53839720748733], [73.94094733127947, 18.538404009883866], [73.94094711339177, 18.5384108122804], [73.94094689550406, 18.538417614676938], [73.94094667761635, 18.53842441707347], [73.94094645972865, 18.53843121947001], [73.94094624184095, 18.538438021866547], [73.94094602395323, 18.53844482426308], [73.94094580606553, 18.53845162665962], [73.94094558817783, 18.538458429056153], [73.94094537029012, 18.53846523145269], [73.94094515240242, 18.538472033849224], [73.9409449345147, 18.538478836245762], [73.940944716627, 18.538485638642296], [73.9409444987393, 18.538492441038834], [73.9409442808516, 18.53849924343537], [73.9409440629639, 18.538506045831905], [73.94094384507618, 18.538512848228443], [73.94094362718847, 18.538519650624977], [73.94094340930077, 18.538526453021515], [73.94094319141307, 18.53853325541805], [73.94094297352537, 18.538540057814586], [73.94094275563765, 18.53854686021112], [73.94094253774995, 18.538553662607658], [73.94094231986224, 18.538560465004192], [73.94094210197454, 18.53856726740073], [73.94094188408683, 18.538574069797267], [73.94094166619912, 18.5385808721938], [73.94094144831142, 18.53858767459034], [73.94094123042372, 18.538594476986873], [73.94094101253602, 18.53860127938341], [73.9409407946483, 18.538608081779945], [73.9409405767606, 18.538614884176482], [73.9409403588729, 18.538621686573016], [73.94094014098519, 18.538628488969554], [73.94093992309749, 18.53863529136609], [73.94093970520977, 18.538642093762626], [73.94093948732207, 18.538648896159163], [73.94093926943437, 18.538655698555697], [73.94093905154666, 18.538662500952235], [73.94093883365896, 18.53866930334877], [73.94093861577124, 18.538676105745306], [73.94093839788354, 18.53868290814184], [73.94093817999584, 18.538689710538378], [73.94093796210814, 18.538696512934916], [73.94093774422043, 18.53870331533145], [73.94093752633272, 18.538710117727987], [73.94093730844502, 18.53871692012452], [73.94093709055731, 18.53872372252106], [73.94093687266961, 18.538730524917593], [73.9409366547819, 18.53873732731413], [73.94093643689419, 18.538744129710665], [73.94093292675207, 18.53874742196508], [73.94093270886437, 18.538754224361618], [73.94093249097666, 18.538761026758152], [73.94093227308896, 18.53876782915469], [73.94093205520124, 18.538774631551224], [73.94093183731354, 18.53878143394776], [73.94093161942584, 18.5387882363443], [73.94093140153814, 18.538795038740833], [73.94093118365043, 18.53880184113737], [73.94093096576272, 18.538808643533905], [73.94093074787502, 18.538815445930442], [73.94093052998731, 18.538822248326976], [73.94093031209961, 18.538829050723514], [73.94093009421191, 18.538835853120048], [73.94092987632419, 18.538842655516586], [73.94092965843649, 18.53884945791312], [73.94092944054879, 18.538856260309657], [73.94092922266108, 18.538863062706195], [73.94092900477338, 18.53886986510273], [73.94092878688566, 18.538876667499267], [73.94092856899796, 18.5388834698958], [73.94092835111026, 18.53889027229234], [73.94092813322256, 18.538897074688872], [73.94092791533485, 18.53890387708541], [73.94092769744714, 18.538910679481944], [73.94092747955943, 18.53891748187848], [73.94092726167173, 18.53892428427502], [73.94092704378403, 18.538931086671553], [73.94092682589631, 18.53893788906809], [73.94092660800861, 18.538944691464625], [73.94092639012091, 18.538951493861163], [73.9409261722332, 18.538958296257697], [73.9409259543455, 18.538965098654234], [73.94092573645779, 18.53897190105077], [73.94092551857008, 18.538978703447306], [73.94092530068238, 18.53898550584384], [73.94092179054026, 18.538988798098256], [73.94092157265256, 18.538995600494793], [73.94092135476485, 18.539002402891327], [73.94092113687714, 18.539009205287865], [73.94092091898943, 18.539016007684403], [73.94092070110173, 18.539022810080937], [73.94092048321403, 18.539029612477474], [73.94092026532633, 18.53903641487401], [73.94092004743861, 18.539043217270546], [73.94091982955091, 18.53905001966708], [73.9409196116632, 18.539056822063618], [73.9409193937755, 18.53906362446015], [73.9409191758878, 18.53907042685669], [73.94091895800008, 18.539077229253227], [73.94091874011238, 18.53908403164976], [73.94091852222468, 18.5390908340463], [73.94091830433698, 18.539097636442833], [73.94091808644927, 18.53910443883937], [73.94091786856156, 18.539111241235904], [73.94091765067385, 18.539118043632442], [73.94091743278615, 18.539124846028976], [73.94091721489845, 18.539131648425514], [73.94091699701073, 18.539138450822048], [73.94091677912303, 18.539145253218585], [73.94091656123533, 18.539152055615123], [73.94091634334762, 18.539158858011657], [73.94091612545992, 18.539165660408194], [73.9409159075722, 18.53917246280473], [73.9409156896845, 18.539179265201266]]}}, {"type": "Feature", "properties": {"line": "red", "color": "#c62828", "sheet": 7, "sheet_title": "Sheet 13 past Mundhwa", "segment": "5-0", "source": "Mula Mutha River Sangam bridge Mudhava KTW.pdf", "kind": "Estimated", "note": "Digitized from scanned plane-table sheet; filtered to twin corridor."}, "geometry": {"type": "LineString", "coordinates": [[73.94031459114568, 18.536899298668462], [73.94031129889126, 18.53689578852634], [73.94030800663684, 18.536892278384222], [73.94030471438244, 18.5368887682421], [73.94030142212802, 18.53688525809998], [73.9402981298736, 18.536881747957857], [73.94029483761918, 18.53687823781574], [73.94029154536477, 18.536874727673617], [73.94028825311035, 18.536871217531495], [73.94028496085593, 18.536867707389376], [73.94028166860153, 18.536864197247255], [73.94028188648923, 18.536857394850717], [73.94027859423481, 18.5368538847086], [73.94027530198039, 18.536850374566477], [73.94027200972599, 18.536846864424355], [73.94026871747157, 18.536843354282237], [73.94026542521715, 18.536839844140115], [73.94026213296273, 18.536836333997993], [73.94025884070832, 18.536832823855875], [73.9402555484539, 18.536829313713753], [73.94025225619949, 18.53682580357163], [73.9402524740872, 18.536819001175097], [73.94024918183278, 18.536815491032975], [73.94024588957836, 18.536811980890853], [73.94023908718182, 18.536811763003147], [73.94023930506954, 18.536804960606613], [73.94023601281512, 18.53680145046449], [73.9402327205607, 18.53679794032237], [73.9402294283063, 18.53679443018025], [73.94022613605188, 18.53679092003813], [73.94022284379746, 18.536787409896007], [73.94021955154304, 18.53678389975389], [73.94021625928863, 18.536780389611767], [73.94021296703421, 18.536776879469645], [73.9402096747798, 18.536773369327527], [73.94020638252539, 18.536769859185405], [73.94020309027097, 18.536766349043283], [73.94019979801655, 18.536762838901165], [73.94019650576213, 18.536759328759043], [73.94019321350773, 18.53675581861692], [73.9401899212533, 18.5367523084748], [73.94018662899889, 18.53674879833268], [73.94018333674448, 18.53674528819056], [73.94017653434794, 18.536745070302853], [73.94017324209352, 18.536741560160735], [73.9401699498391, 18.536738050018613], [73.9401666575847, 18.53673453987649], [73.94016336533028, 18.53673102973437], [73.94016007307586, 18.53672751959225], [73.94015678082145, 18.53672400945013], [73.94015348856703, 18.536720499308007], [73.94015019631262, 18.53671698916589], [73.9401469040582, 18.536713479023767], [73.94014361180379, 18.536709968881645], [73.94014031954937, 18.536706458739527], [73.94013702729495, 18.536702948597405], [73.94013022489843, 18.5367027307097], [73.940126932644, 18.536699220567577], [73.94012364038959, 18.53669571042546], [73.94012034813518, 18.536692200283337], [73.94011705588076, 18.536688690141215], [73.94011376362634, 18.536685179999097], [73.94011047137192, 18.536681669856975], [73.94010717911752, 18.536678159714853], [73.9401038868631, 18.53667464957273], [73.94010059460868, 18.536671139430613], [73.94009730235427, 18.53666762928849]]}}, {"type": "Feature", "properties": {"line": "red", "color": "#c62828", "sheet": 7, "sheet_title": "Sheet 13 past Mundhwa", "segment": "6-0", "source": "Mula Mutha River Sangam bridge Mudhava KTW.pdf", "kind": "Estimated", "note": "Digitized from scanned plane-table sheet; filtered to twin corridor."}, "geometry": {"type": "LineString", "coordinates": [[73.94085352718658, 18.53793115831959], [73.94085374507428, 18.537924355923057], [73.94085396296198, 18.53791755352652], [73.94085067070758, 18.5379140433844], [73.94084737845316, 18.53791053324228], [73.94084759634086, 18.53790373084574], [73.94084781422856, 18.537896928449207], [73.94084803211628, 18.53789012605267], [73.94084825000398, 18.537883323656136], [73.94084495774956, 18.537879813514014], [73.94084517563726, 18.537873011117476], [73.94084188338286, 18.537869500975358], [73.94084210127056, 18.53786269857882], [73.94083880901614, 18.537859188436702], [73.94083902690384, 18.537852386040164], [73.94083924479156, 18.537845583643627], [73.94083595253714, 18.53784207350151], [73.94083266028272, 18.537838563359387], [73.94083287817043, 18.537831760962852], [73.94083309605814, 18.537824958566315], [73.94083331394584, 18.537818156169777], [73.94083002169143, 18.53781464602766], [73.940826729437, 18.537811135885537], [73.94082694732472, 18.537804333489], [73.94082716521243, 18.537797531092465], [73.94082738310013, 18.537790728695928], [73.94082409084571, 18.53778721855381], [73.94082079859129, 18.537783708411688], [73.940821016479, 18.53777690601515], [73.94082123436671, 18.537770103618616], [73.94082145225441, 18.53776330122208], [73.94081815999999, 18.53775979107996], [73.94081837788771, 18.537752988683422], [73.94081508563329, 18.5377494785413], [73.94081530352099, 18.537742676144767], [73.9408155214087, 18.53773587374823], [73.94081222915429, 18.53773236360611], [73.94081244704199, 18.537725561209573], [73.94080915478757, 18.53772205106745], [73.94080937267528, 18.537715248670917], [73.94080608042087, 18.537711738528795], [73.94080278816645, 18.537708228386673], [73.94079949591203, 18.537704718244555], [73.94079971379973, 18.537697915848018], [73.94079642154533, 18.537694405705896], [73.94079312929091, 18.537690895563777], [73.94079334717861, 18.53768409316724], [73.9407900549242, 18.53768058302512], [73.94078676266979, 18.537677072883], [73.94078698055749, 18.537670270486462], [73.94078368830307, 18.537666760344344], [73.94078039604867, 18.537663250202222], [73.94078061393637, 18.537656447805684], [73.94077732168195, 18.537652937663566], [73.94077402942753, 18.537649427521444], [73.94077073717312, 18.537645917379322], [73.94077095506083, 18.537639114982788], [73.94076766280641, 18.537635604840666], [73.94076788069411, 18.53762880244413], [73.9407645884397, 18.53762529230201], [73.94076129618529, 18.53762178215989], [73.94075800393087, 18.537618272017767], [73.94075822181857, 18.537611469621233], [73.94075492956416, 18.53760795947911], [73.94075163730975, 18.53760444933699], [73.94074834505533, 18.53760093919487], [73.94074856294303, 18.537594136798333], [73.94074527068862, 18.53759062665621], [73.9407419784342, 18.537587116514093], [73.9407421963219, 18.537580314117555], [73.94073890406749, 18.537576803975437], [73.94073561181308, 18.537573293833315], [73.94073231955866, 18.537569783691193], [73.94073253744637, 18.53756298129466], [73.94072924519196, 18.537559471152537], [73.94072595293754, 18.537555961010415], [73.94072617082524, 18.53754915861388], [73.94072287857082, 18.53754564847176], [73.94071958631642, 18.537542138329638], [73.940716294062, 18.53753862818752], [73.9407165119497, 18.537531825790982], [73.94071321969528, 18.53752831564886], [73.94070992744088, 18.53752480550674], [73.94071014532858, 18.537518003110204], [73.94070685307416, 18.537514492968082], [73.94070356081974, 18.537510982825964], [73.94070377870746, 18.537504180429426], [73.94070048645304, 18.537500670287304], [73.94069719419862, 18.537497160145186], [73.94069390194421, 18.537493650003064], [73.94069411983192, 18.53748684760653], [73.9406908275775, 18.53748333746441], [73.94068753532308, 18.537479827322286], [73.9406877532108, 18.537473024925752], [73.94068446095638, 18.53746951478363], [73.94068116870196, 18.53746600464151], [73.94068138658966, 18.537459202244975], [73.94067809433525, 18.537455692102853], [73.94067480208084, 18.53745218196073], [73.94067150982642, 18.537448671818613], [73.94067172771412, 18.537441869422075], [73.94066843545971, 18.537438359279953], [73.9406651432053, 18.537434849137835], [73.940665361093, 18.537428046741297], [73.94066206883858, 18.537424536599175], [73.94065877658417, 18.537421026457057], [73.94065899447187, 18.53741422406052], [73.94065570221746, 18.537410713918398], [73.94065240996305, 18.53740720377628], [73.94064911770863, 18.537403693634158], [73.94064933559633, 18.53739689123762], [73.94064604334191, 18.5373933810955], [73.94064275108751, 18.53738987095338], [73.94064296897521, 18.537383068556846], [73.94063967672079, 18.537379558414724], [73.94063638446637, 18.537376048272602], [73.94063660235409, 18.537369245876068], [73.94063331009967, 18.537365735733946], [73.94063001784525, 18.537362225591824], [73.94063023573295, 18.53735542319529], [73.94062694347855, 18.53735191305317], [73.94062365122413, 18.537348402911046], [73.94062035896971, 18.537344892768928], [73.9406170667153, 18.537341382626806], [73.94061728460301, 18.53733458023027], [73.94061399234859, 18.53733107008815], [73.94061070009417, 18.53732755994603], [73.94061091798187, 18.53732075754949], [73.94060762572747, 18.537317247407373], [73.94060433347305, 18.53731373726525], [73.94060455136075, 18.537306934868713], [73.94060125910634, 18.537303424726595], [73.94059796685193, 18.537299914584473], [73.94059818473963, 18.53729311218794], [73.94059489248521, 18.537289602045817], [73.9405916002308, 18.537286091903695], [73.94058830797638, 18.537282581761573], [73.94058852586409, 18.53727577936504], [73.94058523360967, 18.537272269222917], [73.94058545149738, 18.537265466826383], [73.94058215924296, 18.53726195668426], [73.94057886698855, 18.53725844654214], [73.94057557473413, 18.53725493640002], [73.94057228247972, 18.5372514262579], [73.94057250036742, 18.537244623861362], [73.940569208113, 18.537241113719244], [73.9405659158586, 18.537237603577122], [73.9405661337463, 18.537230801180584], [73.94056284149188, 18.537227291038466], [73.94055954923746, 18.537223780896344], [73.94055976712518, 18.537216978499806], [73.94055647487076, 18.537213468357688], [73.94055318261634, 18.537209958215566], [73.94055340050404, 18.537203155819032], [73.94055010824964, 18.53719964567691], [73.94054681599522, 18.53719613553479], [73.9405435237408, 18.537192625392667], [73.9405437416285, 18.537185822996133], [73.9405404493741, 18.53718231285401], [73.94053715711968, 18.53717880271189], [73.94053386486526, 18.53717529256977], [73.94053057261085, 18.53717178242765], [73.94052728035643, 18.537168272285527], [73.94052398810202, 18.53716476214341], [73.9405206958476, 18.537161252001287], [73.94051740359319, 18.537157741859165], [73.94051411133877, 18.537154231717047], [73.94051432922647, 18.53714742932051], [73.94051103697205, 18.537143919178387], [73.94050774471765, 18.53714040903627], [73.94050445246323, 18.537136898894147], [73.94050116020881, 18.537133388752025], [73.9404978679544, 18.537129878609907], [73.94049457569999, 18.537126368467785], [73.94049128344557, 18.537122858325663], [73.94048799119115, 18.537119348183545], [73.94048469893674, 18.537115838041423], [73.94048140668232, 18.5371123278993], [73.9404781144279, 18.53710881775718], [73.9404748221735, 18.53710530761506], [73.9404750400612, 18.537098505218523], [73.94047174780678, 18.5370949950764], [73.94046845555236, 18.537091484934283], [73.94046516329796, 18.53708797479216], [73.94046187104354, 18.53708446465004], [73.94045857878912, 18.53708095450792], [73.94045528653471, 18.5370774443658], [73.9404519942803, 18.537073934223677], [73.94044870202588, 18.53707042408156], [73.94044540977146, 18.537066913939437], [73.94044211751705, 18.537063403797315], [73.94043882526263, 18.537059893655197]]}}, {"type": "Feature", "properties": {"line": "red", "color": "#c62828", "sheet": 7, "sheet_title": "Sheet 13 past Mundhwa", "segment": "7-0", "source": "Mula Mutha River Sangam bridge Mudhava KTW.pdf", "kind": "Estimated", "note": "Digitized from scanned plane-table sheet; filtered to twin corridor."}, "geometry": {"type": "LineString", "coordinates": [[73.93933158621824, 18.53612559006562], [73.93933838861479, 18.536125807953326], [73.93934519101131, 18.53612602584103], [73.93934848326573, 18.53612953598315], [73.93935177552015, 18.536133046125272], [73.93935506777457, 18.536136556267394], [73.9393618701711, 18.536136774155096], [73.93936516242552, 18.53614028429722], [73.93936845467994, 18.53614379443934], [73.93937525707646, 18.536144012327046], [73.93937854933088, 18.536147522469165], [73.9393818415853, 18.536151032611286], [73.9393851338397, 18.53615454275341], [73.93939193623625, 18.536154760641114], [73.93939522849067, 18.536158270783233], [73.93939852074507, 18.536161780925354], [73.93940181299949, 18.536165291067476], [73.93940510525391, 18.536168801209595], [73.93941190765045, 18.5361690190973], [73.93941519990486, 18.536172529239423], [73.93941849215928, 18.536176039381544], [73.9394217844137, 18.536179549523663], [73.93942858681022, 18.53617976741137], [73.93943187906464, 18.53618327755349], [73.93943517131906, 18.53618678769561], [73.93943846357347, 18.53619029783773], [73.93944175582789, 18.536193807979853], [73.93944855822443, 18.53619402586756], [73.93945185047885, 18.536197536009677], [73.93945514273325, 18.5362010461518], [73.93945843498767, 18.53620455629392], [73.93946172724209, 18.536208066436043], [73.93946852963862, 18.536208284323745], [73.93947182189304, 18.536211794465867], [73.93947511414746, 18.53621530460799], [73.93948191654398, 18.536215522495695], [73.9394852087984, 18.536219032637813], [73.93948850105282, 18.536222542779935], [73.93949179330724, 18.536226052922057], [73.93949508556165, 18.536229563064175], [73.93950188795819, 18.53622978095188], [73.9395051802126, 18.536233291094003], [73.93950847246701, 18.536236801236125], [73.93951176472143, 18.536240311378243], [73.93951856711797, 18.53624052926595], [73.93952185937238, 18.53624403940807], [73.9395251516268, 18.53624754955019], [73.93952844388122, 18.53625105969231], [73.93953524627774, 18.536251277580018], [73.93953853853216, 18.53625478772214], [73.93954183078658, 18.536258297864258], [73.939545123041, 18.53626180800638], [73.9395484152954, 18.5362653181485], [73.93955521769195, 18.536265536036208], [73.93955850994637, 18.536269046178326], [73.93956180220077, 18.536272556320448], [73.93956509445519, 18.53627606646257], [73.93957189685173, 18.536276284350276], [73.93957518910614, 18.536279794492394], [73.93957848136056, 18.536283304634516], [73.93958177361498, 18.536286814776638], [73.9395885760115, 18.53628703266434], [73.93959186826592, 18.536290542806462], [73.93959516052034, 18.536294052948584], [73.93959845277476, 18.536297563090706], [73.93960525517129, 18.53629778097841], [73.9396085474257, 18.53630129112053], [73.93961183968013, 18.536304801262652], [73.93961513193453, 18.53630831140477], [73.93961842418895, 18.536311821546892], [73.93962522658549, 18.5363120394346], [73.9396285188399, 18.53631554957672], [73.93963181109432, 18.53631905971884], [73.93963861349086, 18.536319277606545], [73.93964190574528, 18.536322787748666], [73.93964519799968, 18.53632629789079], [73.9396484902541, 18.536329808032907], [73.93965178250852, 18.53633331817503], [73.93965858490505, 18.536333536062735], [73.93966187715947, 18.536337046204856], [73.93966516941389, 18.536340556346975], [73.93966846166829, 18.536344066489097], [73.93967175392271, 18.53634757663122], [73.93967504617713, 18.536351086773337], [73.93967833843155, 18.53635459691546], [73.93968163068595, 18.53635810705758], [73.93968492294037, 18.5363616171997], [73.93968821519479, 18.53636512734182], [73.9396915074492, 18.536368637483942], [73.93969479970362, 18.536372147626064], [73.93969809195804, 18.536375657768183], [73.93970489435458, 18.53637587565589], [73.93970818660898, 18.53637938579801], [73.9397114788634, 18.53638289594013], [73.93971477111782, 18.53638640608225], [73.93971806337223, 18.536389916224373], [73.93972135562665, 18.536393426366494], [73.93972464788106, 18.536396936508613], [73.93972794013548, 18.536400446650735], [73.93973123238989, 18.536403956792856], [73.93973452464431, 18.536407466934975], [73.93973781689873, 18.536410977077097], [73.93974110915313, 18.53641448721922], [73.93974440140755, 18.536417997361337], [73.93974769366197, 18.53642150750346], [73.9397544960585, 18.536421725391165], [73.93975778831292, 18.536425235533287], [73.93976108056734, 18.536428745675405], [73.93976437282176, 18.536432255817527], [73.93976766507616, 18.53643576595965], [73.93977095733058, 18.536439276101767], [73.93977775972712, 18.536439493989473], [73.93978105198153, 18.536443004131595], [73.93978434423595, 18.536446514273717], [73.93978763649037, 18.536450024415835], [73.93979443888689, 18.53645024230354], [73.93979773114131, 18.536453752445663], [73.93980102339573, 18.536457262587785], [73.93980782579226, 18.536457480475487], [73.93981111804668, 18.53646099061761], [73.9398144103011, 18.53646450075973], [73.93982121269764, 18.536464718647437], [73.93982450495204, 18.536468228789555], [73.93982779720646, 18.536471738931677], [73.93983108946088, 18.5364752490738], [73.93983789185741, 18.536475466961505], [73.93984118411183, 18.536478977103624], [73.93984447636625, 18.536482487245745], [73.93985127876277, 18.53648270513345], [73.9398545710172, 18.53648621527557], [73.93985786327161, 18.53648972541769], [73.93986466566814, 18.536489943305398], [73.93986795792256, 18.53649345344752], [73.93987125017698, 18.536496963589638], [73.9398745424314, 18.53650047373176], [73.93988134482792, 18.536500691619466], [73.93988463708234, 18.536504201761588], [73.93988792933676, 18.536507711903706], [73.93989473173329, 18.536507929791412], [73.93989802398771, 18.536511439933534], [73.93990131624213, 18.536514950075656], [73.93990811863866, 18.53651516796336], [73.93991141089307, 18.53651867810548], [73.9399147031475, 18.536522188247602], [73.93992150554402, 18.536522406135308], [73.93992479779844, 18.536525916277427], [73.93992809005286, 18.53652942641955], [73.93993138230728, 18.53653293656167], [73.9399381847038, 18.536533154449376], [73.93994147695823, 18.536536664591495], [73.93994476921264, 18.536540174733616], [73.93995157160917, 18.536540392621323], [73.93995486386359, 18.53654390276344], [73.93995815611801, 18.536547412905563], [73.93996495851454, 18.53654763079327], [73.93996825076896, 18.53655114093539], [73.93997154302338, 18.53655465107751], [73.93997483527778, 18.53655816121963], [73.9399781275322, 18.536561671361753], [73.93998141978662, 18.53656518150387], [73.93998471204104, 18.536568691645993], [73.93998800429544, 18.536572201788115], [73.93999129654986, 18.536575711930237], [73.93999458880428, 18.536579222072355], [73.93999788105869, 18.536582732214477], [73.94000468345523, 18.536582950102183], [73.94000797570965, 18.5365864602443], [73.94001126796407, 18.536589970386423], [73.94001456021847, 18.536593480528545], [73.94001785247289, 18.536596990670667], [73.94002114472731, 18.536600500812785], [73.94002443698172, 18.536604010954907], [73.94002772923614, 18.53660752109703], [73.94003102149055, 18.536611031239147], [73.94003431374497, 18.53661454138127], [73.94003760599938, 18.53661805152339], [73.9400408982538, 18.53662156166551], [73.94004419050822, 18.53662507180763], [73.94005099290474, 18.536625289695337], [73.94005428515916, 18.53662879983746], [73.94005757741358, 18.536632309979577], [73.94006086966799, 18.5366358201217], [73.94006416192241, 18.53663933026382], [73.94006745417683, 18.53664284040594], [73.94007074643125, 18.53664635054806], [73.94007403868565, 18.536649860690183], [73.94007733094007, 18.5366533708323], [73.94008062319449, 18.536656880974423], [73.9400839154489, 18.536660391116545], [73.94008720770331, 18.536663901258667]]}}, {"type": "Feature", "properties": {"line": "red", "color": "#c62828", "sheet": 7, "sheet_title": "Sheet 13 past Mundhwa", "segment": "8-0", "source": "Mula Mutha River Sangam bridge Mudhava KTW.pdf", "kind": "Estimated", "note": "Digitized from scanned plane-table sheet; filtered to twin corridor."}, "geometry": {"type": "LineString", "coordinates": [[73.94083217175321, 18.539554510388108], [73.94083897414976, 18.53955472827581], [73.94084248429188, 18.539551436021398], [73.94084928668842, 18.5395516539091], [73.94085257894282, 18.539555164051222], [73.94085938133937, 18.53955538193893], [73.9408661837359, 18.539555599826635], [73.94087298613243, 18.53955581771434], [73.94087978852897, 18.539556035602043], [73.9408865909255, 18.53955625348975], [73.94089339332204, 18.539556471377455], [73.94089361120975, 18.53954966898092], [73.94089382909746, 18.539542866584384], [73.94089404698516, 18.539536064187846], [73.94089426487287, 18.539529261791312], [73.94089448276057, 18.539522459394775], [73.94089470064827, 18.53951565699824], [73.94089491853599, 18.539508854601703], [73.94089513642369, 18.53950205220517], [73.94089184416927, 18.539498542063047], [73.94089206205697, 18.53949173966651], [73.94089227994468, 18.539484937269975], [73.9408957900868, 18.53948164501556], [73.94089600797452, 18.539474842619022], [73.94089951811664, 18.53947155036461], [73.94089973600434, 18.539464747968072], [73.94089995389204, 18.539457945571538], [73.94090017177975, 18.539451143175], [73.94090038966745, 18.539444340778463], [73.94090060755516, 18.53943753838193], [73.94090082544287, 18.53943073598539], [73.94090104333057, 18.539423933588857], [73.94090126121827, 18.53941713119232], [73.94090147910597, 18.539410328795785], [73.94090169699369, 18.539403526399248], [73.9409019148814, 18.539396724002714], [73.94090542502352, 18.539393431748298], [73.94090564291122, 18.53938662935176], [73.94090586079892, 18.539379826955226], [73.94090607868662, 18.53937302455869], [73.94090629657434, 18.53936622216215], [73.94090651446204, 18.539359419765617], [73.94090673234975, 18.53935261736908], [73.94090695023745, 18.539345814972545], [73.94090716812515, 18.539339012576008], [73.94090738601287, 18.539332210179474], [73.94090760390057, 18.539325407782936], [73.94090782178827, 18.539318605386402], [73.94090803967597, 18.539311802989864], [73.94090825756368, 18.53930500059333], [73.9409084754514, 18.539298198196793], [73.9409086933391, 18.539291395800255], [73.9409089112268, 18.53928459340372], [73.9409091291145, 18.539277791007184], [73.94090934700222, 18.53927098861065], [73.94090956488992, 18.539264186214112], [73.94090978277762, 18.539257383817578], [73.94091000066533, 18.53925058142104], [73.94091021855303, 18.539243779024506], [73.94091043644075, 18.53923697662797], [73.94091065432845, 18.53923017423143], [73.94091087221615, 18.539223371834897], [73.94091109010385, 18.53921656943836], [73.94091130799156, 18.539209767041825], [73.94091152587927, 18.539202964645288], [73.94091174376697, 18.539196162248754], [73.94091196165468, 18.539189359852216]]}}, {"type": "Feature", "properties": {"line": "red", "color": "#c62828", "sheet": 7, "sheet_title": "Sheet 13 past Mundhwa", "segment": "9-0", "source": "Mula Mutha River Sangam bridge Mudhava KTW.pdf", "kind": "Estimated", "note": "Digitized from scanned plane-table sheet; filtered to twin corridor."}, "geometry": {"type": "LineString", "coordinates": [[73.94089010106762, 18.539552961235334], [73.94088988317992, 18.53955976363187], [73.94089317543434, 18.539563273773993], [73.94089295754664, 18.539570076170527], [73.94089273965892, 18.539576878567065], [73.94089252177122, 18.5395836809636], [73.94089230388352, 18.539590483360136], [73.94089208599581, 18.53959728575667], [73.94089186810811, 18.539604088153208], [73.9408916502204, 18.539610890549742], [73.94088814007829, 18.539614182804158], [73.94088792219057, 18.539620985200695], [73.94088770430287, 18.53962778759723], [73.94088748641516, 18.539634589993767], [73.94088726852746, 18.539641392390305], [73.94088705063974, 18.53964819478684], [73.94088683275204, 18.539654997183376], [73.94088661486434, 18.53966179957991], [73.94088639697664, 18.539668601976448], [73.94088288683452, 18.539671894230864], [73.94088266894681, 18.539678696627398], [73.9408824510591, 18.539685499023935], [73.9408822331714, 18.53969230142047], [73.94088201528369, 18.539699103817007], [73.94088179739599, 18.53970590621354], [73.94088157950829, 18.53971270861008], [73.94088136162057, 18.539719511006613], [73.94088114373287, 18.53972631340315], [73.94088092584516, 18.539733115799688], [73.94088070795746, 18.539739918196222], [73.94088049006976, 18.53974672059276], [73.94088027218204, 18.539753522989294], [73.94088005429434, 18.53976032538583], [73.94087983640664, 18.539767127782365], [73.94087961851893, 18.539773930178903], [73.94087940063123, 18.539780732575437], [73.94087918274352, 18.539787534971975], [73.94087896485581, 18.539794337368512], [73.94087874696811, 18.539801139765046], [73.94087523682599, 18.539804432019462], [73.94087501893829, 18.539811234415996], [73.94087480105058, 18.539818036812534], [73.94087458316287, 18.53982483920907], [73.94087436527516, 18.539831641605605], [73.94087414738746, 18.539838444002143], [73.94087392949976, 18.539845246398677], [73.94087371161206, 18.539852048795215], [73.94087349372434, 18.53985885119175], [73.94087327583664, 18.539865653588286], [73.94087305794893, 18.53987245598482], [73.94087284006123, 18.539879258381358], [73.94086932991911, 18.539882550635774], [73.94086911203141, 18.539889353032308], [73.94086889414369, 18.539896155428846], [73.94086867625599, 18.53990295782538], [73.94086845836829, 18.539909760221917], [73.94086824048058, 18.539916562618455], [73.94086802259288, 18.53992336501499], [73.94086780470516, 18.539930167411526], [73.94086758681746, 18.53993696980806], [73.94086736892976, 18.539943772204598], [73.94086715104206, 18.539950574601132], [73.94086364089993, 18.539953866855548], [73.94086342301223, 18.539960669252086], [73.94086320512451, 18.53996747164862], [73.94086298723681, 18.539974274045157], [73.94086276934911, 18.53998107644169], [73.94086255146141, 18.53998787883823], [73.94086233357369, 18.539994681234763], [73.94086211568599, 18.5400014836313], [73.94086189779829, 18.540008286027838], [73.94086167991058, 18.540015088424372], [73.94086146202288, 18.54002189082091], [73.94086124413516, 18.540028693217444], [73.94086102624746, 18.54003549561398], [73.94086080835976, 18.540042298010516], [73.94086059047206, 18.540049100407053], [73.94086388272648, 18.540052610549175], [73.94086366483876, 18.54005941294571], [73.94086695709318, 18.54006292308783]]}}, {"type": "Feature", "properties": {"line": "blue", "color": "#1565c0", "sheet": 7, "sheet_title": "Sheet 13 past Mundhwa", "segment": "0-0", "source": "Mula Mutha River Sangam bridge Mudhava KTW.pdf", "kind": "Estimated", "note": "Digitized from scanned plane-table sheet; filtered to twin corridor."}, "geometry": {"type": "LineString", "coordinates": [[73.94175654582546, 18.540139083153008], [73.94175676371316, 18.54013228075647], [73.94175347145875, 18.54012877061435], [73.94175368934646, 18.540121968217814], [73.94175390723416, 18.540115165821277], [73.94175061497974, 18.540111655679155], [73.94175083286746, 18.54010485328262], [73.94175105075516, 18.540098050886083], [73.94174775850074, 18.540094540743965], [73.94174797638844, 18.540087738347427], [73.94174819427614, 18.540080935950893], [73.94174490202174, 18.54007742580877], [73.94174511990944, 18.540070623412234], [73.94174533779714, 18.5400638210157], [73.94174204554272, 18.540060310873578], [73.94174226343044, 18.540053508477044], [73.94174248131814, 18.540046706080506], [73.94173918906372, 18.540043195938384], [73.94173940695143, 18.54003639354185], [73.94173962483914, 18.540029591145313], [73.94173633258472, 18.540026081003194], [73.94173655047243, 18.540019278606657], [73.94173676836013, 18.54001247621012], [73.94173347610572, 18.540008966068], [73.94173369399343, 18.540002163671463], [73.94173391188113, 18.53999536127493], [73.94173061962671, 18.539991851132807], [73.94173083751441, 18.53998504873627], [73.94173105540213, 18.539978246339736], [73.94172776314771, 18.539974736197614], [73.94172798103541, 18.53996793380108], [73.94172819892312, 18.539961131404542], [73.94172490666871, 18.53995762126242], [73.94172512455641, 18.539950818865886], [73.94172534244412, 18.53994401646935], [73.9417220501897, 18.53994050632723], [73.94172226807741, 18.539933703930693], [73.94172248596512, 18.539926901534155], [73.94172270385282, 18.53992009913762], [73.94172292174052, 18.539913296741084], [73.94172313962822, 18.53990649434455], [73.94171984737382, 18.539902984202428], [73.94172006526152, 18.539896181805894], [73.94172028314922, 18.539889379409356], [73.94172050103693, 18.53988257701282], [73.94172071892464, 18.539875774616284], [73.94172093681235, 18.539868972219747], [73.94172115470005, 18.539862169823213], [73.94172137258775, 18.539855367426675], [73.94172159047545, 18.53984856503014], [73.94171829822105, 18.53984505488802], [73.94171851610875, 18.53983825249148], [73.94171873399645, 18.539831450094947], [73.94171895188416, 18.53982464769841], [73.94171916977186, 18.539817845301876], [73.94171938765957, 18.539811042905338], [73.94171960554728, 18.539804240508804], [73.94171982343498, 18.539797438112267], [73.94171653118056, 18.539793927970145], [73.94171674906828, 18.53978712557361], [73.94171696695598, 18.539780323177073], [73.94171718484368, 18.53977352078054], [73.94171740273138, 18.539766718384], [73.94171762061909, 18.539759915987467], [73.9417178385068, 18.53975311359093], [73.9417180563945, 18.539746311194396], [73.94171476414009, 18.539742801052274], [73.94171498202779, 18.539735998655736], [73.9417151999155, 18.539729196259202], [73.94171541780321, 18.539722393862665], [73.94171563569091, 18.53971559146613], [73.94171585357861, 18.539708789069593], [73.9417125613242, 18.53970527892747], [73.94171277921191, 18.539698476530937], [73.94171299709961, 18.5396916741344], [73.94171321498732, 18.539684871737865], [73.94171343287502, 18.539678069341328], [73.94171365076274, 18.539671266944794], [73.94171386865044, 18.539664464548256], [73.94171408653814, 18.539657662151722], [73.94171430442584, 18.539650859755184], [73.94171101217142, 18.539647349613062], [73.94171123005914, 18.53964054721653], [73.94171144794684, 18.53963374481999], [73.94171166583455, 18.539626942423457], [73.94171188372225, 18.53962014002692], [73.94171210160995, 18.539613337630385], [73.94171231949767, 18.539606535233847], [73.94170902724325, 18.539603025091726], [73.94170924513095, 18.53959622269519], [73.94170946301865, 18.539589420298654], [73.94170968090637, 18.53958261790212], [73.94170989879407, 18.539575815505582], [73.94171011668178, 18.53956901310905], [73.94170682442736, 18.539565502966926], [73.94170704231507, 18.53955870057039], [73.94170726020278, 18.539551898173855], [73.94170747809048, 18.539545095777317], [73.94170769597818, 18.539538293380783], [73.94170791386588, 18.539531490984245], [73.94170462161148, 18.539527980842124], [73.94170483949918, 18.53952117844559], [73.94170505738688, 18.539514376049052], [73.94170527527459, 18.539507573652518], [73.94170549316229, 18.53950077125598], [73.94170220090788, 18.539497261113862], [73.94170241879559, 18.539490458717324], [73.94170263668329, 18.539483656320787], [73.94170285457099, 18.539476853924253], [73.94170307245871, 18.539470051527715], [73.94169978020429, 18.539466541385597], [73.94169999809199, 18.53945973898906], [73.9417002159797, 18.539452936592525], [73.94170043386741, 18.539446134195988], [73.94170065175511, 18.53943933179945], [73.9416973595007, 18.53943582165733], [73.9416975773884, 18.539429019260794], [73.9416977952761, 18.53942221686426], [73.94169801316382, 18.539415414467722], [73.94169823105152, 18.53940861207119], [73.9416949387971, 18.539405101929066], [73.9416951566848, 18.53939829953253], [73.94169537457252, 18.539391497135995], [73.94169559246022, 18.539384694739457], [73.94169581034792, 18.539377892342923], [73.9416925180935, 18.5393743822008], [73.9416927359812, 18.539367579804264], [73.94169295386892, 18.53936077740773], [73.94169317175663, 18.539353975011192], [73.94169338964433, 18.539347172614658], [73.94169009738991, 18.539343662472536], [73.94169031527763, 18.539336860076002], [73.94169053316533, 18.539330057679464], [73.94169075105303, 18.539323255282927], [73.94169096894073, 18.539316452886393], [73.94168767668633, 18.53931294274427], [73.94168789457403, 18.539306140347737], [73.94168811246173, 18.5392993379512], [73.94168833034944, 18.539292535554665], [73.94168854823714, 18.539285733158128], [73.94168525598273, 18.539282223016006], [73.94168547387044, 18.53927542061947], [73.94168569175814, 18.539268618222934], [73.94168590964584, 18.5392618158264], [73.94168612753354, 18.539255013429862], [73.94168283527914, 18.53925150328774], [73.94168305316684, 18.539244700891206], [73.94168327105454, 18.53923789849467], [73.94168348894225, 18.539231096098135], [73.94168370682996, 18.539224293701597], [73.94168392471767, 18.539217491305063], [73.94168063246325, 18.53921398116294], [73.94168085035095, 18.539207178766404], [73.94168106823867, 18.53920037636987], [73.94168128612637, 18.539193573973332], [73.94168150401407, 18.539186771576798], [73.94168172190177, 18.53917996918026], [73.94167842964735, 18.53917645903814], [73.94167864753507, 18.539169656641604], [73.94167886542277, 18.539162854245067], [73.94167908331048, 18.539156051848533], [73.94167930119818, 18.539149249451995], [73.94167600894377, 18.539145739309877], [73.94167622683148, 18.53913893691334], [73.94167644471918, 18.5391321345168], [73.94167666260688, 18.539125332120268], [73.94167688049458, 18.53911852972373], [73.94167358824018, 18.53911501958161], [73.94167380612788, 18.539108217185074], [73.94167402401558, 18.53910141478854], [73.94167424190329, 18.539094612392002], [73.941674459791, 18.539087809995465], [73.94167116753658, 18.539084299853346], [73.94167138542429, 18.53907749745681], [73.94167160331199, 18.539070695060275], [73.94167182119969, 18.539063892663737], [73.94167203908741, 18.539057090267203], [73.94167225697511, 18.539050287870666], [73.94166896472069, 18.539046777728544], [73.9416691826084, 18.53903997533201], [73.94166940049611, 18.539033172935472], [73.94166961838381, 18.539026370538938], [73.94166983627152, 18.5390195681424], [73.9416665440171, 18.53901605800028], [73.9416667619048, 18.539009255603744], [73.94166697979252, 18.539002453207207], [73.94166719768022, 18.538995650810673], [73.94166741556792, 18.538988848414135], [73.9416641233135, 18.538985338272017], [73.94166434120122, 18.53897853587548], [73.94166455908892, 18.53897173347894], [73.94166477697662, 18.538964931082408], [73.94166499486433, 18.53895812868587], [73.94166170260992, 18.53895461854375], [73.94166192049762, 18.538947816147214], [73.94166213838533, 18.53894101375068], [73.94166235627303, 18.538934211354142], [73.94165906401861, 18.53893070121202], [73.94165928190633, 18.538923898815487], [73.94165949979403, 18.53891709641895], [73.94165971768173, 18.538910294022415], [73.94165993556943, 18.538903491625877], [73.94165664331503, 18.538899981483755], [73.94165686120273, 18.53889317908722], [73.94165707909043, 18.538886376690684], [73.94165729697814, 18.53887957429415], [73.94165751486584, 18.538872771897612], [73.94165773275355, 18.538865969501078], [73.94165444049914, 18.538862459358956], [73.94165465838684, 18.53885565696242], [73.94165487627454, 18.538848854565884], [73.94165509416226, 18.538842052169347], [73.94165531204996, 18.538835249772813], [73.94165552993766, 18.538828447376275], [73.94165574782537, 18.53882164497974], [73.94165596571307, 18.538814842583204], [73.94165618360078, 18.53880804018667], [73.94165640148849, 18.538801237790132], [73.94165661937619, 18.538794435393594], [73.94165683726389, 18.53878763299706], [73.9416570551516, 18.538780830600523], [73.94165727303931, 18.53877402820399], [73.94165749092701, 18.53876722580745], [73.94165770881472, 18.538760423410917], [73.94165792670242, 18.53875362101438], [73.94165814459012, 18.538746818617845], [73.94165836247784, 18.538740016221308], [73.94165858036554, 18.538733213824774], [73.94165879825324, 18.538726411428236], [73.94165901614095, 18.5387196090317], [73.94165923402866, 18.538712806635164], [73.94165945191637, 18.538706004238627], [73.94165615966195, 18.53870249409651], [73.94165637754965, 18.53869569169997], [73.94165308529524, 18.53869218155785], [73.94165330318295, 18.538685379161315]]}}, {"type": "Feature", "properties": {"line": "blue", "color": "#1565c0", "sheet": 7, "sheet_title": "Sheet 13 past Mundhwa", "segment": "1-0", "source": "Mula Mutha River Sangam bridge Mudhava KTW.pdf", "kind": "Estimated", "note": "Digitized from scanned plane-table sheet; filtered to twin corridor."}, "geometry": {"type": "LineString", "coordinates": [[73.94180774455982, 18.54045395438301], [73.94180752667212, 18.54046075677955], [73.94181081892654, 18.54046426692167], [73.94181060103882, 18.540471069318205], [73.94181038315112, 18.540477871714742], [73.94181367540554, 18.54048138185686], [73.94181345751784, 18.540488184253398], [73.94181323963014, 18.540494986649936], [73.94181302174242, 18.54050178904647], [73.94181631399684, 18.54050529918859], [73.94181609610914, 18.540512101585126], [73.94181938836356, 18.540515611727248], [73.94181917047584, 18.540522414123785], [73.94181895258814, 18.54052921652032], [73.94181873470043, 18.540536018916857], [73.94182202695485, 18.540539529058975], [73.94182180906714, 18.540546331455513], [73.94182510132156, 18.540549841597635], [73.94182488343385, 18.54055664399417], [73.94182466554615, 18.540563446390706], [73.94182795780056, 18.540566956532825], [73.94182773991285, 18.540573758929362], [73.94182752202515, 18.5405805613259], [73.94182730413745, 18.540587363722434], [73.94182708624975, 18.54059416611897], [73.94182686836203, 18.540600968515506], [73.94182665047433, 18.540607770912043], [73.94182643258662, 18.540614573308577], [73.94182621469892, 18.540621375705115], [73.94182599681122, 18.54062817810165], [73.9418257789235, 18.540634980498186], [73.9418255610358, 18.54064178289472], [73.9418253431481, 18.540648585291258], [73.9418251252604, 18.540655387687796], [73.94182490737269, 18.54066219008433], [73.94182468948497, 18.540668992480867], [73.94182447159727, 18.5406757948774], [73.94182425370957, 18.54068259727394], [73.94182403582187, 18.540689399670473], [73.94182381793415, 18.54069620206701], [73.94182711018857, 18.540699712209133], [73.94182689230087, 18.540706514605667], [73.94182667441316, 18.540713317002204], [73.94182645652546, 18.54072011939874], [73.94182623863774, 18.540726921795276], [73.94182602075004, 18.54073372419181], [73.94182580286234, 18.540740526588348], [73.94182558497464, 18.54074732898488], [73.94182536708693, 18.54075413138142], [73.94182514919922, 18.540760933777957], [73.94182493131152, 18.54076773617449], [73.94182471342381, 18.54077453857103], [73.94182449553611, 18.540781340967563], [73.9418242776484, 18.5407881433641], [73.94182405976069, 18.540794945760634], [73.94182384187299, 18.540801748157172], [73.94182362398529, 18.540808550553706], [73.94182340609758, 18.540815352950244], [73.94182318820987, 18.54082215534678], [73.94182297032216, 18.540828957743315], [73.94182275243446, 18.540835760139853], [73.94182253454676, 18.540842562536387], [73.94182231665906, 18.540849364932924], [73.94182209877134, 18.54085616732946], [73.94182188088364, 18.540862969725996], [73.94182517313806, 18.540866479868114], [73.94182495525035, 18.540873282264652], [73.94182473736264, 18.54088008466119], [73.94182451947493, 18.540886887057724], [73.94182430158723, 18.54089368945426], [73.94182408369953, 18.540900491850795], [73.94182386581183, 18.540907294247333], [73.94182364792411, 18.540914096643867], [73.94182343003641, 18.540920899040405], [73.9418232121487, 18.54092770143694], [73.941822994261, 18.540934503833476], [73.9418227763733, 18.540941306230014], [73.94182255848558, 18.540948108626548], [73.94182234059788, 18.540954911023086], [73.94182212271018, 18.54096171341962], [73.94182190482248, 18.540968515816157], [73.94182168693477, 18.54097531821269], [73.94182146904706, 18.54098212060923], [73.94182125115935, 18.540988923005763], [73.94182103327165, 18.5409957254023], [73.94182081538395, 18.541002527798838], [73.94182059749623, 18.541009330195372], [73.94182037960853, 18.54101613259191], [73.94182367186295, 18.541019642734028], [73.94183047425949, 18.541019860621734]]}}, {"type": "Feature", "properties": {"line": "blue", "color": "#1565c0", "sheet": 7, "sheet_title": "Sheet 13 past Mundhwa", "segment": "2-0", "source": "Mula Mutha River Sangam bridge Mudhava KTW.pdf", "kind": "Estimated", "note": "Digitized from scanned plane-table sheet; filtered to twin corridor."}, "geometry": {"type": "LineString", "coordinates": [[73.94084488593306, 18.53756317524353], [73.94084510382078, 18.537556372846996], [73.94084181156636, 18.537552862704874], [73.94083500916982, 18.53755264481717], [73.94083522705752, 18.537545842420634], [73.94083544494524, 18.537539040024097], [73.9408286425487, 18.53753882213639], [73.9408288604364, 18.537532019739857], [73.9408290783241, 18.53752521734332], [73.94082227592757, 18.537524999455613], [73.94082249381528, 18.53751819705908], [73.94082271170298, 18.53751139466254], [73.94081941944857, 18.53750788452042], [73.94081261705203, 18.537507666632717], [73.94081283493973, 18.53750086423618], [73.94081305282744, 18.53749406183964], [73.94080625043091, 18.53749384395194], [73.94080646831861, 18.5374870415554], [73.94080668620632, 18.537480239158867], [73.94079988380977, 18.53748002127116], [73.94080010169749, 18.537473218874624], [73.9408003195852, 18.53746641647809], [73.94079702733077, 18.537462906335968], [73.94079022493425, 18.53746268844826], [73.94079044282195, 18.537455886051728], [73.94079066070965, 18.53744908365519], [73.94078385831311, 18.537448865767484], [73.94078407620083, 18.53744206337095], [73.94078429408853, 18.537435260974412], [73.94078100183411, 18.53743175083229], [73.94077419943757, 18.537431532944584], [73.94077441732529, 18.53742473054805], [73.94077463521299, 18.537417928151513], [73.94076783281645, 18.53741771026381], [73.94076805070415, 18.537410907867272], [73.94076826859187, 18.537404105470735], [73.94076146619533, 18.537403887583032], [73.94076168408303, 18.537397085186495], [73.94076190197073, 18.53739028278996], [73.94075860971633, 18.53738677264784], [73.94075180731978, 18.537386554760133], [73.94075202520749, 18.537379752363595], [73.94075224309519, 18.53737294996706], [73.94074544069866, 18.537372732079355], [73.94074565858637, 18.537365929682817], [73.94074587647407, 18.537359127286283], [73.94073907407754, 18.537358909398577], [73.94073929196524, 18.537352107002043], [73.94073599971082, 18.53734859685992], [73.94073621759853, 18.537341794463384], [73.94073292534412, 18.537338284321265], [73.94073314323182, 18.537331481924728], [73.9407298509774, 18.537327971782606], [73.94072655872299, 18.537324461640488], [73.94072326646858, 18.537320951498366], [73.94072348435628, 18.537314149101828], [73.94072019210186, 18.53731063895971], [73.94071338970532, 18.537310421072004], [73.94071360759304, 18.537303618675466], [73.94071382548074, 18.537296816278932], [73.9407070230842, 18.537296598391226], [73.9407072409719, 18.53728979599469], [73.94070745885962, 18.537282993598154], [73.94070065646308, 18.537282775710448], [73.94070087435078, 18.53727597331391], [73.94070109223848, 18.537269170917376], [73.94069779998408, 18.537265660775255], [73.94069099758754, 18.53726544288755], [73.94069121547524, 18.537258640491014], [73.94069143336296, 18.537251838094477], [73.94068463096642, 18.53725162020677], [73.94068484885412, 18.537244817810237], [73.94068506674182, 18.5372380154137], [73.9406782643453, 18.537237797525993], [73.940678482233, 18.53723099512946], [73.94067518997858, 18.537227484987337], [73.94067540786628, 18.537220682590803], [73.94066860546975, 18.537220464703097], [73.94066882335746, 18.53721366230656], [73.94066904124516, 18.537206859910025], [73.94066574899074, 18.537203349767903], [73.94065894659421, 18.537203131880197], [73.94065916448191, 18.537196329483663], [73.94065938236962, 18.537189527087126], [73.94065257997309, 18.53718930919942], [73.94065279786079, 18.537182506802885], [73.9406530157485, 18.537175704406348], [73.94064621335195, 18.53717548651864], [73.94064643123967, 18.537168684122108], [73.94064664912737, 18.53716188172557], [73.94064335687295, 18.537158371583452], [73.94063655447641, 18.537158153695746], [73.94063677236413, 18.537151351299208], [73.94063699025183, 18.537144548902674], [73.94063018785529, 18.537144331014968], [73.940630405743, 18.53713752861843], [73.94062711348859, 18.537134018476312], [73.94062733137629, 18.537127216079774], [73.94062403912187, 18.537123705937653], [73.94062074686747, 18.537120195795534], [73.94061745461305, 18.537116685653412], [73.94061416235863, 18.53711317551129], [73.94061087010421, 18.537109665369172], [73.9406075778498, 18.53710615522705], [73.94060077545326, 18.537105937339344], [73.94060099334096, 18.537099134942807], [73.94059770108656, 18.53709562480069], [73.94059791897426, 18.53708882240415], [73.94059462671984, 18.53708531226203], [73.94059133446542, 18.53708180211991], [73.94058804221102, 18.53707829197779], [73.9405847499566, 18.537074781835667], [73.94058145770218, 18.53707127169355], [73.94057816544776, 18.537067761551427], [73.94057136305123, 18.53706754366372], [73.94057158093894, 18.537060741267187], [73.94056828868452, 18.537057231125065], [73.94056499643011, 18.537053720982943], [73.94056170417569, 18.537050210840825], [73.94055841192127, 18.537046700698703], [73.94055862980898, 18.537039898302165], [73.94055533755457, 18.537036388160047], [73.94055204530015, 18.537032878017925], [73.94054875304573, 18.537029367875803], [73.94054546079131, 18.537025857733685], [73.94054216853691, 18.537022347591563], [73.94053887628249, 18.53701883744944], [73.94053558402807, 18.53701532730732], [73.94053229177366, 18.5370118171652], [73.94052899951924, 18.53700830702308], [73.9405221971227, 18.537008089135373], [73.94052241501042, 18.53700128673884], [73.940519122756, 18.536997776596717], [73.9405193406437, 18.53699097420018], [73.94051604838928, 18.53698746405806], [73.94051275613488, 18.53698395391594], [73.94050946388046, 18.536980443773817], [73.94050617162604, 18.5369769336317], [73.94050287937162, 18.536973423489577], [73.94049958711722, 18.536969913347455], [73.94049278472067, 18.53696969545975], [73.94049300260838, 18.536962893063215], [73.94048971035397, 18.536959382921093], [73.94048641809955, 18.53695587277897], [73.94048312584513, 18.536952362636853], [73.94047983359071, 18.53694885249473], [73.94048005147843, 18.536942050098197], [73.94047675922401, 18.536938539956076], [73.94047346696959, 18.536935029813954], [73.94046666457307, 18.536934811926248], [73.94046688246077, 18.536928009529714], [73.94046359020635, 18.53692449938759], [73.94046029795193, 18.53692098924547], [73.94045700569752, 18.53691747910335], [73.9404537134431, 18.53691396896123], [73.94045393133081, 18.536907166564692], [73.94045063907639, 18.536903656422574], [73.94044734682198, 18.536900146280452], [73.94044405456756, 18.53689663613833], [73.94044076231314, 18.53689312599621], [73.94043747005874, 18.53688961585409], [73.94043417780432, 18.536886105711968], [73.9404308855499, 18.53688259556985], [73.94042759329548, 18.536879085427728], [73.94042430104108, 18.536875575285606], [73.94042100878666, 18.536872065143484], [73.94041771653224, 18.536868555001366], [73.94041442427783, 18.536865044859244], [73.94041464216554, 18.53685824246271], [73.94041134991112, 18.536854732320588], [73.9404080576567, 18.536851222178466], [73.94040476540229, 18.536847712036344], [73.94040147314787, 18.536844201894226], [73.94039818089345, 18.536840691752104], [73.94039488863903, 18.536837181609982], [73.94039159638463, 18.536833671467864], [73.94038479398809, 18.536833453580158], [73.94038501187579, 18.53682665118362], [73.94038171962139, 18.536823141041502], [73.94037842736697, 18.53681963089938], [73.94037513511255, 18.53681612075726], [73.94037184285813, 18.536812610615137], [73.94037206074584, 18.536805808218602], [73.94036876849142, 18.53680229807648], [73.940365476237, 18.536798787934362], [73.9403621839826, 18.53679527779224], [73.94035889172818, 18.53679176765012], [73.94035559947376, 18.536788257507997], [73.94035230721934, 18.53678474736588], [73.94034901496494, 18.536781237223757], [73.9403422125684, 18.53678101933605], [73.9403424304561, 18.536774216939516], [73.9403391382017, 18.536770706797395], [73.94033584594727, 18.536767196655273], [73.94033255369285, 18.536763686513154], [73.94033277158056, 18.536756884116617], [73.94032947932615, 18.536753373974495], [73.94032618707173, 18.536749863832377], [73.94032289481731, 18.536746353690255], [73.9403196025629, 18.536742843548133], [73.94031280016637, 18.536742625660427], [73.94031301805407, 18.536735823263893], [73.94030972579965, 18.53673231312177], [73.94030643354525, 18.536728802979653], [73.94030314129083, 18.53672529283753], [73.94030335917853, 18.536718490440993], [73.94030006692411, 18.536714980298875], [73.9402967746697, 18.536711470156753], [73.94029348241529, 18.53670796001463], [73.94029019016087, 18.53670444987251], [73.94028689790646, 18.53670093973039], [73.94028360565204, 18.53669742958827], [73.94028031339762, 18.536693919446147], [73.94027351100108, 18.536693701558445], [73.94026670860455, 18.53669348367074], [73.94026341635013, 18.536689973528617], [73.94026363423784, 18.53668317113208], [73.94026034198343, 18.53667966098996], [73.94025704972901, 18.53667615084784], [73.9402537574746, 18.536672640705717], [73.94025046522017, 18.5366691305636], [73.94024717296577, 18.536665620421477], [73.94024388071135, 18.536662110279355], [73.94024058845693, 18.536658600137237], [73.94023729620253, 18.536655089995115], [73.9402340039481, 18.536651579852993], [73.94022720155156, 18.536651361965287], [73.94022039915504, 18.536651144077585], [73.94021710690062, 18.536647633935463], [73.94021732478832, 18.536640831538925], [73.9402140325339, 18.536637321396807], [73.9402107402795, 18.536633811254685], [73.94020744802508, 18.536630301112563], [73.94020415577066, 18.536626790970445], [73.94020086351625, 18.536623280828323], [73.94019406111971, 18.536623062940617], [73.94019076886529, 18.536619552798495], [73.94018747661089, 18.536616042656377], [73.94018418435647, 18.536612532514255], [73.94018089210205, 18.536609022372133], [73.94017408970551, 18.536608804484427], [73.9401707974511, 18.53660529434231], [73.9401710153388, 18.53659849194577], [73.94016772308439, 18.53659498180365], [73.94016443082998, 18.53659147166153], [73.94016113857556, 18.53658796151941], [73.94015784632114, 18.536584451377287], [73.94015455406672, 18.53658094123517], [73.9401477516702, 18.536580723347463], [73.94014094927365, 18.536580505459757], [73.94013765701924, 18.536576995317635], [73.94013787490695, 18.5365701929211], [73.94013458265253, 18.53656668277898], [73.94013129039811, 18.536563172636857], [73.9401279981437, 18.53655966249474], [73.94012470588929, 18.536556152352617], [73.94012141363487, 18.536552642210495], [73.94011812138045, 18.536549132068377], [73.94011482912605, 18.536545621926255], [73.94011153687163, 18.536542111784133], [73.9401082446172, 18.53653860164201], [73.94010144222068, 18.53653838375431], [73.94009814996626, 18.536534873612187], [73.94009485771184, 18.536531363470065], [73.94009156545742, 18.536527853327947], [73.94008827320302, 18.536524343185825], [73.94008147080648, 18.53652412529812], [73.94007817855206, 18.536520615155997], [73.94007839643977, 18.536513812759463], [73.94007510418535, 18.53651030261734], [73.94006830178881, 18.536510084729635], [73.9400650095344, 18.536506574587516], [73.94006171727999, 18.536503064445395], [73.94005842502557, 18.536499554303273], [73.94005162262903, 18.536499336415567], [73.94004833037462, 18.53649582627345], [73.94004854826233, 18.53648902387691], [73.9400452560079, 18.53648551373479], [73.94004196375349, 18.53648200359267], [73.94003867149908, 18.53647849345055], [73.94003537924466, 18.536474983308427], [73.94003208699024, 18.53647147316631], [73.94002879473584, 18.536467963024187], [73.9400219923393, 18.53646774513648], [73.94001518994276, 18.536467527248774], [73.94001540783047, 18.53646072485224], [73.94000860543393, 18.536460506964534], [73.94000531317951, 18.536456996822412], [73.93999851078298, 18.536456778934706], [73.93999872867069, 18.536449976538172], [73.93999192627415, 18.536449758650466]]}}, {"type": "Feature", "properties": {"line": "blue", "color": "#1565c0", "sheet": 7, "sheet_title": "Sheet 13 past Mundhwa", "segment": "3-0", "source": "Mula Mutha River Sangam bridge Mudhava KTW.pdf", "kind": "Estimated", "note": "Digitized from scanned plane-table sheet; filtered to twin corridor."}, "geometry": {"type": "LineString", "coordinates": [[73.9418101628252, 18.54144139131926], [73.94181367296733, 18.541438099064848], [73.94182047536387, 18.54143831695255], [73.94182398550598, 18.54143502469814], [73.94183078790252, 18.54143524258584], [73.94183408015694, 18.541438752727963], [73.94183386226923, 18.5414455551245], [73.94183715452364, 18.54144906526662], [73.94184044677806, 18.54145257540874], [73.94184022889036, 18.54145937780528], [73.94184001100265, 18.541466180201812], [73.94184330325706, 18.541469690343934], [73.94184308536936, 18.54147649274047], [73.94184286748165, 18.541483295137006], [73.94184264959395, 18.54149009753354], [73.94184594184836, 18.541493607675662], [73.94184572396065, 18.5415004100722], [73.94184550607295, 18.541507212468733], [73.94184879832737, 18.541510722610855], [73.94184858043965, 18.541517525007393], [73.94184836255195, 18.541524327403927], [73.94184814466425, 18.541531129800465], [73.94184792677655, 18.541537932197], [73.94184770888884, 18.541544734593536], [73.94185100114325, 18.541548244735655], [73.94185078325555, 18.541555047132192], [73.94185407550997, 18.541558557274314], [73.94185736776438, 18.541562067416432], [73.94185714987667, 18.54156886981297], [73.94185693198897, 18.541575672209504], [73.94186022424338, 18.541579182351626], [73.94186000635568, 18.541585984748163], [73.94185978846797, 18.541592787144697], [73.94185957058026, 18.541599589541235], [73.94186286283468, 18.541603099683357], [73.94186264494698, 18.54160990207989], [73.94186242705928, 18.54161670447643], [73.94186220917156, 18.541623506872963], [73.94186199128386, 18.5416303092695], [73.94186528353828, 18.54163381941162], [73.94186506565057, 18.541640621808156], [73.94186835790498, 18.541644131950278], [73.9418716501594, 18.541647642092396], [73.9418714322717, 18.541654444488934], [73.941871214384, 18.541661246885468], [73.9418745066384, 18.54166475702759], [73.9418742887507, 18.541671559424127], [73.941874070863, 18.54167836182066], [73.94187736311741, 18.541681871962783], [73.9418771452297, 18.541688674359317], [73.941876927342, 18.541695476755855], [73.94187670945429, 18.541702279152393], [73.94188000170871, 18.54170578929451], [73.94187978382101, 18.54171259169105], [73.94187956593329, 18.541719394087583], [73.94188285818771, 18.541722904229704], [73.94188264030001, 18.541729706626242], [73.9418824224123, 18.541736509022776], [73.94188571466671, 18.541740019164898], [73.94188549677901, 18.541746821561432], [73.9418852788913, 18.54175362395797], [73.94188857114572, 18.54175713410009], [73.94188835325801, 18.541763936496626], [73.9418881353703, 18.541770738893163], [73.94189142762472, 18.54177424903528], [73.94189120973702, 18.54178105143182], [73.9418909918493, 18.541787853828357], [73.94189428410372, 18.541791363970475], [73.94189406621602, 18.541798166367013], [73.94189384832832, 18.541804968763547], [73.94189714058274, 18.54180847890567], [73.94189692269502, 18.541815281302206], [73.94189670480732, 18.54182208369874], [73.94189999706174, 18.541825593840862], [73.94189977917404, 18.541832396237396], [73.94189956128632, 18.541839198633934], [73.94190285354074, 18.541842708776056], [73.94190263565304, 18.54184951117259], [73.94190592790746, 18.54185302131471], [73.94190571001974, 18.541859823711246], [73.94190549213204, 18.541866626107783], [73.94190878438646, 18.541870136249905], [73.94190856649875, 18.54187693864644], [73.94190834861104, 18.541883741042977], [73.94190813072333, 18.54189054343951], [73.94191142297775, 18.541894053581633], [73.94191120509005, 18.54190085597817], [73.94191449734446, 18.54190436612029], [73.94191427945675, 18.541911168516826], [73.94191406156905, 18.54191797091336], [73.94191735382347, 18.541921481055482], [73.94191713593577, 18.54192828345202], [73.94191691804805, 18.541935085848554], [73.94192021030247, 18.541938595990676], [73.94191999241477, 18.54194539838721], [73.94191977452707, 18.541952200783747]]}}, {"type": "Feature", "properties": {"line": "blue", "color": "#1565c0", "sheet": 7, "sheet_title": "Sheet 13 past Mundhwa", "segment": "4-0", "source": "Mula Mutha River Sangam bridge Mudhava KTW.pdf", "kind": "Estimated", "note": "Digitized from scanned plane-table sheet; filtered to twin corridor."}, "geometry": {"type": "LineString", "coordinates": [[73.94182345397525, 18.541026445130566], [73.94182323608754, 18.5410332475271], [73.94182301819983, 18.541040049923637], [73.94182280031212, 18.541046852320175], [73.94182258242442, 18.54105365471671], [73.94182236453672, 18.541060457113247], [73.94182214664902, 18.54106725950978], [73.9418219287613, 18.54107406190632], [73.9418217108736, 18.541080864302852], [73.9418214929859, 18.54108766669939], [73.94182127509819, 18.541094469095924], [73.94182105721048, 18.54110127149246], [73.94182083932277, 18.541108073888996], [73.94182062143507, 18.541114876285533], [73.94182040354737, 18.54112167868207], [73.94182018565967, 18.541128481078605], [73.94181996777195, 18.541135283475143], [73.94182326002637, 18.54113879361726], [73.94182304213867, 18.5411455960138], [73.94182282425096, 18.541152398410333], [73.94182260636325, 18.54115920080687], [73.94182238847554, 18.541166003203408], [73.94182217058784, 18.541172805599942], [73.94182195270014, 18.54117960799648], [73.94182173481244, 18.541186410393014], [73.94182151692472, 18.54119321278955], [73.94182129903702, 18.541200015186085], [73.94182108114931, 18.541206817582623], [73.94182086326161, 18.541213619979157], [73.94182064537391, 18.541220422375694], [73.94182042748619, 18.541227224772232], [73.94182020959849, 18.541234027168766], [73.94181999171079, 18.541240829565304], [73.94181977382308, 18.541247631961838], [73.94181955593538, 18.541254434358375], [73.94181933804767, 18.54126123675491], [73.94181912015996, 18.541268039151447], [73.94181890227226, 18.54127484154798], [73.94181868438456, 18.54128164394452], [73.94181846649685, 18.541288446341053], [73.94181824860914, 18.54129524873759], [73.94181803072144, 18.541302051134128], [73.94181781283373, 18.541308853530662], [73.94181759494603, 18.5413156559272], [73.94181737705831, 18.541322458323734], [73.94181715917061, 18.54132926072027], [73.94182045142503, 18.54133277086239], [73.94182023353733, 18.541339573258927], [73.94182001564963, 18.541346375655465], [73.94181979776191, 18.541353178052], [73.94182309001633, 18.54135668819412], [73.94182287212863, 18.541363490590655], [73.94182265424092, 18.541370292987192], [73.94182594649533, 18.541373803129314], [73.94182572860763, 18.54138060552585], [73.94182551071992, 18.541387407922386], [73.94182880297434, 18.541390918064504], [73.94182858508663, 18.541397720461042], [73.94183187734104, 18.541401230603164], [73.94183165945334, 18.541408032999698], [73.94183144156564, 18.541414835396235], [73.94183122367794, 18.54142163779277], [73.94183100579022, 18.541428440189307], [73.94183451593234, 18.54142514793489], [73.94183473382004, 18.541418345538354]]}}, {"type": "Feature", "properties": {"line": "blue", "color": "#1565c0", "sheet": 7, "sheet_title": "Sheet 13 past Mundhwa", "segment": "5-0", "source": "Mula Mutha River Sangam bridge Mudhava KTW.pdf", "kind": "Estimated", "note": "Digitized from scanned plane-table sheet; filtered to twin corridor."}, "geometry": {"type": "LineString", "coordinates": [[73.94097485207044, 18.53977698060678], [73.94098165446697, 18.539777198494484], [73.94098187235468, 18.53977039609795], [73.94098209024239, 18.539763593701412], [73.94098230813009, 18.539756791304878], [73.94098252601779, 18.53974998890834], [73.9409827439055, 18.539743186511807], [73.94098296179321, 18.53973638411527], [73.94098317968091, 18.539729581718735], [73.94098339756862, 18.539722779322197], [73.94098361545632, 18.53971597692566], [73.94098383334402, 18.539709174529126], [73.94098405123174, 18.539702372132588], [73.94098426911944, 18.539695569736054], [73.94098777926156, 18.539692277481638], [73.94098799714926, 18.5396854750851], [73.94098821503697, 18.539678672688567], [73.94098843292467, 18.53967187029203], [73.94098865081239, 18.539665067895495], [73.94098886870009, 18.539658265498957], [73.94098908658779, 18.539651463102423], [73.9409893044755, 18.539644660705886], [73.9409895223632, 18.53963785830935], [73.94098974025091, 18.539631055912814], [73.94098995813862, 18.539624253516276], [73.94099346828074, 18.539620961261864], [73.94099368616844, 18.539614158865326], [73.94099390405614, 18.539607356468792], [73.94099412194385, 18.539600554072255], [73.94099433983156, 18.539593751675717], [73.94099455771926, 18.539586949279183], [73.94099477560697, 18.539580146882646], [73.94099499349467, 18.53957334448611], [73.94099521138237, 18.539566542089574], [73.94099542927009, 18.53955973969304], [73.94099564715779, 18.539552937296502], [73.9409958650455, 18.539546134899968], [73.9409960829332, 18.53953933250343], [73.94099630082091, 18.539532530106893], [73.94099651870862, 18.53952572771036], [73.94099673659632, 18.53951892531382], [73.94099695448402, 18.539512122917287], [73.94100046462614, 18.53950883066287], [73.94100068251385, 18.539502028266334], [73.94100090040155, 18.5394952258698], [73.94100111828926, 18.539488423473262], [73.94100133617697, 18.539481621076728], [73.94100155406467, 18.53947481868019], [73.94100177195237, 18.539468016283656], [73.94100198984009, 18.53946121388712], [73.94100220772779, 18.539454411490585], [73.9410024256155, 18.539447609094047], [73.9410026435032, 18.53944080669751], [73.9410028613909, 18.539434004300976], [73.94100307927862, 18.539427201904438], [73.94100329716632, 18.539420399507904], [73.94100351505402, 18.539413597111366], [73.94100373294172, 18.539406794714832], [73.94100395082943, 18.539399992318295], [73.94100746097155, 18.53939670006388], [73.94100767885926, 18.539389897667345], [73.94100789674697, 18.539383095270807], [73.94100811463467, 18.539376292874273], [73.94100833252237, 18.539369490477736], [73.94100855041007, 18.5393626880812], [73.94100876829779, 18.539355885684664], [73.9410089861855, 18.539349083288126], [73.9410092040732, 18.539342280891592], [73.9410094219609, 18.539335478495055], [73.9410096398486, 18.53932867609852], [73.94100985773632, 18.539321873701983], [73.94101007562402, 18.53931507130545], [73.94101029351172, 18.53930826890891], [73.94101051139943, 18.539301466512377], [73.94101072928713, 18.53929466411584], [73.94101094717485, 18.539287861719302], [73.94101116506255, 18.539281059322768], [73.94101138295025, 18.53927425692623], [73.94101160083795, 18.539267454529696], [73.94101181872567, 18.53926065213316], [73.94101203661337, 18.539253849736625], [73.94101225450108, 18.539247047340087], [73.94101247238878, 18.539240244943553], [73.94101269027648, 18.539233442547015], [73.9410129081642, 18.53922664015048], [73.9410131260519, 18.539219837753944], [73.9410133439396, 18.539213035357406], [73.9410135618273, 18.539206232960872], [73.941013779715, 18.539199430564334], [73.94101399760272, 18.5391926281678], [73.94101421549043, 18.539185825771263], [73.94101772563255, 18.539182533516847], [73.94101794352025, 18.539175731120313], [73.94101816140795, 18.539168928723775], [73.94101837929566, 18.53916212632724], [73.94101859718337, 18.539155323930704], [73.94101881507108, 18.53914852153417], [73.94101903295878, 18.539141719137632], [73.94101925084648, 18.539134916741094], [73.94101946873418, 18.53912811434456], [73.9410196866219, 18.539121311948023], [73.9410199045096, 18.53911450955149], [73.9410201223973, 18.53910770715495], [73.94102034028501, 18.539100904758417], [73.94102055817271, 18.53909410236188], [73.94102077606043, 18.539087299965345], [73.94102099394813, 18.539080497568808], [73.94102121183583, 18.539073695172274], [73.94102142972353, 18.539066892775736], [73.94102164761125, 18.5390600903792], [73.94102186549895, 18.539053287982664], [73.94102208338666, 18.539046485586127], [73.94102230127436, 18.539039683189593], [73.94102251916206, 18.539032880793055], [73.94102273704978, 18.53902607839652], [73.94102295493748, 18.539019275999983], [73.94102317282518, 18.53901247360345], [73.9410266829673, 18.539009181349034], [73.94102690085501, 18.539002378952496], [73.94102711874271, 18.538995576555962], [73.94102733663043, 18.538988774159424], [73.94102755451813, 18.53898197176289], [73.94102777240583, 18.538975169366353], [73.94102799029353, 18.538968366969815], [73.94102820818124, 18.53896156457328], [73.94102842606895, 18.538954762176743], [73.94102864395666, 18.53894795978021], [73.94102886184436, 18.53894115738367], [73.94102907973206, 18.538934354987138], [73.94102929761976, 18.5389275525906], [73.94102951550748, 18.538920750194066], [73.94102973339518, 18.53891394779753], [73.94102995128289, 18.53890714540099], [73.94103016917059, 18.538900343004457], [73.94103038705829, 18.53889354060792], [73.94103060494601, 18.538886738211385], [73.94103082283371, 18.538879935814847], [73.94103104072141, 18.538873133418313], [73.94103125860912, 18.538866331021776], [73.94103147649683, 18.538859528625242], [73.94103169438453, 18.538852726228704], [73.94103191227224, 18.53884592383217], [73.94103213015994, 18.538839121435633], [73.94103234804764, 18.538832319039095], [73.94103256593536, 18.53882551664256], [73.94103278382306, 18.538818714246023], [73.94103300171076, 18.53881191184949], [73.94103321959847, 18.53880510945295], [73.94103343748617, 18.538798307056418], [73.94103365537389, 18.53879150465988], [73.94103387326159, 18.538784702263346], [73.94103409114929, 18.53877789986681], [73.941034309037, 18.53877109747027], [73.9410345269247, 18.538764295073737], [73.94103474481241, 18.5387574926772], [73.94103496270012, 18.538750690280665], [73.94103518058782, 18.538743887884127], [73.94103539847552, 18.538737085487593], [73.94103561636324, 18.538730283091056], [73.94103583425094, 18.53872348069452], [73.94103605213864, 18.538716678297984], [73.94103627002634, 18.538709875901446], [73.94103648791405, 18.538703073504912], [73.94103670580176, 18.538696271108375], [73.94103692368947, 18.53868946871184], [73.94103714157717, 18.538682666315303], [73.94103735946487, 18.53867586391877], [73.94103757735257, 18.53866906152223], [73.94103779524029, 18.538662259125697], [73.941038013128, 18.53865545672916], [73.9410382310157, 18.538648654332626], [73.9410384489034, 18.538641851936088], [73.9410386667911, 18.53863504953955], [73.94103888467882, 18.538628247143016], [73.94103910256652, 18.53862144474648], [73.94104261270864, 18.538618152492063], [73.94104283059634, 18.53861135009553], [73.94104304848405, 18.53860454769899], [73.94104326637175, 18.538597745302457], [73.94104348425947, 18.53859094290592], [73.94104370214717, 18.538584140509386], [73.94104392003487, 18.538577338112848], [73.94104413792257, 18.538570535716314], [73.94104435581028, 18.538563733319776], [73.941044573698, 18.538556930923242], [73.9410447915857, 18.538550128526705], [73.9410450094734, 18.538543326130167], [73.9410452273611, 18.538536523733633], [73.94104544524882, 18.538529721337095], [73.94104566313652, 18.53852291894056], [73.94104588102422, 18.538516116544024], [73.94104609891193, 18.53850931414749], [73.94104631679963, 18.538502511750952], [73.94104653468735, 18.538495709354418], [73.94104675257505, 18.53848890695788], [73.94104697046275, 18.538482104561343], [73.94104718835045, 18.53847530216481], [73.94104740623816, 18.53846849976827], [73.94104762412587, 18.538461697371737], [73.94104784201357, 18.5384548949752], [73.94104805990128, 18.538448092578665], [73.94104827778898, 18.538441290182128], [73.94104849567668, 18.538434487785594], [73.9410487135644, 18.538427685389056], [73.9410489314521, 18.538420882992522], [73.9410491493398, 18.538414080595985], [73.9410493672275, 18.538407278199447], [73.94105287736963, 18.538403985945035], [73.94105309525733, 18.538397183548497], [73.94105331314505, 18.53839038115196], [73.94105353103275, 18.538383578755425], [73.94105374892045, 18.538376776358888], [73.94105045666603, 18.53837326621677], [73.94105067455375, 18.538366463820232]]}}, {"type": "Feature", "properties": {"line": "blue", "color": "#1565c0", "sheet": 7, "sheet_title": "Sheet 13 past Mundhwa", "segment": "6-0", "source": "Mula Mutha River Sangam bridge Mudhava KTW.pdf", "kind": "Estimated", "note": "Digitized from scanned plane-table sheet; filtered to twin corridor."}, "geometry": {"type": "LineString", "coordinates": [[73.93986485961702, 18.5363775948187], [73.93985805722048, 18.536377376930997], [73.93985476496607, 18.536373866788875], [73.93985498285377, 18.536367064392337], [73.93985169059935, 18.53636355425022], [73.93984488820283, 18.536363336362513], [73.93984159594841, 18.53635982622039], [73.93983479355187, 18.536359608332685], [73.93983150129746, 18.536356098190566], [73.93982469890092, 18.53635588030286], [73.9398214066465, 18.53635237016074], [73.9398216245342, 18.536345567764204], [73.9398183322798, 18.536342057622083], [73.93981504002538, 18.53633854747996], [73.93981174777096, 18.53633503733784], [73.93980494537443, 18.536334819450136], [73.93979814297789, 18.53633460156243], [73.93979485072347, 18.53633109142031], [73.93979506861118, 18.536324289023774], [73.93979177635677, 18.536320778881652], [73.93978848410235, 18.53631726873953], [73.93978519184793, 18.53631375859741], [73.93978189959353, 18.53631024845529], [73.93977860733911, 18.53630673831317], [73.93977531508469, 18.536303228171047], [73.93977202283027, 18.53629971802893], [73.93976873057586, 18.536296207886807], [73.93976543832144, 18.536292697744685], [73.93976214606703, 18.536289187602566], [73.93975885381262, 18.536285677460445], [73.9397555615582, 18.536282167318323], [73.93975226930378, 18.536278657176204], [73.93974546690725, 18.5362784392885], [73.93973866451071, 18.536278221400792], [73.9397353722563, 18.53627471125867], [73.939735590144, 18.536267908862136], [73.93973229788959, 18.536264398720014], [73.93972900563517, 18.536260888577893], [73.93972571338075, 18.536257378435774], [73.93971891098423, 18.536257160548068], [73.9397156187298, 18.536253650405946], [73.93971232647539, 18.536250140263824], [73.93970903422098, 18.536246630121706], [73.93970574196656, 18.536243119979584], [73.93970244971214, 18.536239609837462], [73.9396956473156, 18.536239391949756], [73.93968884491908, 18.536239174062054], [73.93968555266466, 18.536235663919932], [73.93968577055236, 18.536228861523394], [73.93967896815583, 18.53622864363569], [73.93967567590141, 18.53622513349357], [73.93966887350487, 18.536224915605864], [73.93966558125047, 18.536221405463742], [73.93966579913817, 18.536214603067208], [73.93965899674163, 18.536214385179502], [73.9396521943451, 18.536214167291796], [73.93964890209068, 18.536210657149674], [73.93964911997838, 18.53620385475314], [73.93964231758184, 18.536203636865434], [73.93963551518532, 18.536203418977728], [73.9396322229309, 18.536199908835606], [73.93962893067648, 18.536196398693487], [73.93962563842207, 18.536192888551366], [73.93962234616765, 18.536189378409244], [73.93961905391323, 18.536185868267125], [73.93961576165881, 18.536182358125004], [73.93960895926229, 18.536182140237297], [73.93960566700787, 18.536178630095176], [73.93959886461133, 18.536178412207473], [73.93959557235692, 18.53617490206535], [73.93959579024462, 18.536168099668814], [73.9395924979902, 18.536164589526695], [73.93958569559368, 18.53616437163899], [73.93958240333926, 18.536160861496867], [73.93957560094272, 18.53616064360916], [73.93957230868831, 18.536157133467043], [73.9395690164339, 18.53615362332492], [73.93956221403735, 18.536153405437215], [73.93956243192505, 18.536146603040677], [73.93955562952853, 18.536146385152975], [73.93954882713199, 18.53614616726527], [73.93954553487757, 18.536142657123147], [73.93954575276528, 18.536135854726613], [73.93954246051086, 18.53613234458449], [73.93953565811432, 18.536132126696785], [73.9395288557178, 18.53613190880908], [73.9395290736055, 18.536125106412545], [73.93952227120896, 18.53612488852484], [73.93951897895454, 18.536121378382717], [73.93951217655801, 18.53612116049501], [73.93950888430359, 18.536117650352892], [73.9395091021913, 18.536110847956355], [73.93950580993689, 18.536107337814233], [73.93949900754035, 18.536107119926527], [73.93949220514381, 18.536106902038824], [73.9394889128894, 18.536103391896702], [73.9394891307771, 18.536096589500165], [73.93948232838056, 18.536096371612462], [73.93947552598404, 18.536096153724756], [73.93947223372962, 18.536092643582634], [73.93947245161732, 18.536085841186097], [73.93946564922078, 18.536085623298394], [73.93945884682425, 18.536085405410688], [73.93945555456983, 18.536081895268566], [73.93945577245753, 18.536075092872032], [73.93945248020313, 18.53607158272991], [73.93944567780659, 18.536071364842204], [73.93943887541005, 18.536071146954498], [73.93943909329776, 18.536064344557964], [73.93943229090122, 18.536064126670258], [73.9394289986468, 18.536060616528136], [73.93942219625028, 18.53606039864043], [73.93941890399586, 18.53605688849831], [73.93941912188356, 18.536050086101774], [73.93941561174144, 18.53605337835619], [73.93941210159932, 18.536056670610606]]}}, {"type": "Feature", "properties": {"line": "green", "color": "#2e7d32", "sheet": 7, "sheet_title": "Sheet 13 past Mundhwa", "segment": "0-0", "source": "Mula Mutha River Sangam bridge Mudhava KTW.pdf", "kind": "Estimated", "note": "Digitized from scanned plane-table sheet; filtered to twin corridor."}, "geometry": {"type": "LineString", "coordinates": [[73.94011545885033, 18.536419668646484], [73.94011875110473, 18.536423178788606], [73.94012204335915, 18.536426688930728], [73.94012533561357, 18.536430199072846], [73.94012862786799, 18.53643370921497], [73.94012840998028, 18.536440511611506], [73.9401317022347, 18.536444021753624], [73.94013499448911, 18.536447531895746], [73.94013828674352, 18.536451042037868], [73.94014157899794, 18.536454552179986], [73.94014136111024, 18.536461354576524], [73.94014465336465, 18.536464864718646], [73.94014794561906, 18.536468374860764], [73.94015123787348, 18.536471885002886], [73.9401545301279, 18.536475395145008], [73.9401543122402, 18.53648219754154], [73.9401576044946, 18.536485707683664], [73.94016089674902, 18.536489217825785], [73.94016418900344, 18.536492727967904], [73.94016397111574, 18.53649953036444], [73.94016726337014, 18.536503040506563], [73.94017055562456, 18.53650655064868], [73.94017384787898, 18.536510060790803], [73.94017714013339, 18.536513570932925], [73.94017692224568, 18.53652037332946], [73.9401802145001, 18.53652388347158], [73.94018350675452, 18.536527393613703], [73.94018679900893, 18.53653090375582], [73.94019009126335, 18.536534413897943], [73.94018987337564, 18.53654121629448], [73.94019316563006, 18.5365447264366], [73.94019645788447, 18.53654823657872], [73.94019975013889, 18.536551746720843], [73.9402030423933, 18.53655525686296], [73.94020282450559, 18.5365620592595], [73.94020611676001, 18.53656556940162], [73.94020940901443, 18.53656907954374], [73.94021270126885, 18.53657258968586], [73.94021599352325, 18.536576099827982], [73.94021577563555, 18.536582902224517], [73.94021906788997, 18.53658641236664]]}}, {"type": "Feature", "properties": {"line": "green", "color": "#2e7d32", "sheet": 7, "sheet_title": "Sheet 13 past Mundhwa", "segment": "1-0", "source": "Mula Mutha River Sangam bridge Mudhava KTW.pdf", "kind": "Estimated", "note": "Digitized from scanned plane-table sheet; filtered to twin corridor."}, "geometry": {"type": "LineString", "coordinates": [[73.93952006839308, 18.536087366400036], [73.93952336064748, 18.536090876542158], [73.9395266529019, 18.53609438668428], [73.93952994515632, 18.536097896826398], [73.93953674755285, 18.536098114714104], [73.93954003980727, 18.536101624856226], [73.93954333206169, 18.536105134998348], [73.9395466243161, 18.536108645140466], [73.93954991657051, 18.536112155282588], [73.93955320882493, 18.53611566542471], [73.93955650107935, 18.536119175566828], [73.93955979333376, 18.53612268570895], [73.9395665957303, 18.536122903596656], [73.93956988798472, 18.536126413738778], [73.93957318023912, 18.536129923880896], [73.93957647249354, 18.536133434023018], [73.93957976474796, 18.53613694416514], [73.93958305700238, 18.536140454307258], [73.93958634925679, 18.53614396444938], [73.9395896415112, 18.536147474591502], [73.93959293376562, 18.53615098473362], [73.93959973616215, 18.536151202621326], [73.93960302841657, 18.536154712763448], [73.93960632067099, 18.53615822290557], [73.9396096129254, 18.536161733047688], [73.93961290517981, 18.53616524318981], [73.93961619743423, 18.536168753331932], [73.93961948968865, 18.53617226347405], [73.93962629208518, 18.536172481361756], [73.9396295843396, 18.536175991503878], [73.93963287659402, 18.536179501646], [73.93963616884842, 18.53618301178812], [73.93963946110284, 18.53618652193024], [73.93964626349938, 18.536186739817946], [73.93964955575379, 18.536190249960068], [73.93965284800821, 18.536193760102186], [73.93965614026263, 18.53619727024431], [73.93966294265917, 18.536197488132014], [73.93966623491357, 18.536200998274136], [73.939669527168, 18.536204508416255], [73.93967281942241, 18.536208018558376], [73.93967611167682, 18.5362115287005]]}}, {"type": "Feature", "properties": {"line": "green", "color": "#2e7d32", "sheet": 7, "sheet_title": "Sheet 13 past Mundhwa", "segment": "2-0", "source": "Mula Mutha River Sangam bridge Mudhava KTW.pdf", "kind": "Estimated", "note": "Digitized from scanned plane-table sheet; filtered to twin corridor."}, "geometry": {"type": "LineString", "coordinates": [[73.9408731610189, 18.537424488721513], [73.9408698687645, 18.53742097857939], [73.94086657651007, 18.53741746843727], [73.94086328425566, 18.53741395829515], [73.94085999200125, 18.53741044815303], [73.94085669974683, 18.537406938010907], [73.94085340749241, 18.53740342786879], [73.94085011523799, 18.537399917726667], [73.94084682298359, 18.537396407584545], [73.94084704087129, 18.53738960518801], [73.94084374861687, 18.53738609504589], [73.94084045636247, 18.537382584903767], [73.94083716410805, 18.53737907476165], [73.94083387185363, 18.537375564619527], [73.94083057959921, 18.537372054477405], [73.9408272873448, 18.537368544335287], [73.94082399509038, 18.537365034193165], [73.94082070283596, 18.537361524051043], [73.94082092072367, 18.53735472165451], [73.94081762846926, 18.537351211512387], [73.94081433621484, 18.537347701370265], [73.94081104396042, 18.537344191228147], [73.94080775170602, 18.537340681086025], [73.9408044594516, 18.537337170943903], [73.94080116719718, 18.53733366080178], [73.94079787494276, 18.537330150659663], [73.94079458268835, 18.53732664051754], [73.94079129043394, 18.53732313037542], [73.94078799817952, 18.5373196202333], [73.94078821606722, 18.537312817836764], [73.94078492381281, 18.537309307694642], [73.9407816315584, 18.537305797552524], [73.94077833930398, 18.5373022874104], [73.94077504704957, 18.53729877726828], [73.94077175479515, 18.53729526712616], [73.94076846254073, 18.53729175698404], [73.94076517028631, 18.537288246841918], [73.9407618780319, 18.5372847366998], [73.94075858577749, 18.537281226557678], [73.94075529352307, 18.537277716415556], [73.94075551141079, 18.53727091401902], [73.94075221915637, 18.5372674038769], [73.94074892690195, 18.537263893734778], [73.94074563464753, 18.53726038359266], [73.94074234239312, 18.537256873450538], [73.9407390501387, 18.537253363308416], [73.94073575788428, 18.537249853166294], [73.94073246562988, 18.537246343024176], [73.94072917337546, 18.537242832882054], [73.94072939126316, 18.53723603048552], [73.94072609900874, 18.537232520343398], [73.94072280675434, 18.537229010201276], [73.94071951449992, 18.537225500059154], [73.9407162222455, 18.537221989917036], [73.94071292999108, 18.537218479774914], [73.9407131478788, 18.537211677378377], [73.94070985562438, 18.53720816723626], [73.94070656336996, 18.537204657094136], [73.94070327111555, 18.537201146952015], [73.94069997886113, 18.537197636809896], [73.94069668660671, 18.537194126667774], [73.9406933943523, 18.537190616525653], [73.94069010209789, 18.537187106383534], [73.94069031998559, 18.537180303986997], [73.94068702773117, 18.537176793844875], [73.94068373547675, 18.537173283702757], [73.94068044322235, 18.537169773560635], [73.94067715096793, 18.537166263418513], [73.94067385871351, 18.537162753276395], [73.9406705664591, 18.537159243134273], [73.9406707843468, 18.537152440737735], [73.94066749209239, 18.537148930595617], [73.94066419983797, 18.537145420453495], [73.94066090758356, 18.537141910311373], [73.94065761532914, 18.537138400169255], [73.94065783321685, 18.537131597772717], [73.94065454096243, 18.537128087630595], [73.94065124870802, 18.537124577488477], [73.9406479564536, 18.537121067346355], [73.94064466419918, 18.537117557204233], [73.94064137194478, 18.537114047062115], [73.94064158983248, 18.537107244665577], [73.94063829757806, 18.537103734523456], [73.94063500532364, 18.537100224381337], [73.94063171306924, 18.537096714239215], [73.94062842081482, 18.537093204097093], [73.94062863870252, 18.53708640170056], [73.9406253464481, 18.537082891558438], [73.9406220541937, 18.537079381416316], [73.94061876193928, 18.537075871274197], [73.94061546968486, 18.537072361132076], [73.94061217743045, 18.537068850989954], [73.94060888517603, 18.537065340847835], [73.94060910306374, 18.537058538451298], [73.94060581080932, 18.537055028309176], [73.94060251855491, 18.537051518167058], [73.94059922630049, 18.537048008024936], [73.94059593404607, 18.537044497882814], [73.94059264179167, 18.537040987740692], [73.94058934953725, 18.537037477598574], [73.94058605728283, 18.537033967456452], [73.94058276502841, 18.53703045731433], [73.940579472774, 18.537026947172212], [73.94057618051959, 18.53702343703009], [73.94057288826517, 18.537019926887968], [73.94056959601076, 18.53701641674585], [73.94056630375634, 18.537012906603728], [73.94056301150192, 18.537009396461606], [73.9405597192475, 18.537005886319488], [73.9405564269931, 18.537002376177366], [73.94055313473868, 18.536998866035244], [73.94054984248426, 18.536995355893122], [73.94054655022985, 18.536991845751004], [73.94054325797543, 18.536988335608882], [73.94053996572102, 18.53698482546676], [73.9405366734666, 18.536981315324642], [73.94053338121219, 18.53697780518252], [73.94053008895777, 18.536974295040398], [73.94052679670335, 18.53697078489828], [73.94052350444895, 18.536967274756158], [73.94052021219453, 18.536963764614036], [73.94051340979799, 18.53696354672633], [73.94051011754357, 18.53696003658421], [73.94050682528916, 18.53695652644209], [73.94050353303474, 18.536953016299968], [73.94050024078032, 18.53694950615785], [73.94049694852592, 18.536945996015728], [73.9404936562715, 18.536942485873606], [73.94049036401708, 18.536938975731488], [73.94048707176266, 18.536935465589366], [73.94048377950826, 18.536931955447244], [73.94048048725384, 18.536928445305122], [73.9404736848573, 18.53692822741742], [73.94047039260289, 18.536924717275298], [73.94046710034847, 18.536921207133176], [73.94046380809405, 18.536917696991054], [73.94046051583965, 18.536914186848936], [73.94045722358523, 18.536910676706814]]}}, {"type": "Feature", "properties": {"line": "green", "color": "#2e7d32", "sheet": 7, "sheet_title": "Sheet 13 past Mundhwa", "segment": "3-0", "source": "Mula Mutha River Sangam bridge Mudhava KTW.pdf", "kind": "Estimated", "note": "Digitized from scanned plane-table sheet; filtered to twin corridor."}, "geometry": {"type": "LineString", "coordinates": [[73.94167571192492, 18.541706055059883], [73.94167900417933, 18.541709565202], [73.94168229643375, 18.541713075344123], [73.94168207854605, 18.54171987774066], [73.94168537080046, 18.54172338788278], [73.94168866305488, 18.5417268980249], [73.94168844516717, 18.54173370042144], [73.94168822727947, 18.541740502817973], [73.94169151953388, 18.541744012960095], [73.9416948117883, 18.541747523102217], [73.94169810404271, 18.541751033244335], [73.94170139629712, 18.541754543386457], [73.94170117840942, 18.54176134578299], [73.94170096052171, 18.54176814817953], [73.94170425277613, 18.54177165832165], [73.94170754503054, 18.54177516846377], [73.94171083728496, 18.54177867860589], [73.94171061939726, 18.541785481002428], [73.94171391165168, 18.541788991144546], [73.94171720390608, 18.54179250128667], [73.94171698601838, 18.541799303683206], [73.9417202782728, 18.541802813825324], [73.94172357052722, 18.541806323967446], [73.9417233526395, 18.541813126363984], [73.94172664489392, 18.541816636506102], [73.94172993714834, 18.541820146648224], [73.94172971926064, 18.541826949044758], [73.94173301151504, 18.54183045918688], [73.94173279362734, 18.541837261583417], [73.94173608588176, 18.541840771725536], [73.94173937813618, 18.541844281867657], [73.94174267039058, 18.54184779200978], [73.94174245250288, 18.541854594406313], [73.9417457447573, 18.541858104548435], [73.94174903701172, 18.541861614690557], [73.941748819124, 18.54186841708709], [73.94175211137842, 18.541871927229213], [73.94175540363284, 18.541875437371335], [73.94175518574514, 18.54188223976787], [73.94175847799954, 18.54188574990999], [73.94175826011184, 18.541892552306525], [73.94175804222414, 18.541899354703062], [73.94176133447856, 18.541902864845184], [73.94176462673296, 18.541906374987303], [73.94176440884526, 18.54191317738384], [73.94176419095756, 18.541919979780374], [73.94176397306985, 18.541926782176912], [73.94176726532426, 18.541930292319034], [73.94177055757868, 18.541933802461152], [73.94177033969098, 18.54194060485769], [73.94177012180327, 18.541947407254227], [73.94176990391556, 18.54195420965076], [73.94177319616998, 18.541957719792883], [73.9417764884244, 18.541961229935], [73.94177627053669, 18.54196803233154], [73.9417795627911, 18.54197154247366], [73.9417793449034, 18.541978344870195], [73.94177912701569, 18.541985147266733], [73.94177890912799, 18.541991949663267], [73.9417822013824, 18.54199545980539], [73.94178549363681, 18.54199896994751], [73.94178527574911, 18.542005772344044], [73.94178505786141, 18.542012574740582], [73.94178835011581, 18.542016084882704], [73.94179164237023, 18.542019595024822], [73.94179142448253, 18.54202639742136], [73.94179120659483, 18.542033199817894], [73.94179098870713, 18.54204000221443], [73.94179428096153, 18.542043512356553], [73.94179757321595, 18.54204702249867], [73.94179735532825, 18.54205382489521], [73.94179713744055, 18.542060627291743], [73.94179691955283, 18.54206742968828], [73.94180021180725, 18.542070939830403], [73.94180350406167, 18.54207444997252], [73.94180328617396, 18.54208125236906], [73.94180306828625, 18.542088054765593], [73.94180285039855, 18.54209485716213], [73.94180614265296, 18.542098367304252], [73.94180943490738, 18.54210187744637], [73.94180921701967, 18.542108679842908], [73.94180899913196, 18.542115482239442], [73.94181229138638, 18.542118992381564], [73.94181207349868, 18.5421257947781], [73.94181185561096, 18.542132597174636], [73.94181514786538, 18.542136107316757], [73.9418184401198, 18.54213961745888], [73.9418182222321, 18.542146419855413], [73.94181800434438, 18.54215322225195], [73.9418212965988, 18.54215673239407]]}}, {"type": "Feature", "properties": {"line": "green", "color": "#2e7d32", "sheet": 7, "sheet_title": "Sheet 13 past Mundhwa", "segment": "4-0", "source": "Mula Mutha River Sangam bridge Mudhava KTW.pdf", "kind": "Estimated", "note": "Digitized from scanned plane-table sheet; filtered to twin corridor."}, "geometry": {"type": "LineString", "coordinates": [[73.94007595179734, 18.536377546941036], [73.94007265954292, 18.536374036798914], [73.94006936728852, 18.536370526656796], [73.9400660750341, 18.536367016514674], [73.94005927263755, 18.53636679862697], [73.94005598038315, 18.536363288484846], [73.94004917798661, 18.53636307059714], [73.94004588573219, 18.536359560455022], [73.94004259347778, 18.5363560503129], [73.94003579108124, 18.536355832425194], [73.9400289886847, 18.536355614537488], [73.94002218628818, 18.536355396649785], [73.94001538389163, 18.53635517876208], [73.94000858149509, 18.536354960874373], [73.94000177909857, 18.536354742986667], [73.93999497670202, 18.53635452509896], [73.93998817430548, 18.536354307211255], [73.93998137190896, 18.536354089323552], [73.93997456951242, 18.536353871435846], [73.93996776711589, 18.53635365354814], [73.93996096471935, 18.536353435660434], [73.9399541623228, 18.536353217772728], [73.93994735992628, 18.536352999885022], [73.93994406767186, 18.536349489742904], [73.93993726527532, 18.536349271855197], [73.93993046287879, 18.53634905396749], [73.93992366048225, 18.536348836079785], [73.93992036822783, 18.536345325937663], [73.9399135658313, 18.53634510804996], [73.93991027357688, 18.53634159790784], [73.93990698132247, 18.536338087765717], [73.93990017892594, 18.53633786987801], [73.9398933765294, 18.53633765199031], [73.93989008427498, 18.536334141848187], [73.93988679202056, 18.536330631706065], [73.93988349976615, 18.536327121563943], [73.93987669736961, 18.53632690367624], [73.9398734051152, 18.53632339353412], [73.93986660271867, 18.536323175646412], [73.93986331046425, 18.53631966550429], [73.93986001820983, 18.536316155362172], [73.9398532158133, 18.536315937474466], [73.93984992355888, 18.536312427332344], [73.93984663130446, 18.536308917190222], [73.93983982890794, 18.53630869930252], [73.93983653665352, 18.536305189160398], [73.9398332443991, 18.536301679018276], [73.93982644200257, 18.53630146113057], [73.93982314974815, 18.536297950988452], [73.93981985749373, 18.53629444084633], [73.9398130550972, 18.536294222958624], [73.93980976284278, 18.536290712816502]]}}, {"type": "Feature", "properties": {"line": "green", "color": "#2e7d32", "sheet": 7, "sheet_title": "Sheet 13 past Mundhwa", "segment": "5-0", "source": "Mula Mutha River Sangam bridge Mudhava KTW.pdf", "kind": "Estimated", "note": "Digitized from scanned plane-table sheet; filtered to twin corridor."}, "geometry": {"type": "LineString", "coordinates": [[73.94121424327543, 18.53974379229726], [73.94121402538772, 18.539750594693793], [73.94121380750002, 18.53975739709033], [73.94121709975444, 18.53976090723245], [73.94122039200884, 18.53976441737457], [73.94122017412114, 18.539771219771108], [73.94122346637556, 18.539774729913226], [73.94122675862997, 18.539778240055348], [73.94122654074226, 18.539785042451886], [73.94122983299668, 18.539788552594004], [73.94122961510898, 18.53979535499054], [73.94123290736339, 18.539798865132664], [73.94123268947568, 18.539805667529198], [73.9412359817301, 18.53980917767132], [73.94123927398452, 18.539812687813438], [73.94123905609682, 18.539819490209975], [73.9412388382091, 18.539826292606513], [73.94124213046352, 18.53982980274863], [73.94124542271794, 18.539833312890753], [73.94124520483024, 18.53984011528729], [73.94124498694252, 18.539846917683825], [73.94124476905482, 18.539853720080362], [73.94124806130924, 18.53985723022248], [73.94125135356366, 18.539860740364603], [73.94125113567594, 18.53986754276114], [73.94125091778824, 18.539874345157674], [73.94125069990054, 18.539881147554212], [73.94125399215496, 18.53988465769633], [73.94125377426724, 18.539891460092868], [73.94125355637954, 18.5398982624894], [73.94125684863396, 18.539901772631524], [73.94126014088837, 18.539905282773645], [73.94125992300066, 18.53991208517018], [73.94125970511296, 18.539918887566717], [73.94125948722525, 18.539925689963255], [73.94125926933755, 18.53993249235979], [73.94126256159196, 18.53993600250191], [73.94126234370425, 18.539942804898445], [73.94126212581655, 18.539949607294982], [73.94126190792885, 18.539956409691516], [73.94126169004115, 18.539963212088054], [73.94126498229555, 18.539966722230176], [73.94126476440785, 18.53997352462671], [73.94126454652015, 18.539980327023247], [73.94126432863244, 18.53998712941978], [73.94126762088685, 18.539990639561903], [73.94127091314127, 18.539994149704025], [73.94127069525356, 18.54000095210056], [73.94127047736586, 18.540007754497097], [73.94127025947816, 18.54001455689363], [73.94127004159044, 18.54002135929017], [73.94126982370274, 18.540028161686703], [73.94126960581504, 18.54003496408324], [73.94126938792733, 18.540041766479778], [73.94126917003962, 18.540048568876312], [73.94126895215192, 18.54005537127285], [73.94126873426421, 18.540062173669384], [73.94126851637651, 18.54006897606592], [73.94126829848881, 18.540075778462455], [73.94127159074321, 18.540079288604577], [73.94127488299763, 18.5400827987467], [73.94127137285551, 18.540086091001115], [73.94127115496781, 18.54009289339765], [73.9412709370801, 18.540099695794186], [73.9412707191924, 18.54010649819072], [73.94127050130469, 18.540113300587258], [73.94127401144681, 18.540110008332842], [73.94127422933451, 18.540103205936305]]}}, {"type": "Feature", "properties": {"line": "red", "color": "#c62828", "sheet": 8, "sheet_title": "Sheet 14 Kalyani-Mundhwa", "segment": "0-0", "source": "Mula Mutha River Sangam bridge Mudhava KTW.pdf", "kind": "Estimated", "note": "Digitized from scanned plane-table sheet; filtered to twin corridor."}, "geometry": {"type": "LineString", "coordinates": [[73.92851228297697, 18.538463745745943], [73.92853725860353, 18.538453126191186], [73.92855505619418, 18.538460304227087], [73.92858003182076, 18.538449684672326], [73.92859782941142, 18.53845686270823], [73.92862280503799, 18.53844624315347], [73.92864060262865, 18.538453421189374], [73.9286655782552, 18.538442801634613], [73.92868337584588, 18.538449979670517], [73.92870835147244, 18.538439360115756], [73.9287189710272, 18.538464335742322], [73.92874394665377, 18.53845371618756], [73.92876892228033, 18.5384430966328], [73.9287938979069, 18.538432477078043], [73.92881169549756, 18.538439655113944], [73.92882949308822, 18.538446833149848], [73.92885446871479, 18.538436213595087], [73.92887944434135, 18.538425594040326], [73.928897241932, 18.53843277207623], [73.92891503952268, 18.53843995011213], [73.92894001514924, 18.538429330557374], [73.9289578127399, 18.538436508593275], [73.92898278836647, 18.538425889038514], [73.92900058595713, 18.53843306707442], [73.92902556158369, 18.538422447519658], [73.92904335917436, 18.538429625555562], [73.92906115676502, 18.538436803591463], [73.92908613239157, 18.538426184036705], [73.92910392998225, 18.538433362072606], [73.9291289056088, 18.538422742517845], [73.92915388123538, 18.538412122963088], [73.92917167882604, 18.53841930099899], [73.9291894764167, 18.538426479034893], [73.92921445204327, 18.538415859480132], [73.92923224963393, 18.538423037516036], [73.92925722526049, 18.538412417961275], [73.92927502285116, 18.538419595997176], [73.92929999847772, 18.53840897644242], [73.92931779606837, 18.53841615447832], [73.92934277169495, 18.538405534923562], [73.9293605692856, 18.538412712959463], [73.92938554491218, 18.538402093404702], [73.92940334250284, 18.538409271440607], [73.9294283181294, 18.538398651885846], [73.92944611572007, 18.53840582992175], [73.92946391331073, 18.53841300795765], [73.92948888893729, 18.538402388402893], [73.92951386456386, 18.538391768848133], [73.92953166215452, 18.538398946884033], [73.92955663778108, 18.538388327329276], [73.92957443537175, 18.538395505365177], [73.9295994109983, 18.53838488581042], [73.92961003055306, 18.538409861436982], [73.92963500617964, 18.538399241882225]]}}, {"type": "Feature", "properties": {"line": "red", "color": "#c62828", "sheet": 8, "sheet_title": "Sheet 14 Kalyani-Mundhwa", "segment": "1-0", "source": "Mula Mutha River Sangam bridge Mudhava KTW.pdf", "kind": "Estimated", "note": "Digitized from scanned plane-table sheet; filtered to twin corridor."}, "geometry": {"type": "LineString", "coordinates": [[73.94456177745862, 18.536328626382915], [73.94454397986796, 18.53632144834701], [73.94452618227729, 18.53631427031111], [73.94450838468663, 18.536307092275205], [73.94448340906007, 18.536317711829966], [73.9444656114694, 18.53631053379406], [73.94444781387874, 18.53630335575816], [73.94443001628808, 18.536296177722257], [73.94440504066151, 18.536306797277017], [73.94438006503495, 18.53631741683178], [73.94436226744429, 18.536310238795874], [73.94434446985362, 18.53630306075997], [73.94432667226296, 18.53629588272407], [73.9443088746723, 18.536288704688165], [73.94429107708163, 18.536281526652264], [73.94426610145507, 18.536292146207025], [73.94424830386441, 18.53628496817112], [73.94423050627374, 18.53627779013522], [73.94420553064718, 18.536288409689977], [73.94418055502062, 18.536299029244738], [73.94416275742995, 18.536291851208833], [73.94414495983929, 18.536284673172933], [73.94411998421273, 18.536295292727694], [73.94409500858616, 18.53630591228245], [73.9440772109955, 18.53629873424655], [73.94405941340484, 18.536291556210646], [73.94404161581417, 18.536284378174745], [73.94401664018761, 18.536294997729502], [73.94399166456104, 18.536305617284263], [73.94396668893448, 18.536316236839024], [73.94394889134382, 18.53630905880312], [73.94393109375315, 18.53630188076722], [73.94391329616249, 18.536294702731315], [73.94388832053593, 18.536305322286076], [73.94386334490936, 18.536315941840837], [73.9438455473187, 18.536308763804932], [73.94382774972804, 18.53630158576903], [73.94380277410147, 18.53631220532379], [73.94377779847491, 18.53632282487855], [73.94376000088424, 18.536315646842645], [73.94374220329358, 18.536308468806745], [73.94372440570292, 18.53630129077084], [73.94369943007635, 18.5363119103256], [73.94367445444979, 18.536322529880362], [73.94364947882323, 18.53633314943512], [73.94363168123256, 18.53632597139922], [73.9436210616778, 18.536300995772653], [73.94359608605124, 18.536311615327413], [73.94357111042467, 18.536322234882174], [73.94354613479811, 18.53633285443693], [73.94352833720745, 18.53632567640103], [73.94351053961678, 18.536318498365127], [73.94349274202612, 18.536311320329226], [73.94346776639955, 18.536321939883983], [73.94344279077299, 18.536332559438744], [73.94342499318233, 18.536325381402843], [73.94340719559166, 18.53631820336694], [73.9433822199651, 18.5363288229217], [73.94335724433854, 18.536339442476457], [73.94333944674787, 18.536332264440556], [73.94332164915721, 18.536325086404652], [73.94330385156655, 18.53631790836875], [73.94327887593998, 18.536328527923512], [73.94325390031342, 18.53633914747827], [73.94322892468685, 18.53634976703303], [73.94321112709619, 18.536342588997126], [73.94319332950553, 18.536335410961225], [73.94317553191487, 18.53632823292532], [73.9431505562883, 18.536338852480082], [73.94312558066174, 18.536349472034843], [73.94310778307107, 18.53634229399894], [73.94308998548041, 18.536335115963038], [73.94306500985385, 18.536345735517795], [73.94304003422728, 18.536356355072556], [73.94302223663662, 18.536349177036655], [73.94300443904596, 18.53634199900075], [73.94297946341939, 18.53635261855551], [73.94295448779283, 18.53636323811027], [73.94293669020217, 18.536356060074368], [73.9429188926115, 18.536348882038464], [73.94290109502084, 18.536341704002563], [73.94287611939427, 18.536352323557324], [73.94285114376771, 18.53636294311208], [73.94283334617705, 18.53635576507618], [73.94281554858638, 18.536348587040276], [73.94279057295982, 18.536359206595037], [73.94276559733326, 18.536369826149798], [73.94274779974259, 18.536362648113894], [73.94273000215193, 18.536355470077993], [73.94270502652537, 18.53636608963275], [73.9426800508988, 18.53637670918751], [73.94266225330814, 18.536369531151607], [73.94264445571748, 18.536362353115706], [73.94262665812681, 18.5363551750798], [73.94260168250025, 18.536365794634563], [73.94257670687368, 18.536376414189323], [73.94255173124712, 18.53638703374408], [73.94253393365646, 18.53637985570818], [73.94251613606579, 18.536372677672276], [73.94249833847513, 18.536365499636375], [73.94247336284857, 18.536376119191136], [73.942448387222, 18.536386738745893], [73.94243058963134, 18.536379560709992], [73.94241279204068, 18.536372382674088], [73.94239499445001, 18.536365204638187], [73.94237001882345, 18.536375824192945], [73.94234504319688, 18.536386443747705], [73.94232006757032, 18.536397063302466], [73.94230226997966, 18.536389885266562], [73.94228447238899, 18.53638270723066], [73.94226667479833, 18.536375529194757], [73.94224169917177, 18.536386148749518], [73.9422167235452, 18.53639676830428], [73.94219892595454, 18.536389590268374], [73.94218112836388, 18.536382412232474], [73.94215615273731, 18.53639303178723], [73.94213117711075, 18.536403651341992], [73.9421133795201, 18.536396473306088], [73.94209558192942, 18.536389295270187], [73.94207060630286, 18.536399914824948], [73.94204563067629, 18.536410534379705], [73.94202783308563, 18.536403356343804], [73.94201003549497, 18.5363961783079], [73.94199223790432, 18.536389000272], [73.94196726227774, 18.536399619826756], [73.94194228665118, 18.536410239381517], [73.94191731102461, 18.536420858936278], [73.94189951343395, 18.536413680900374], [73.9418817158433, 18.536406502864473], [73.94186391825262, 18.53639932482857], [73.94183894262606, 18.53640994438333], [73.94181396699949, 18.53642056393809], [73.94179616940883, 18.536413385902186], [73.94177837181817, 18.536406207866285], [73.9417533961916, 18.536416827421043], [73.94173559860094, 18.536409649385142], [73.94171780101028, 18.536402471349238], [73.94169282538371, 18.536413090904], [73.94166784975715, 18.53642371045876], [73.9416500521665, 18.536416532422855], [73.94163225457582, 18.536409354386954], [73.94160727894926, 18.53641997394171], [73.9415823033227, 18.536430593496473], [73.94156450573203, 18.53642341546057], [73.94154670814137, 18.536416237424667], [73.94152891055072, 18.536409059388763], [73.94150393492414, 18.536419678943524], [73.94147895929758, 18.536430298498285], [73.94145398367101, 18.536440918053042], [73.94143618608035, 18.53643374001714], [73.9414183884897, 18.536426561981237], [73.94139341286312, 18.536437181535998], [73.94136843723656, 18.53644780109076], [73.9413506396459, 18.536440623054855], [73.94133284205523, 18.536433445018954], [73.94131504446457, 18.53642626698305], [73.94129006883801, 18.53643688653781], [73.94126509321144, 18.53644750609257], [73.94124729562078, 18.536440328056667], [73.94122949803013, 18.536433150020763], [73.94121170043945, 18.536425971984862], [73.9411867248129, 18.536436591539623], [73.94116174918632, 18.53644721109438], [73.94113677355976, 18.53645783064914], [73.9411189759691, 18.53645065261324], [73.94110117837843, 18.536443474577336], [73.94108338078777, 18.53643629654143], [73.94105840516121, 18.536446916096192], [73.94103342953464, 18.536457535650953], [73.94101563194398, 18.53645035761505], [73.94099783435333, 18.536443179579148], [73.94097285872675, 18.536453799133906], [73.9409478831002, 18.536464418688666], [73.94093008550954, 18.536457240652766], [73.94091228791886, 18.53645006261686], [73.9408944903282, 18.53644288458096], [73.94086951470165, 18.536453504135718], [73.94084453907507, 18.53646412369048], [73.94081956344851, 18.53647474324524], [73.94080176585784, 18.536467565209335], [73.94078396826718, 18.536460387173435], [73.94076617067653, 18.53645320913753], [73.94074119504995, 18.53646382869229], [73.9407162194234, 18.53647444824705], [73.94069842183274, 18.536467270211148], [73.94068062424206, 18.536460092175243], [73.9406556486155, 18.536470711730004], [73.94063067298893, 18.536481331284765], [73.94061287539827, 18.53647415324886], [73.94059507780761, 18.53646697521296], [73.94057728021696, 18.536459797177056], [73.94055230459038, 18.536470416731817], [73.94052732896382, 18.536481036286578], [73.94050235333725, 18.536491655841335], [73.9404845557466, 18.536484477805434], [73.94046675815594, 18.53647729976953], [73.94044896056526, 18.53647012173363], [73.9404239849387, 18.536480741288386], [73.94039900931215, 18.536491360843147], [73.94037403368557, 18.536501980397908], [73.94035623609491, 18.536494802362004], [73.94033843850426, 18.536487624326103], [73.94032064091358, 18.5364804462902], [73.94029566528702, 18.53649106584496], [73.94027786769635, 18.536483887809055], [73.9402528920698, 18.536494507363816], [73.94022791644323, 18.536505126918577], [73.94020294081666, 18.536515746473334], [73.940185143226, 18.536508568437434], [73.94016734563534, 18.53650139040153], [73.94014954804467, 18.53649421236563], [73.94012457241811, 18.53650483192039], [73.94009959679154, 18.536515451475147], [73.94007462116498, 18.536526071029908], [73.94005682357432, 18.536518892994003], [73.94003902598365, 18.536511714958102], [73.940021228393, 18.536504536922198], [73.93999625276643, 18.53651515647696], [73.93997127713986, 18.53652577603172], [73.9399463015133, 18.53653639558648], [73.93992132588673, 18.536547015141238], [73.93990352829607, 18.536539837105337], [73.93988573070541, 18.536532659069433], [73.93986793311475, 18.536525481033532], [73.93984295748818, 18.53653610058829], [73.93981798186162, 18.53654672014305], [73.93979300623505, 18.53655733969781], [73.93977520864439, 18.536550161661907], [73.93975741105373, 18.536542983626006], [73.93973961346306, 18.536535805590102], [73.9397146378365, 18.536546425144863], [73.93968966220994, 18.536557044699624], [73.93967186461927, 18.53654986666372], [73.93964688899271, 18.53656048621848], [73.93962191336614, 18.536571105773238], [73.93960411577548, 18.536563927737337], [73.93958631818482, 18.536556749701433], [73.93956134255825, 18.536567369256193], [73.93953636693169, 18.536577988810954], [73.93951856934103, 18.53657081077505], [73.93950077175036, 18.53656363273915], [73.9394757961238, 18.536574252293907], [73.93945082049723, 18.536584871848667], [73.93943302290657, 18.536577693812767], [73.93941522531591, 18.536570515776862], [73.93939024968934, 18.536581135331623], [73.93936527406278, 18.53659175488638], [73.93934029843622, 18.53660237444114], [73.93932250084555, 18.53659519640524], [73.93930470325489, 18.536588018369336], [73.93928690566423, 18.536580840333432], [73.93926193003766, 18.536591459888193], [73.9392369544111, 18.536602079442954], [73.93921197878453, 18.536612698997715], [73.93919418119387, 18.53660552096181], [73.93917638360321, 18.53659834292591], [73.93915140797664, 18.536608962480667], [73.93912643235008, 18.536619582035428], [73.93910145672352, 18.53663020159019], [73.93908365913285, 18.536623023554284], [73.93906586154219, 18.536615845518384], [73.93904806395153, 18.53660866748248], [73.93902308832496, 18.53661928703724], [73.9389981126984, 18.536629906591997], [73.93897313707183, 18.53664052614676], [73.93895533948117, 18.536633348110858], [73.93893754189051, 18.536626170074953], [73.93891974429984, 18.536618992039053], [73.93889476867328, 18.53662961159381], [73.93886979304672, 18.53664023114857], [73.93884481742015, 18.53665085070333], [73.93882701982949, 18.536643672667427], [73.93880922223883, 18.536636494631527], [73.93879142464816, 18.536629316595622], [73.9387664490216, 18.536639936150383], [73.93874147339503, 18.53665055570514], [73.93871649776847, 18.5366611752599], [73.93869152214191, 18.536671794814662], [73.93868090258714, 18.536646819188096], [73.93865592696058, 18.536657438742857], [73.93863095133402, 18.536668058297614], [73.93860597570745, 18.536678677852375], [73.93858817811679, 18.536671499816475], [73.93857038052613, 18.53666432178057], [73.93855258293546, 18.53665714374467], [73.9385276073089, 18.536667763299427], [73.93850263168233, 18.536678382854188], [73.93848483409167, 18.536671204818283], [73.93845985846511, 18.536681824373044]]}}, {"type": "Feature", "properties": {"line": "red", "color": "#c62828", "sheet": 8, "sheet_title": "Sheet 14 Kalyani-Mundhwa", "segment": "2-0", "source": "Mula Mutha River Sangam bridge Mudhava KTW.pdf", "kind": "Estimated", "note": "Digitized from scanned plane-table sheet; filtered to twin corridor."}, "geometry": {"type": "LineString", "coordinates": [[73.92972055261409, 18.538392358844508], [73.92974552824066, 18.53838173928975], [73.92976332583132, 18.53838891732565], [73.92978112342198, 18.538396095361556], [73.92980609904855, 18.538385475806795], [73.9298310746751, 18.538374856252034], [73.92984887226577, 18.538382034287938], [73.92987384789234, 18.538371414733177], [73.929891645483, 18.53837859276908], [73.92990944307365, 18.538385770804982], [73.92993441870023, 18.53837515125022], [73.92995939432679, 18.538364531695464], [73.92997719191746, 18.538371709731365], [73.93000216754402, 18.538361090176608], [73.93001996513468, 18.53836826821251], [73.93004494076125, 18.538357648657747], [73.93006273835191, 18.538364826693652], [73.93008771397847, 18.53835420713889], [73.93010551156914, 18.538361385174795], [73.9301304871957, 18.538350765620034], [73.93014828478636, 18.53835794365594], [73.93016608237703, 18.53836512169184], [73.93019105800359, 18.53835450213708], [73.93020885559424, 18.538361680172983], [73.93023383122082, 18.538351060618222], [73.93025162881148, 18.538358238654126], [73.93027660443805, 18.538347619099365], [73.93029440202871, 18.53835479713527], [73.93031937765527, 18.53834417758051], [73.93033717524594, 18.53835135561641], [73.9303621508725, 18.538340736061652], [73.93037994846316, 18.538347914097553], [73.93040492408973, 18.538337294542796], [73.93042272168039, 18.538344472578697], [73.93044051927104, 18.5383516506146], [73.93046549489762, 18.53834103105984], [73.93049047052418, 18.53833041150508], [73.93050826811485, 18.538337589540983], [73.93052606570551, 18.538344767576884], [73.93055104133207, 18.538334148022127], [73.93056883892274, 18.538341326058028], [73.9305938145493, 18.538330706503267], [73.93061161213996, 18.53833788453917], [73.93063658776653, 18.53832726498441], [73.93065438535719, 18.538334443020315], [73.93067936098375, 18.538323823465554], [73.93069715857442, 18.538331001501458], [73.93072213420098, 18.538320381946697], [73.93073993179163, 18.538327559982598], [73.93075772938231, 18.538334738018502], [73.93078270500887, 18.53832411846374], [73.93080050259954, 18.538331296499646], [73.9308254782261, 18.538320676944885], [73.93084327581676, 18.53832785498079], [73.93086825144333, 18.538317235426028], [73.93088604903399, 18.53832441346193], [73.93091102466055, 18.53831379390717], [73.93092882225122, 18.538320971943072], [73.93095379787778, 18.538310352388315], [73.93097159546843, 18.538317530424216], [73.93098939305911, 18.53832470846012], [73.93101436868567, 18.53831408890536], [73.93103934431224, 18.5383034693506], [73.931049963867, 18.538328444977164], [73.93107493949356, 18.538317825422403], [73.93109991512013, 18.538307205867646], [73.93111771271079, 18.538314383903547], [73.93114268833735, 18.538303764348786], [73.93116048592802, 18.53831094238469], [73.93118546155458, 18.53830032282993], [73.93120325914524, 18.538307500865834], [73.93122823477181, 18.538296881311073], [73.93124603236247, 18.538304059346977], [73.93127100798903, 18.538293439792216], [73.9312888055797, 18.53830061782812], [73.93131378120626, 18.53828999827336], [73.93133157879693, 18.53829717630926], [73.93134937638759, 18.538304354345165], [73.93137435201415, 18.538293734790404], [73.93139214960482, 18.53830091282631], [73.93141712523138, 18.538290293271547], [73.93143492282204, 18.53829747130745], [73.93145989844861, 18.53828685175269], [73.93147769603927, 18.53829402978859], [73.93150267166583, 18.538283410233834], [73.9315204692565, 18.538290588269735], [73.93153826684716, 18.53829776630564], [73.93156324247371, 18.53828714675088], [73.93158821810029, 18.538276527196118], [73.93161319372685, 18.53826590764136], [73.93163816935342, 18.5382552880866], [73.93166314497998, 18.53824466853184], [73.93168812060655, 18.53823404897708], [73.93171309623311, 18.53822342942232], [73.93173807185967, 18.53821280986756], [73.93176304748624, 18.538202190312802], [73.9317880231128, 18.53819157075804], [73.93181299873937, 18.53818095120328], [73.93183797436593, 18.538170331648523], [73.9318629499925, 18.538159712093762], [73.93188792561907, 18.538149092539], [73.93191290124562, 18.538138472984244], [73.9319378768722, 18.538127853429483], [73.93196285249876, 18.538117233874722], [73.93198782812533, 18.53810661431996], [73.93201280375189, 18.538095994765204], [73.93203777937846, 18.538085375210443], [73.93206275500502, 18.538074755655682], [73.93208773063158, 18.538064136100925], [73.93211270625815, 18.538053516546164], [73.93213768188471, 18.538042896991403], [73.93216265751128, 18.538032277436646], [73.93218763313784, 18.538021657881885], [73.93221260876442, 18.538011038327124], [73.93223758439098, 18.538000418772366], [73.93226256001753, 18.537989799217605], [73.93228753564411, 18.537979179662845], [73.93231251127067, 18.537968560108087], [73.93233748689724, 18.537957940553326], [73.9323624625238, 18.537947320998565], [73.93238743815036, 18.537936701443808], [73.93241241377693, 18.537926081889047], [73.93243738940349, 18.537915462334286], [73.93246236503006, 18.53790484277953], [73.93248734065662, 18.537894223224768], [73.9325123162832, 18.537883603670007], [73.93253729190975, 18.53787298411525], [73.93256226753631, 18.53786236456049], [73.93258724316289, 18.537851745005728], [73.93261221878944, 18.537841125450967], [73.93263719441602, 18.53783050589621], [73.93266217004258, 18.53781988634145], [73.93268714566915, 18.537809266786688], [73.93271212129571, 18.53779864723193], [73.93273709692227, 18.53778802767717], [73.93276207254884, 18.53777740812241], [73.9327870481754, 18.53776678856765], [73.93281202380197, 18.53775616901289], [73.93283699942853, 18.53774554945813], [73.9328619750551, 18.537734929903372], [73.93288695068166, 18.53772431034861], [73.93290474827232, 18.537731488384512], [73.9329297238989, 18.537720868829755], [73.93295469952545, 18.537710249274994], [73.93297967515203, 18.537699629720233], [73.93300465077859, 18.537689010165476], [73.93302962640514, 18.537678390610715], [73.93305460203172, 18.537667771055954], [73.93307957765828, 18.537657151501197], [73.93310455328485, 18.537646531946436], [73.93312952891141, 18.537635912391675], [73.93315450453798, 18.537625292836918], [73.93317948016454, 18.537614673282157], [73.9332044557911, 18.537604053727396], [73.93322943141767, 18.53759343417264], [73.93325440704423, 18.537582814617878], [73.9332793826708, 18.537572195063117], [73.93330435829736, 18.53756157550836], [73.93332933392394, 18.5375509559536], [73.9333543095505, 18.537540336398838], [73.93337210714115, 18.537547514434742], [73.93339708276773, 18.53753689487998], [73.93342205839429, 18.53752627532522]]}}, {"type": "Feature", "properties": {"line": "red", "color": "#c62828", "sheet": 8, "sheet_title": "Sheet 14 Kalyani-Mundhwa", "segment": "4-0", "source": "Mula Mutha River Sangam bridge Mudhava KTW.pdf", "kind": "Estimated", "note": "Digitized from scanned plane-table sheet; filtered to twin corridor."}, "geometry": {"type": "LineString", "coordinates": [[73.9380499238835, 18.536723417597518], [73.93802494825692, 18.53673403715228], [73.93799997263037, 18.53674465670704], [73.9379821750397, 18.536737478671135], [73.93796437744903, 18.536730300635234], [73.93794657985838, 18.53672312259933], [73.93792160423182, 18.53673374215409], [73.93789662860524, 18.53674436170885], [73.93787165297869, 18.53675498126361], [73.93785385538801, 18.53674780322771], [73.93783605779736, 18.536740625191804], [73.9378182602067, 18.536733447155903], [73.93779328458012, 18.53674406671066], [73.93776830895357, 18.53675468626542], [73.9377505113629, 18.536747508229517], [73.93772553573633, 18.536758127784278], [73.93770056010977, 18.53676874733904], [73.9376755844832, 18.536779366893796], [73.93765778689254, 18.536772188857896], [73.93763998930189, 18.53676501082199], [73.93762219171121, 18.53675783278609], [73.93759721608465, 18.53676845234085], [73.9375722404581, 18.53677907189561], [73.93754726483152, 18.53678969145037], [73.93752946724086, 18.536782513414465], [73.9375116696502, 18.536775335378564], [73.93749387205953, 18.53676815734266], [73.93746889643297, 18.53677877689742], [73.9374439208064, 18.536789396452182], [73.93741894517984, 18.53680001600694], [73.93739396955328, 18.5368106355617], [73.93737617196261, 18.5368034575258], [73.93735837437195, 18.536796279489895], [73.9373405767813, 18.536789101453994], [73.93731560115472, 18.53679972100875], [73.93729062552816, 18.536810340563513], [73.93726564990159, 18.536820960118273], [73.93724785231093, 18.53681378208237], [73.93723005472027, 18.53680660404647], [73.9372050790937, 18.536817223601226], [73.93718010346714, 18.536827843155987], [73.93715512784058, 18.536838462710747], [73.93713733024991, 18.536831284674843], [73.93711953265925, 18.536824106638942], [73.9371017350686, 18.536816928603038], [73.93707675944202, 18.5368275481578], [73.93705178381546, 18.536838167712556], [73.93702680818889, 18.536848787267317], [73.93700901059823, 18.536841609231416], [73.93699121300757, 18.536834431195512], [73.936966237381, 18.536845050750273], [73.93694126175444, 18.53685567030503], [73.93691628612787, 18.53686628985979], [73.93689848853721, 18.53685911182389], [73.93688069094655, 18.536851933787986], [73.9368628933559, 18.536844755752085], [73.93683791772932, 18.536855375306843], [73.93682012013866, 18.536848197270942], [73.93679514451209, 18.5368588168257], [73.93677016888553, 18.53686943638046], [73.93674519325897, 18.53688005593522], [73.9367273956683, 18.536872877899317], [73.93670959807764, 18.536865699863416], [73.93668462245108, 18.536876319418173], [73.93665964682451, 18.536886938972934], [73.93664184923385, 18.536879760937033], [73.9366240516432, 18.53687258290113], [73.93660625405252, 18.536865404865228], [73.93658127842596, 18.536876024419985], [73.93655630279939, 18.536886643974746]]}}, {"type": "Feature", "properties": {"line": "red", "color": "#c62828", "sheet": 8, "sheet_title": "Sheet 14 Kalyani-Mundhwa", "segment": "6-0", "source": "Mula Mutha River Sangam bridge Mudhava KTW.pdf", "kind": "Estimated", "note": "Digitized from scanned plane-table sheet; filtered to twin corridor."}, "geometry": {"type": "LineString", "coordinates": [[73.92846950975974, 18.5384671872648], [73.92844453413318, 18.53847780681956], [73.9284267365425, 18.53847062878366], [73.92840893895185, 18.538463450747756], [73.92838396332529, 18.538474070302517], [73.92835898769872, 18.538484689857274], [73.92834119010806, 18.538477511821373], [73.9283233925174, 18.53847033378547], [73.92830559492673, 18.538463155749568], [73.92828061930017, 18.53847377530433], [73.9282556436736, 18.538484394859086], [73.92823066804704, 18.538495014413847], [73.92821287045638, 18.538487836377943], [73.9281950728657, 18.538480658342042], [73.92817727527505, 18.538473480306138], [73.92815229964849, 18.5384840998609], [73.92812732402192, 18.53849471941566], [73.92810952643126, 18.538487541379755], [73.9280917288406, 18.538480363343854], [73.92807393124993, 18.53847318530795], [73.92805613365927, 18.53846600727205], [73.92803115803271, 18.538476626826807], [73.92800618240614, 18.538487246381568], [73.92798838481548, 18.538480068345667], [73.92797058722482, 18.538472890309762], [73.92795278963415, 18.53846571227386], [73.92792781400759, 18.53847633182862], [73.92791001641693, 18.538469153792718], [73.92789221882626, 18.538461975756814], [73.9278744212356, 18.538454797720913], [73.92784944560904, 18.53846541727567], [73.92782446998247, 18.53847603683043], [73.92780667239181, 18.53846885879453], [73.92778887480115, 18.538461680758626], [73.92777107721048, 18.538454502722722], [73.92775327961982, 18.53844732468682], [73.92772830399326, 18.538457944241582], [73.92770332836669, 18.53846856379634], [73.92768553077603, 18.53846138576044], [73.92766773318536, 18.538454207724534], [73.9276499355947, 18.538447029688633], [73.92762495996814, 18.53845764924339], [73.92760716237747, 18.53845047120749], [73.92758936478681, 18.538443293171586], [73.92756438916025, 18.538453912726347], [73.92753941353368, 18.538464532281107], [73.92752161594302, 18.538457354245203], [73.92750381835236, 18.538450176209302], [73.92748602076169, 18.538442998173398], [73.92746822317103, 18.538435820137497], [73.92744324754447, 18.538446439692255], [73.9274182719179, 18.538457059247015], [73.92740047432724, 18.538449881211115], [73.92738985477249, 18.53842490558455], [73.92736487914591, 18.53843552513931], [73.92733990351935, 18.538446144694067], [73.9273221059287, 18.538438966658166], [73.92730430833802, 18.538431788622262], [73.92727933271146, 18.538442408177023], [73.92725435708489, 18.538453027731784], [73.92723655949423, 18.53844584969588], [73.92721876190357, 18.53843867165998], [73.92720096431292, 18.538431493624074], [73.92717598868634, 18.538442113178835], [73.92715101305978, 18.538452732733592], [73.92713321546911, 18.53844555469769], [73.92712259591435, 18.538420579071126], [73.9270976202878, 18.538431198625887], [73.92707264466122, 18.538441818180647], [73.92705484707056, 18.538434640144743], [73.9270370494799, 18.538427462108842], [73.92701925188925, 18.538420284072938], [73.92699427626268, 18.5384309036277], [73.92696930063612, 18.538441523182456], [73.92695150304544, 18.538434345146555], [73.92693370545479, 18.53842716711065], [73.92691590786413, 18.53841998907475], [73.92689811027346, 18.538412811038846], [73.9268731346469, 18.538423430593607], [73.92684815902034, 18.538434050148368], [73.92683036142967, 18.538426872112463], [73.92681256383901, 18.538419694076563], [73.92679476624835, 18.53841251604066], [73.92676979062178, 18.53842313559542], [73.92675199303112, 18.538415957559515], [73.92673419544046, 18.538408779523614], [73.92671639784979, 18.53840160148771], [73.92669142222323, 18.53841222104247], [73.92666644659667, 18.53842284059723], [73.926648649006, 18.538415662561327], [73.92663085141534, 18.538408484525426], [73.92661305382468, 18.538401306489522], [73.92658807819811, 18.538411926044283], [73.92657028060745, 18.53840474800838], [73.92655248301679, 18.538397569972478], [73.92652750739022, 18.538408189527235], [73.92650970979956, 18.538401011491334], [73.9264919122089, 18.53839383345543], [73.92646693658233, 18.53840445301019], [73.92644913899167, 18.53839727497429], [73.92643134140101, 18.538390096938386], [73.92640636577444, 18.538400716493147], [73.92638139014788, 18.538411336047904], [73.92636359255721, 18.538404158012003], [73.92634579496655, 18.5383969799761], [73.92632799737589, 18.5383898019402], [73.92631019978523, 18.538382623904294], [73.92628522415866, 18.538393243459055], [73.9262602485321, 18.538403863013816], [73.92624245094143, 18.53839668497791], [73.92622465335077, 18.53838950694201], [73.92620685576011, 18.538382328906106], [73.92618905816946, 18.538375150870205], [73.92616408254288, 18.538385770424963], [73.92613910691632, 18.538396389979724], [73.92612130932565, 18.538389211943823], [73.926103511735, 18.53838203390792], [73.92608571414434, 18.538374855872018], [73.92606073851776, 18.538385475426775], [73.9260429409271, 18.538378297390874], [73.92602514333645, 18.53837111935497], [73.92600016770987, 18.53838173890973], [73.92598237011921, 18.538374560873827], [73.92596457252856, 18.538367382837926], [73.92593959690198, 18.538378002392687], [73.92592179931133, 18.538370824356782], [73.92590400172067, 18.538363646320878], [73.9258790260941, 18.53837426587564], [73.92585405046754, 18.5383848854304], [73.92583625287688, 18.538377707394496], [73.9258184552862, 18.538370529358595], [73.92580065769555, 18.53836335132269], [73.92578286010489, 18.53835617328679], [73.92575788447832, 18.538366792841547], [73.92573290885176, 18.538377412396308], [73.92571511126108, 18.538370234360407], [73.92569731367043, 18.538363056324503], [73.92567951607977, 18.538355878288602], [73.9256545404532, 18.53836649784336], [73.92563674286254, 18.53835931980746], [73.92561894527188, 18.538352141771554], [73.9255939696453, 18.538362761326315], [73.92557617205465, 18.53835558329041], [73.92555837446399, 18.53834840525451], [73.92553339883742, 18.53835902480927], [73.92551560124676, 18.538351846773367], [73.9254978036561, 18.538344668737466], [73.92547282802953, 18.538355288292223], [73.92545503043887, 18.538348110256322], [73.92543723284821, 18.538340932220418], [73.92541225722164, 18.53835155177518], [73.92539445963098, 18.538344373739275], [73.92537666204032, 18.538337195703374], [73.92535168641375, 18.538347815258135], [73.92533388882309, 18.53834063722223], [73.92531609123243, 18.53833345918633], [73.92529111560586, 18.538344078741087], [73.9252733180152, 18.538336900705186], [73.92525552042454, 18.538329722669282], [73.92523054479797, 18.538340342224043], [73.92521274720731, 18.53833316418814], [73.92519494961665, 18.538325986152238], [73.92516997399008, 18.538336605707], [73.92514499836352, 18.538347225261756], [73.92512720077286, 18.538340047225855], [73.92510940318219, 18.53833286918995], [73.92509160559153, 18.53832569115405], [73.92506662996497, 18.538336310708807], [73.9250488323743, 18.538329132672906], [73.92503103478364, 18.538321954637002], [73.92500605915708, 18.538332574191763], [73.92498826156641, 18.53832539615586], [73.92497046397575, 18.538318218119958], [73.92494548834918, 18.53832883767472], [73.92492769075852, 18.538321659638815], [73.92490989316786, 18.538314481602914], [73.92488491754129, 18.53832510115767], [73.92486711995063, 18.53831792312177], [73.92484932235998, 18.538310745085866], [73.9248243467334, 18.538321364640627], [73.92480654914274, 18.538314186604723], [73.92478875155209, 18.53830700856882], [73.92476377592551, 18.538317628123583], [73.92474597833485, 18.53831045008768], [73.9247281807442, 18.538303272051778], [73.92470320511762, 18.538313891606535], [73.92468540752697, 18.538306713570634], [73.92466760993631, 18.53829953553473], [73.92464263430973, 18.53831015508949], [73.92462483671908, 18.538302977053586], [73.92459986109252, 18.538313596608347], [73.92458206350184, 18.538306418572446], [73.92456426591119, 18.538299240536542], [73.92454646832053, 18.53829206250064], [73.92452149269396, 18.5383026820554], [73.9245036951033, 18.538295504019498], [73.92448589751264, 18.538288325983594], [73.92446092188607, 18.538298945538354], [73.92444312429541, 18.53829176750245], [73.92442532670475, 18.53828458946655], [73.92440035107818, 18.53829520902131], [73.92438255348752, 18.538288030985406], [73.92435757786096, 18.538298650540167], [73.92433978027029, 18.538291472504262], [73.92432198267963, 18.53828429446836], [73.92430418508897, 18.538277116432457], [73.9242792094624, 18.53828773598722], [73.92426141187174, 18.538280557951314], [73.92423643624518, 18.538291177506075], [73.92421863865451, 18.53828399947017], [73.92420084106385, 18.53827682143427], [73.92417586543728, 18.53828744098903], [73.92415806784662, 18.538280262953126], [73.92414027025596, 18.538273084917225], [73.92411529462939, 18.538283704471983], [73.92409749703873, 18.538276526436082], [73.92407969944807, 18.538269348400178], [73.9240547238215, 18.53827996795494], [73.92403692623084, 18.538272789919034], [73.92401912864018, 18.538265611883133], [73.92399415301361, 18.538276231437894], [73.92397635542295, 18.53826905340199], [73.92395137979639, 18.53827967295675], [73.92393358220572, 18.538272494920847], [73.92391578461506, 18.538265316884946], [73.9238979870244, 18.53825813884904], [73.92387301139783, 18.538268758403802], [73.92384803577127, 18.538279377958563], [73.92382306014471, 18.53828999751332], [73.92380526255404, 18.53828281947742], [73.92379464299928, 18.538257843850854], [73.92376966737272, 18.538268463405615], [73.92375186978205, 18.53826128536971], [73.9237340721914, 18.53825410733381], [73.92370909656483, 18.538264726888567], [73.92369129897416, 18.538257548852666], [73.9236735013835, 18.538250370816762], [73.92364852575695, 18.538260990371523], [73.92363072816627, 18.538253812335622], [73.92361293057562, 18.538246634299718], [73.92358795494906, 18.53825725385448], [73.92356297932248, 18.538267873409236], [73.92354518173182, 18.538260695373335], [73.92352738414117, 18.53825351733743], [73.9235095865505, 18.53824633930153], [73.92348461092394, 18.53825695885629], [73.92346681333328, 18.538249780820387], [73.9234490157426, 18.538242602784486], [73.92342404011605, 18.538253222339243], [73.92340624252539, 18.538246044303342], [73.92338844493472, 18.538238866267438], [73.92336346930816, 18.5382494858222], [73.92334567171748, 18.538242307786295], [73.92332787412683, 18.538235129750394], [73.92330289850027, 18.53824574930515], [73.9232779228737, 18.538256368859912], [73.92326012528304, 18.53824919082401], [73.92324232769238, 18.538242012788107], [73.9232245301017, 18.538234834752206], [73.92320673251105, 18.538227656716302], [73.92318175688449, 18.538238276271063], [73.92315678125792, 18.53824889582582], [73.92313898366726, 18.53824171778992], [73.9231211860766, 18.538234539754015], [73.92310338848593, 18.538227361718114], [73.92307841285937, 18.538237981272875], [73.92306061526871, 18.53823080323697], [73.92304281767804, 18.53822362520107], [73.92301784205148, 18.538234244755827], [73.92300722249672, 18.538209269129265]]}}, {"type": "Feature", "properties": {"line": "blue", "color": "#1565c0", "sheet": 8, "sheet_title": "Sheet 14 Kalyani-Mundhwa", "segment": "0-0", "source": "Mula Mutha River Sangam bridge Mudhava KTW.pdf", "kind": "Estimated", "note": "Digitized from scanned plane-table sheet; filtered to twin corridor."}, "geometry": {"type": "LineString", "coordinates": [[73.93122341672141, 18.5374879267008], [73.93124839234797, 18.53747730714604], [73.93127336797454, 18.53746668759128], [73.9312983436011, 18.53745606803652], [73.93131614119177, 18.537463246072424], [73.93134111681833, 18.537452626517663], [73.93136609244489, 18.537442006962905], [73.93139106807146, 18.537431387408144], [73.93140886566212, 18.537438565444045], [73.9314338412887, 18.537427945889288], [73.93145881691525, 18.537417326334527], [73.93148379254181, 18.537406706779766], [73.93150876816838, 18.53739608722501], [73.93153374379494, 18.537385467670248], [73.93155154138562, 18.53739264570615], [73.93157651701218, 18.53738202615139], [73.93160149263873, 18.53737140659663], [73.9316264682653, 18.53736078704187], [73.93165144389187, 18.537350167487112], [73.93167641951844, 18.53733954793235], [73.931701395145, 18.53732892837759], [73.93171919273566, 18.537336106413495], [73.93174416836223, 18.537325486858734], [73.93176914398879, 18.537314867303976], [73.93179411961536, 18.537304247749216], [73.93181909524192, 18.537293628194455], [73.9318440708685, 18.537283008639697], [73.93186186845915, 18.537290186675598], [73.93188684408571, 18.537279567120837], [73.93191181971228, 18.53726894756608], [73.93193679533884, 18.53725832801132], [73.93196177096542, 18.537247708456558], [73.93198674659197, 18.5372370889018], [73.93200454418263, 18.5372442669377], [73.9320295198092, 18.53723364738294], [73.93205449543576, 18.537223027828183], [73.93207947106234, 18.537212408273422], [73.9321044466889, 18.53720178871866], [73.93212942231546, 18.537191169163904], [73.93214721990613, 18.537198347199805], [73.93217219553269, 18.537187727645048], [73.93219717115926, 18.537177108090287], [73.93222214678582, 18.537166488535526], [73.93224712241238, 18.53715586898077], [73.93226492000305, 18.53716304701667], [73.93228989562961, 18.53715242746191], [73.93231487125618, 18.53714180790715], [73.93233984688274, 18.53713118835239], [73.9323648225093, 18.53712056879763], [73.93238979813587, 18.537109949242872], [73.93240759572653, 18.537117127278773], [73.9324325713531, 18.537106507724012], [73.93245036894376, 18.537113685759916], [73.93247534457032, 18.537103066205155], [73.9325003201969, 18.537092446650398], [73.93252529582345, 18.537081827095637], [73.93255027145003, 18.537071207540876], [73.93257524707658, 18.53706058798612], [73.93260022270314, 18.537049968431358], [73.93261802029382, 18.53705714646726], [73.93264299592038, 18.5370465269125], [73.93266797154695, 18.53703590735774], [73.9326929471735, 18.53702528780298], [73.93271792280007, 18.537014668248222], [73.93274289842664, 18.53700404869346], [73.9327678740532, 18.5369934291387], [73.93279284967977, 18.536982809583943], [73.93281782530633, 18.536972190029182], [73.93283562289699, 18.536979368065087], [73.93286059852356, 18.536968748510326], [73.93288557415012, 18.536958128955565], [73.9329105497767, 18.536947509400804], [73.93292834736735, 18.536954687436708], [73.93295332299391, 18.536944067881947], [73.93297829862048, 18.53693344832719], [73.93300327424704, 18.53692282877243], [73.93302824987362, 18.536912209217668], [73.93305322550017, 18.53690158966291], [73.93307102309083, 18.53690876769881], [73.9330959987174, 18.53689814814405], [73.93312097434396, 18.536887528589293], [73.93314594997054, 18.536876909034532], [73.9331709255971, 18.53686628947977], [73.93319590122367, 18.536855669925014], [73.93322087685023, 18.536845050370253], [73.93323867444089, 18.536852228406158], [73.93326365006746, 18.536841608851397], [73.93328862569402, 18.536830989296636], [73.93331360132059, 18.536820369741875], [73.93333857694715, 18.536809750187118], [73.93335637453781, 18.53681692822302], [73.93338135016438, 18.53680630866826], [73.93340632579094, 18.5367956891135], [73.93343130141751, 18.53678506955874], [73.93345627704407, 18.536774450003982], [73.93348125267063, 18.53676383044922], [73.9334990502613, 18.536771008485122], [73.93352402588786, 18.536760388930364], [73.93354900151444, 18.536749769375604], [73.933573977141, 18.536739149820843], [73.93359895276755, 18.536728530266085], [73.93362392839413, 18.536717910711324], [73.93364172598478, 18.53672508874723], [73.93366670161136, 18.536714469192468], [73.93369167723792, 18.536703849637707], [73.93370947482858, 18.53671102767361], [73.93373445045515, 18.53670040811885], [73.9337594260817, 18.53668978856409], [73.93378440170828, 18.536679169009332], [73.93380937733484, 18.53666854945457], [73.9338343529614, 18.53665792989981], [73.93385932858797, 18.536647310345053], [73.93388430421453, 18.536636690790292], [73.9339021018052, 18.536643868826193], [73.93392707743176, 18.536633249271436], [73.93395205305832, 18.536622629716675], [73.9339770286849, 18.536612010161914], [73.93400200431145, 18.536601390607157], [73.93401980190212, 18.536608568643057], [73.93404477752868, 18.5365979490883], [73.93406975315524, 18.53658732953354], [73.93409472878182, 18.536576709978778], [73.93411970440837, 18.53656609042402], [73.93413750199905, 18.53657326845992], [73.9341624776256, 18.53656264890516], [73.93418745325216, 18.536552029350403], [73.93421242887874, 18.536541409795642], [73.9342374045053, 18.53653079024088], [73.93426238013187, 18.536520170686124], [73.93428735575843, 18.536509551131363], [73.93430515334909, 18.536516729167264], [73.93433012897566, 18.536506109612507], [73.93435510460222, 18.536495490057746], [73.93438008022879, 18.536484870502985], [73.93440505585535, 18.536474250948228], [73.93442285344601, 18.53648142898413], [73.93444782907258, 18.53647080942937], [73.93446562666324, 18.536477987465272], [73.93449060228981, 18.53646736791051], [73.93451557791637, 18.536456748355754], [73.93454055354293, 18.536446128800993], [73.9345655291695, 18.536435509246232], [73.93459050479606, 18.536424889691475], [73.93461548042264, 18.536414270136714], [73.9346404560492, 18.536403650581953], [73.93466543167577, 18.536393031027195], [73.93468322926643, 18.536400209063096], [73.93470820489298, 18.53638958950834], [73.93473318051956, 18.536378969953578], [73.93475815614612, 18.536368350398817], [73.93478313177269, 18.536357730844056], [73.93480810739925, 18.5363471112893], [73.9348259049899, 18.5363542893252], [73.93485088061648, 18.536343669770442], [73.93487585624304, 18.53633305021568], [73.93490083186961, 18.53632243066092], [73.93491862946027, 18.536329608696825], [73.93494360508683, 18.536318989142064], [73.9349685807134, 18.536308369587303], [73.93499355633996, 18.536297750032546], [73.93501853196653, 18.536287130477785], [73.9350435075931, 18.536276510923024], [73.93506130518375, 18.536283688958928], [73.93508628081032, 18.536273069404167], [73.93510407840098, 18.53628024744007], [73.93512905402756, 18.53626962788531], [73.93514685161821, 18.536276805921215], [73.93517182724477, 18.536266186366454], [73.93518962483544, 18.536273364402355], [73.935214600462, 18.536262744847598], [73.93523239805266, 18.5362699228835], [73.93525737367924, 18.53625930332874], [73.9352751712699, 18.536266481364642], [73.93530014689645, 18.53625586180988], [73.93531794448712, 18.536263039845785]]}}, {"type": "Feature", "properties": {"line": "green", "color": "#2e7d32", "sheet": 8, "sheet_title": "Sheet 14 Kalyani-Mundhwa", "segment": "0-0", "source": "Mula Mutha River Sangam bridge Mudhava KTW.pdf", "kind": "Estimated", "note": "Digitized from scanned plane-table sheet; filtered to twin corridor."}, "geometry": {"type": "LineString", "coordinates": [[73.9387593694451, 18.535374832222413], [73.93873439381854, 18.535385451777174], [73.93870941819196, 18.53539607133193], [73.9386916206013, 18.53538889329603], [73.93866664497475, 18.53539951285079], [73.93864166934817, 18.53541013240555], [73.93861669372161, 18.53542075196031], [73.93859171809504, 18.53543137151507], [73.93857392050438, 18.535424193479166], [73.93854894487782, 18.535434813033927], [73.93852396925125, 18.535445432588688], [73.93849899362469, 18.535456052143445], [73.93848119603403, 18.535448874107544], [73.93845622040746, 18.5354594936623], [73.9384312447809, 18.535470113217063], [73.93840626915433, 18.535480732771823], [73.93838847156367, 18.53547355473592], [73.93836349593711, 18.53548417429068], [73.93833852031054, 18.53549479384544], [73.93831354468398, 18.535505413400198], [73.9382957470933, 18.535498235364297], [73.93827077146675, 18.535508854919055], [73.93824579584017, 18.535519474473816], [73.93822082021362, 18.535530094028577], [73.93820302262296, 18.535522915992672], [73.93818522503229, 18.53551573795677], [73.93816024940573, 18.53552635751153], [73.93814245181507, 18.535519179475628], [73.9381174761885, 18.53552979903039], [73.93809967859784, 18.535522620994485], [73.93808188100718, 18.535515442958584], [73.9380640834165, 18.53550826492268], [73.93804628582585, 18.53550108688678], [73.93802848823519, 18.535493908850874], [73.93800351260862, 18.535504528405635], [73.93798571501796, 18.53549735036973], [73.9379679174273, 18.53549017233383]]}}, {"type": "Feature", "properties": {"line": "green", "color": "#2e7d32", "sheet": 8, "sheet_title": "Sheet 14 Kalyani-Mundhwa", "segment": "2-0", "source": "Mula Mutha River Sangam bridge Mudhava KTW.pdf", "kind": "Estimated", "note": "Digitized from scanned plane-table sheet; filtered to twin corridor."}, "geometry": {"type": "LineString", "coordinates": [[73.92611137822668, 18.53687464674839], [73.926093580636, 18.53686746871249], [73.92607578304535, 18.536860290676586], [73.92605080741879, 18.536870910231347], [73.92603300982812, 18.536863732195442], [73.92601521223746, 18.53685655415954], [73.9259974146468, 18.536849376123637], [73.92597243902023, 18.536859995678398], [73.92595464142957, 18.536852817642494], [73.92593684383891, 18.536845639606593], [73.92591186821234, 18.536856259161354], [73.92589407062168, 18.53684908112545], [73.92587627303102, 18.536841903089545], [73.92585847544036, 18.536834725053644], [73.92583349981379, 18.536845344608405], [73.92581570222313, 18.5368381665725], [73.92579790463246, 18.5368309885366], [73.9257801070418, 18.536823810500696], [73.92575513141524, 18.536834430055457], [73.92573733382457, 18.536827252019553], [73.92571953623391, 18.53682007398365], [73.92570173864326, 18.536812895947747], [73.92567676301668, 18.53682351550251], [73.92565896542602, 18.536816337466604], [73.92564116783537, 18.536809159430703], [73.92562337024471, 18.5368019813948], [73.92559839461813, 18.53681260094956], [73.92558059702748, 18.53680542291366], [73.92556279943682, 18.536798244877755], [73.92553782381025, 18.536808864432516], [73.92552002621959, 18.53680168639661], [73.92550222862893, 18.53679450836071], [73.92548443103826, 18.536787330324806], [73.9254594554117, 18.536797949879567], [73.92544165782103, 18.536790771843663], [73.92542386023037, 18.536783593807762], [73.92540606263971, 18.536776415771858], [73.92538108701314, 18.53678703532662], [73.92536328942248, 18.536779857290718], [73.92534549183182, 18.536772679254813], [73.92532769424116, 18.53676550121891], [73.92530271861459, 18.53677612077367], [73.92528492102393, 18.53676894273777], [73.92526712343327, 18.536761764701865], [73.9252421478067, 18.536772384256626], [73.92522435021604, 18.53676520622072], [73.92520655262538, 18.53675802818482], [73.92518875503471, 18.536750850148916], [73.92517095744405, 18.536743672113015], [73.92514598181748, 18.536754291667773], [73.92512818422682, 18.536747113631872], [73.92511038663616, 18.536739935595968], [73.92508541100959, 18.53675055515073], [73.92506761341893, 18.536743377114828], [73.92504981582827, 18.536736199078923], [73.92503201823762, 18.536729021043023], [73.92501422064694, 18.53672184300712], [73.92498924502038, 18.53673246256188], [73.92497144742973, 18.536725284525975], [73.92495364983905, 18.536718106490074], [73.9249286742125, 18.53672872604483], [73.92491087662184, 18.53672154800893], [73.92489307903116, 18.536714369973026], [73.9248681034046, 18.536724989527787], [73.92485030581395, 18.536717811491886], [73.92483250822328, 18.536710633455982], [73.92481471063262, 18.53670345542008], [73.92478973500604, 18.53671407497484], [73.92477193741539, 18.536706896938938], [73.92475413982473, 18.536699718903034], [73.92472916419815, 18.536710338457794], [73.9247113666075, 18.53670316042189], [73.92469356901684, 18.53669598238599], [73.92466859339027, 18.536706601940747], [73.92465079579961, 18.536699423904846], [73.92463299820895, 18.53669224586894], [73.92460802258238, 18.536702865423702], [73.92459022499172, 18.5366956873878], [73.92456524936516, 18.53670630694256], [73.92454745177449, 18.53669912890666], [73.92452965418383, 18.536691950870754], [73.92450467855727, 18.536702570425515], [73.9244797029307, 18.536713189980276], [73.92446190534004, 18.53670601194437], [73.92444410774938, 18.53669883390847], [73.92441913212281, 18.536709453463228], [73.92439415649625, 18.53672007301799], [73.92437635890558, 18.536712894982085], [73.92435856131492, 18.536705716946184], [73.92433358568836, 18.536716336500945], [73.92431578809769, 18.53670915846504], [73.92429081247113, 18.5367197780198], [73.92427301488047, 18.536712599983897], [73.9242480392539, 18.536723219538658], [73.92423024166324, 18.536716041502753], [73.92420526603668, 18.536726661057514], [73.92418746844601, 18.536719483021614], [73.92416967085535, 18.53671230498571], [73.92414469522879, 18.53672292454047], [73.92411971960222, 18.536733544095227], [73.92410192201156, 18.536726366059327], [73.9240841244209, 18.536719188023422], [73.92405914879433, 18.536729807578183], [73.92404135120367, 18.536722629542282], [73.92402355361301, 18.536715451506378], [73.92400575602234, 18.536708273470477], [73.92398078039578, 18.536718893025235], [73.92396298280512, 18.536711714989334], [73.92393800717855, 18.53672233454409]]}}, {"type": "Feature", "properties": {"line": "green", "color": "#2e7d32", "sheet": 8, "sheet_title": "Sheet 14 Kalyani-Mundhwa", "segment": "3-0", "source": "Mula Mutha River Sangam bridge Mudhava KTW.pdf", "kind": "Estimated", "note": "Digitized from scanned plane-table sheet; filtered to twin corridor."}, "geometry": {"type": "LineString", "coordinates": [[73.94068445921852, 18.535116619848726], [73.94066666162786, 18.53510944181282], [73.94064886403719, 18.53510226377692], [73.94063106644653, 18.535095085741016], [73.94061326885587, 18.535087907705115], [73.9405954712652, 18.53508072966921], [73.94057767367454, 18.53507355163331], [73.94055987608388, 18.535066373597406], [73.94054207849322, 18.5350591955615], [73.94052428090255, 18.5350520175256], [73.94049930527599, 18.53506263708036], [73.94048150768532, 18.535055459044457], [73.94046371009466, 18.535048281008557], [73.9404387344681, 18.535058900563314], [73.94042093687743, 18.535051722527413], [73.94040313928677, 18.53504454449151], [73.94038534169611, 18.535037366455608], [73.94036754410546, 18.535030188419704], [73.94034256847888, 18.535040807974465], [73.94032477088822, 18.53503362993856], [73.94030697329757, 18.53502645190266], [73.940281997671, 18.53503707145742], [73.94026420008034, 18.535029893421516], [73.94024640248968, 18.535022715385615], [73.940228604899, 18.53501553734971], [73.94020362927245, 18.535026156904472], [73.94017865364587, 18.53503677645923], [73.94016085605521, 18.53502959842333], [73.94013588042866, 18.53504021797809], [73.94011090480208, 18.535050837532847], [73.94009310721142, 18.535043659496946], [73.94007530962077, 18.53503648146104], [73.9400503339942, 18.535047101015802], [73.94002535836763, 18.535057720570563], [73.94000756077696, 18.53505054253466], [73.9399897631863, 18.535043364498758], [73.93996478755975, 18.535053984053516], [73.93994698996907, 18.535046806017615], [73.93992919237841, 18.53503962798171], [73.93990421675186, 18.53505024753647], [73.93988641916118, 18.535043069500567], [73.93986862157053, 18.535035891464666], [73.93984364594397, 18.535046511019427], [73.9398186703174, 18.535057130574184], [73.93979369469083, 18.535067750128945], [73.93978651665493, 18.535085547719607], [73.93977933861903, 18.53510334531027], [73.93975436299246, 18.53511396486503], [73.93974718495656, 18.53513176245569], [73.93974000692066, 18.535149560046353], [73.93971503129409, 18.535160179601114], [73.93970785325818, 18.535177977191776], [73.93968287763163, 18.535188596746536], [73.93965790200507, 18.535199216301297], [73.9396329263785, 18.535209835856055], [73.93960795075193, 18.535220455410816], [73.93958297512536, 18.535231074965576], [73.9395579994988, 18.535241694520334], [73.93953302387223, 18.535252314075095], [73.93950804824567, 18.535262933629856], [73.93949025065501, 18.53525575559395], [73.93946527502844, 18.535266375148712], [73.93944747743778, 18.535259197112808], [73.93942967984712, 18.535252019076907], [73.93940470422055, 18.535262638631668], [73.93937972859399, 18.535273258186425], [73.93936193100332, 18.535266080150524], [73.93934413341266, 18.53525890211462], [73.9393191577861, 18.53526952166938], [73.93929418215953, 18.535280141224142], [73.93927638456887, 18.535272963188238], [73.93925858697821, 18.535265785152333], [73.93923361135164, 18.535276404707094], [73.93920863572508, 18.535287024261855], [73.93919083813442, 18.53527984622595], [73.93917304054375, 18.53527266819005], [73.93914806491719, 18.53528328774481], [73.93912308929062, 18.535293907299568], [73.93910529169996, 18.535286729263667], [73.9390874941093, 18.535279551227763], [73.93906251848273, 18.535290170782524], [73.93903754285617, 18.535300790337285], [73.93901256722961, 18.535311409892042], [73.93898759160304, 18.535322029446803], [73.93896261597648, 18.535332649001564], [73.9389448183858, 18.53532547096566], [73.93891984275925, 18.53533609052042], [73.93889486713269, 18.535346710075178], [73.93887706954202, 18.535339532039277], [73.93885209391546, 18.535350151594038], [73.93882711828888, 18.535360771148795], [73.93880214266233, 18.535371390703556]]}}, {"type": "Feature", "properties": {"line": "green", "color": "#2e7d32", "sheet": 8, "sheet_title": "Sheet 14 Kalyani-Mundhwa", "segment": "4-0", "source": "Mula Mutha River Sangam bridge Mudhava KTW.pdf", "kind": "Estimated", "note": "Digitized from scanned plane-table sheet; filtered to twin corridor."}, "geometry": {"type": "LineString", "coordinates": [[73.93646397178662, 18.535525079059376], [73.9364817693773, 18.535532257095277], [73.93649956696795, 18.53553943513118], [73.93652454259451, 18.53552881557642], [73.93654234018518, 18.535535993612324], [73.93656731581174, 18.535525374057563], [73.9365851134024, 18.535532552093464], [73.93661008902897, 18.535521932538707], [73.93662788661963, 18.535529110574608], [73.9366528622462, 18.53551849101985], [73.93667783787276, 18.53550787146509], [73.93669563546342, 18.53551504950099], [73.93672061109, 18.535504429946233], [73.93674558671655, 18.535493810391472], [73.93677056234313, 18.53548319083671], [73.93679553796969, 18.535472571281954], [73.93682051359625, 18.535461951727193], [73.93684548922282, 18.535451332172432], [73.93687046484938, 18.535440712617675], [73.93689544047595, 18.535430093062914], [73.93692041610251, 18.535419473508153], [73.93694539172908, 18.535408853953395], [73.93697036735564, 18.535398234398635], [73.9369953429822, 18.535387614843874], [73.93702031860877, 18.535376995289116], [73.93704529423533, 18.535366375734355], [73.9370702698619, 18.535355756179595], [73.93709524548846, 18.535345136624837], [73.93711304307912, 18.535352314660738], [73.9371380187057, 18.535341695105977], [73.93715581629635, 18.53534887314188], [73.93718079192293, 18.53533825358712], [73.93719858951359, 18.535345431623025], [73.93722356514014, 18.535334812068264], [73.93724136273082, 18.53534199010417], [73.93726633835738, 18.535331370549407], [73.93728413594803, 18.535338548585308], [73.9373019335387, 18.535345726621212], [73.93731973112936, 18.535352904657113], [73.93733752872002, 18.535360082693018], [73.9373625043466, 18.535349463138257], [73.93738030193725, 18.53535664117416], [73.93739809952791, 18.535363819210062], [73.93741589711858, 18.535370997245966], [73.93743369470924, 18.535378175281867], [73.9374586703358, 18.53536755572711], [73.93747646792647, 18.53537473376301], [73.93749426551713, 18.535381911798915], [73.93751206310779, 18.535389089834815], [73.93752986069845, 18.53539626787072], [73.93755483632502, 18.53538564831596], [73.93757263391568, 18.53539282635186], [73.93759043150634, 18.535400004387764], [73.93760822909701, 18.53540718242367], [73.93763320472357, 18.535396562868907], [73.93765100231423, 18.53540374090481], [73.9376687999049, 18.535410918940713], [73.93768659749556, 18.535418096976613], [73.93770439508621, 18.535425275012518], [73.93772219267689, 18.53543245304842], [73.93774716830345, 18.53542183349366], [73.9377649658941, 18.535429011529562], [73.93778276348478, 18.535436189565466], [73.93780056107543, 18.535443367601367], [73.93781835866609, 18.53545054563727], [73.93783615625676, 18.535457723673172], [73.93785395384742, 18.535464901709076], [73.93787175143808, 18.535472079744977]]}}, {"type": "Feature", "properties": {"line": "green", "color": "#2e7d32", "sheet": 8, "sheet_title": "Sheet 14 Kalyani-Mundhwa", "segment": "6-0", "source": "Mula Mutha River Sangam bridge Mudhava KTW.pdf", "kind": "Estimated", "note": "Digitized from scanned plane-table sheet; filtered to twin corridor."}, "geometry": {"type": "LineString", "coordinates": [[73.94350119851418, 18.534597245119464], [73.94348340092351, 18.53459006708356], [73.94345842529695, 18.53460068663832], [73.9434406277063, 18.534593508602416], [73.94342283011562, 18.534586330566515], [73.94340503252496, 18.53457915253061], [73.9433800568984, 18.534589772085372], [73.94335508127183, 18.534600391640133], [73.94333728368117, 18.53459321360423], [73.94331948609052, 18.534586035568328], [73.94329451046394, 18.534596655123085], [73.94326953483738, 18.534607274677846], [73.94326235680148, 18.534625072268508], [73.94323738117491, 18.53463569182327], [73.94323020313901, 18.53465348941393], [73.94322302510311, 18.534671287004592], [73.94319804947655, 18.534681906559353], [73.94319087144063, 18.534699704150015], [73.94318369340473, 18.534717501740676], [73.94315871777818, 18.534728121295437], [73.94315153974227, 18.5347459188861], [73.94314436170637, 18.534763716476764], [73.94313718367046, 18.534781514067426]]}}, {"type": "Feature", "properties": {"line": "green", "color": "#2e7d32", "sheet": 8, "sheet_title": "Sheet 14 Kalyani-Mundhwa", "segment": "7-0", "source": "Mula Mutha River Sangam bridge Mudhava KTW.pdf", "kind": "Estimated", "note": "Digitized from scanned plane-table sheet; filtered to twin corridor."}, "geometry": {"type": "LineString", "coordinates": [[73.92649977870057, 18.536886446295902], [73.92651757629125, 18.536893624331807], [73.9265353738819, 18.536900802367708], [73.92656034950846, 18.53689018281295], [73.92657814709914, 18.53689736084885], [73.9266031227257, 18.536886741294094], [73.92662092031635, 18.536893919329994], [73.92663871790703, 18.5369010973659], [73.92666369353358, 18.536890477811138], [73.92668149112424, 18.536897655847042], [73.92669928871491, 18.536904833882943], [73.92672426434147, 18.536894214328182], [73.92674206193213, 18.536901392364086], [73.9267670375587, 18.536890772809326], [73.92678483514936, 18.53689795084523], [73.92680981077594, 18.53688733129047], [73.9268276083666, 18.536894509326373], [73.92684540595725, 18.536901687362274], [73.92686320354791, 18.53690886539818], [73.92688817917448, 18.536898245843417], [73.92690597676514, 18.53690542387932], [73.92693095239171, 18.53689480432456], [73.92694874998237, 18.53690198236046], [73.92697372560893, 18.536891362805704], [73.9269915231996, 18.536898540841605], [73.92700932079026, 18.53690571887751], [73.92703429641682, 18.53689509932275], [73.9270520940075, 18.53690227735865], [73.92706989159815, 18.536909455394554], [73.92708768918881, 18.536916633430454], [73.92711266481538, 18.536906013875697], [73.92713046240604, 18.536913191911598], [73.9271482599967, 18.536920369947502], [73.92716605758737, 18.536927547983403], [73.92719103321393, 18.536916928428646], [73.92720883080459, 18.536924106464546], [73.92722662839526, 18.53693128450045], [73.92725160402182, 18.53692066494569], [73.92726940161248, 18.53692784298159], [73.92728719920315, 18.536935021017495], [73.92731217482971, 18.536924401462734], [73.92732997242037, 18.53693157949864], [73.92734777001104, 18.53693875753454], [73.9273655676017, 18.536945935570444], [73.92739054322826, 18.536935316015683], [73.92740834081893, 18.536942494051587], [73.92742613840959, 18.536949672087488], [73.92745111403615, 18.536939052532727], [73.92746891162682, 18.53694623056863], [73.92748670921748, 18.536953408604536], [73.92751168484403, 18.536942789049775], [73.92752948243471, 18.536949967085675], [73.92754728002537, 18.53695714512158], [73.92757225565192, 18.53694652556682], [73.9275900532426, 18.536953703602723], [73.92761502886916, 18.536943084047962], [73.92764000449573, 18.5369324644932], [73.92765780208639, 18.536939642529106], [73.92767559967704, 18.536946820565007], [73.92770057530362, 18.53693620101025], [73.92772555093018, 18.53692558145549], [73.92774334852083, 18.536932759491393], [73.92776832414741, 18.53692213993663], [73.92779329977397, 18.53691152038187], [73.92781827540054, 18.53690090082711], [73.9278360729912, 18.536908078863014], [73.92786104861776, 18.536897459308253], [73.92788602424433, 18.536886839753496], [73.92791099987089, 18.536876220198735], [73.92792879746156, 18.536883398234636], [73.92795377308812, 18.53687277867988], [73.92797874871468, 18.536862159125118], [73.92800372434125, 18.536851539570357], [73.92802869996781, 18.5368409200156], [73.92804649755848, 18.5368480980515], [73.92807147318504, 18.536837478496743], [73.9280964488116, 18.536826858941982], [73.92811424640227, 18.536834036977883], [73.92813922202883, 18.536823417423125], [73.92815701961949, 18.536830595459026], [73.92818199524606, 18.53681997590427], [73.92819979283672, 18.53682715394017], [73.9282247684633, 18.53681653438541], [73.92824256605395, 18.536823712421313], [73.92826036364461, 18.536830890457214], [73.92828533927118, 18.536820270902457], [73.92830313686184, 18.536827448938357], [73.9283209344525, 18.53683462697426], [73.92834591007907, 18.5368240074195], [73.92836370766973, 18.536831185455405], [73.92838150526039, 18.536838363491306], [73.92840648088696, 18.536827743936545], [73.92842427847762, 18.53683492197245], [73.92844207606828, 18.53684210000835], [73.92845987365894, 18.536849278044254], [73.92848484928551, 18.536838658489494], [73.92850264687617, 18.536845836525398], [73.92852044446684, 18.5368530145613], [73.9285454200934, 18.53684239500654], [73.92856321768406, 18.536849573042442], [73.92858101527473, 18.536856751078346], [73.92859881286539, 18.536863929114247], [73.92862378849195, 18.53685330955949], [73.92864158608262, 18.53686048759539], [73.92865938367328, 18.536867665631295], [73.92868435929984, 18.536857046076534], [73.92870215689051, 18.536864224112435], [73.92871995448117, 18.53687140214834], [73.92874493010773, 18.53686078259358], [73.9287627276984, 18.536867960629483], [73.92878052528906, 18.536875138665383], [73.92880550091562, 18.536864519110626], [73.92882329850629, 18.536871697146527], [73.92884827413285, 18.536861077591766], [73.9288660717235, 18.53686825562767], [73.92888386931418, 18.53687543366357], [73.92890884494074, 18.536864814108814], [73.92893382056731, 18.536854194554053], [73.92895161815797, 18.536861372589957], [73.92896941574863, 18.536868550625858], [73.9289943913752, 18.536857931071097], [73.92901218896586, 18.536865109107], [73.92903716459242, 18.53685448955224], [73.92905496218309, 18.536861667588145], [73.92907993780965, 18.536851048033384], [73.9291049134362, 18.536840428478623], [73.92912271102688, 18.536847606514527], [73.92914768665344, 18.536836986959766], [73.9291654842441, 18.53684416499567], [73.92918328183477, 18.53685134303157], [73.92920825746133, 18.536840723476814], [73.92922605505198, 18.536847901512715], [73.92925103067856, 18.536837281957954], [73.92926882826922, 18.53684445999386], [73.92929380389579, 18.536833840439098], [73.92931160148645, 18.536841018475002], [73.929336577113, 18.53683039892024], [73.92935437470368, 18.536837576956145], [73.92937217229434, 18.536844754992046], [73.9293971479209, 18.536834135437285], [73.92941494551157, 18.53684131347319], [73.92943274310223, 18.53684849150909], [73.92945054069288, 18.536855669544995], [73.92947551631946, 18.536845049990234], [73.92949331391011, 18.536852228026138], [73.92951828953667, 18.536841608471377], [73.92953608712735, 18.53684878650728], [73.929553884718, 18.536855964543182], [73.92957168230866, 18.536863142579087], [73.92958947989933, 18.536870320614987], [73.9296144555259, 18.536859701060227], [73.92963225311655, 18.53686687909613], [73.92965005070722, 18.53687405713203], [73.92966784829788, 18.536881235167936], [73.92968564588854, 18.53688841320384], [73.92971062151511, 18.53687779364908], [73.92972841910577, 18.53688497168498], [73.92974621669643, 18.536892149720885], [73.9297640142871, 18.536899327756785], [73.92978181187776, 18.53690650579269], [73.92980678750432, 18.53689588623793], [73.92982458509499, 18.536903064273833], [73.92984238268565, 18.536910242309734], [73.92986735831221, 18.536899622754976], [73.92988515590288, 18.536906800790877], [73.92990295349354, 18.53691397882678], [73.9299279291201, 18.53690335927202], [73.92994572671077, 18.53691053730792], [73.92997070233733, 18.536899917753164], [73.92998849992799, 18.536907095789065], [73.93001347555456, 18.536896476234308], [73.93003845118112, 18.536885856679547], [73.93005624877178, 18.536893034715447], [73.93008122439835, 18.53688241516069], [73.93010620002491, 18.53687179560593], [73.93012399761558, 18.536878973641834], [73.93014897324214, 18.536868354087073], [73.9301739488687, 18.536857734532312], [73.93019892449527, 18.536847114977554], [73.93022390012183, 18.536836495422794], [73.9302488757484, 18.536825875868033], [73.93027385137496, 18.53681525631327], [73.93029882700154, 18.536804636758514], [73.93030600503744, 18.536786839167853], [73.93031318307334, 18.536769041577188], [73.9303381586999, 18.53675842202243], [73.93036313432647, 18.53674780246767], [73.93038810995303, 18.53673718291291], [73.9304130855796, 18.53672656335815], [73.93043806120616, 18.53671594380339], [73.93046303683272, 18.53670532424863], [73.93048801245929, 18.536694704693872], [73.93051298808585, 18.53668408513911], [73.93053796371242, 18.53667346558435], [73.93056293933898, 18.536662846029593], [73.93058791496556, 18.536652226474832], [73.93061289059212, 18.53664160692007], [73.93063786621867, 18.536630987365314], [73.93065566380935, 18.536638165401214], [73.9306806394359, 18.536627545846454], [73.93070561506248, 18.536616926291696], [73.93073059068904, 18.536606306736935], [73.9307483882797, 18.53661348477284], [73.93077336390627, 18.53660286521808], [73.93079116149693, 18.53661004325398], [73.93081613712349, 18.536599423699222], [73.93084111275006, 18.53658880414446], [73.93086608837662, 18.5365781845897], [73.93088388596729, 18.536585362625605], [73.93090886159385, 18.536574743070844], [73.93093383722041, 18.536564123516083], [73.93095881284698, 18.536553503961326], [73.93097661043764, 18.536560681997226], [73.93100158606421, 18.53655006244247], [73.93101938365487, 18.53655724047837], [73.9309944080283, 18.53656786003313]]}}]}